transaction_date,channel,payment_method,transactions,net_revenue
2024-01-01,in_store,cash,1,572.18
2024-01-01,in_store,credit_card,1,1075.48
2024-01-01,in_store,debit_card,1,355.08
2024-01-01,in_store,mobile_pay,1,778.14
2024-01-01,mobile_app,credit_card,2,1750.76
2024-01-01,mobile_app,debit_card,1,2036.79
2024-01-01,online,cash,1,430.07
2024-01-01,online,debit_card,2,862.15
2024-01-01,online,mobile_pay,1,2374.3
2024-01-02,in_store,cash,1,389.05
2024-01-02,in_store,credit_card,2,1772.27
2024-01-02,in_store,gift_card,1,526.75
2024-01-02,in_store,mobile_pay,1,621.41
2024-01-02,mobile_app,debit_card,2,3113.55
2024-01-02,mobile_app,gift_card,1,621.23
2024-01-02,online,credit_card,2,3920.16
2024-01-02,online,debit_card,1,2382.36
2024-01-02,online,mobile_pay,1,54.14
2024-01-03,in_store,cash,1,546.65
2024-01-03,in_store,debit_card,2,1013.1400000000001
2024-01-03,in_store,gift_card,4,4283.69
2024-01-03,in_store,mobile_pay,2,1726.96
2024-01-03,mobile_app,cash,4,7128.1900000000005
2024-01-03,mobile_app,credit_card,2,473.53999999999996
2024-01-03,online,credit_card,2,1406.47
2024-01-03,online,gift_card,1,1770.51
2024-01-03,online,mobile_pay,2,2541.5299999999997
2024-01-04,in_store,cash,1,431.63
2024-01-04,in_store,credit_card,2,1993.44
2024-01-04,in_store,debit_card,1,778.14
2024-01-04,in_store,gift_card,1,1731.27
2024-01-04,mobile_app,credit_card,1,122.8
2024-01-04,mobile_app,debit_card,1,1050.22
2024-01-04,mobile_app,mobile_pay,2,685.79
2024-01-04,online,cash,1,310.72
2024-01-04,online,debit_card,1,1194.06
2024-01-04,online,mobile_pay,1,950.7
2024-01-05,in_store,cash,4,2500.1
2024-01-05,in_store,credit_card,2,1953.22
2024-01-05,in_store,debit_card,2,2864.37
2024-01-05,in_store,gift_card,1,529.0
2024-01-05,mobile_app,credit_card,1,643.12
2024-01-05,mobile_app,debit_card,1,756.24
2024-01-05,mobile_app,gift_card,1,690.46
2024-01-05,mobile_app,mobile_pay,1,1462.05
2024-01-05,online,cash,1,1967.24
2024-01-05,online,gift_card,1,337.16
2024-01-06,in_store,cash,2,3980.45
2024-01-06,in_store,credit_card,2,1601.3700000000001
2024-01-06,in_store,debit_card,1,117.41
2024-01-06,in_store,gift_card,5,6877.32
2024-01-06,mobile_app,cash,1,404.74
2024-01-06,mobile_app,gift_card,2,4773.12
2024-01-06,mobile_app,mobile_pay,1,2487.28
2024-01-06,online,cash,1,489.12
2024-01-06,online,credit_card,1,355.08
2024-01-06,online,gift_card,2,2592.54
2024-01-06,online,mobile_pay,1,2722.15
2024-01-07,in_store,credit_card,2,984.6
2024-01-07,in_store,gift_card,1,1350.85
2024-01-07,mobile_app,cash,1,283.2
2024-01-07,mobile_app,debit_card,1,704.24
2024-01-07,mobile_app,gift_card,3,1117.82
2024-01-07,mobile_app,mobile_pay,1,606.56
2024-01-07,online,gift_card,1,1374.57
2024-01-08,in_store,credit_card,1,264.5
2024-01-08,in_store,debit_card,1,1144.36
2024-01-08,in_store,mobile_pay,1,1106.72
2024-01-08,mobile_app,cash,1,946.34
2024-01-08,mobile_app,credit_card,1,330.04
2024-01-08,mobile_app,debit_card,2,2107.74
2024-01-08,mobile_app,gift_card,1,1058.0
2024-01-08,online,credit_card,1,61.42
2024-01-08,online,debit_card,3,2356.4700000000003
2024-01-08,online,gift_card,1,412.83
2024-01-09,in_store,cash,3,1251.46
2024-01-09,in_store,credit_card,2,1287.48
2024-01-09,in_store,gift_card,3,1310.8999999999999
2024-01-09,mobile_app,credit_card,1,2450.51
2024-01-09,online,cash,1,92.56
2024-01-09,online,credit_card,2,4565.84
2024-01-09,online,debit_card,1,23.14
2024-01-09,online,gift_card,1,2370.37
2024-01-09,online,mobile_pay,5,7340.860000000001
2024-01-10,in_store,cash,1,1415.4
2024-01-10,in_store,credit_card,2,919.34
2024-01-10,in_store,mobile_pay,2,1136.98
2024-01-10,mobile_app,cash,1,494.2
2024-01-10,mobile_app,debit_card,1,134.64
2024-01-10,mobile_app,mobile_pay,1,2459.05
2024-01-10,online,cash,2,1386.87
2024-01-10,online,debit_card,1,2002.2
2024-01-10,online,gift_card,2,1896.11
2024-01-10,online,mobile_pay,2,1476.2600000000002
2024-01-11,in_store,cash,1,2761.84
2024-01-11,in_store,debit_card,1,1901.4
2024-01-11,mobile_app,cash,1,3597.6
2024-01-11,mobile_app,credit_card,2,1112.35
2024-01-11,mobile_app,mobile_pay,2,3884.2999999999997
2024-01-11,online,cash,1,523.45
2024-01-11,online,gift_card,1,953.88
2024-01-12,in_store,cash,1,2145.35
2024-01-12,in_store,gift_card,2,2596.25
2024-01-12,in_store,mobile_pay,1,4116.6
2024-01-12,mobile_app,cash,2,1438.14
2024-01-12,mobile_app,debit_card,1,582.04
2024-01-12,online,cash,2,540.87
2024-01-12,online,credit_card,2,1821.07
2024-01-12,online,debit_card,1,614.0
2024-01-12,online,mobile_pay,1,2308.32
2024-01-13,in_store,credit_card,1,1616.19
2024-01-13,in_store,debit_card,2,1296.24
2024-01-13,in_store,gift_card,3,3803.39
2024-01-13,in_store,mobile_pay,2,991.2800000000001
2024-01-13,mobile_app,cash,1,1808.34
2024-01-13,mobile_app,credit_card,4,3373.8599999999997
2024-01-13,mobile_app,mobile_pay,1,310.72
2024-01-13,online,cash,2,4584.32
2024-01-13,online,credit_card,3,898.7600000000001
2024-01-13,online,debit_card,1,321.8
2024-01-13,online,gift_card,2,3274.15
2024-01-13,online,mobile_pay,2,3107.78
2024-01-14,in_store,cash,1,1139.74
2024-01-14,in_store,credit_card,2,4154.73
2024-01-14,in_store,debit_card,2,898.63
2024-01-14,in_store,gift_card,1,211.15
2024-01-14,in_store,mobile_pay,1,648.85
2024-01-14,mobile_app,cash,1,380.7
2024-01-14,mobile_app,credit_card,1,595.59
2024-01-14,mobile_app,debit_card,1,416.53
2024-01-14,mobile_app,mobile_pay,1,301.67
2024-01-14,online,debit_card,3,3477.58
2024-01-14,online,gift_card,1,1208.25
2024-01-15,in_store,cash,2,4502.91
2024-01-15,in_store,credit_card,1,276.76
2024-01-15,in_store,debit_card,2,321.26
2024-01-15,in_store,gift_card,1,527.04
2024-01-15,in_store,mobile_pay,1,2459.05
2024-01-15,mobile_app,credit_card,1,3291.65
2024-01-15,mobile_app,debit_card,2,808.95
2024-01-15,online,cash,2,3338.66
2024-01-15,online,gift_card,3,1681.98
2024-01-15,online,mobile_pay,2,1465.43
2024-01-16,in_store,debit_card,2,1096.97
2024-01-16,in_store,gift_card,1,1632.65
2024-01-16,mobile_app,credit_card,2,1216.39
2024-01-16,mobile_app,mobile_pay,1,462.77
2024-01-16,online,credit_card,1,544.43
2024-01-16,online,debit_card,3,2930.92
2024-01-16,online,gift_card,1,2741.13
2024-01-16,online,mobile_pay,1,1421.64
2024-01-17,in_store,credit_card,1,1322.5
2024-01-17,in_store,mobile_pay,1,1774.55
2024-01-17,mobile_app,credit_card,2,2256.8
2024-01-17,online,credit_card,3,3267.0499999999997
2024-01-17,online,gift_card,2,5896.6
2024-01-17,online,mobile_pay,2,2933.49
2024-01-18,in_store,cash,1,994.95
2024-01-18,in_store,debit_card,1,116.31
2024-01-18,in_store,gift_card,1,2185.4
2024-01-18,mobile_app,credit_card,1,388.71
2024-01-18,mobile_app,debit_card,2,1613.27
2024-01-18,mobile_app,gift_card,1,2459.05
2024-01-18,online,cash,1,1550.66
2024-01-18,online,gift_card,1,1169.3
2024-01-18,online,mobile_pay,2,1323.52
2024-01-19,in_store,cash,2,1055.08
2024-01-19,in_store,credit_card,1,82.51
2024-01-19,in_store,gift_card,2,982.25
2024-01-19,mobile_app,cash,1,137.75
2024-01-19,mobile_app,debit_card,1,1618.96
2024-01-19,mobile_app,gift_card,1,569.87
2024-01-19,mobile_app,mobile_pay,1,489.12
2024-01-19,online,cash,1,129.94
2024-01-19,online,credit_card,1,2411.12
2024-01-19,online,debit_card,1,545.48
2024-01-19,online,gift_card,1,2078.85
2024-01-19,online,mobile_pay,1,1806.33
2024-01-20,in_store,cash,2,2460.16
2024-01-20,in_store,debit_card,1,518.76
2024-01-20,in_store,mobile_pay,2,787.6500000000001
2024-01-20,mobile_app,cash,1,1462.05
2024-01-20,mobile_app,credit_card,1,1238.49
2024-01-20,mobile_app,gift_card,1,1286.3
2024-01-20,mobile_app,mobile_pay,1,1709.61
2024-01-20,online,cash,1,1419.64
2024-01-20,online,debit_card,1,310.2
2024-01-20,online,gift_card,3,3672.88
2024-01-20,online,mobile_pay,2,3888.9
2024-01-21,in_store,cash,1,1731.24
2024-01-21,in_store,credit_card,1,397.48
2024-01-21,in_store,debit_card,1,304.56
2024-01-21,in_store,gift_card,1,1716.28
2024-01-21,in_store,mobile_pay,1,112.44
2024-01-21,mobile_app,cash,3,4237.530000000001
2024-01-21,mobile_app,credit_card,2,2215.77
2024-01-21,mobile_app,debit_card,1,1154.16
2024-01-21,mobile_app,gift_card,1,247.1
2024-01-21,mobile_app,mobile_pay,1,137.75
2024-01-21,online,cash,1,653.06
2024-01-21,online,credit_card,1,33.66
2024-01-21,online,mobile_pay,1,2722.15
2024-01-22,mobile_app,cash,1,1371.5
2024-01-22,mobile_app,credit_card,2,1938.15
2024-01-22,mobile_app,debit_card,3,3817.17
2024-01-22,mobile_app,mobile_pay,1,123.93
2024-01-22,online,cash,1,203.18
2024-01-22,online,credit_card,1,417.93
2024-01-22,online,mobile_pay,2,398.3
2024-01-23,in_store,credit_card,1,2145.35
2024-01-23,in_store,gift_card,1,1275.16
2024-01-23,in_store,mobile_pay,2,2193.71
2024-01-23,mobile_app,credit_card,3,1576.24
2024-01-23,mobile_app,gift_card,1,701.58
2024-01-23,mobile_app,mobile_pay,2,1756.57
2024-01-23,online,cash,2,3499.91
2024-01-23,online,debit_card,2,1233.6
2024-01-23,online,gift_card,1,348.93
2024-01-24,in_store,cash,1,1008.47
2024-01-24,in_store,credit_card,3,1973.3
2024-01-24,in_store,gift_card,1,2238.55
2024-01-24,mobile_app,credit_card,1,1967.24
2024-01-24,online,credit_card,1,1064.73
2024-01-24,online,debit_card,2,2249.18
2024-01-24,online,gift_card,2,263.98
2024-01-24,online,mobile_pay,1,47.85
2024-01-25,in_store,cash,1,1426.05
2024-01-25,in_store,credit_card,1,822.9
2024-01-25,in_store,gift_card,1,411.07
2024-01-25,in_store,mobile_pay,1,1006.65
2024-01-25,mobile_app,cash,1,241.98
2024-01-25,mobile_app,credit_card,1,589.05
2024-01-25,mobile_app,debit_card,1,3013.9
2024-01-25,mobile_app,gift_card,3,3333.5200000000004
2024-01-25,mobile_app,mobile_pay,1,591.8
2024-01-25,online,cash,2,556.53
2024-01-25,online,gift_card,2,2159.7
2024-01-26,in_store,debit_card,2,1379.8899999999999
2024-01-26,mobile_app,cash,1,110.56
2024-01-26,mobile_app,credit_card,1,1651.32
2024-01-26,mobile_app,mobile_pay,3,3365.59
2024-01-26,online,credit_card,2,1914.8
2024-01-26,online,debit_card,1,104.36
2024-01-26,online,gift_card,1,1967.24
2024-01-27,in_store,cash,1,1999.2
2024-01-27,in_store,credit_card,1,184.26
2024-01-27,in_store,debit_card,1,488.55
2024-01-27,in_store,mobile_pay,1,1630.47
2024-01-27,mobile_app,cash,3,474.37
2024-01-27,mobile_app,gift_card,3,1104.87
2024-01-27,online,debit_card,2,1217.5
2024-01-28,in_store,cash,1,426.08
2024-01-28,in_store,debit_card,1,798.9
2024-01-28,in_store,mobile_pay,1,1556.2
2024-01-28,mobile_app,credit_card,1,2436.75
2024-01-28,mobile_app,mobile_pay,3,3975.84
2024-01-28,online,cash,1,1108.2
2024-01-28,online,debit_card,1,1246.7
2024-01-28,online,mobile_pay,2,678.62
2024-01-29,in_store,cash,1,322.68
2024-01-29,in_store,debit_card,1,2279.48
2024-01-29,in_store,mobile_pay,1,2882.95
2024-01-29,mobile_app,cash,1,484.96
2024-01-29,mobile_app,credit_card,1,2075.72
2024-01-29,online,mobile_pay,1,1108.81
2024-01-30,in_store,cash,3,2445.35
2024-01-30,in_store,credit_card,1,1620.52
2024-01-30,in_store,debit_card,3,3255.78
2024-01-30,mobile_app,gift_card,1,2306.36
2024-01-30,mobile_app,mobile_pay,2,591.14
2024-01-30,online,cash,3,3993.87
2024-01-30,online,credit_card,1,382.86
2024-01-31,in_store,credit_card,2,3808.33
2024-01-31,in_store,gift_card,2,1076.17
2024-01-31,in_store,mobile_pay,1,1108.2
2024-01-31,mobile_app,cash,5,5159.0599999999995
2024-01-31,mobile_app,credit_card,1,388.4
2024-01-31,online,cash,1,577.08
2024-01-31,online,credit_card,1,558.66
2024-01-31,online,debit_card,1,3473.1
2024-01-31,online,gift_card,2,1340.29
2024-01-31,online,mobile_pay,1,1824.3
2024-02-01,in_store,cash,1,1617.12
2024-02-01,in_store,credit_card,2,596.8199999999999
2024-02-01,in_store,gift_card,1,1153.18
2024-02-01,in_store,mobile_pay,1,1523.4
2024-02-01,mobile_app,cash,1,1678.74
2024-02-01,mobile_app,credit_card,2,2069.9
2024-02-01,mobile_app,mobile_pay,1,440.8
2024-02-01,online,cash,1,1006.65
2024-02-01,online,debit_card,1,1306.12
2024-02-01,online,gift_card,1,1426.05
2024-02-01,online,mobile_pay,1,844.6
2024-02-02,in_store,cash,1,406.36
2024-02-02,in_store,debit_card,1,473.44
2024-02-02,mobile_app,credit_card,2,3416.58
2024-02-02,mobile_app,debit_card,1,122.8
2024-02-02,mobile_app,mobile_pay,1,304.27
2024-02-02,online,credit_card,1,399.84
2024-02-02,online,debit_card,3,1902.95
2024-02-03,in_store,cash,2,1486.29
2024-02-03,in_store,credit_card,1,553.36
2024-02-03,in_store,debit_card,1,955.39
2024-02-03,in_store,mobile_pay,3,1742.49
2024-02-03,mobile_app,cash,1,603.99
2024-02-03,online,cash,2,3986.0
2024-02-03,online,mobile_pay,1,1240.81
2024-02-04,in_store,credit_card,2,3883.38
2024-02-04,in_store,gift_card,3,2262.06
2024-02-04,mobile_app,credit_card,1,541.61
2024-02-04,mobile_app,mobile_pay,1,257.16
2024-02-04,online,credit_card,1,1789.11
2024-02-04,online,debit_card,2,2153.46
2024-02-04,online,gift_card,3,3617.0
2024-02-04,online,mobile_pay,2,2321.4
2024-02-05,in_store,credit_card,2,2527.24
2024-02-05,in_store,debit_card,3,4336.26
2024-02-05,in_store,gift_card,1,1191.18
2024-02-05,mobile_app,cash,1,252.98
2024-02-05,mobile_app,gift_card,3,1044.02
2024-02-05,online,cash,1,1326.6
2024-02-05,online,debit_card,2,1913.3600000000001
2024-02-06,in_store,debit_card,1,2166.44
2024-02-06,in_store,mobile_pay,1,49.57
2024-02-06,mobile_app,cash,1,1847.99
2024-02-06,mobile_app,gift_card,1,188.94
2024-02-06,mobile_app,mobile_pay,1,1110.83
2024-02-06,online,cash,1,49.74
2024-02-06,online,credit_card,4,3463.3
2024-02-06,online,debit_card,2,3776.19
2024-02-06,online,mobile_pay,1,1322.66
2024-02-07,in_store,cash,1,1954.2
2024-02-07,in_store,credit_card,1,412.37
2024-02-07,in_store,debit_card,2,413.9
2024-02-07,in_store,gift_card,1,810.26
2024-02-07,mobile_app,credit_card,1,327.28
2024-02-07,mobile_app,debit_card,1,1656.99
2024-02-07,mobile_app,mobile_pay,2,201.96
2024-02-07,online,cash,2,1023.24
2024-02-07,online,gift_card,1,940.71
2024-02-07,online,mobile_pay,1,406.78
2024-02-08,in_store,cash,1,276.76
2024-02-08,in_store,debit_card,2,1294.78
2024-02-08,in_store,gift_card,1,1347.92
2024-02-08,mobile_app,cash,2,3213.21
2024-02-08,mobile_app,credit_card,2,2598.13
2024-02-08,mobile_app,debit_card,1,576.59
2024-02-08,mobile_app,gift_card,1,1232.01
2024-02-08,online,cash,3,2708.78
2024-02-08,online,credit_card,1,368.5
2024-02-08,online,debit_card,1,810.26
2024-02-08,online,gift_card,1,491.2
2024-02-09,in_store,cash,2,2943.48
2024-02-09,in_store,credit_card,1,653.06
2024-02-09,in_store,debit_card,1,1214.22
2024-02-09,in_store,mobile_pay,1,108.28
2024-02-09,mobile_app,cash,2,1820.23
2024-02-09,mobile_app,mobile_pay,3,3182.02
2024-02-09,online,cash,1,589.05
2024-02-09,online,debit_card,1,2715.72
2024-02-09,online,gift_card,1,161.34
2024-02-09,online,mobile_pay,2,1196.19
2024-02-10,in_store,cash,1,89.43
2024-02-10,in_store,debit_card,2,2467.9900000000002
2024-02-10,in_store,gift_card,1,694.62
2024-02-10,in_store,mobile_pay,2,1783.84
2024-02-10,mobile_app,credit_card,1,135.5
2024-02-10,online,cash,1,1832.98
2024-02-10,online,credit_card,2,2840.9
2024-02-10,online,debit_card,1,35.77
2024-02-10,online,gift_card,1,274.3
2024-02-10,online,mobile_pay,1,1675.98
2024-02-11,in_store,cash,1,252.98
2024-02-11,in_store,credit_card,2,2475.65
2024-02-11,in_store,debit_card,3,1121.1399999999999
2024-02-11,in_store,gift_card,2,1872.34
2024-02-11,mobile_app,credit_card,1,1797.96
2024-02-11,online,cash,2,2770.9
2024-02-11,online,credit_card,2,2293.11
2024-02-11,online,debit_card,1,122.73
2024-02-11,online,mobile_pay,1,406.36
2024-02-12,in_store,debit_card,1,122.84
2024-02-12,in_store,gift_card,1,1821.33
2024-02-12,in_store,mobile_pay,1,701.58
2024-02-12,mobile_app,credit_card,2,848.15
2024-02-12,mobile_app,gift_card,2,1973.3400000000001
2024-02-12,online,cash,3,2292.3199999999997
2024-02-12,online,mobile_pay,1,1306.12
2024-02-13,in_store,cash,2,404.4
2024-02-13,in_store,credit_card,1,733.68
2024-02-13,in_store,debit_card,2,2386.05
2024-02-13,in_store,gift_card,2,3799.78
2024-02-13,in_store,mobile_pay,2,2457.41
2024-02-13,mobile_app,credit_card,3,1763.17
2024-02-13,mobile_app,debit_card,1,777.42
2024-02-13,mobile_app,gift_card,4,2439.0899999999997
2024-02-13,online,cash,1,197.19
2024-02-13,online,debit_card,2,2395.48
2024-02-13,online,mobile_pay,2,2452.86
2024-02-14,in_store,credit_card,1,1243.64
2024-02-14,in_store,debit_card,1,1015.6
2024-02-14,in_store,mobile_pay,1,2002.2
2024-02-14,mobile_app,cash,1,1797.96
2024-02-14,mobile_app,credit_card,1,1169.3
2024-02-14,mobile_app,debit_card,1,647.58
2024-02-14,online,credit_card,2,3799.4800000000005
2024-02-14,online,debit_card,1,2238.55
2024-02-14,online,gift_card,1,1366.95
2024-02-15,in_store,credit_card,1,920.74
2024-02-15,in_store,debit_card,3,3751.27
2024-02-15,in_store,mobile_pay,1,809.94
2024-02-15,mobile_app,credit_card,1,1726.52
2024-02-15,mobile_app,debit_card,2,2140.98
2024-02-15,mobile_app,gift_card,2,1548.45
2024-02-15,mobile_app,mobile_pay,1,138.38
2024-02-16,in_store,debit_card,1,1038.28
2024-02-16,in_store,gift_card,1,542.5
2024-02-16,mobile_app,credit_card,1,1348.66
2024-02-16,mobile_app,debit_card,2,1651.77
2024-02-16,mobile_app,gift_card,3,1051.47
2024-02-16,mobile_app,mobile_pay,2,1007.9300000000001
2024-02-16,online,cash,1,90.91
2024-02-16,online,credit_card,1,1824.3
2024-02-16,online,debit_card,2,1780.56
2024-02-16,online,mobile_pay,2,5235.68
2024-02-17,in_store,cash,2,2659.99
2024-02-17,in_store,debit_card,2,2085.67
2024-02-17,mobile_app,debit_card,1,1347.92
2024-02-17,mobile_app,mobile_pay,2,2206.12
2024-02-17,online,credit_card,1,1636.4
2024-02-17,online,gift_card,1,1331.5
2024-02-18,in_store,cash,1,1646.64
2024-02-18,in_store,credit_card,1,144.67
2024-02-18,in_store,debit_card,1,696.55
2024-02-18,in_store,gift_card,4,6887.34
2024-02-18,mobile_app,debit_card,1,1960.41
2024-02-18,mobile_app,mobile_pay,1,2442.75
2024-02-18,online,cash,2,2982.08
2024-02-18,online,debit_card,1,2002.2
2024-02-18,online,mobile_pay,1,1097.2
2024-02-19,in_store,mobile_pay,1,2107.0
2024-02-19,mobile_app,cash,1,1430.45
2024-02-19,mobile_app,debit_card,1,198.74
2024-02-19,mobile_app,gift_card,1,1357.86
2024-02-19,mobile_app,mobile_pay,3,3650.93
2024-02-19,online,credit_card,1,1094.58
2024-02-19,online,debit_card,1,1808.34
2024-02-19,online,mobile_pay,2,1205.99
2024-02-20,in_store,cash,1,247.1
2024-02-20,in_store,credit_card,2,1399.3999999999999
2024-02-20,in_store,gift_card,1,988.4
2024-02-20,in_store,mobile_pay,1,436.53
2024-02-20,mobile_app,cash,2,4177.0
2024-02-20,mobile_app,debit_card,1,831.54
2024-02-20,online,credit_card,4,3424.0600000000004
2024-02-20,online,debit_card,1,2793.3
2024-02-20,online,gift_card,1,1945.25
2024-02-21,in_store,cash,2,2670.58
2024-02-21,in_store,credit_card,1,1306.12
2024-02-21,in_store,gift_card,1,1627.12
2024-02-21,in_store,mobile_pay,1,539.04
2024-02-21,mobile_app,credit_card,1,139.31
2024-02-21,mobile_app,debit_card,1,438.45
2024-02-21,mobile_app,mobile_pay,1,317.96
2024-02-21,online,credit_card,1,349.84
2024-02-21,online,debit_card,2,1747.44
2024-02-21,online,gift_card,1,123.93
2024-02-21,online,mobile_pay,1,2638.92
2024-02-22,in_store,cash,2,2166.66
2024-02-22,in_store,credit_card,2,5792.38
2024-02-22,in_store,debit_card,1,78.38
2024-02-22,mobile_app,cash,1,514.52
2024-02-22,mobile_app,credit_card,1,2166.44
2024-02-22,mobile_app,debit_card,1,101.59
2024-02-22,mobile_app,gift_card,1,543.57
2024-02-22,online,cash,1,2975.98
2024-02-22,online,credit_card,2,1269.28
2024-02-22,online,debit_card,1,398.02
2024-02-22,online,gift_card,1,2770.5
2024-02-23,in_store,cash,2,2889.24
2024-02-23,in_store,credit_card,1,1902.09
2024-02-23,in_store,debit_card,2,4719.68
2024-02-23,in_store,gift_card,1,498.68
2024-02-23,in_store,mobile_pay,2,1597.92
2024-02-23,mobile_app,credit_card,1,496.85
2024-02-23,mobile_app,debit_card,1,935.44
2024-02-23,mobile_app,gift_card,1,368.5
2024-02-23,mobile_app,mobile_pay,1,1117.32
2024-02-23,online,mobile_pay,1,205.58
2024-02-24,in_store,cash,1,916.38
2024-02-24,in_store,credit_card,1,139.31
2024-02-24,in_store,debit_card,1,1400.3
2024-02-24,in_store,gift_card,1,292.3
2024-02-24,in_store,mobile_pay,1,459.8
2024-02-24,mobile_app,debit_card,1,1309.12
2024-02-24,mobile_app,gift_card,2,631.11
2024-02-24,mobile_app,mobile_pay,2,1486.83
2024-02-24,online,cash,1,1297.85
2024-02-24,online,credit_card,1,83.3
2024-02-24,online,mobile_pay,1,488.55
2024-02-25,in_store,cash,4,714.4499999999999
2024-02-25,in_store,debit_card,1,2033.9
2024-02-25,mobile_app,debit_card,2,3166.1099999999997
2024-02-25,mobile_app,mobile_pay,3,1504.87
2024-02-25,online,cash,4,4271.9800000000005
2024-02-25,online,debit_card,2,1826.32
2024-02-25,online,gift_card,1,247.53
2024-02-26,in_store,credit_card,2,1485.91
2024-02-26,in_store,debit_card,1,268.87
2024-02-26,in_store,mobile_pay,1,228.42
2024-02-26,mobile_app,cash,1,145.19
2024-02-26,mobile_app,credit_card,1,1080.68
2024-02-26,mobile_app,gift_card,3,4756.34
2024-02-26,online,cash,1,678.93
2024-02-26,online,credit_card,2,3727.7799999999997
2024-02-26,online,debit_card,1,946.34
2024-02-26,online,mobile_pay,1,437.08
2024-02-27,in_store,cash,1,95.7
2024-02-27,in_store,debit_card,3,3322.95
2024-02-27,in_store,gift_card,1,547.76
2024-02-27,in_store,mobile_pay,1,1235.5
2024-02-27,mobile_app,credit_card,2,2592.36
2024-02-27,mobile_app,mobile_pay,1,112.1
2024-02-27,online,credit_card,2,1003.19
2024-02-27,online,mobile_pay,2,1274.82
2024-02-28,in_store,cash,1,988.4
2024-02-28,in_store,credit_card,1,591.8
2024-02-28,in_store,mobile_pay,1,2023.7
2024-02-28,mobile_app,cash,1,2129.26
2024-02-28,mobile_app,credit_card,1,1901.4
2024-02-28,mobile_app,debit_card,1,1215.76
2024-02-28,mobile_app,gift_card,1,310.72
2024-02-28,mobile_app,mobile_pay,1,354.91
2024-02-28,online,cash,1,1554.84
2024-02-28,online,credit_card,1,1105.5
2024-02-28,online,debit_card,2,4622.03
2024-02-28,online,gift_card,3,1983.24
2024-02-29,in_store,debit_card,2,5605.65
2024-02-29,in_store,gift_card,1,1061.55
2024-02-29,mobile_app,credit_card,1,925.96
2024-02-29,mobile_app,debit_card,2,4068.3
2024-02-29,mobile_app,gift_card,1,3106.15
2024-02-29,mobile_app,mobile_pay,3,3567.2300000000005
2024-02-29,online,gift_card,1,479.34
2024-03-01,in_store,credit_card,2,1782.03
2024-03-01,in_store,debit_card,1,322.68
2024-03-01,in_store,gift_card,1,2365.85
2024-03-01,in_store,mobile_pay,1,398.02
2024-03-01,mobile_app,cash,1,80.66
2024-03-01,mobile_app,gift_card,1,368.4
2024-03-01,online,credit_card,2,5255.42
2024-03-01,online,debit_card,1,809.94
2024-03-01,online,gift_card,1,459.8
2024-03-01,online,mobile_pay,1,643.12
2024-03-02,in_store,cash,1,621.23
2024-03-02,in_store,mobile_pay,1,1350.54
2024-03-02,mobile_app,cash,1,1222.8
2024-03-02,mobile_app,gift_card,1,117.09
2024-03-02,online,credit_card,1,1579.18
2024-03-02,online,debit_card,2,3386.37
2024-03-02,online,mobile_pay,1,101.59
2024-03-03,in_store,credit_card,1,61.42
2024-03-03,in_store,debit_card,1,912.81
2024-03-03,in_store,gift_card,1,310.72
2024-03-03,in_store,mobile_pay,1,1822.6
2024-03-03,mobile_app,credit_card,1,65.95
2024-03-03,online,cash,1,413.25
2024-03-03,online,credit_card,1,739.21
2024-03-03,online,debit_card,1,1419.51
2024-03-03,online,gift_card,3,3006.08
2024-03-03,online,mobile_pay,1,1366.95
2024-03-04,in_store,credit_card,2,1430.58
2024-03-04,in_store,debit_card,2,2028.05
2024-03-04,in_store,gift_card,1,26.09
2024-03-04,in_store,mobile_pay,1,2177.72
2024-03-04,mobile_app,cash,1,337.33
2024-03-04,mobile_app,debit_card,1,529.0
2024-03-04,mobile_app,gift_card,1,442.08
2024-03-04,mobile_app,mobile_pay,1,411.07
2024-03-04,online,credit_card,1,231.83
2024-03-04,online,debit_card,1,993.91
2024-03-05,in_store,debit_card,1,301.82
2024-03-05,mobile_app,cash,1,270.7
2024-03-05,mobile_app,credit_card,1,1243.64
2024-03-05,mobile_app,debit_card,1,1954.2
2024-03-05,online,cash,1,469.22
2024-03-05,online,credit_card,2,3174.9100000000003
2024-03-06,in_store,cash,1,3306.65
2024-03-06,in_store,credit_card,1,2216.4
2024-03-06,in_store,mobile_pay,2,5001.65
2024-03-06,mobile_app,cash,1,406.78
2024-03-06,mobile_app,mobile_pay,2,2401.15
2024-03-06,online,credit_card,1,1240.81
2024-03-06,online,gift_card,2,3112.85
2024-03-06,online,mobile_pay,1,398.02
2024-03-07,in_store,credit_card,2,2488.4399999999996
2024-03-07,in_store,debit_card,2,1370.92
2024-03-07,in_store,gift_card,1,1214.22
2024-03-07,in_store,mobile_pay,2,1038.72
2024-03-07,mobile_app,credit_card,1,1316.66
2024-03-07,mobile_app,mobile_pay,3,2981.81
2024-03-07,online,credit_card,2,1852.61
2024-03-07,online,gift_card,1,608.54
2024-03-07,online,mobile_pay,2,346.59000000000003
2024-03-08,in_store,cash,1,1001.1
2024-03-08,in_store,credit_card,1,1470.24
2024-03-08,in_store,gift_card,1,2238.69
2024-03-08,mobile_app,debit_card,2,1775.71
2024-03-08,mobile_app,gift_card,2,1274.27
2024-03-09,in_store,credit_card,2,828.15
2024-03-09,in_store,debit_card,1,986.37
2024-03-09,in_store,gift_card,3,2738.95
2024-03-09,in_store,mobile_pay,1,108.28
2024-03-09,mobile_app,credit_card,2,1197.1599999999999
2024-03-09,mobile_app,debit_card,1,798.9
2024-03-09,mobile_app,mobile_pay,1,90.88
2024-03-09,online,debit_card,1,647.76
2024-03-09,online,gift_card,1,545.48
2024-03-10,in_store,debit_card,2,2223.19
2024-03-10,in_store,mobile_pay,2,2744.75
2024-03-10,mobile_app,debit_card,1,146.15
2024-03-10,mobile_app,gift_card,1,460.37
2024-03-10,online,credit_card,2,2830.29
2024-03-10,online,debit_card,2,3421.33
2024-03-10,online,mobile_pay,2,2437.88
2024-03-11,in_store,cash,1,278.16
2024-03-11,in_store,debit_card,2,1760.25
2024-03-11,in_store,mobile_pay,1,276.68
2024-03-11,mobile_app,credit_card,1,1243.64
2024-03-11,mobile_app,debit_card,2,3300.94
2024-03-11,mobile_app,gift_card,1,496.85
2024-03-11,online,debit_card,1,275.5
2024-03-11,online,gift_card,1,1716.28
2024-03-11,online,mobile_pay,2,1466.94
2024-03-12,in_store,cash,3,3236.62
2024-03-12,in_store,credit_card,1,1097.2
2024-03-12,in_store,debit_card,2,3402.66
2024-03-12,in_store,mobile_pay,2,4228.74
2024-03-12,mobile_app,cash,1,145.51
2024-03-12,mobile_app,credit_card,1,1013.83
2024-03-12,mobile_app,debit_card,1,2071.24
2024-03-12,mobile_app,mobile_pay,1,868.21
2024-03-12,online,cash,1,688.75
2024-03-12,online,debit_card,2,2745.33
2024-03-13,in_store,cash,1,99.37
2024-03-13,in_store,debit_card,1,266.3
2024-03-13,in_store,gift_card,2,2337.13
2024-03-13,in_store,mobile_pay,2,2819.96
2024-03-13,mobile_app,cash,1,981.84
2024-03-13,mobile_app,mobile_pay,1,1015.6
2024-03-13,online,cash,3,3657.36
2024-03-13,online,credit_card,1,1421.64
2024-03-13,online,debit_card,2,898.88
2024-03-13,online,mobile_pay,1,345.95
2024-03-14,in_store,cash,1,322.68
2024-03-14,in_store,credit_card,3,3451.72
2024-03-14,in_store,debit_card,2,2239.47
2024-03-14,in_store,mobile_pay,3,1247.89
2024-03-14,mobile_app,debit_card,1,1215.39
2024-03-14,mobile_app,gift_card,2,1104.8799999999999
2024-03-14,mobile_app,mobile_pay,1,1462.05
2024-03-14,online,credit_card,1,784.38
2024-03-14,online,mobile_pay,1,321.56
2024-03-15,in_store,cash,2,394.93
2024-03-15,in_store,credit_card,1,155.36
2024-03-15,in_store,debit_card,1,1147.64
2024-03-15,in_store,mobile_pay,1,398.02
2024-03-15,mobile_app,cash,2,1007.13
2024-03-15,mobile_app,credit_card,1,138.38
2024-03-15,mobile_app,gift_card,1,353.85
2024-03-15,online,cash,1,2770.5
2024-03-15,online,credit_card,1,1863.69
2024-03-15,online,debit_card,3,1098.21
2024-03-15,online,gift_card,2,1087.0800000000002
2024-03-15,online,mobile_pay,3,4925.96
2024-03-16,in_store,cash,1,614.0
2024-03-16,in_store,credit_card,1,162.42
2024-03-16,in_store,debit_card,1,703.64
2024-03-16,in_store,gift_card,1,1556.2
2024-03-16,mobile_app,credit_card,1,2083.86
2024-03-16,mobile_app,debit_card,1,411.07
2024-03-16,online,cash,1,508.11
2024-03-16,online,debit_card,2,2482.04
2024-03-16,online,gift_card,2,1481.07
2024-03-17,in_store,cash,4,5027.71
2024-03-17,in_store,credit_card,3,5143.47
2024-03-17,in_store,debit_card,1,1243.66
2024-03-17,in_store,gift_card,1,1192.74
2024-03-17,in_store,mobile_pay,3,1593.53
2024-03-17,mobile_app,debit_card,5,3334.65
2024-03-17,mobile_app,gift_card,5,4711.65
2024-03-17,online,cash,1,93.42
2024-03-17,online,credit_card,1,1117.32
2024-03-17,online,debit_card,2,342.45000000000005
2024-03-17,online,gift_card,1,1094.58
2024-03-17,online,mobile_pay,1,1987.94
2024-03-18,in_store,credit_card,1,2020.24
2024-03-18,mobile_app,cash,1,778.71
2024-03-18,mobile_app,debit_card,2,141.84
2024-03-18,mobile_app,gift_card,2,633.08
2024-03-18,mobile_app,mobile_pay,1,233.61
2024-03-18,online,gift_card,2,2196.62
2024-03-18,online,mobile_pay,1,813.56
2024-03-19,in_store,cash,2,2072.84
2024-03-19,in_store,credit_card,1,78.27
2024-03-19,in_store,debit_card,1,2469.96
2024-03-19,in_store,mobile_pay,2,1099.3400000000001
2024-03-19,mobile_app,cash,1,1465.65
2024-03-19,mobile_app,credit_card,2,2120.35
2024-03-19,mobile_app,debit_card,1,143.55
2024-03-19,online,credit_card,1,1990.1
2024-03-19,online,gift_card,2,4169.25
2024-03-19,online,mobile_pay,1,2145.35
2024-03-20,in_store,gift_card,1,98.88
2024-03-20,in_store,mobile_pay,3,4509.03
2024-03-20,mobile_app,cash,2,816.4
2024-03-20,mobile_app,credit_card,2,2576.55
2024-03-20,mobile_app,debit_card,1,654.5
2024-03-20,mobile_app,mobile_pay,1,835.66
2024-03-20,online,cash,2,1572.84
2024-03-20,online,debit_card,2,1288.25
2024-03-20,online,gift_card,1,191.4
2024-03-21,in_store,cash,3,4263.639999999999
2024-03-21,in_store,credit_card,1,3452.3
2024-03-21,in_store,gift_card,1,104.41
2024-03-21,in_store,mobile_pay,1,929.33
2024-03-21,mobile_app,cash,1,3452.3
2024-03-21,mobile_app,gift_card,2,583.92
2024-03-21,mobile_app,mobile_pay,2,4139.21
2024-03-21,online,cash,1,322.68
2024-03-22,in_store,cash,1,858.27
2024-03-22,in_store,gift_card,2,665.41
2024-03-22,mobile_app,cash,1,930.61
2024-03-22,mobile_app,credit_card,1,1777.05
2024-03-22,mobile_app,gift_card,2,1848.92
2024-03-22,mobile_app,mobile_pay,2,1261.55
2024-03-22,online,cash,1,1275.16
2024-03-22,online,credit_card,1,490.08
2024-03-22,online,debit_card,5,3123.4300000000003
2024-03-23,in_store,credit_card,1,2442.75
2024-03-23,in_store,debit_card,1,1322.5
2024-03-23,in_store,gift_card,3,3909.14
2024-03-23,in_store,mobile_pay,1,2263.24
2024-03-23,mobile_app,credit_card,1,591.8
2024-03-23,mobile_app,debit_card,1,272.74
2024-03-23,mobile_app,gift_card,2,2756.66
2024-03-23,mobile_app,mobile_pay,3,3408.63
2024-03-23,online,cash,2,1518.78
2024-03-23,online,credit_card,2,2796.0199999999995
2024-03-23,online,gift_card,1,908.55
2024-03-24,in_store,cash,1,304.27
2024-03-24,in_store,credit_card,2,2987.73
2024-03-24,in_store,gift_card,1,407.62
2024-03-24,in_store,mobile_pay,2,2340.82
2024-03-24,mobile_app,cash,1,3244.25
2024-03-24,online,debit_card,1,54.14
2024-03-24,online,gift_card,2,1239.98
2024-03-25,in_store,cash,2,3725.29
2024-03-25,in_store,credit_card,1,245.47
2024-03-25,in_store,debit_card,1,52.04
2024-03-25,in_store,gift_card,2,2297.41
2024-03-25,in_store,mobile_pay,2,825.49
2024-03-25,mobile_app,cash,1,2308.32
2024-03-25,mobile_app,gift_card,1,1380.92
2024-03-25,mobile_app,mobile_pay,2,906.26
2024-03-25,online,credit_card,1,581.55
2024-03-25,online,debit_card,1,2500.63
2024-03-25,online,gift_card,2,3596.24
2024-03-25,online,mobile_pay,1,292.3
2024-03-26,in_store,cash,3,1016.24
2024-03-26,mobile_app,cash,1,2002.2
2024-03-26,mobile_app,credit_card,1,1058.0
2024-03-26,mobile_app,gift_card,1,322.68
2024-03-26,mobile_app,mobile_pay,2,3724.82
2024-03-26,online,cash,1,1220.34
2024-03-26,online,credit_card,1,2469.96
2024-03-26,online,debit_card,2,4817.0
2024-03-27,in_store,credit_card,2,700.02
2024-03-27,in_store,debit_card,1,777.42
2024-03-27,in_store,gift_card,3,1986.38
2024-03-27,in_store,mobile_pay,1,739.21
2024-03-27,mobile_app,cash,2,1611.1100000000001
2024-03-27,mobile_app,credit_card,1,1618.96
2024-03-27,mobile_app,debit_card,1,437.08
2024-03-27,mobile_app,mobile_pay,2,2474.23
2024-03-27,online,cash,1,420.6
2024-03-27,online,gift_card,1,382.86
2024-03-28,in_store,cash,1,1006.65
2024-03-28,in_store,gift_card,2,2448.91
2024-03-28,in_store,mobile_pay,1,2336.1
2024-03-28,mobile_app,cash,1,1079.57
2024-03-28,mobile_app,credit_card,1,231.83
2024-03-28,mobile_app,gift_card,1,668.64
2024-03-28,online,debit_card,4,5772.98
2024-03-29,in_store,cash,1,527.04
2024-03-29,in_store,credit_card,1,355.41
2024-03-29,in_store,debit_card,2,5801.6
2024-03-29,in_store,mobile_pay,1,420.95
2024-03-29,mobile_app,cash,1,551.52
2024-03-29,mobile_app,credit_card,1,234.08
2024-03-29,mobile_app,debit_card,1,1646.64
2024-03-29,mobile_app,mobile_pay,1,1946.55
2024-03-29,online,credit_card,1,539.04
2024-03-29,online,gift_card,1,268.3
2024-03-29,online,mobile_pay,2,1665.79
2024-03-30,in_store,debit_card,1,1021.71
2024-03-30,in_store,gift_card,2,1747.5800000000002
2024-03-30,mobile_app,credit_card,3,2715.9300000000003
2024-03-30,mobile_app,debit_card,1,264.11
2024-03-30,mobile_app,gift_card,1,1769.25
2024-03-30,online,gift_card,1,1347.92
2024-03-30,online,mobile_pay,1,1357.86
2024-03-31,in_store,credit_card,1,911.3
2024-03-31,in_store,mobile_pay,1,2257.91
2024-03-31,mobile_app,cash,2,2882.1400000000003
2024-03-31,mobile_app,debit_card,1,796.04
2024-03-31,mobile_app,mobile_pay,4,5167.490000000001
2024-03-31,online,credit_card,1,1750.72
2024-03-31,online,debit_card,1,545.48
2024-03-31,online,gift_card,1,636.93
2024-03-31,online,mobile_pay,1,415.77
2024-04-01,in_store,cash,2,1657.67
2024-04-01,in_store,credit_card,2,1760.06
2024-04-01,mobile_app,cash,1,1415.4
2024-04-01,mobile_app,debit_card,1,1286.24
2024-04-01,mobile_app,mobile_pay,1,1042.34
2024-04-01,online,cash,2,2883.33
2024-04-01,online,credit_card,1,709.82
2024-04-01,online,debit_card,1,510.48
2024-04-02,in_store,cash,1,2051.53
2024-04-02,in_store,debit_card,2,1121.26
2024-04-02,mobile_app,cash,3,3537.21
2024-04-02,mobile_app,credit_card,1,919.6
2024-04-02,mobile_app,gift_card,2,510.49
2024-04-02,online,cash,1,1863.69
2024-04-02,online,debit_card,1,273.84
2024-04-02,online,gift_card,2,1474.02
2024-04-03,in_store,gift_card,1,1343.95
2024-04-03,in_store,mobile_pay,1,3293.28
2024-04-03,mobile_app,credit_card,2,1962.46
2024-04-03,mobile_app,mobile_pay,2,927.4000000000001
2024-04-03,online,cash,1,1052.79
2024-04-04,in_store,cash,1,608.54
2024-04-04,in_store,debit_card,1,1247.31
2024-04-04,in_store,mobile_pay,1,92.56
2024-04-04,mobile_app,cash,1,1215.39
2024-04-04,mobile_app,debit_card,1,1709.61
2024-04-04,mobile_app,gift_card,1,1144.36
2024-04-04,mobile_app,mobile_pay,1,1863.69
2024-04-04,online,credit_card,1,992.08
2024-04-04,online,debit_card,1,1004.68
2024-04-04,online,mobile_pay,1,782.15
2024-04-05,in_store,cash,1,778.1
2024-04-05,in_store,credit_card,1,245.68
2024-04-05,in_store,debit_card,1,318.42
2024-04-05,in_store,gift_card,1,130.45
2024-04-05,mobile_app,cash,2,1398.26
2024-04-05,mobile_app,mobile_pay,1,1566.12
2024-04-05,online,cash,1,201.33
2024-04-05,online,credit_card,1,26.02
2024-04-05,online,mobile_pay,2,3610.85
2024-04-06,in_store,credit_card,1,266.3
2024-04-06,in_store,debit_card,1,1319.78
2024-04-06,in_store,mobile_pay,2,1376.94
2024-04-06,mobile_app,cash,3,2600.8
2024-04-06,mobile_app,credit_card,2,3094.1
2024-04-06,mobile_app,gift_card,2,1642.6399999999999
2024-04-06,mobile_app,mobile_pay,2,1248.8600000000001
2024-04-06,online,cash,2,3369.92
2024-04-06,online,credit_card,1,1748.32
2024-04-06,online,gift_card,1,1242.46
2024-04-06,online,mobile_pay,1,2191.04
2024-04-07,in_store,cash,1,1004.68
2024-04-07,in_store,credit_card,2,2663.55
2024-04-07,in_store,debit_card,1,1863.69
2024-04-07,in_store,mobile_pay,1,527.04
2024-04-07,mobile_app,cash,1,134.64
2024-04-07,mobile_app,credit_card,3,5533.62
2024-04-07,mobile_app,debit_card,2,1528.4299999999998
2024-04-07,mobile_app,mobile_pay,1,643.12
2024-04-07,online,cash,2,2273.8199999999997
2024-04-07,online,gift_card,1,919.6
2024-04-08,in_store,cash,1,198.74
2024-04-08,in_store,credit_card,4,2360.62
2024-04-08,in_store,debit_card,1,710.82
2024-04-08,in_store,mobile_pay,2,181.0
2024-04-08,mobile_app,debit_card,1,69.42
2024-04-08,mobile_app,mobile_pay,2,4838.4
2024-04-08,online,cash,1,544.43
2024-04-08,online,credit_card,3,2384.81
2024-04-08,online,gift_card,1,1243.64
2024-04-08,online,mobile_pay,2,2037.83
2024-04-09,in_store,cash,1,327.25
2024-04-09,in_store,gift_card,2,2143.98
2024-04-09,mobile_app,credit_card,1,234.74
2024-04-09,mobile_app,debit_card,2,2091.38
2024-04-09,mobile_app,gift_card,2,1219.44
2024-04-09,mobile_app,mobile_pay,1,403.3
2024-04-09,online,debit_card,1,1675.98
2024-04-09,online,mobile_pay,1,1139.74
2024-04-10,in_store,credit_card,1,371.29
2024-04-10,in_store,debit_card,1,1789.11
2024-04-10,mobile_app,cash,1,161.32
2024-04-10,mobile_app,credit_card,1,1049.52
2024-04-10,mobile_app,debit_card,4,5448.5
2024-04-10,mobile_app,gift_card,2,452.55
2024-04-10,mobile_app,mobile_pay,1,291.74
2024-04-10,online,credit_card,2,1808.92
2024-04-10,online,debit_card,1,406.78
2024-04-10,online,gift_card,2,1580.1499999999999
2024-04-11,in_store,cash,1,741.3
2024-04-11,in_store,debit_card,1,846.85
2024-04-11,in_store,mobile_pay,3,3806.54
2024-04-11,mobile_app,cash,2,2666.48
2024-04-11,mobile_app,gift_card,1,1824.3
2024-04-11,mobile_app,mobile_pay,1,864.6
2024-04-11,online,credit_card,1,118.36
2024-04-11,online,gift_card,1,1943.55
2024-04-12,in_store,cash,2,3163.66
2024-04-12,in_store,gift_card,2,1520.08
2024-04-12,mobile_app,credit_card,1,1233.21
2024-04-12,mobile_app,debit_card,2,1958.74
2024-04-12,mobile_app,gift_card,2,1695.13
2024-04-12,online,gift_card,2,4015.25
2024-04-12,online,mobile_pay,2,3050.84
2024-04-13,in_store,gift_card,1,1097.2
2024-04-13,mobile_app,credit_card,2,1260.1599999999999
2024-04-13,mobile_app,mobile_pay,2,277.04
2024-04-13,online,gift_card,1,1192.74
2024-04-13,online,mobile_pay,1,415.77
2024-04-14,in_store,gift_card,1,1192.74
2024-04-14,mobile_app,credit_card,4,3381.66
2024-04-14,mobile_app,gift_card,2,511.63
2024-04-14,online,debit_card,3,1320.21
2024-04-14,online,gift_card,1,1212.14
2024-04-15,in_store,credit_card,3,3505.92
2024-04-15,in_store,gift_card,2,2768.53
2024-04-15,mobile_app,credit_card,2,2926.3199999999997
2024-04-15,mobile_app,debit_card,1,1247.31
2024-04-15,mobile_app,gift_card,2,2562.03
2024-04-15,mobile_app,mobile_pay,3,3922.84
2024-04-15,online,credit_card,2,1156.72
2024-04-15,online,mobile_pay,2,613.74
2024-04-16,in_store,mobile_pay,2,3008.2799999999997
2024-04-16,mobile_app,debit_card,2,922.61
2024-04-16,mobile_app,gift_card,2,2384.46
2024-04-16,online,cash,1,469.22
2024-04-16,online,debit_card,1,554.1
2024-04-16,online,gift_card,2,1600.3600000000001
2024-04-17,in_store,cash,1,116.31
2024-04-17,mobile_app,gift_card,2,2571.8799999999997
2024-04-17,online,cash,2,2627.7599999999998
2024-04-17,online,credit_card,1,675.28
2024-04-17,online,gift_card,2,1877.81
2024-04-17,online,mobile_pay,3,1405.92
2024-04-18,in_store,debit_card,2,2307.13
2024-04-18,in_store,mobile_pay,1,1215.39
2024-04-18,mobile_app,debit_card,1,1144.36
2024-04-18,mobile_app,mobile_pay,2,1624.84
2024-04-18,online,credit_card,1,2315.34
2024-04-18,online,debit_card,1,1331.5
2024-04-18,online,mobile_pay,1,405.13
2024-04-19,in_store,credit_card,1,1052.37
2024-04-19,in_store,debit_card,1,491.81
2024-04-19,in_store,gift_card,1,191.4
2024-04-19,in_store,mobile_pay,1,207.88
2024-04-19,mobile_app,debit_card,3,1719.26
2024-04-19,mobile_app,mobile_pay,1,1311.24
2024-04-19,online,cash,3,1037.38
2024-04-19,online,debit_card,2,843.1700000000001
2024-04-19,online,gift_card,3,1095.2
2024-04-20,in_store,debit_card,1,338.74
2024-04-20,in_store,mobile_pay,1,236.72
2024-04-20,mobile_app,cash,2,1799.46
2024-04-20,mobile_app,credit_card,3,2623.62
2024-04-20,mobile_app,debit_card,1,488.55
2024-04-20,mobile_app,mobile_pay,2,2754.08
2024-04-20,online,cash,1,1243.64
2024-04-20,online,credit_card,1,1242.74
2024-04-20,online,debit_card,1,1191.18
2024-04-20,online,gift_card,2,2582.83
2024-04-21,in_store,cash,2,1135.88
2024-04-21,in_store,credit_card,1,1599.36
2024-04-21,in_store,gift_card,1,52.6
2024-04-21,in_store,mobile_pay,1,560.8
2024-04-21,mobile_app,cash,2,1324.19
2024-04-21,mobile_app,credit_card,1,558.66
2024-04-21,mobile_app,debit_card,2,1991.98
2024-04-21,mobile_app,gift_card,2,725.34
2024-04-21,online,debit_card,2,502.84
2024-04-22,in_store,debit_card,1,729.72
2024-04-22,mobile_app,cash,2,2618.9
2024-04-22,mobile_app,credit_card,2,2323.11
2024-04-22,mobile_app,gift_card,1,654.56
2024-04-22,online,credit_card,1,1554.84
2024-04-22,online,debit_card,1,1901.4
2024-04-22,online,gift_card,2,1576.06
2024-04-23,in_store,cash,1,836.08
2024-04-23,in_store,credit_card,1,1777.05
2024-04-23,in_store,gift_card,5,2613.71
2024-04-23,in_store,mobile_pay,1,268.87
2024-04-23,mobile_app,cash,1,1015.6
2024-04-23,mobile_app,credit_card,1,1106.72
2024-04-23,mobile_app,debit_card,1,1322.77
2024-04-23,mobile_app,mobile_pay,2,1791.85
2024-04-23,online,debit_card,1,184.26
2024-04-23,online,gift_card,1,69.19
2024-04-23,online,mobile_pay,1,1222.8
2024-04-24,in_store,cash,1,548.6
2024-04-24,in_store,debit_card,2,1675.58
2024-04-24,in_store,gift_card,2,1353.5500000000002
2024-04-24,in_store,mobile_pay,2,2697.75
2024-04-24,mobile_app,cash,3,6405.679999999999
2024-04-24,mobile_app,credit_card,1,1593.95
2024-04-24,mobile_app,debit_card,1,1134.36
2024-04-24,online,cash,1,1759.1
2024-04-24,online,credit_card,6,7526.8
2024-04-24,online,debit_card,1,207.57
2024-04-24,online,gift_card,1,956.37
2024-04-24,online,mobile_pay,1,3293.28
2024-04-25,in_store,cash,1,259.57
2024-04-25,in_store,credit_card,3,3784.73
2024-04-25,in_store,gift_card,1,2064.15
2024-04-25,in_store,mobile_pay,1,2031.2
2024-04-25,mobile_app,credit_card,1,701.58
2024-04-25,mobile_app,gift_card,1,487.35
2024-04-25,mobile_app,mobile_pay,2,1029.73
2024-04-25,online,credit_card,3,1774.2199999999998
2024-04-25,online,gift_card,1,377.88
2024-04-25,online,mobile_pay,1,234.08
2024-04-26,in_store,cash,1,415.77
2024-04-26,in_store,credit_card,1,122.8
2024-04-26,in_store,debit_card,4,2784.84
2024-04-26,in_store,gift_card,1,1636.25
2024-04-26,mobile_app,cash,2,1342.46
2024-04-26,mobile_app,credit_card,1,239.25
2024-04-26,mobile_app,debit_card,1,1322.66
2024-04-26,online,cash,3,3793.3
2024-04-26,online,debit_card,2,3445.23
2024-04-26,online,gift_card,1,480.66
2024-04-26,online,mobile_pay,1,1344.63
2024-04-27,in_store,cash,2,1598.1799999999998
2024-04-27,in_store,credit_card,1,1523.4
2024-04-27,in_store,debit_card,1,233.04
2024-04-27,in_store,gift_card,2,1456.0900000000001
2024-04-27,in_store,mobile_pay,1,1286.3
2024-04-27,mobile_app,cash,2,1100.02
2024-04-27,mobile_app,credit_card,1,99.37
2024-04-27,mobile_app,debit_card,1,1929.45
2024-04-27,online,cash,2,1082.06
2024-04-27,online,credit_card,1,709.82
2024-04-27,online,debit_card,2,4540.63
2024-04-27,online,gift_card,1,261.03
2024-04-28,in_store,cash,1,974.7
2024-04-28,in_store,credit_card,1,1311.24
2024-04-28,in_store,debit_card,2,3726.52
2024-04-28,in_store,gift_card,2,3678.64
2024-04-28,in_store,mobile_pay,2,387.88
2024-04-28,mobile_app,debit_card,1,1808.34
2024-04-28,mobile_app,mobile_pay,2,1428.28
2024-04-28,online,credit_card,2,962.82
2024-04-28,online,debit_card,2,6322.82
2024-04-28,online,gift_card,1,2484.92
2024-04-28,online,mobile_pay,2,1799.6299999999999
2024-04-29,in_store,credit_card,1,92.56
2024-04-29,in_store,mobile_pay,3,3838.34
2024-04-29,mobile_app,cash,1,365.72
2024-04-29,mobile_app,debit_card,1,2586.04
2024-04-29,mobile_app,gift_card,1,587.75
2024-04-29,online,cash,3,1785.1999999999998
2024-04-29,online,credit_card,1,1211.4
2024-04-29,online,debit_card,1,635.92
2024-04-29,online,mobile_pay,2,1355.81
2024-04-30,in_store,debit_card,2,1863.36
2024-04-30,in_store,gift_card,3,1410.77
2024-04-30,in_store,mobile_pay,1,198.08
2024-04-30,mobile_app,cash,1,809.48
2024-04-30,mobile_app,gift_card,1,2722.15
2024-04-30,mobile_app,mobile_pay,2,2468.73
2024-04-30,online,credit_card,1,831.54
2024-04-30,online,gift_card,2,2574.37
2024-05-01,in_store,cash,1,1097.2
2024-05-01,in_store,credit_card,2,1509.21
2024-05-01,in_store,debit_card,2,2047.7800000000002
2024-05-01,in_store,gift_card,2,3324.62
2024-05-01,in_store,mobile_pay,1,233.32
2024-05-01,mobile_app,cash,1,543.57
2024-05-01,online,cash,1,127.91
2024-05-01,online,credit_card,1,1222.8
2024-05-01,online,debit_card,1,681.85
2024-05-02,in_store,mobile_pay,1,474.86
2024-05-02,mobile_app,gift_card,3,2977.47
2024-05-02,mobile_app,mobile_pay,3,3428.07
2024-05-02,online,cash,2,1008.72
2024-05-02,online,debit_card,1,1475.43
2024-05-02,online,gift_card,1,411.07
2024-05-02,online,mobile_pay,2,896.96
2024-05-03,in_store,credit_card,1,234.08
2024-05-03,in_store,debit_card,1,417.52
2024-05-03,mobile_app,credit_card,1,1350.85
2024-05-03,mobile_app,mobile_pay,1,1217.08
2024-05-03,online,cash,2,2382.55
2024-05-03,online,credit_card,2,3362.4700000000003
2024-05-03,online,debit_card,1,270.7
2024-05-04,in_store,debit_card,1,252.98
2024-05-04,in_store,gift_card,1,508.11
2024-05-04,in_store,mobile_pay,1,1662.3
2024-05-04,mobile_app,cash,1,379.47
2024-05-04,mobile_app,credit_card,1,1072.06
2024-05-04,online,credit_card,1,1774.55
2024-05-04,online,gift_card,1,621.82
2024-05-04,online,mobile_pay,1,1786.77
2024-05-05,in_store,debit_card,4,5071.62
2024-05-05,mobile_app,cash,2,2039.79
2024-05-05,mobile_app,credit_card,1,269.98
2024-05-05,mobile_app,debit_card,1,159.88
2024-05-05,mobile_app,gift_card,1,1421.64
2024-05-05,online,cash,1,168.3
2024-05-05,online,credit_card,2,4346.04
2024-05-05,online,mobile_pay,2,2105.7400000000002
2024-05-06,in_store,credit_card,1,118.36
2024-05-06,in_store,debit_card,2,975.55
2024-05-06,in_store,gift_card,2,2663.47
2024-05-06,in_store,mobile_pay,1,1703.41
2024-05-06,mobile_app,credit_card,2,3221.08
2024-05-06,mobile_app,gift_card,1,874.16
2024-05-06,mobile_app,mobile_pay,2,2016.0100000000002
2024-05-06,online,credit_card,1,2411.12
2024-05-06,online,gift_card,2,1148.83
2024-05-07,in_store,cash,1,643.12
2024-05-07,in_store,credit_card,1,2708.05
2024-05-07,in_store,mobile_pay,7,4059.71
2024-05-07,mobile_app,cash,1,104.36
2024-05-07,mobile_app,credit_card,3,2582.23
2024-05-07,mobile_app,mobile_pay,1,241.98
2024-05-07,online,cash,1,1946.55
2024-05-07,online,credit_card,1,1439.04
2024-05-07,online,gift_card,2,2536.44
2024-05-07,online,mobile_pay,1,77.68
2024-05-08,in_store,credit_card,1,94.47
2024-05-08,in_store,debit_card,1,1580.25
2024-05-08,in_store,gift_card,2,2624.3599999999997
2024-05-08,mobile_app,cash,2,2574.7200000000003
2024-05-08,online,cash,1,1029.06
2024-05-08,online,gift_card,1,126.49
2024-05-09,in_store,cash,3,2673.87
2024-05-09,in_store,credit_card,1,1675.98
2024-05-09,in_store,debit_card,1,3376.35
2024-05-09,in_store,gift_card,1,276.76
2024-05-09,in_store,mobile_pay,2,1358.27
2024-05-09,mobile_app,cash,1,1945.25
2024-05-09,mobile_app,debit_card,1,1556.2
2024-05-09,mobile_app,mobile_pay,2,1021.19
2024-05-09,online,credit_card,2,2349.92
2024-05-10,in_store,gift_card,2,2170.9500000000003
2024-05-10,in_store,mobile_pay,1,2633.32
2024-05-10,mobile_app,cash,1,879.64
2024-05-10,mobile_app,debit_card,1,494.32
2024-05-10,online,cash,1,500.55
2024-05-10,online,gift_card,1,1349.9
2024-05-11,in_store,credit_card,2,1685.5
2024-05-11,in_store,debit_card,2,867.7
2024-05-11,in_store,gift_card,1,614.0
2024-05-11,in_store,mobile_pay,1,1350.54
2024-05-11,mobile_app,cash,3,3714.26
2024-05-11,mobile_app,debit_card,2,1091.57
2024-05-11,mobile_app,gift_card,2,2403.93
2024-05-11,mobile_app,mobile_pay,1,52.04
2024-05-11,online,debit_card,1,796.04
2024-05-11,online,gift_card,2,1528.56
2024-05-12,in_store,gift_card,1,935.44
2024-05-12,in_store,mobile_pay,1,539.96
2024-05-12,mobile_app,cash,1,184.26
2024-05-12,mobile_app,debit_card,3,7211.25
2024-05-12,mobile_app,gift_card,5,1793.24
2024-05-12,mobile_app,mobile_pay,1,2436.75
2024-05-12,online,debit_card,1,3597.6
2024-05-12,online,gift_card,2,2086.2799999999997
2024-05-13,in_store,gift_card,1,2036.79
2024-05-13,in_store,mobile_pay,2,2670.16
2024-05-13,mobile_app,gift_card,1,420.6
2024-05-13,mobile_app,mobile_pay,1,1309.12
2024-05-13,online,cash,2,1217.88
2024-05-13,online,credit_card,3,5792.120000000001
2024-05-13,online,debit_card,2,1729.26
2024-05-13,online,gift_card,1,1581.12
2024-05-13,online,mobile_pay,1,539.04
2024-05-14,in_store,debit_card,1,186.1
2024-05-14,mobile_app,credit_card,1,883.57
2024-05-14,mobile_app,debit_card,3,2932.15
2024-05-14,mobile_app,gift_card,1,1716.28
2024-05-14,mobile_app,mobile_pay,1,438.45
2024-05-14,online,credit_card,1,710.82
2024-05-15,in_store,cash,1,33.66
2024-05-15,in_store,debit_card,2,5260.52
2024-05-15,in_store,gift_card,1,1139.74
2024-05-15,mobile_app,cash,1,2645.32
2024-05-15,mobile_app,credit_card,1,1651.32
2024-05-15,mobile_app,gift_card,2,1234.9499999999998
2024-05-15,mobile_app,mobile_pay,2,1887.9
2024-05-15,online,cash,2,201.65
2024-05-15,online,credit_card,2,1812.79
2024-05-15,online,gift_card,2,2844.5
2024-05-16,in_store,debit_card,1,809.48
2024-05-16,in_store,gift_card,3,4218.21
2024-05-16,in_store,mobile_pay,1,475.35
2024-05-16,mobile_app,cash,1,2560.44
2024-05-16,mobile_app,credit_card,1,1192.74
2024-05-16,mobile_app,gift_card,1,637.58
2024-05-16,mobile_app,mobile_pay,2,2905.54
2024-05-16,online,cash,1,473.75
2024-05-16,online,credit_card,1,681.85
2024-05-16,online,gift_card,2,1191.31
2024-05-17,in_store,credit_card,2,2963.46
2024-05-17,in_store,gift_card,4,2449.45
2024-05-17,mobile_app,gift_card,1,707.7
2024-05-17,mobile_app,mobile_pay,1,578.11
2024-05-17,online,cash,1,220.99
2024-05-17,online,gift_card,3,3256.51
2024-05-17,online,mobile_pay,2,2295.04
2024-05-18,in_store,cash,1,643.15
2024-05-18,in_store,credit_card,2,2860.41
2024-05-18,in_store,gift_card,1,1967.24
2024-05-18,in_store,mobile_pay,1,2708.05
2024-05-18,mobile_app,debit_card,1,289.06
2024-05-18,mobile_app,mobile_pay,1,2376.75
2024-05-18,online,cash,3,3813.25
2024-05-18,online,credit_card,3,2487.56
2024-05-19,in_store,cash,2,4899.45
2024-05-19,in_store,debit_card,1,139.31
2024-05-19,in_store,mobile_pay,1,1786.77
2024-05-19,mobile_app,credit_card,2,1807.1399999999999
2024-05-19,mobile_app,debit_card,1,710.82
2024-05-19,online,debit_card,1,336.98
2024-05-19,online,gift_card,5,6427.95
2024-05-20,in_store,debit_card,1,2638.92
2024-05-20,in_store,gift_card,1,1297.7
2024-05-20,in_store,mobile_pay,1,956.37
2024-05-20,mobile_app,debit_card,3,5449.45
2024-05-20,mobile_app,gift_card,1,734.91
2024-05-20,mobile_app,mobile_pay,1,519.14
2024-05-20,online,cash,1,946.34
2024-05-20,online,credit_card,1,2878.08
2024-05-20,online,gift_card,1,184.26
2024-05-21,in_store,credit_card,1,1184.94
2024-05-21,in_store,gift_card,1,529.0
2024-05-21,mobile_app,cash,1,2308.32
2024-05-21,mobile_app,credit_card,1,355.08
2024-05-21,mobile_app,debit_card,1,2185.4
2024-05-21,mobile_app,gift_card,1,97.45
2024-05-21,mobile_app,mobile_pay,1,239.25
2024-05-21,online,credit_card,1,1271.84
2024-05-21,online,gift_card,3,3837.9500000000003
2024-05-21,online,mobile_pay,1,510.48
2024-05-22,mobile_app,cash,3,4408.7
2024-05-22,mobile_app,gift_card,2,399.38
2024-05-22,mobile_app,mobile_pay,3,5050.33
2024-05-22,online,cash,2,1145.5
2024-05-22,online,debit_card,1,2025.81
2024-05-23,in_store,mobile_pay,1,591.8
2024-05-23,mobile_app,credit_card,3,2860.62
2024-05-23,mobile_app,debit_card,1,500.55
2024-05-23,mobile_app,mobile_pay,1,198.74
2024-05-23,online,cash,2,1339.9499999999998
2024-05-23,online,credit_card,1,1501.65
2024-05-23,online,debit_card,2,3661.24
2024-05-23,online,mobile_pay,2,2947.3999999999996
2024-05-24,in_store,cash,2,3473.01
2024-05-24,in_store,credit_card,1,2055.35
2024-05-24,in_store,debit_card,1,560.8
2024-05-24,in_store,gift_card,1,491.81
2024-05-24,in_store,mobile_pay,1,491.81
2024-05-24,mobile_app,debit_card,1,1214.22
2024-05-24,mobile_app,gift_card,2,1556.1100000000001
2024-05-24,online,cash,1,1232.01
2024-05-24,online,mobile_pay,1,351.82
2024-05-25,in_store,cash,2,2725.08
2024-05-25,in_store,debit_card,2,2924.5499999999997
2024-05-25,in_store,gift_card,1,391.3
2024-05-25,in_store,mobile_pay,2,2069.56
2024-05-25,mobile_app,cash,2,2751.75
2024-05-25,mobile_app,credit_card,1,245.6
2024-05-25,mobile_app,debit_card,1,1777.05
2024-05-25,online,cash,1,1627.51
2024-05-25,online,debit_card,1,769.98
2024-05-25,online,gift_card,2,3312.72
2024-05-25,online,mobile_pay,3,5632.150000000001
2024-05-26,in_store,credit_card,2,3294.33
2024-05-26,in_store,debit_card,1,1271.84
2024-05-26,in_store,gift_card,1,582.04
2024-05-26,in_store,mobile_pay,3,2602.71
2024-05-26,mobile_app,cash,1,1374.55
2024-05-26,mobile_app,debit_card,1,336.98
2024-05-26,mobile_app,gift_card,1,691.68
2024-05-26,mobile_app,mobile_pay,1,879.64
2024-05-26,online,gift_card,1,1388.95
2024-05-26,online,mobile_pay,1,2108.16
2024-05-27,in_store,cash,1,3473.1
2024-05-27,in_store,credit_card,2,1674.77
2024-05-27,in_store,debit_card,1,2450.4
2024-05-27,mobile_app,cash,1,437.08
2024-05-27,mobile_app,credit_card,1,653.06
2024-05-27,mobile_app,debit_card,1,355.08
2024-05-27,mobile_app,gift_card,2,3117.04
2024-05-27,online,cash,2,1424.69
2024-05-27,online,credit_card,3,3315.1099999999997
2024-05-27,online,gift_card,1,2315.34
2024-05-27,online,mobile_pay,1,61.42
2024-05-28,in_store,cash,3,2937.87
2024-05-28,in_store,credit_card,1,417.93
2024-05-28,in_store,debit_card,2,4716.700000000001
2024-05-28,in_store,gift_card,1,1131.62
2024-05-28,in_store,mobile_pay,1,2484.92
2024-05-28,mobile_app,credit_card,1,1066.23
2024-05-28,mobile_app,gift_card,1,960.39
2024-05-28,online,cash,3,5158.97
2024-05-28,online,credit_card,2,1300.55
2024-05-28,online,gift_card,1,1311.24
2024-05-29,in_store,credit_card,1,919.6
2024-05-29,mobile_app,credit_card,1,1173.05
2024-05-29,online,cash,1,703.83
2024-05-29,online,credit_card,1,441.27
2024-05-29,online,debit_card,2,1814.94
2024-05-29,online,gift_card,2,851.53
2024-05-29,online,mobile_pay,1,1748.32
2024-05-30,in_store,cash,1,260.58
2024-05-30,in_store,credit_card,1,596.37
2024-05-30,in_store,gift_card,1,247.1
2024-05-30,mobile_app,cash,2,2269.31
2024-05-30,mobile_app,credit_card,1,1286.3
2024-05-30,online,cash,2,505.9
2024-05-30,online,debit_card,1,661.33
2024-05-30,online,gift_card,1,545.48
2024-05-31,in_store,cash,1,964.68
2024-05-31,in_store,debit_card,2,2541.03
2024-05-31,mobile_app,cash,1,1892.68
2024-05-31,mobile_app,debit_card,5,5481.18
2024-05-31,online,gift_card,1,879.64
2024-05-31,online,mobile_pay,2,2569.6099999999997
2024-06-01,in_store,cash,1,26.02
2024-06-01,in_store,debit_card,1,637.58
2024-06-01,in_store,mobile_pay,1,912.81
2024-06-01,mobile_app,debit_card,1,796.04
2024-06-01,mobile_app,gift_card,2,1853.17
2024-06-01,mobile_app,mobile_pay,2,774.3
2024-06-01,online,credit_card,1,2158.56
2024-06-01,online,debit_card,1,175.56
2024-06-01,online,mobile_pay,1,654.5
2024-06-02,in_store,cash,1,233.86
2024-06-02,in_store,credit_card,1,345.95
2024-06-02,in_store,gift_card,1,1280.52
2024-06-02,mobile_app,credit_card,1,1161.66
2024-06-02,mobile_app,debit_card,1,822.14
2024-06-02,mobile_app,mobile_pay,1,1899.44
2024-06-02,online,cash,2,2421.25
2024-06-02,online,credit_card,1,2376.75
2024-06-02,online,mobile_pay,2,989.42
2024-06-03,in_store,cash,1,1295.17
2024-06-03,in_store,credit_card,2,3429.0
2024-06-03,mobile_app,credit_card,2,1925.32
2024-06-03,mobile_app,debit_card,2,2143.1
2024-06-03,mobile_app,mobile_pay,1,1579.93
2024-06-03,online,credit_card,1,345.95
2024-06-03,online,debit_card,1,334.23
2024-06-04,in_store,debit_card,3,4552.23
2024-06-04,mobile_app,debit_card,1,108.28
2024-06-04,mobile_app,gift_card,1,1087.14
2024-06-04,mobile_app,mobile_pay,2,943.3100000000001
2024-06-04,online,cash,2,711.26
2024-06-04,online,debit_card,2,1114.85
2024-06-04,online,gift_card,1,2193.07
2024-06-04,online,mobile_pay,1,244.56
2024-06-05,in_store,credit_card,1,554.1
2024-06-05,in_store,gift_card,2,2500.58
2024-06-05,mobile_app,credit_card,1,964.68
2024-06-05,mobile_app,gift_card,2,1256.44
2024-06-05,online,cash,1,898.98
2024-06-05,online,gift_card,1,2279.48
2024-06-05,online,mobile_pay,2,3559.21
2024-06-06,in_store,credit_card,2,740.93
2024-06-06,in_store,mobile_pay,2,1997.35
2024-06-06,mobile_app,cash,1,115.7
2024-06-06,mobile_app,credit_card,1,1892.68
2024-06-06,mobile_app,debit_card,1,2572.6
2024-06-06,mobile_app,mobile_pay,1,544.43
2024-06-06,online,cash,1,397.48
2024-06-06,online,gift_card,1,351.82
2024-06-07,in_store,cash,1,548.6
2024-06-07,in_store,credit_card,2,3413.82
2024-06-07,in_store,debit_card,1,1445.28
2024-06-07,in_store,gift_card,2,2261.38
2024-06-07,mobile_app,credit_card,2,2521.65
2024-06-07,mobile_app,debit_card,1,554.1
2024-06-07,mobile_app,gift_card,2,2150.79
2024-06-07,mobile_app,mobile_pay,2,2053.75
2024-06-07,online,cash,1,33.66
2024-06-07,online,credit_card,1,270.17
2024-06-07,online,debit_card,3,3427.02
2024-06-07,online,gift_card,1,52.18
2024-06-07,online,mobile_pay,4,2262.65
2024-06-08,in_store,cash,3,3109.46
2024-06-08,in_store,debit_card,1,441.27
2024-06-08,in_store,gift_card,1,2502.75
2024-06-08,mobile_app,cash,1,322.64
2024-06-08,mobile_app,credit_card,1,654.5
2024-06-08,mobile_app,debit_card,1,54.14
2024-06-08,mobile_app,mobile_pay,1,69.19
2024-06-08,online,cash,3,7975.08
2024-06-08,online,credit_card,1,541.61
2024-06-08,online,debit_card,4,6692.63
2024-06-08,online,gift_card,3,3296.26
2024-06-08,online,mobile_pay,3,2684.52
2024-06-09,in_store,cash,1,2234.64
2024-06-09,in_store,credit_card,1,413.25
2024-06-09,in_store,mobile_pay,2,2826.3999999999996
2024-06-09,mobile_app,cash,1,364.62
2024-06-09,mobile_app,debit_card,1,62.28
2024-06-09,mobile_app,gift_card,1,55.59
2024-06-09,mobile_app,mobile_pay,2,2856.9700000000003
2024-06-09,online,mobile_pay,2,1419.43
2024-06-10,in_store,cash,2,541.5
2024-06-10,in_store,credit_card,1,526.75
2024-06-10,in_store,debit_card,1,1620.52
2024-06-10,in_store,mobile_pay,3,4712.79
2024-06-10,mobile_app,cash,1,1243.64
2024-06-10,mobile_app,credit_card,1,1371.5
2024-06-10,mobile_app,debit_card,1,126.49
2024-06-10,mobile_app,gift_card,1,953.88
2024-06-10,mobile_app,mobile_pay,1,455.65
2024-06-10,online,gift_card,1,2633.32
2024-06-11,in_store,cash,1,1929.64
2024-06-11,in_store,gift_card,1,1620.52
2024-06-11,in_store,mobile_pay,2,1583.6299999999999
2024-06-11,mobile_app,credit_card,1,442.63
2024-06-11,mobile_app,gift_card,2,1490.18
2024-06-11,online,cash,1,964.68
2024-06-11,online,credit_card,1,2049.45
2024-06-11,online,debit_card,1,1275.16
2024-06-11,online,gift_card,1,981.04
2024-06-12,in_store,cash,1,1064.73
2024-06-12,in_store,credit_card,3,1362.6999999999998
2024-06-12,in_store,mobile_pay,1,310.72
2024-06-12,mobile_app,cash,2,2734.52
2024-06-12,mobile_app,gift_card,1,198.74
2024-06-12,online,cash,1,1175.51
2024-06-12,online,credit_card,3,3851.74
2024-06-12,online,debit_card,2,944.91
2024-06-12,online,mobile_pay,1,935.44
2024-06-13,in_store,cash,1,104.36
2024-06-13,in_store,debit_card,1,4494.9
2024-06-13,in_store,mobile_pay,1,1599.36
2024-06-13,mobile_app,debit_card,1,1651.32
2024-06-13,online,cash,2,3792.62
2024-06-13,online,credit_card,2,2367.13
2024-06-13,online,debit_card,2,1656.6
2024-06-13,online,mobile_pay,2,1507.56
2024-06-14,in_store,cash,2,547.23
2024-06-14,in_store,debit_card,1,3293.28
2024-06-14,in_store,gift_card,5,5986.59
2024-06-14,mobile_app,cash,1,1901.4
2024-06-14,mobile_app,debit_card,1,1967.81
2024-06-14,mobile_app,gift_card,2,2297.0
2024-06-14,mobile_app,mobile_pay,2,2668.2999999999997
2024-06-14,online,credit_card,2,3132.01
2024-06-14,online,gift_card,2,1211.08
2024-06-14,online,mobile_pay,2,770.03
2024-06-15,in_store,cash,1,307.1
2024-06-15,in_store,credit_card,1,1580.25
2024-06-15,in_store,gift_card,1,2083.86
2024-06-15,online,cash,1,110.56
2024-06-15,online,debit_card,2,2942.3199999999997
2024-06-15,online,mobile_pay,1,317.96
2024-06-16,in_store,credit_card,1,1592.08
2024-06-16,in_store,debit_card,3,3110.4
2024-06-16,in_store,mobile_pay,1,1651.32
2024-06-16,mobile_app,credit_card,1,269.98
2024-06-16,mobile_app,gift_card,1,2376.75
2024-06-16,mobile_app,mobile_pay,2,3265.6600000000003
2024-06-16,online,cash,3,2764.21
2024-06-16,online,credit_card,1,412.83
2024-06-16,online,mobile_pay,1,2382.36
2024-06-17,in_store,cash,2,583.09
2024-06-17,in_store,gift_card,2,793.27
2024-06-17,in_store,mobile_pay,2,1128.8999999999999
2024-06-17,mobile_app,cash,1,808.1
2024-06-17,mobile_app,debit_card,1,1830.51
2024-06-17,mobile_app,mobile_pay,1,1943.55
2024-06-17,online,cash,1,101.59
2024-06-17,online,credit_card,3,5030.0
2024-06-17,online,gift_card,1,737.0
2024-06-17,online,mobile_pay,1,155.36
2024-06-18,in_store,cash,1,1750.72
2024-06-18,in_store,credit_card,2,1141.62
2024-06-18,in_store,gift_card,1,130.45
2024-06-18,mobile_app,cash,2,851.28
2024-06-18,mobile_app,credit_card,2,2675.99
2024-06-18,mobile_app,gift_card,2,1745.26
2024-06-18,mobile_app,mobile_pay,3,2680.14
2024-06-18,online,credit_card,2,3678.3500000000004
2024-06-18,online,debit_card,1,1215.39
2024-06-18,online,gift_card,1,1012.92
2024-06-19,in_store,cash,1,1620.52
2024-06-19,in_store,gift_card,1,2236.43
2024-06-19,in_store,mobile_pay,2,685.29
2024-06-19,mobile_app,cash,1,1199.52
2024-06-19,mobile_app,credit_card,1,2075.72
2024-06-19,online,cash,3,4806.28
2024-06-19,online,credit_card,1,1748.32
2024-06-19,online,gift_card,1,3306.65
2024-06-19,online,mobile_pay,1,1789.11
2024-06-20,in_store,credit_card,1,1283.45
2024-06-20,in_store,debit_card,1,2335.86
2024-06-20,in_store,gift_card,2,770.05
2024-06-20,mobile_app,cash,1,631.42
2024-06-20,mobile_app,debit_card,1,269.98
2024-06-20,mobile_app,gift_card,1,3293.28
2024-06-20,online,cash,1,2442.75
2024-06-20,online,credit_card,2,561.51
2024-06-20,online,gift_card,1,521.17
2024-06-20,online,mobile_pay,1,1286.24
2024-06-21,in_store,cash,2,767.14
2024-06-21,in_store,credit_card,1,911.3
2024-06-21,in_store,mobile_pay,2,2512.02
2024-06-21,mobile_app,cash,2,395.71
2024-06-21,mobile_app,credit_card,3,3053.7
2024-06-21,mobile_app,debit_card,2,1777.88
2024-06-21,mobile_app,mobile_pay,2,2392.62
2024-06-21,online,cash,4,5745.88
2024-06-21,online,debit_card,1,348.93
2024-06-21,online,gift_card,2,877.67
2024-06-22,in_store,credit_card,1,21.04
2024-06-22,mobile_app,cash,1,1581.12
2024-06-22,mobile_app,credit_card,3,4205.4400000000005
2024-06-22,mobile_app,debit_card,1,2534.57
2024-06-22,mobile_app,gift_card,2,2509.96
2024-06-22,mobile_app,mobile_pay,1,1636.4
2024-06-22,online,cash,3,4085.8500000000004
2024-06-22,online,credit_card,2,3214.55
2024-06-22,online,gift_card,1,577.08
2024-06-22,online,mobile_pay,1,162.42
2024-06-23,in_store,cash,3,6407.14
2024-06-23,in_store,credit_card,2,1621.92
2024-06-23,in_store,debit_card,1,122.84
2024-06-23,in_store,gift_card,2,3864.6
2024-06-23,mobile_app,cash,1,345.84
2024-06-23,mobile_app,credit_card,1,165.02
2024-06-23,mobile_app,debit_card,2,860.45
2024-06-23,online,cash,2,1696.17
2024-06-23,online,credit_card,2,1099.47
2024-06-23,online,debit_card,1,581.55
2024-06-23,online,gift_card,1,244.56
2024-06-24,in_store,credit_card,3,3009.62
2024-06-24,in_store,debit_card,1,554.1
2024-06-24,in_store,gift_card,1,86.35
2024-06-24,in_store,mobile_pay,1,415.23
2024-06-24,mobile_app,cash,1,974.7
2024-06-24,mobile_app,gift_card,1,1004.68
2024-06-24,mobile_app,mobile_pay,1,494.2
2024-06-24,online,credit_card,2,3830.3500000000004
2024-06-24,online,mobile_pay,1,2315.34
2024-06-25,in_store,cash,1,421.63
2024-06-25,in_store,mobile_pay,1,1839.2
2024-06-25,mobile_app,credit_card,1,26.09
2024-06-25,mobile_app,debit_card,2,2881.36
2024-06-25,mobile_app,mobile_pay,1,2382.36
2024-06-25,online,cash,1,707.7
2024-06-25,online,credit_card,2,789.1
2024-06-25,online,debit_card,2,611.28
2024-06-26,in_store,credit_card,2,3682.87
2024-06-26,in_store,debit_card,1,1785.59
2024-06-26,in_store,gift_card,3,3049.33
2024-06-26,in_store,mobile_pay,3,2842.91
2024-06-26,mobile_app,cash,1,241.98
2024-06-26,online,cash,1,136.37
2024-06-26,online,credit_card,4,4724.43
2024-06-26,online,debit_card,1,455.65
2024-06-26,online,gift_card,1,912.81
2024-06-26,online,mobile_pay,1,500.69
2024-06-27,in_store,credit_card,1,2184.05
2024-06-27,in_store,debit_card,1,2715.72
2024-06-27,in_store,mobile_pay,2,1983.46
2024-06-27,mobile_app,cash,2,1117.45
2024-06-27,mobile_app,gift_card,1,252.98
2024-06-27,online,cash,1,263.34
2024-06-27,online,credit_card,2,1000.73
2024-06-27,online,debit_card,1,1215.39
2024-06-27,online,mobile_pay,4,2007.8400000000001
2024-06-28,in_store,cash,1,2299.0
2024-06-28,in_store,credit_card,2,5290.320000000001
2024-06-28,in_store,debit_card,4,4243.82
2024-06-28,in_store,gift_card,1,603.35
2024-06-28,in_store,mobile_pay,1,2459.05
2024-06-28,mobile_app,debit_card,1,1242.83
2024-06-28,mobile_app,gift_card,1,656.75
2024-06-28,online,cash,1,93.42
2024-06-28,online,gift_card,1,136.37
2024-06-29,in_store,cash,1,410.67
2024-06-29,in_store,credit_card,1,576.59
2024-06-29,in_store,debit_card,1,146.15
2024-06-29,in_store,mobile_pay,1,67.32
2024-06-29,mobile_app,cash,1,1205.56
2024-06-29,mobile_app,credit_card,1,2502.75
2024-06-29,mobile_app,debit_card,1,377.88
2024-06-29,mobile_app,gift_card,1,560.8
2024-06-29,mobile_app,mobile_pay,6,7325.01
2024-06-29,online,gift_card,1,1618.96
2024-06-29,online,mobile_pay,1,55.28
2024-06-30,in_store,cash,2,1419.3200000000002
2024-06-30,in_store,gift_card,1,1432.16
2024-06-30,in_store,mobile_pay,1,1006.65
2024-06-30,mobile_app,cash,1,1094.58
2024-06-30,mobile_app,credit_card,1,1283.31
2024-06-30,mobile_app,gift_card,1,1462.05
2024-06-30,online,credit_card,1,1592.08
2024-06-30,online,debit_card,1,252.98
2024-06-30,online,mobile_pay,1,368.5
2024-07-01,in_store,credit_card,1,410.67
2024-07-01,in_store,debit_card,1,1305.84
2024-07-01,in_store,gift_card,2,3337.2300000000005
2024-07-01,in_store,mobile_pay,1,608.54
2024-07-01,mobile_app,credit_card,1,139.31
2024-07-01,mobile_app,debit_card,4,5854.0
2024-07-01,mobile_app,mobile_pay,2,2270.45
2024-07-01,online,mobile_pay,1,436.53
2024-07-02,in_store,credit_card,2,4250.51
2024-07-02,in_store,debit_card,1,1241.46
2024-07-02,in_store,gift_card,2,2470.46
2024-07-02,in_store,mobile_pay,1,336.16
2024-07-02,mobile_app,credit_card,1,169.37
2024-07-02,mobile_app,gift_card,1,1214.22
2024-07-02,mobile_app,mobile_pay,1,1166.13
2024-07-02,online,cash,1,405.13
2024-07-02,online,credit_card,1,508.11
2024-07-02,online,gift_card,1,2502.75
2024-07-03,in_store,cash,1,364.86
2024-07-03,in_store,gift_card,1,1309.0
2024-07-03,in_store,mobile_pay,1,482.7
2024-07-03,mobile_app,gift_card,3,816.49
2024-07-03,mobile_app,mobile_pay,1,23.14
2024-07-03,online,cash,1,512.96
2024-07-03,online,credit_card,2,2288.39
2024-07-03,online,debit_card,1,822.9
2024-07-03,online,gift_card,1,1684.9
2024-07-03,online,mobile_pay,1,1380.92
2024-07-04,in_store,cash,3,2625.45
2024-07-04,in_store,debit_card,3,3069.3199999999997
2024-07-04,in_store,gift_card,2,1491.0
2024-07-04,in_store,mobile_pay,3,1604.8899999999999
2024-07-04,mobile_app,cash,1,420.95
2024-07-04,mobile_app,credit_card,1,1415.4
2024-07-04,online,debit_card,1,322.64
2024-07-04,online,gift_card,1,2572.6
2024-07-04,online,mobile_pay,2,2357.87
2024-07-05,in_store,cash,1,2645.32
2024-07-05,in_store,credit_card,1,658.33
2024-07-05,in_store,gift_card,2,2347.37
2024-07-05,in_store,mobile_pay,1,1371.06
2024-07-05,mobile_app,cash,1,764.13
2024-07-05,mobile_app,debit_card,1,1465.65
2024-07-05,mobile_app,gift_card,2,5058.25
2024-07-05,mobile_app,mobile_pay,2,2223.48
2024-07-05,online,cash,1,1354.75
2024-07-05,online,credit_card,1,2145.35
2024-07-05,online,mobile_pay,1,1275.16
2024-07-06,in_store,cash,2,1501.31
2024-07-06,in_store,debit_card,1,1777.05
2024-07-06,in_store,gift_card,1,1523.4
2024-07-06,in_store,mobile_pay,2,1777.65
2024-07-06,mobile_app,mobile_pay,2,3657.37
2024-07-06,online,credit_card,2,1863.12
2024-07-06,online,debit_card,2,1138.93
2024-07-06,online,gift_card,1,605.7
2024-07-06,online,mobile_pay,1,161.34
2024-07-07,in_store,debit_card,1,205.58
2024-07-07,in_store,mobile_pay,1,1286.24
2024-07-07,mobile_app,cash,1,245.6
2024-07-07,online,credit_card,2,1363.23
2024-07-07,online,debit_card,2,3625.84
2024-07-07,online,mobile_pay,2,1088.76
2024-07-08,in_store,debit_card,2,2235.66
2024-07-08,in_store,gift_card,1,487.35
2024-07-08,mobile_app,cash,1,919.6
2024-07-08,mobile_app,credit_card,1,289.06
2024-07-08,mobile_app,debit_card,1,532.6
2024-07-08,mobile_app,mobile_pay,5,5232.34
2024-07-08,online,gift_card,2,909.06
2024-07-08,online,mobile_pay,1,4494.9
2024-07-09,in_store,cash,1,898.98
2024-07-09,in_store,debit_card,2,472.54
2024-07-09,in_store,mobile_pay,1,2708.05
2024-07-09,mobile_app,credit_card,1,1999.2
2024-07-09,mobile_app,debit_card,3,2948.6
2024-07-09,mobile_app,mobile_pay,2,346.58
2024-07-09,online,cash,1,2107.0
2024-07-09,online,credit_card,2,2542.42
2024-07-09,online,debit_card,1,2031.2
2024-07-09,online,gift_card,1,603.99
2024-07-10,in_store,cash,1,1663.08
2024-07-10,in_store,credit_card,1,1144.36
2024-07-10,in_store,debit_card,1,1929.64
2024-07-10,in_store,gift_card,1,1309.0
2024-07-10,in_store,mobile_pay,1,551.0
2024-07-10,mobile_app,debit_card,2,1158.92
2024-07-10,mobile_app,mobile_pay,1,2459.05
2024-07-10,online,credit_card,1,1386.47
2024-07-10,online,gift_card,3,846.86
2024-07-11,in_store,credit_card,1,227.29
2024-07-11,in_store,debit_card,2,1979.03
2024-07-11,mobile_app,cash,1,3244.25
2024-07-11,mobile_app,credit_card,2,2202.62
2024-07-11,mobile_app,debit_card,3,3903.95
2024-07-11,mobile_app,gift_card,1,112.44
2024-07-11,online,cash,1,1247.31
2024-07-11,online,credit_card,1,429.07
2024-07-11,online,debit_card,1,1557.85
2024-07-12,in_store,cash,2,1935.82
2024-07-12,in_store,credit_card,1,3054.96
2024-07-12,in_store,mobile_pay,1,1472.76
2024-07-12,mobile_app,cash,2,1414.38
2024-07-12,mobile_app,debit_card,1,203.18
2024-07-12,mobile_app,gift_card,1,274.3
2024-07-12,mobile_app,mobile_pay,4,4249.950000000001
2024-07-12,online,cash,1,104.08
2024-07-12,online,credit_card,1,1839.2
2024-07-12,online,debit_card,3,3586.96
2024-07-12,online,mobile_pay,3,4433.96
2024-07-13,in_store,mobile_pay,1,46.28
2024-07-13,mobile_app,debit_card,1,4045.41
2024-07-13,mobile_app,gift_card,2,2832.48
2024-07-13,online,credit_card,2,1529.3
2024-07-13,online,gift_card,1,232.62
2024-07-13,online,mobile_pay,2,647.78
2024-07-14,in_store,cash,1,355.41
2024-07-14,in_store,debit_card,1,1331.5
2024-07-14,in_store,gift_card,1,117.04
2024-07-14,in_store,mobile_pay,4,5893.47
2024-07-14,mobile_app,credit_card,1,54.14
2024-07-14,mobile_app,gift_card,3,2229.3
2024-07-14,online,credit_card,1,709.82
2024-07-14,online,debit_card,3,3474.1
2024-07-15,in_store,cash,4,3141.1499999999996
2024-07-15,in_store,credit_card,1,283.41
2024-07-15,mobile_app,cash,3,1781.4
2024-07-15,mobile_app,gift_card,1,1106.72
2024-07-15,online,debit_card,3,2250.42
2024-07-15,online,gift_card,1,92.56
2024-07-15,online,mobile_pay,2,3619.95
2024-07-16,in_store,gift_card,2,1994.6399999999999
2024-07-16,in_store,mobile_pay,1,95.7
2024-07-16,mobile_app,cash,4,4902.35
2024-07-16,mobile_app,debit_card,2,3405.75
2024-07-16,mobile_app,gift_card,2,1162.59
2024-07-16,online,credit_card,2,750.1
2024-07-16,online,gift_card,1,710.82
2024-07-17,in_store,cash,1,1922.51
2024-07-17,in_store,credit_card,1,558.66
2024-07-17,in_store,debit_card,4,2626.52
2024-07-17,in_store,gift_card,3,822.3599999999999
2024-07-17,mobile_app,credit_card,1,100.98
2024-07-17,mobile_app,debit_card,2,697.63
2024-07-17,mobile_app,gift_card,1,710.82
2024-07-17,mobile_app,mobile_pay,2,1128.72
2024-07-17,online,cash,1,1322.66
2024-07-17,online,credit_card,1,58.52
2024-07-17,online,debit_card,2,3654.28
2024-07-17,online,gift_card,1,3958.38
2024-07-17,online,mobile_pay,1,621.23
2024-07-18,in_store,credit_card,2,929.23
2024-07-18,in_store,debit_card,1,1675.98
2024-07-18,in_store,gift_card,2,2944.65
2024-07-18,in_store,mobile_pay,1,1383.4
2024-07-18,mobile_app,credit_card,2,1454.23
2024-07-18,mobile_app,debit_card,1,322.68
2024-07-18,mobile_app,gift_card,4,3693.01
2024-07-18,online,credit_card,1,1808.34
2024-07-18,online,debit_card,1,317.96
2024-07-18,online,gift_card,4,6016.44
2024-07-18,online,mobile_pay,1,1419.64
2024-07-19,in_store,credit_card,4,3967.64
2024-07-19,in_store,gift_card,1,116.31
2024-07-19,mobile_app,cash,1,390.14
2024-07-19,mobile_app,gift_card,2,1885.07
2024-07-19,mobile_app,mobile_pay,4,7053.08
2024-07-19,online,cash,1,122.73
2024-07-19,online,credit_card,2,2004.8
2024-07-19,online,debit_card,1,1617.12
2024-07-20,in_store,credit_card,1,1865.46
2024-07-20,in_store,debit_card,1,77.68
2024-07-20,mobile_app,cash,2,888.94
2024-07-20,mobile_app,debit_card,2,2031.2800000000002
2024-07-20,mobile_app,gift_card,1,640.26
2024-07-20,online,cash,1,1058.0
2024-07-20,online,debit_card,1,1156.23
2024-07-20,online,mobile_pay,1,1617.12
2024-07-21,in_store,debit_card,1,292.6
2024-07-21,in_store,gift_card,2,3069.48
2024-07-21,in_store,mobile_pay,1,1106.72
2024-07-21,mobile_app,debit_card,1,2107.0
2024-07-21,mobile_app,gift_card,1,197.19
2024-07-21,mobile_app,mobile_pay,2,1177.0900000000001
2024-07-21,online,cash,1,510.06
2024-07-21,online,credit_card,1,1083.22
2024-07-21,online,gift_card,1,1789.11
2024-07-21,online,mobile_pay,2,2891.37
2024-07-22,in_store,cash,2,3889.26
2024-07-22,in_store,credit_card,2,4825.38
2024-07-22,mobile_app,cash,2,1693.04
2024-07-22,mobile_app,credit_card,1,1624.83
2024-07-22,mobile_app,gift_card,2,3062.34
2024-07-22,mobile_app,mobile_pay,1,637.58
2024-07-22,online,credit_card,2,389.42
2024-07-22,online,debit_card,1,138.38
2024-07-23,in_store,cash,2,3543.9
2024-07-23,in_store,credit_card,2,3430.87
2024-07-23,in_store,debit_card,2,764.81
2024-07-23,mobile_app,credit_card,1,1750.38
2024-07-23,mobile_app,debit_card,2,608.4399999999999
2024-07-23,online,cash,1,502.34
2024-07-23,online,debit_card,2,2587.87
2024-07-24,in_store,credit_card,1,4398.2
2024-07-24,in_store,mobile_pay,1,523.39
2024-07-24,mobile_app,cash,1,409.11
2024-07-24,mobile_app,credit_card,2,2482.91
2024-07-24,mobile_app,gift_card,3,1193.67
2024-07-24,mobile_app,mobile_pay,1,351.82
2024-07-24,online,cash,1,2071.38
2024-07-24,online,credit_card,1,273.33
2024-07-24,online,gift_card,2,2065.1
2024-07-25,in_store,cash,1,275.5
2024-07-25,in_store,credit_card,1,259.57
2024-07-25,in_store,gift_card,2,1368.75
2024-07-25,mobile_app,cash,2,2448.0
2024-07-25,mobile_app,credit_card,1,47.85
2024-07-25,mobile_app,debit_card,1,78.06
2024-07-25,mobile_app,mobile_pay,1,2299.0
2024-07-25,online,cash,1,399.84
2024-07-25,online,debit_card,1,1055.46
2024-07-25,online,gift_card,2,996.27
2024-07-26,in_store,cash,2,774.21
2024-07-26,in_store,credit_card,1,188.94
2024-07-26,in_store,debit_card,3,4447.05
2024-07-26,mobile_app,cash,2,2335.9700000000003
2024-07-26,mobile_app,credit_card,1,1945.25
2024-07-26,mobile_app,debit_card,1,621.82
2024-07-26,mobile_app,gift_card,2,769.41
2024-07-26,mobile_app,mobile_pay,1,1592.32
2024-07-26,online,cash,1,262.92
2024-07-26,online,credit_card,2,4008.0
2024-07-26,online,mobile_pay,2,1907.8
2024-07-27,in_store,cash,1,2108.16
2024-07-27,in_store,mobile_pay,1,58.52
2024-07-27,mobile_app,cash,2,2152.4
2024-07-27,mobile_app,debit_card,3,2403.9300000000003
2024-07-27,online,cash,2,1782.15
2024-07-27,online,debit_card,1,417.93
2024-07-27,online,gift_card,1,1759.1
2024-07-27,online,mobile_pay,1,92.56
2024-07-28,in_store,cash,1,3518.56
2024-07-28,in_store,credit_card,3,3154.38
2024-07-28,in_store,debit_card,2,2747.61
2024-07-28,in_store,mobile_pay,1,3376.35
2024-07-28,mobile_app,cash,2,2063.2200000000003
2024-07-28,mobile_app,credit_card,1,130.45
2024-07-28,mobile_app,debit_card,1,979.59
2024-07-28,mobile_app,gift_card,1,971.93
2024-07-28,mobile_app,mobile_pay,4,5879.0
2024-07-28,online,credit_card,1,537.74
2024-07-28,online,gift_card,2,2749.9700000000003
2024-07-29,in_store,cash,1,245.68
2024-07-29,in_store,debit_card,1,2442.75
2024-07-29,in_store,gift_card,3,3460.23
2024-07-29,in_store,mobile_pay,1,33.66
2024-07-29,mobile_app,cash,1,2375.03
2024-07-29,mobile_app,credit_card,1,643.15
2024-07-29,mobile_app,mobile_pay,2,2304.04
2024-07-29,online,credit_card,2,1268.3899999999999
2024-07-29,online,debit_card,1,1644.28
2024-07-29,online,gift_card,1,467.68
2024-07-29,online,mobile_pay,2,490.86
2024-07-30,in_store,cash,1,709.82
2024-07-30,in_store,credit_card,1,637.58
2024-07-30,in_store,gift_card,3,2819.9900000000002
2024-07-30,mobile_app,credit_card,1,2623.75
2024-07-30,mobile_app,gift_card,1,647.76
2024-07-30,online,debit_card,1,1431.29
2024-07-30,online,gift_card,3,3921.86
2024-07-30,online,mobile_pay,1,238.61
2024-07-31,in_store,credit_card,3,1695.03
2024-07-31,in_store,gift_card,2,959.9000000000001
2024-07-31,in_store,mobile_pay,1,2793.3
2024-07-31,mobile_app,cash,1,186.81
2024-07-31,mobile_app,credit_card,1,1275.16
2024-07-31,mobile_app,mobile_pay,1,94.69
2024-07-31,online,cash,3,1152.6
2024-07-31,online,debit_card,2,1911.71
2024-07-31,online,gift_card,1,441.98
2024-08-01,in_store,cash,1,292.6
2024-08-01,in_store,credit_card,2,691.28
2024-08-01,in_store,debit_card,2,3195.9300000000003
2024-08-01,in_store,mobile_pay,2,3038.29
2024-08-01,mobile_app,debit_card,1,233.04
2024-08-01,mobile_app,gift_card,1,318.79
2024-08-01,online,debit_card,1,266.3
2024-08-01,online,gift_card,1,54.14
2024-08-02,in_store,cash,1,678.93
2024-08-02,in_store,debit_card,3,2882.0699999999997
2024-08-02,in_store,gift_card,1,33.66
2024-08-02,in_store,mobile_pay,2,838.95
2024-08-02,mobile_app,cash,1,703.71
2024-08-02,mobile_app,mobile_pay,1,1822.6
2024-08-02,online,cash,1,854.03
2024-08-02,online,debit_card,3,1721.65
2024-08-02,online,mobile_pay,1,232.62
2024-08-03,mobile_app,cash,3,2648.21
2024-08-03,mobile_app,credit_card,2,1067.09
2024-08-03,mobile_app,debit_card,1,42.08
2024-08-03,online,cash,1,1001.38
2024-08-03,online,credit_card,2,1908.46
2024-08-03,online,debit_card,1,719.52
2024-08-04,in_store,cash,3,3643.8100000000004
2024-08-04,in_store,mobile_pay,2,635.36
2024-08-04,mobile_app,cash,1,1088.86
2024-08-04,mobile_app,credit_card,1,2469.96
2024-08-04,mobile_app,debit_card,1,1011.94
2024-08-04,mobile_app,gift_card,1,270.17
2024-08-04,mobile_app,mobile_pay,1,487.35
2024-08-04,online,credit_card,1,1246.7
2024-08-04,online,debit_card,2,3160.5
2024-08-04,online,mobile_pay,2,2687.87
2024-08-05,in_store,credit_card,4,3220.55
2024-08-05,in_store,debit_card,1,510.48
2024-08-05,mobile_app,credit_card,1,898.98
2024-08-05,mobile_app,debit_card,2,1382.97
2024-08-05,online,gift_card,2,1019.44
2024-08-05,online,mobile_pay,2,1034.7
2024-08-06,in_store,cash,1,379.85
2024-08-06,in_store,debit_card,1,1058.0
2024-08-06,in_store,gift_card,3,5159.57
2024-08-06,mobile_app,cash,1,553.36
2024-08-06,mobile_app,credit_card,1,193.02
2024-08-06,mobile_app,debit_card,1,1242.46
2024-08-06,mobile_app,gift_card,1,46.28
2024-08-06,mobile_app,mobile_pay,1,1144.36
2024-08-06,online,cash,2,2806.06
2024-08-06,online,credit_card,2,2571.49
2024-08-06,online,debit_card,4,2511.2
2024-08-06,online,gift_card,1,161.32
2024-08-07,in_store,cash,3,3703.56
2024-08-07,in_store,credit_card,1,1865.46
2024-08-07,in_store,debit_card,2,3799.6
2024-08-07,in_store,mobile_pay,2,429.39
2024-08-07,mobile_app,cash,3,2269.5699999999997
2024-08-07,mobile_app,gift_card,4,4721.12
2024-08-07,online,credit_card,2,2716.59
2024-08-07,online,debit_card,1,278.16
2024-08-08,in_store,cash,1,694.21
2024-08-08,in_store,credit_card,2,2720.3
2024-08-08,in_store,gift_card,1,2849.35
2024-08-08,in_store,mobile_pay,1,1053.5
2024-08-08,mobile_app,credit_card,1,321.56
2024-08-08,mobile_app,debit_card,4,3868.05
2024-08-08,mobile_app,mobile_pay,1,171.13
2024-08-08,online,cash,1,1247.31
2024-08-08,online,credit_card,1,1842.5
2024-08-08,online,gift_card,1,23.14
2024-08-08,online,mobile_pay,1,694.62
2024-08-09,in_store,cash,1,2539.0
2024-08-09,in_store,credit_card,4,1476.44
2024-08-09,in_store,gift_card,1,1774.55
2024-08-09,in_store,mobile_pay,1,345.95
2024-08-09,mobile_app,cash,2,2514.56
2024-08-09,mobile_app,credit_card,2,504.09000000000003
2024-08-09,mobile_app,mobile_pay,1,1169.3
2024-08-09,online,cash,1,1053.5
2024-08-09,online,debit_card,3,1871.6000000000001
2024-08-09,online,gift_card,1,2950.84
2024-08-09,online,mobile_pay,2,2313.7999999999997
2024-08-10,in_store,cash,1,899.02
2024-08-10,in_store,mobile_pay,3,6415.200000000001
2024-08-10,mobile_app,cash,1,146.98
2024-08-10,mobile_app,credit_card,2,1054.3400000000001
2024-08-10,mobile_app,mobile_pay,3,2475.46
2024-08-10,online,cash,1,1194.06
2024-08-10,online,credit_card,1,417.93
2024-08-10,online,debit_card,2,2913.8999999999996
2024-08-10,online,gift_card,1,278.62
2024-08-10,online,mobile_pay,2,3006.4
2024-08-11,in_store,credit_card,1,2770.5
2024-08-11,in_store,debit_card,1,399.84
2024-08-11,mobile_app,cash,1,129.06
2024-08-11,mobile_app,mobile_pay,1,1797.96
2024-08-11,online,debit_card,1,1029.06
2024-08-11,online,gift_card,1,437.08
2024-08-12,in_store,cash,2,4620.3
2024-08-12,in_store,credit_card,2,954.2
2024-08-12,in_store,debit_card,3,1570.96
2024-08-12,in_store,gift_card,1,429.07
2024-08-12,in_store,mobile_pay,1,420.6
2024-08-12,mobile_app,cash,2,770.14
2024-08-12,mobile_app,credit_card,2,2306.74
2024-08-12,mobile_app,debit_card,2,2482.32
2024-08-12,mobile_app,mobile_pay,1,448.73
2024-08-12,online,cash,2,676.04
2024-08-12,online,debit_card,1,822.14
2024-08-13,in_store,cash,1,52.04
2024-08-13,in_store,gift_card,2,2514.31
2024-08-13,in_store,mobile_pay,2,2843.0
2024-08-13,mobile_app,cash,1,1038.28
2024-08-13,mobile_app,gift_card,1,1054.08
2024-08-13,online,credit_card,2,2561.86
2024-08-13,online,mobile_pay,1,236.87
2024-08-14,in_store,cash,1,1061.55
2024-08-14,in_store,credit_card,1,355.41
2024-08-14,in_store,debit_card,1,1475.43
2024-08-14,in_store,gift_card,1,488.55
2024-08-14,in_store,mobile_pay,1,1275.16
2024-08-14,mobile_app,debit_card,2,989.6400000000001
2024-08-14,mobile_app,gift_card,1,519.14
2024-08-14,mobile_app,mobile_pay,2,676.97
2024-08-14,online,cash,1,874.16
2024-08-14,online,credit_card,1,399.84
2024-08-14,online,gift_card,2,1199.94
2024-08-14,online,mobile_pay,1,368.5
2024-08-15,in_store,credit_card,1,444.33
2024-08-15,in_store,gift_card,1,891.52
2024-08-15,in_store,mobile_pay,3,3530.0200000000004
2024-08-15,mobile_app,credit_card,1,1247.31
2024-08-15,mobile_app,debit_card,1,1419.51
2024-08-15,online,credit_card,2,2638.76
2024-08-15,online,mobile_pay,2,1658.23
2024-08-16,in_store,debit_card,1,581.55
2024-08-16,in_store,gift_card,1,1297.7
2024-08-16,mobile_app,cash,1,26.09
2024-08-16,mobile_app,credit_card,2,943.9100000000001
2024-08-16,mobile_app,gift_card,4,2121.9500000000003
2024-08-16,online,cash,2,1755.02
2024-08-16,online,debit_card,2,896.3299999999999
2024-08-16,online,gift_card,1,1747.24
2024-08-17,in_store,cash,1,1808.34
2024-08-17,in_store,debit_card,1,1105.5
2024-08-17,in_store,gift_card,2,1872.5700000000002
2024-08-17,in_store,mobile_pay,1,1618.16
2024-08-17,mobile_app,credit_card,2,899.19
2024-08-17,mobile_app,debit_card,1,386.44
2024-08-17,mobile_app,gift_card,2,2765.15
2024-08-17,online,cash,1,898.98
2024-08-17,online,debit_card,3,2480.95
2024-08-17,online,mobile_pay,2,852.02
2024-08-18,in_store,cash,2,2230.1099999999997
2024-08-18,in_store,credit_card,1,234.08
2024-08-18,in_store,gift_card,1,532.76
2024-08-18,mobile_app,cash,2,1049.15
2024-08-18,mobile_app,credit_card,1,104.08
2024-08-18,mobile_app,gift_card,1,1344.35
2024-08-18,online,cash,1,502.34
2024-08-18,online,gift_card,1,582.04
2024-08-19,in_store,cash,1,255.24
2024-08-19,in_store,debit_card,1,1215.39
2024-08-19,in_store,gift_card,2,1527.0500000000002
2024-08-19,in_store,mobile_pay,1,1110.83
2024-08-19,mobile_app,cash,2,457.38
2024-08-19,mobile_app,credit_card,1,1237.11
2024-08-19,mobile_app,debit_card,1,809.94
2024-08-19,mobile_app,mobile_pay,1,1286.24
2024-08-19,online,cash,1,2778.48
2024-08-19,online,credit_card,1,102.87
2024-08-19,online,debit_card,3,1910.0700000000002
2024-08-19,online,gift_card,3,3774.23
2024-08-19,online,mobile_pay,1,858.14
2024-08-20,mobile_app,cash,1,2385.48
2024-08-20,mobile_app,credit_card,1,100.98
2024-08-20,mobile_app,debit_card,2,3065.2
2024-08-20,mobile_app,gift_card,3,2319.25
2024-08-20,mobile_app,mobile_pay,2,4999.6
2024-08-20,online,cash,2,1685.74
2024-08-20,online,debit_card,3,1978.84
2024-08-20,online,mobile_pay,2,3223.6000000000004
2024-08-21,in_store,debit_card,1,1166.13
2024-08-21,in_store,gift_card,2,2284.1
2024-08-21,mobile_app,cash,2,919.0799999999999
2024-08-21,mobile_app,debit_card,4,3588.3999999999996
2024-08-21,mobile_app,mobile_pay,1,2263.24
2024-08-21,online,credit_card,1,590.17
2024-08-21,online,gift_card,2,795.7
2024-08-21,online,mobile_pay,1,778.71
2024-08-22,in_store,cash,1,2036.79
2024-08-22,in_store,credit_card,1,569.87
2024-08-22,in_store,gift_card,1,391.92
2024-08-22,in_store,mobile_pay,1,345.95
2024-08-22,mobile_app,credit_card,3,4481.51
2024-08-22,mobile_app,debit_card,1,661.33
2024-08-22,mobile_app,gift_card,1,28.61
2024-08-22,mobile_app,mobile_pay,1,952.2
2024-08-22,online,credit_card,2,1603.8600000000001
2024-08-22,online,gift_card,1,1521.12
2024-08-23,in_store,cash,1,2306.36
2024-08-23,in_store,debit_card,1,2166.44
2024-08-23,in_store,gift_card,1,1015.6
2024-08-23,in_store,mobile_pay,2,311.17
2024-08-23,mobile_app,cash,2,1926.08
2024-08-23,mobile_app,credit_card,1,247.95
2024-08-23,mobile_app,mobile_pay,4,1221.88
2024-08-23,online,gift_card,3,3916.95
2024-08-23,online,mobile_pay,3,4174.41
2024-08-24,in_store,debit_card,4,4888.7
2024-08-24,in_store,gift_card,1,905.98
2024-08-24,mobile_app,cash,1,1080.68
2024-08-24,mobile_app,credit_card,1,929.33
2024-08-24,mobile_app,gift_card,2,2567.72
2024-08-24,online,cash,3,3032.0
2024-08-24,online,credit_card,2,1321.69
2024-08-24,online,debit_card,1,1083.89
2024-08-25,in_store,credit_card,1,3215.75
2024-08-25,in_store,debit_card,1,2290.95
2024-08-25,in_store,gift_card,1,677.48
2024-08-25,in_store,mobile_pay,1,310.2
2024-08-25,mobile_app,debit_card,1,676.63
2024-08-25,mobile_app,gift_card,1,327.29
2024-08-25,online,credit_card,1,94.47
2024-08-25,online,debit_card,1,1315.84
2024-08-26,in_store,credit_card,2,1829.6799999999998
2024-08-26,in_store,debit_card,1,673.96
2024-08-26,in_store,mobile_pay,1,1173.05
2024-08-26,mobile_app,cash,2,972.1700000000001
2024-08-26,mobile_app,credit_card,1,1946.55
2024-08-26,mobile_app,debit_card,1,799.68
2024-08-26,mobile_app,gift_card,1,330.69
2024-08-26,mobile_app,mobile_pay,1,336.98
2024-08-26,online,cash,1,981.75
2024-08-26,online,credit_card,1,1153.18
2024-08-26,online,gift_card,1,1646.64
2024-08-27,in_store,cash,2,4414.83
2024-08-27,in_store,credit_card,1,1107.82
2024-08-27,in_store,debit_card,1,139.31
2024-08-27,in_store,gift_card,1,2770.5
2024-08-27,mobile_app,gift_card,1,2234.64
2024-08-27,mobile_app,mobile_pay,2,1258.47
2024-08-27,online,credit_card,1,578.11
2024-08-27,online,debit_card,1,2953.64
2024-08-27,online,gift_card,1,1080.68
2024-08-27,online,mobile_pay,1,1523.4
2024-08-28,in_store,cash,1,613.66
2024-08-28,in_store,credit_card,2,1674.87
2024-08-28,in_store,debit_card,3,2721.08
2024-08-28,in_store,gift_card,1,1617.12
2024-08-28,in_store,mobile_pay,1,805.32
2024-08-28,mobile_app,credit_card,2,1199.42
2024-08-28,mobile_app,gift_card,1,122.8
2024-08-28,online,credit_card,1,1832.98
2024-08-28,online,gift_card,2,1733.66
2024-08-28,online,mobile_pay,2,1613.52
2024-08-29,in_store,credit_card,1,1419.64
2024-08-29,in_store,debit_card,3,1018.22
2024-08-29,in_store,mobile_pay,1,977.1
2024-08-29,mobile_app,cash,1,52.04
2024-08-29,mobile_app,debit_card,4,4396.89
2024-08-29,mobile_app,mobile_pay,1,1741.12
2024-08-29,online,cash,2,893.48
2024-08-29,online,debit_card,3,2041.34
2024-08-29,online,mobile_pay,5,6162.110000000001
2024-08-30,in_store,cash,1,307.1
2024-08-30,in_store,mobile_pay,3,709.95
2024-08-30,mobile_app,cash,1,2083.86
2024-08-30,mobile_app,gift_card,1,795.12
2024-08-30,mobile_app,mobile_pay,1,539.96
2024-08-30,online,cash,1,622.51
2024-08-30,online,credit_card,2,1425.56
2024-08-30,online,gift_card,1,547.76
2024-08-31,in_store,debit_card,1,472.35
2024-08-31,in_store,gift_card,1,1286.24
2024-08-31,in_store,mobile_pay,2,1001.25
2024-08-31,mobile_app,cash,1,986.57
2024-08-31,mobile_app,debit_card,2,1277.12
2024-08-31,mobile_app,gift_card,1,1821.33
2024-08-31,mobile_app,mobile_pay,1,796.04
2024-08-31,online,cash,1,69.19
2024-08-31,online,credit_card,2,4354.5
2024-08-31,online,debit_card,3,3386.06
2024-08-31,online,gift_card,1,1154.62
2024-08-31,online,mobile_pay,1,1808.34
2024-09-01,in_store,debit_card,2,1004.3800000000001
2024-09-01,in_store,gift_card,1,809.94
2024-09-01,in_store,mobile_pay,1,46.28
2024-09-01,mobile_app,cash,1,778.1
2024-09-01,mobile_app,debit_card,3,694.15
2024-09-01,mobile_app,gift_card,1,2680.15
2024-09-01,online,debit_card,1,377.61
2024-09-01,online,mobile_pay,1,1934.95
2024-09-02,in_store,debit_card,1,1932.2
2024-09-02,in_store,gift_card,1,678.93
2024-09-02,mobile_app,cash,1,234.08
2024-09-02,mobile_app,gift_card,3,3191.1800000000003
2024-09-02,mobile_app,mobile_pay,3,6198.83
2024-09-02,online,cash,1,292.3
2024-09-02,online,debit_card,1,1054.08
2024-09-03,in_store,cash,1,1347.92
2024-09-03,in_store,debit_card,1,475.52
2024-09-03,in_store,mobile_pay,1,475.35
2024-09-03,mobile_app,credit_card,1,276.68
2024-09-03,mobile_app,debit_card,1,507.8
2024-09-03,mobile_app,gift_card,1,58.52
2024-09-03,online,credit_card,1,1501.65
2024-09-03,online,debit_card,1,621.23
2024-09-03,online,gift_card,2,2490.37
2024-09-04,in_store,credit_card,2,1681.45
2024-09-04,in_store,mobile_pay,1,374.19
2024-09-04,mobile_app,cash,2,3943.01
2024-09-04,mobile_app,credit_card,4,3184.73
2024-09-04,mobile_app,gift_card,1,1554.84
2024-09-04,mobile_app,mobile_pay,3,3338.1800000000003
2024-09-04,online,cash,1,146.18
2024-09-04,online,credit_card,3,1428.33
2024-09-04,online,debit_card,2,1401.34
2024-09-04,online,mobile_pay,1,699.82
2024-09-05,in_store,cash,1,701.0
2024-09-05,in_store,debit_card,1,203.18
2024-09-05,in_store,gift_card,4,5046.639999999999
2024-09-05,mobile_app,cash,1,2036.79
2024-09-05,mobile_app,debit_card,1,2484.92
2024-09-05,mobile_app,gift_card,1,29.58
2024-09-05,online,cash,1,2279.48
2024-09-05,online,gift_card,2,2729.98
2024-09-05,online,mobile_pay,1,1287.21
2024-09-06,in_store,cash,3,277.07
2024-09-06,in_store,debit_card,2,3741.51
2024-09-06,in_store,gift_card,3,4192.68
2024-09-06,in_store,mobile_pay,2,1668.22
2024-09-06,mobile_app,credit_card,1,466.64
2024-09-06,mobile_app,gift_card,1,912.81
2024-09-06,online,cash,2,3013.31
2024-09-06,online,credit_card,1,1554.58
2024-09-07,in_store,cash,4,4858.92
2024-09-07,in_store,credit_card,1,23.14
2024-09-07,in_store,debit_card,1,112.1
2024-09-07,in_store,mobile_pay,1,654.56
2024-09-07,mobile_app,cash,3,3077.92
2024-09-07,mobile_app,credit_card,1,459.8
2024-09-07,online,cash,1,1105.5
2024-09-07,online,debit_card,1,1350.85
2024-09-08,in_store,cash,1,118.36
2024-09-08,in_store,credit_card,1,1431.29
2024-09-08,in_store,debit_card,1,672.31
2024-09-08,in_store,gift_card,1,2025.81
2024-09-08,in_store,mobile_pay,1,569.87
2024-09-08,mobile_app,cash,1,1396.73
2024-09-08,mobile_app,credit_card,1,1554.84
2024-09-08,mobile_app,debit_card,2,890.69
2024-09-08,mobile_app,mobile_pay,2,875.6099999999999
2024-09-08,online,credit_card,1,205.68
2024-09-08,online,debit_card,1,93.42
2024-09-09,in_store,credit_card,1,244.56
2024-09-09,in_store,mobile_pay,2,3180.46
2024-09-09,mobile_app,cash,1,2484.92
2024-09-09,mobile_app,credit_card,2,2174.4
2024-09-09,mobile_app,debit_card,1,224.32
2024-09-09,mobile_app,mobile_pay,1,626.45
2024-09-09,online,cash,2,1128.76
2024-09-09,online,credit_card,1,554.1
2024-09-09,online,debit_card,2,2565.77
2024-09-09,online,gift_card,1,1004.68
2024-09-09,online,mobile_pay,2,833.1600000000001
2024-09-10,in_store,cash,3,2307.1400000000003
2024-09-10,in_store,credit_card,2,4403.71
2024-09-10,in_store,gift_card,1,510.48
2024-09-10,mobile_app,debit_card,3,1091.58
2024-09-10,online,credit_card,1,983.62
2024-09-10,online,debit_card,1,4398.2
2024-09-10,online,gift_card,1,198.74
2024-09-10,online,mobile_pay,2,4472.73
2024-09-11,in_store,cash,1,249.34
2024-09-11,in_store,debit_card,2,2471.88
2024-09-11,in_store,mobile_pay,1,691.68
2024-09-11,mobile_app,cash,3,4293.59
2024-09-11,mobile_app,debit_card,1,938.44
2024-09-11,mobile_app,mobile_pay,2,2217.99
2024-09-11,online,gift_card,1,233.04
2024-09-12,in_store,cash,1,1636.4
2024-09-12,in_store,debit_card,4,5508.76
2024-09-12,in_store,mobile_pay,2,734.97
2024-09-12,mobile_app,cash,2,2810.1800000000003
2024-09-12,mobile_app,debit_card,1,201.33
2024-09-12,mobile_app,gift_card,1,2708.05
2024-09-12,online,cash,2,2891.88
2024-09-12,online,credit_card,1,653.06
2024-09-12,online,gift_card,1,322.64
2024-09-12,online,mobile_pay,2,5418.35
2024-09-13,in_store,cash,1,250.76
2024-09-13,in_store,debit_card,1,1563.32
2024-09-13,in_store,gift_card,1,2078.85
2024-09-13,in_store,mobile_pay,1,1331.5
2024-09-13,mobile_app,credit_card,1,230.1
2024-09-13,mobile_app,mobile_pay,2,3264.94
2024-09-13,online,cash,1,569.87
2024-09-13,online,credit_card,1,2278.25
2024-09-13,online,debit_card,2,740.24
2024-09-14,in_store,cash,1,806.61
2024-09-14,in_store,credit_card,1,469.22
2024-09-14,in_store,gift_card,1,1822.6
2024-09-14,mobile_app,mobile_pay,2,1359.73
2024-09-14,online,credit_card,1,62.28
2024-09-14,online,debit_card,1,3109.1
2024-09-14,online,gift_card,1,1264.92
2024-09-14,online,mobile_pay,1,264.69
2024-09-15,in_store,cash,3,1695.94
2024-09-15,in_store,credit_card,2,1778.4599999999998
2024-09-15,in_store,debit_card,1,880.42
2024-09-15,mobile_app,cash,1,979.59
2024-09-15,mobile_app,credit_card,2,2309.42
2024-09-15,mobile_app,debit_card,1,404.74
2024-09-15,mobile_app,mobile_pay,2,993.98
2024-09-15,online,cash,1,411.07
2024-09-15,online,credit_card,2,2999.86
2024-09-15,online,debit_card,3,3223.76
2024-09-15,online,gift_card,2,1602.86
2024-09-16,in_store,cash,1,753.51
2024-09-16,in_store,credit_card,1,161.34
2024-09-16,in_store,debit_card,2,1983.08
2024-09-16,in_store,mobile_pay,2,2138.12
2024-09-16,mobile_app,cash,1,162.42
2024-09-16,mobile_app,credit_card,2,2580.43
2024-09-16,mobile_app,debit_card,1,1472.63
2024-09-16,mobile_app,gift_card,1,76.63
2024-09-16,mobile_app,mobile_pay,3,4678.33
2024-09-16,online,cash,1,229.91
2024-09-16,online,debit_card,2,3291.39
2024-09-17,in_store,cash,1,621.23
2024-09-17,in_store,credit_card,1,252.98
2024-09-17,in_store,debit_card,2,1653.26
2024-09-17,mobile_app,credit_card,1,122.84
2024-09-17,mobile_app,gift_card,3,3580.4300000000003
2024-09-17,online,cash,2,3082.04
2024-09-17,online,mobile_pay,1,1222.8
2024-09-18,in_store,debit_card,2,3382.27
2024-09-18,in_store,mobile_pay,1,255.24
2024-09-18,mobile_app,cash,1,960.39
2024-09-18,mobile_app,credit_card,4,5600.9
2024-09-18,mobile_app,mobile_pay,1,122.84
2024-09-18,online,cash,1,2177.72
2024-09-18,online,credit_card,1,707.7
2024-09-18,online,mobile_pay,2,2467.44
2024-09-19,in_store,debit_card,2,892.7
2024-09-19,mobile_app,credit_card,1,3109.1
2024-09-19,mobile_app,debit_card,3,4804.8
2024-09-19,mobile_app,mobile_pay,1,26.09
2024-09-19,online,cash,2,470.8
2024-09-19,online,debit_card,1,1759.1
2024-09-19,online,gift_card,1,249.34
2024-09-19,online,mobile_pay,2,1292.3
2024-09-20,in_store,cash,3,5495.92
2024-09-20,in_store,credit_card,1,1172.49
2024-09-20,in_store,gift_card,2,1724.1999999999998
2024-09-20,in_store,mobile_pay,2,464.11
2024-09-20,mobile_app,cash,1,1097.2
2024-09-20,mobile_app,credit_card,2,1551.18
2024-09-20,mobile_app,debit_card,1,337.33
2024-09-20,online,cash,1,488.55
2024-09-20,online,credit_card,1,342.81
2024-09-20,online,debit_card,2,1365.41
2024-09-20,online,gift_card,1,2145.35
2024-09-21,in_store,gift_card,1,1061.55
2024-09-21,in_store,mobile_pay,1,978.24
2024-09-21,mobile_app,cash,1,2185.4
2024-09-21,mobile_app,credit_card,1,337.16
2024-09-21,mobile_app,debit_card,1,496.85
2024-09-21,mobile_app,gift_card,1,638.1
2024-09-21,online,credit_card,1,1371.5
2024-09-21,online,gift_card,3,2692.44
2024-09-21,online,mobile_pay,1,368.4
2024-09-22,in_store,cash,1,956.37
2024-09-22,in_store,debit_card,2,3806.25
2024-09-22,in_store,gift_card,1,93.42
2024-09-22,in_store,mobile_pay,1,487.35
2024-09-22,mobile_app,debit_card,1,507.8
2024-09-22,mobile_app,gift_card,2,3612.1299999999997
2024-09-22,mobile_app,mobile_pay,2,2238.87
2024-09-22,online,debit_card,1,864.6
2024-09-22,online,mobile_pay,3,1152.98
2024-09-23,in_store,credit_card,2,1371.78
2024-09-23,in_store,debit_card,1,1331.5
2024-09-23,in_store,gift_card,1,415.77
2024-09-23,mobile_app,cash,1,473.17
2024-09-23,mobile_app,gift_card,1,1061.55
2024-09-23,mobile_app,mobile_pay,3,3563.16
2024-09-23,online,cash,2,2498.4300000000003
2024-09-23,online,gift_card,1,1331.5
2024-09-24,in_store,cash,1,252.98
2024-09-24,in_store,credit_card,1,472.35
2024-09-24,in_store,debit_card,1,690.46
2024-09-24,in_store,mobile_pay,2,4068.2
2024-09-24,mobile_app,cash,2,281.02
2024-09-24,mobile_app,credit_card,1,300.77
2024-09-24,mobile_app,debit_card,1,1824.3
2024-09-24,mobile_app,mobile_pay,2,946.17
2024-09-24,online,cash,1,172.92
2024-09-24,online,gift_card,1,810.51
2024-09-24,online,mobile_pay,1,648.85
2024-09-25,in_store,gift_card,2,3830.22
2024-09-25,mobile_app,cash,1,505.96
2024-09-25,mobile_app,credit_card,1,3013.9
2024-09-25,mobile_app,gift_card,1,2633.32
2024-09-25,online,cash,2,1007.6800000000001
2024-09-25,online,debit_card,2,2308.59
2024-09-25,online,gift_card,1,99.65
2024-09-25,online,mobile_pay,1,1748.32
2024-09-26,in_store,cash,2,1311.8200000000002
2024-09-26,in_store,credit_card,1,1592.08
2024-09-26,in_store,gift_card,1,42.08
2024-09-26,in_store,mobile_pay,1,311.26
2024-09-26,mobile_app,cash,1,2382.36
2024-09-26,mobile_app,credit_card,1,104.36
2024-09-26,mobile_app,debit_card,1,334.23
2024-09-26,online,cash,1,2145.35
2024-09-26,online,debit_card,1,10.52
2024-09-26,online,gift_card,1,507.8
2024-09-26,online,mobile_pay,1,1527.41
2024-09-27,in_store,credit_card,1,161.32
2024-09-27,in_store,debit_card,2,403.29999999999995
2024-09-27,in_store,gift_card,2,3430.83
2024-09-27,mobile_app,cash,1,1131.62
2024-09-27,mobile_app,credit_card,1,116.31
2024-09-27,mobile_app,debit_card,1,551.0
2024-09-27,mobile_app,gift_card,2,2130.9
2024-09-27,mobile_app,mobile_pay,2,1851.57
2024-09-27,online,credit_card,1,810.51
2024-09-27,online,debit_card,1,61.42
2024-09-27,online,gift_card,1,2156.16
2024-09-27,online,mobile_pay,1,117.04
2024-09-28,in_store,cash,1,249.34
2024-09-28,in_store,gift_card,1,703.83
2024-09-28,in_store,mobile_pay,2,1153.3
2024-09-28,mobile_app,cash,1,510.48
2024-09-28,mobile_app,credit_card,3,1916.4599999999998
2024-09-28,mobile_app,gift_card,1,3293.28
2024-09-28,mobile_app,mobile_pay,1,99.37
2024-09-28,online,credit_card,1,603.35
2024-09-28,online,debit_card,2,931.97
2024-09-28,online,gift_card,1,821.34
2024-09-28,online,mobile_pay,1,2595.4
2024-09-29,in_store,cash,2,2087.26
2024-09-29,in_store,credit_card,2,2628.5099999999998
2024-09-29,in_store,mobile_pay,1,429.07
2024-09-29,mobile_app,credit_card,2,1679.47
2024-09-29,mobile_app,debit_card,3,6111.0599999999995
2024-09-29,mobile_app,gift_card,1,2770.5
2024-09-29,mobile_app,mobile_pay,1,1220.34
2024-09-29,online,cash,1,997.36
2024-09-29,online,credit_card,1,3293.28
2024-09-30,in_store,cash,1,868.21
2024-09-30,in_store,gift_card,2,2589.15
2024-09-30,in_store,mobile_pay,2,2322.39
2024-09-30,mobile_app,cash,1,608.54
2024-09-30,mobile_app,credit_card,1,250.76
2024-09-30,mobile_app,gift_card,1,476.1
2024-09-30,mobile_app,mobile_pay,2,923.0
2024-09-30,online,credit_card,1,2502.75
2024-09-30,online,debit_card,1,252.98
2024-09-30,online,gift_card,5,5382.93
2024-09-30,online,mobile_pay,1,216.56
2024-10-01,in_store,cash,2,3579.78
2024-10-01,in_store,credit_card,2,2902.5
2024-10-01,in_store,debit_card,2,2919.12
2024-10-01,in_store,gift_card,2,2240.56
2024-10-01,mobile_app,cash,1,444.33
2024-10-01,mobile_app,debit_card,1,2068.83
2024-10-01,online,cash,1,916.37
2024-10-01,online,gift_card,1,1945.25
2024-10-01,online,mobile_pay,1,104.08
2024-10-02,in_store,credit_card,1,203.18
2024-10-02,mobile_app,credit_card,1,429.07
2024-10-02,mobile_app,debit_card,3,1858.9199999999998
2024-10-02,mobile_app,gift_card,3,2778.53
2024-10-02,online,credit_card,2,1185.1299999999999
2024-10-02,online,debit_card,1,2385.48
2024-10-02,online,gift_card,1,379.47
2024-10-03,in_store,gift_card,1,1139.74
2024-10-03,mobile_app,gift_card,2,803.45
2024-10-03,mobile_app,mobile_pay,2,467.14
2024-10-03,online,debit_card,3,3536.84
2024-10-03,online,gift_card,1,259.57
2024-10-03,online,mobile_pay,1,67.32
2024-10-04,in_store,cash,1,573.79
2024-10-04,in_store,credit_card,1,1297.85
2024-10-04,in_store,mobile_pay,2,4709.9
2024-10-04,mobile_app,credit_card,1,912.81
2024-10-04,mobile_app,debit_card,2,2538.65
2024-10-04,mobile_app,gift_card,2,2672.0299999999997
2024-10-04,mobile_app,mobile_pay,1,2708.05
2024-10-04,online,credit_card,1,245.68
2024-10-04,online,debit_card,2,541.61
2024-10-04,online,gift_card,1,1286.3
2024-10-04,online,mobile_pay,1,269.98
2024-10-05,in_store,cash,2,989.82
2024-10-05,in_store,credit_card,1,388.4
2024-10-05,in_store,debit_card,1,1357.86
2024-10-05,in_store,mobile_pay,1,1271.84
2024-10-05,mobile_app,credit_card,4,3375.8399999999997
2024-10-05,mobile_app,debit_card,2,5228.24
2024-10-05,mobile_app,gift_card,2,1770.77
2024-10-05,mobile_app,mobile_pay,1,2158.56
2024-10-05,online,cash,3,1305.36
2024-10-05,online,debit_card,3,2451.3
2024-10-06,in_store,cash,2,1368.06
2024-10-06,in_store,gift_card,1,255.24
2024-10-06,in_store,mobile_pay,1,99.37
2024-10-06,mobile_app,credit_card,1,1475.43
2024-10-06,mobile_app,gift_card,1,1243.87
2024-10-06,mobile_app,mobile_pay,1,1247.31
2024-10-06,online,credit_card,3,1149.27
2024-10-07,in_store,cash,1,1808.34
2024-10-07,in_store,debit_card,1,539.04
2024-10-07,in_store,mobile_pay,1,825.66
2024-10-07,mobile_app,debit_card,1,104.08
2024-10-07,mobile_app,gift_card,2,1380.1399999999999
2024-10-07,mobile_app,mobile_pay,1,116.7
2024-10-07,online,cash,1,1078.08
2024-10-07,online,debit_card,1,1729.77
2024-10-07,online,mobile_pay,1,643.12
2024-10-08,in_store,cash,2,4829.8
2024-10-08,in_store,credit_card,1,798.9
2024-10-08,in_store,debit_card,2,3112.7
2024-10-08,in_store,gift_card,1,613.66
2024-10-08,in_store,mobile_pay,1,1642.68
2024-10-08,mobile_app,cash,1,2635.2
2024-10-08,mobile_app,credit_card,1,2863.2
2024-10-08,mobile_app,gift_card,1,590.43
2024-10-08,online,cash,2,3520.36
2024-10-08,online,credit_card,1,701.0
2024-10-08,online,mobile_pay,1,222.78
2024-10-09,in_store,credit_card,1,1662.3
2024-10-09,in_store,debit_card,2,4123.4
2024-10-09,in_store,mobile_pay,2,1413.79
2024-10-09,mobile_app,credit_card,3,2751.55
2024-10-09,mobile_app,gift_card,3,3103.7200000000003
2024-10-09,online,cash,1,2712.51
2024-10-09,online,debit_card,1,234.08
2024-10-09,online,mobile_pay,6,8662.56
2024-10-10,in_store,cash,3,2756.08
2024-10-10,in_store,gift_card,1,3109.1
2024-10-10,in_store,mobile_pay,2,5001.78
2024-10-10,mobile_app,cash,1,2849.35
2024-10-10,mobile_app,debit_card,1,2832.76
2024-10-10,online,cash,1,2033.9
2024-10-10,online,credit_card,2,1176.3600000000001
2024-10-10,online,gift_card,3,2622.29
2024-10-11,in_store,cash,2,2400.87
2024-10-11,in_store,credit_card,2,2053.44
2024-10-11,in_store,debit_card,3,4543.3099999999995
2024-10-11,in_store,gift_card,1,2290.95
2024-10-11,mobile_app,gift_card,1,1892.68
2024-10-11,online,cash,1,222.39
2024-10-11,online,debit_card,1,2078.85
2024-10-11,online,gift_card,1,1426.05
2024-10-12,in_store,cash,1,475.35
2024-10-12,in_store,mobile_pay,1,2885.4
2024-10-12,mobile_app,cash,2,1508.32
2024-10-12,mobile_app,credit_card,2,2164.2799999999997
2024-10-12,mobile_app,debit_card,1,348.93
2024-10-12,online,cash,1,1349.9
2024-10-12,online,credit_card,1,292.6
2024-10-12,online,mobile_pay,3,4806.55
2024-10-13,in_store,cash,1,493.18
2024-10-13,in_store,credit_card,1,748.02
2024-10-13,in_store,debit_card,2,1497.23
2024-10-13,in_store,gift_card,1,1924.37
2024-10-13,mobile_app,credit_card,1,1419.51
2024-10-13,mobile_app,debit_card,1,2025.65
2024-10-13,mobile_app,mobile_pay,1,2638.92
2024-10-13,online,cash,1,307.1
2024-10-13,online,debit_card,1,1470.24
2024-10-13,online,gift_card,1,981.75
2024-10-13,online,mobile_pay,2,2779.96
2024-10-14,in_store,cash,1,289.4
2024-10-14,in_store,debit_card,1,23.14
2024-10-14,in_store,gift_card,1,2385.48
2024-10-14,in_store,mobile_pay,1,1283.45
2024-10-14,mobile_app,cash,1,719.52
2024-10-14,mobile_app,debit_card,2,2653.62
2024-10-14,mobile_app,gift_card,3,4882.94
2024-10-14,online,cash,2,1938.25
2024-10-14,online,gift_card,2,1623.16
2024-10-14,online,mobile_pay,1,127.62
2024-10-15,in_store,cash,2,1110.1599999999999
2024-10-15,in_store,credit_card,1,1383.4
2024-10-15,in_store,gift_card,1,502.34
2024-10-15,mobile_app,cash,1,291.02
2024-10-15,mobile_app,credit_card,1,291.74
2024-10-15,mobile_app,gift_card,1,508.11
2024-10-15,mobile_app,mobile_pay,1,3109.1
2024-10-15,online,cash,1,69.42
2024-10-15,online,credit_card,1,953.88
2024-10-15,online,gift_card,1,1344.35
2024-10-16,in_store,cash,1,1607.8
2024-10-16,in_store,credit_card,1,1144.36
2024-10-16,mobile_app,credit_card,1,697.0
2024-10-16,mobile_app,gift_card,1,1400.58
2024-10-16,mobile_app,mobile_pay,1,118.36
2024-10-16,online,debit_card,1,897.14
2024-10-16,online,gift_card,1,420.6
2024-10-17,in_store,debit_card,1,1419.64
2024-10-17,in_store,gift_card,3,4366.26
2024-10-17,mobile_app,cash,2,1450.6
2024-10-17,mobile_app,credit_card,1,1153.18
2024-10-17,mobile_app,debit_card,2,1627.37
2024-10-17,mobile_app,mobile_pay,3,1662.04
2024-10-17,online,cash,2,2877.46
2024-10-17,online,credit_card,1,1954.2
2024-10-17,online,debit_card,1,327.28
2024-10-17,online,gift_card,4,4911.2
2024-10-18,in_store,credit_card,3,4134.28
2024-10-18,in_store,debit_card,1,326.53
2024-10-18,in_store,mobile_pay,4,2590.61
2024-10-18,mobile_app,debit_card,1,257.48
2024-10-18,mobile_app,gift_card,1,1065.2
2024-10-18,online,gift_card,1,1474.0
2024-10-18,online,mobile_pay,1,476.68
2024-10-19,in_store,cash,1,80.66
2024-10-19,in_store,credit_card,2,291.59000000000003
2024-10-19,in_store,gift_card,1,1627.12
2024-10-19,mobile_app,cash,1,412.55
2024-10-19,mobile_app,credit_card,3,2638.02
2024-10-19,mobile_app,debit_card,3,1791.8200000000002
2024-10-19,mobile_app,gift_card,1,850.94
2024-10-19,online,cash,3,2186.8900000000003
2024-10-19,online,credit_card,3,2942.98
2024-10-19,online,gift_card,1,643.12
2024-10-20,in_store,cash,2,952.17
2024-10-20,in_store,credit_card,1,1967.24
2024-10-20,in_store,debit_card,1,438.45
2024-10-20,in_store,gift_card,2,1961.42
2024-10-20,in_store,mobile_pay,1,2770.5
2024-10-20,mobile_app,credit_card,2,3198.69
2024-10-20,mobile_app,debit_card,1,440.21
2024-10-20,online,cash,2,2783.8900000000003
2024-10-20,online,mobile_pay,3,1422.3600000000001
2024-10-21,in_store,gift_card,1,491.2
2024-10-21,mobile_app,credit_card,1,397.48
2024-10-21,online,debit_card,1,1237.11
2024-10-21,online,gift_card,1,1295.14
2024-10-22,in_store,debit_card,1,94.47
2024-10-22,in_store,gift_card,1,1235.5
2024-10-22,in_store,mobile_pay,1,1309.0
2024-10-22,mobile_app,cash,1,488.55
2024-10-22,mobile_app,credit_card,2,1444.6799999999998
2024-10-22,mobile_app,debit_card,3,2349.38
2024-10-22,mobile_app,gift_card,1,810.51
2024-10-22,online,debit_card,1,542.5
2024-10-22,online,gift_card,1,40.67
2024-10-22,online,mobile_pay,1,2633.75
2024-10-23,in_store,credit_card,3,724.1700000000001
2024-10-23,in_store,debit_card,3,6481.98
2024-10-23,in_store,mobile_pay,2,3067.68
2024-10-23,mobile_app,cash,2,1442.9
2024-10-23,mobile_app,credit_card,2,1583.37
2024-10-23,mobile_app,gift_card,2,1093.68
2024-10-23,mobile_app,mobile_pay,1,1662.3
2024-10-23,online,debit_card,1,280.4
2024-10-23,online,mobile_pay,1,155.7
2024-10-24,in_store,credit_card,1,359.86
2024-10-24,in_store,debit_card,1,330.04
2024-10-24,in_store,gift_card,2,1736.66
2024-10-24,mobile_app,cash,1,539.04
2024-10-24,mobile_app,gift_card,1,1945.25
2024-10-24,mobile_app,mobile_pay,1,781.03
2024-10-24,online,cash,2,1048.74
2024-10-24,online,credit_card,3,3721.12
2024-10-24,online,debit_card,1,278.62
2024-10-25,in_store,credit_card,2,1312.58
2024-10-25,in_store,debit_card,1,1255.85
2024-10-25,in_store,gift_card,1,363.72
2024-10-25,in_store,mobile_pay,1,348.93
2024-10-25,mobile_app,credit_card,1,1620.52
2024-10-25,mobile_app,debit_card,1,2055.35
2024-10-25,mobile_app,mobile_pay,3,3840.09
2024-10-25,online,cash,2,2471.06
2024-10-25,online,credit_card,1,678.93
2024-10-25,online,debit_card,1,3704.94
2024-10-25,online,gift_card,1,1001.1
2024-10-25,online,mobile_pay,1,527.04
2024-10-26,in_store,credit_card,1,621.23
2024-10-26,in_store,gift_card,1,382.86
2024-10-26,in_store,mobile_pay,1,1061.55
2024-10-26,mobile_app,credit_card,1,104.08
2024-10-26,mobile_app,debit_card,1,1672.15
2024-10-26,mobile_app,gift_card,1,318.79
2024-10-26,mobile_app,mobile_pay,3,3877.0099999999998
2024-10-26,online,debit_card,1,291.02
2024-10-26,online,gift_card,1,824.74
2024-10-27,mobile_app,credit_card,1,245.6
2024-10-27,mobile_app,debit_card,1,406.36
2024-10-27,online,cash,1,696.55
2024-10-27,online,debit_card,1,810.26
2024-10-27,online,gift_card,2,343.74
2024-10-27,online,mobile_pay,1,979.97
2024-10-28,in_store,cash,1,1748.32
2024-10-28,in_store,credit_card,1,502.34
2024-10-28,in_store,debit_card,2,1251.8999999999999
2024-10-28,in_store,gift_card,2,3370.96
2024-10-28,mobile_app,debit_card,2,3087.98
2024-10-28,online,cash,2,3204.24
2024-10-28,online,debit_card,1,406.36
2024-10-28,online,mobile_pay,2,4431.37
2024-10-29,in_store,cash,1,143.55
2024-10-29,in_store,credit_card,1,2145.35
2024-10-29,in_store,gift_card,1,270.7
2024-10-29,in_store,mobile_pay,2,5505.65
2024-10-29,mobile_app,cash,2,4220.41
2024-10-29,mobile_app,debit_card,1,1061.55
2024-10-29,mobile_app,gift_card,1,462.98
2024-10-29,mobile_app,mobile_pay,1,2382.36
2024-10-29,online,cash,1,3109.1
2024-10-29,online,debit_card,3,3139.77
2024-10-30,in_store,debit_card,1,330.04
2024-10-30,mobile_app,cash,1,800.88
2024-10-30,mobile_app,credit_card,3,1413.71
2024-10-30,mobile_app,debit_card,2,1176.75
2024-10-30,mobile_app,gift_card,1,2164.34
2024-10-30,mobile_app,mobile_pay,2,3697.42
2024-10-30,online,cash,2,5038.93
2024-10-30,online,credit_card,1,2894.17
2024-10-30,online,gift_card,1,1636.4
2024-10-31,in_store,debit_card,2,1257.87
2024-10-31,in_store,gift_card,2,2987.78
2024-10-31,in_store,mobile_pay,1,558.66
2024-10-31,mobile_app,cash,1,2025.65
2024-10-31,mobile_app,credit_card,2,1626.52
2024-10-31,mobile_app,mobile_pay,1,636.93
2024-10-31,online,cash,1,21.04
2024-10-31,online,credit_card,2,1083.25
2024-10-31,online,debit_card,1,253.39
2024-10-31,online,gift_card,4,2464.39
2024-11-01,in_store,cash,1,442.63
2024-11-01,in_store,debit_card,1,348.93
2024-11-01,mobile_app,cash,1,1350.54
2024-11-01,mobile_app,credit_card,1,1199.52
2024-11-01,mobile_app,gift_card,2,1963.67
2024-11-01,mobile_app,mobile_pay,3,917.64
2024-11-01,online,debit_card,1,1662.3
2024-11-01,online,mobile_pay,1,2635.2
2024-11-02,in_store,cash,3,6787.02
2024-11-02,in_store,credit_card,1,208.83
2024-11-02,in_store,debit_card,1,1242.83
2024-11-02,in_store,gift_card,1,879.64
2024-11-02,in_store,mobile_pay,3,3407.17
2024-11-02,mobile_app,cash,1,502.79
2024-11-02,mobile_app,debit_card,2,2050.34
2024-11-02,mobile_app,gift_card,1,494.2
2024-11-02,mobile_app,mobile_pay,5,8010.56
2024-11-02,online,debit_card,3,1559.8899999999999
2024-11-02,online,mobile_pay,1,380.7
2024-11-03,in_store,credit_card,1,320.13
2024-11-03,in_store,gift_card,1,2465.63
2024-11-03,in_store,mobile_pay,2,2361.64
2024-11-03,mobile_app,cash,2,134.81
2024-11-03,mobile_app,credit_card,1,242.48
2024-11-03,mobile_app,debit_card,1,1124.26
2024-11-03,mobile_app,gift_card,1,545.48
2024-11-03,mobile_app,mobile_pay,1,269.98
2024-11-03,online,cash,5,4290.94
2024-11-03,online,debit_card,1,397.48
2024-11-03,online,mobile_pay,2,2452.08
2024-11-04,in_store,cash,1,1842.5
2024-11-04,in_store,credit_card,2,1174.88
2024-11-04,in_store,debit_card,1,10.52
2024-11-04,in_store,gift_card,2,1151.3400000000001
2024-11-04,in_store,mobile_pay,2,702.97
2024-11-04,mobile_app,cash,3,2012.6399999999999
2024-11-04,mobile_app,credit_card,1,270.17
2024-11-04,mobile_app,debit_card,1,1797.96
2024-11-04,mobile_app,gift_card,1,459.8
2024-11-04,mobile_app,mobile_pay,1,1523.4
2024-11-04,online,credit_card,2,1448.8
2024-11-04,online,gift_card,1,147.41
2024-11-05,in_store,cash,2,1410.96
2024-11-05,in_store,credit_card,1,444.33
2024-11-05,in_store,gift_card,3,1910.44
2024-11-05,in_store,mobile_pay,4,1415.53
2024-11-05,mobile_app,cash,1,78.27
2024-11-05,mobile_app,credit_card,1,1066.23
2024-11-05,mobile_app,gift_card,1,691.17
2024-11-05,mobile_app,mobile_pay,1,1521.35
2024-11-05,online,credit_card,2,2298.25
2024-11-05,online,debit_card,2,1088.52
2024-11-05,online,gift_card,1,1769.25
2024-11-05,online,mobile_pay,1,304.56
2024-11-06,in_store,cash,1,638.1
2024-11-06,in_store,debit_card,1,1636.25
2024-11-06,in_store,gift_card,2,2644.8900000000003
2024-11-06,mobile_app,cash,1,777.42
2024-11-06,mobile_app,credit_card,1,2645.32
2024-11-06,mobile_app,debit_card,2,640.72
2024-11-06,online,cash,1,417.93
2024-11-06,online,credit_card,2,1464.84
2024-11-06,online,mobile_pay,2,1104.34
2024-11-07,in_store,gift_card,1,236.72
2024-11-07,mobile_app,cash,1,438.88
2024-11-07,mobile_app,debit_card,1,122.84
2024-11-07,mobile_app,mobile_pay,4,5819.24
2024-11-07,online,debit_card,2,405.96
2024-11-07,online,mobile_pay,1,1462.05
2024-11-08,in_store,credit_card,1,1389.24
2024-11-08,in_store,debit_card,1,235.25
2024-11-08,in_store,gift_card,1,31.14
2024-11-08,mobile_app,cash,2,2737.05
2024-11-08,mobile_app,credit_card,4,6644.92
2024-11-08,mobile_app,debit_card,2,1796.33
2024-11-08,mobile_app,gift_card,1,988.4
2024-11-08,online,cash,3,3785.75
2024-11-08,online,credit_card,2,888.39
2024-11-08,online,gift_card,1,1620.52
2024-11-08,online,mobile_pay,2,1685.22
2024-11-09,in_store,cash,2,1618.88
2024-11-09,in_store,debit_card,1,108.28
2024-11-09,in_store,mobile_pay,1,1729.77
2024-11-09,mobile_app,cash,3,2900.92
2024-11-09,mobile_app,debit_card,1,442.08
2024-11-09,mobile_app,gift_card,1,1636.25
2024-11-09,mobile_app,mobile_pay,1,821.34
2024-11-09,online,debit_card,1,445.76
2024-11-09,online,gift_card,1,136.37
2024-11-10,in_store,cash,1,539.04
2024-11-10,in_store,credit_card,3,1392.13
2024-11-10,mobile_app,debit_card,1,236.72
2024-11-10,mobile_app,gift_card,1,1054.08
2024-11-10,online,cash,2,1726.4099999999999
2024-11-10,online,credit_card,1,345.84
2024-11-10,online,gift_card,1,4270.15
2024-11-11,in_store,credit_card,1,330.04
2024-11-11,in_store,debit_card,1,1088.86
2024-11-11,mobile_app,cash,2,4908.6
2024-11-11,mobile_app,credit_card,2,2193.78
2024-11-11,mobile_app,debit_card,1,2882.95
2024-11-11,online,cash,1,1053.5
2024-11-11,online,credit_card,3,5927.65
2024-11-11,online,debit_card,1,608.54
2024-11-11,online,gift_card,2,929.87
2024-11-11,online,mobile_pay,2,2985.96
2024-11-12,in_store,credit_card,2,2039.75
2024-11-12,in_store,gift_card,1,1286.3
2024-11-12,in_store,mobile_pay,1,2590.27
2024-11-12,mobile_app,cash,1,778.1
2024-11-12,mobile_app,credit_card,3,2381.07
2024-11-12,mobile_app,debit_card,1,2385.48
2024-11-12,online,cash,1,1662.3
2024-11-12,online,credit_card,1,106.52
2024-11-12,online,gift_card,1,1560.55
2024-11-13,in_store,cash,2,1360.71
2024-11-13,in_store,debit_card,1,1627.12
2024-11-13,in_store,gift_card,3,2596.46
2024-11-13,in_store,mobile_pay,1,241.98
2024-11-13,mobile_app,cash,2,894.8499999999999
2024-11-13,online,cash,2,1048.4
2024-11-13,online,credit_card,3,2883.01
2024-11-13,online,debit_card,2,917.84
2024-11-13,online,gift_card,2,2166.3700000000003
2024-11-13,online,mobile_pay,2,2110.97
2024-11-14,in_store,cash,1,376.14
2024-11-14,in_store,credit_card,1,935.44
2024-11-14,in_store,gift_card,2,1448.6
2024-11-14,mobile_app,cash,2,3150.87
2024-11-14,mobile_app,credit_card,1,1777.05
2024-11-14,mobile_app,gift_card,1,821.34
2024-11-14,online,cash,2,2324.8199999999997
2024-11-14,online,credit_card,1,507.95
2024-11-14,online,mobile_pay,1,1217.08
2024-11-15,in_store,cash,1,207.57
2024-11-15,in_store,debit_card,1,2487.28
2024-11-15,in_store,gift_card,1,1554.84
2024-11-15,in_store,mobile_pay,2,2493.1
2024-11-15,mobile_app,debit_card,2,3250.62
2024-11-15,mobile_app,gift_card,3,1927.4499999999998
2024-11-15,mobile_app,mobile_pay,1,410.67
2024-11-15,online,debit_card,1,376.14
2024-11-15,online,mobile_pay,1,94.47
2024-11-16,in_store,cash,1,1556.2
2024-11-16,in_store,credit_card,2,1169.7
2024-11-16,in_store,debit_card,2,2382.75
2024-11-16,in_store,gift_card,2,395.62
2024-11-16,in_store,mobile_pay,1,1054.08
2024-11-16,mobile_app,debit_card,2,2856.12
2024-11-16,mobile_app,gift_card,2,2009.6
2024-11-16,mobile_app,mobile_pay,2,621.6700000000001
2024-11-16,online,cash,1,489.12
2024-11-16,online,debit_card,1,1075.48
2024-11-16,online,gift_card,1,977.1
2024-11-17,in_store,credit_card,2,1644.54
2024-11-17,in_store,gift_card,1,1510.31
2024-11-17,mobile_app,credit_card,2,1449.16
2024-11-17,mobile_app,debit_card,1,487.35
2024-11-17,mobile_app,gift_card,2,607.74
2024-11-17,online,cash,1,447.74
2024-11-17,online,gift_card,1,494.2
2024-11-17,online,mobile_pay,1,2107.0
2024-11-18,in_store,credit_card,2,1902.55
2024-11-18,in_store,debit_card,1,1883.94
2024-11-18,in_store,mobile_pay,4,1618.8600000000001
2024-11-18,mobile_app,cash,1,1264.9
2024-11-18,mobile_app,credit_card,1,10.52
2024-11-18,mobile_app,gift_card,1,211.15
2024-11-18,mobile_app,mobile_pay,2,614.65
2024-11-18,online,cash,1,1010.94
2024-11-18,online,mobile_pay,1,415.27
2024-11-19,in_store,cash,2,1712.0300000000002
2024-11-19,in_store,credit_card,3,927.9
2024-11-19,in_store,gift_card,2,1283.99
2024-11-19,mobile_app,cash,1,919.6
2024-11-19,mobile_app,credit_card,1,21.04
2024-11-19,mobile_app,gift_card,1,3597.6
2024-11-19,online,debit_card,2,3837.46
2024-11-19,online,gift_card,1,1064.73
2024-11-19,online,mobile_pay,1,302.85
2024-11-20,in_store,cash,3,2810.42
2024-11-20,in_store,credit_card,1,858.27
2024-11-20,in_store,gift_card,1,2108.16
2024-11-20,mobile_app,cash,1,47.85
2024-11-20,mobile_app,debit_card,1,581.55
2024-11-20,mobile_app,gift_card,1,1774.55
2024-11-20,mobile_app,mobile_pay,2,1831.92
2024-11-20,online,cash,2,1484.77
2024-11-20,online,debit_card,2,2674.4700000000003
2024-11-20,online,gift_card,1,1001.1
2024-11-20,online,mobile_pay,2,1848.7200000000003
2024-11-21,in_store,credit_card,3,3046.38
2024-11-21,in_store,gift_card,1,1039.85
2024-11-21,in_store,mobile_pay,3,1456.04
2024-11-21,mobile_app,credit_card,1,80.66
2024-11-21,mobile_app,debit_card,1,1999.2
2024-11-21,mobile_app,gift_card,3,1691.09
2024-11-21,mobile_app,mobile_pay,2,579.25
2024-11-21,online,debit_card,2,2720.38
2024-11-21,online,mobile_pay,1,2031.2
2024-11-22,in_store,cash,1,778.71
2024-11-22,in_store,credit_card,2,1583.9399999999998
2024-11-22,in_store,debit_card,2,2690.58
2024-11-22,in_store,gift_card,2,1286.6
2024-11-22,mobile_app,cash,1,2761.84
2024-11-22,mobile_app,credit_card,1,703.83
2024-11-22,mobile_app,debit_card,1,406.36
2024-11-22,online,mobile_pay,1,1058.0
2024-11-23,in_store,cash,1,979.59
2024-11-23,in_store,debit_card,1,69.19
2024-11-23,in_store,mobile_pay,1,621.82
2024-11-23,mobile_app,gift_card,1,517.21
2024-11-23,online,cash,1,1832.76
2024-11-23,online,credit_card,2,745.96
2024-11-23,online,gift_card,1,2375.03
2024-11-23,online,mobile_pay,1,46.28
2024-11-24,in_store,credit_card,1,28.4
2024-11-24,in_store,gift_card,1,193.61
2024-11-24,in_store,mobile_pay,1,1839.2
2024-11-24,mobile_app,cash,2,2951.37
2024-11-24,mobile_app,gift_card,1,115.7
2024-11-24,online,cash,3,3472.63
2024-11-24,online,gift_card,1,1243.64
2024-11-24,online,mobile_pay,1,1851.93
2024-11-25,in_store,cash,1,118.33
2024-11-25,in_store,credit_card,3,1759.3
2024-11-25,in_store,debit_card,3,2366.31
2024-11-25,in_store,gift_card,3,1862.99
2024-11-25,mobile_app,credit_card,1,21.04
2024-11-25,mobile_app,debit_card,1,2031.2
2024-11-25,mobile_app,gift_card,2,4275.799999999999
2024-11-25,online,cash,1,1242.46
2024-11-25,online,debit_card,2,2529.84
2024-11-25,online,gift_card,1,438.45
2024-11-26,in_store,cash,2,370.37
2024-11-26,in_store,debit_card,3,3999.91
2024-11-26,mobile_app,credit_card,1,621.82
2024-11-26,mobile_app,mobile_pay,1,830.04
2024-11-26,online,cash,2,757.41
2024-11-26,online,debit_card,1,1566.12
2024-11-26,online,gift_card,2,2688.85
2024-11-26,online,mobile_pay,2,1975.55
2024-11-27,in_store,cash,2,466.77
2024-11-27,in_store,credit_card,1,1523.4
2024-11-27,in_store,debit_card,1,1344.35
2024-11-27,in_store,mobile_pay,1,1750.38
2024-11-27,mobile_app,debit_card,1,991.21
2024-11-28,in_store,credit_card,1,1106.72
2024-11-28,in_store,debit_card,1,3215.75
2024-11-28,mobile_app,cash,2,1670.44
2024-11-28,mobile_app,credit_card,2,3310.91
2024-11-28,mobile_app,gift_card,1,3107.07
2024-11-28,mobile_app,mobile_pay,1,2166.44
2024-11-28,online,cash,1,1789.11
2024-11-28,online,gift_card,1,518.76
2024-11-29,in_store,credit_card,1,519.14
2024-11-29,in_store,debit_card,1,1106.72
2024-11-29,in_store,gift_card,1,595.85
2024-11-29,in_store,mobile_pay,2,3423.85
2024-11-29,mobile_app,debit_card,1,703.64
2024-11-29,mobile_app,gift_card,1,578.81
2024-11-29,online,gift_card,1,793.5
2024-11-29,online,mobile_pay,2,460.11
2024-11-30,in_store,debit_card,1,1419.51
2024-11-30,in_store,gift_card,2,452.38
2024-11-30,mobile_app,credit_card,1,233.86
2024-11-30,mobile_app,debit_card,1,813.56
2024-11-30,online,cash,3,945.01
2024-11-30,online,debit_card,2,697.73
2024-11-30,online,mobile_pay,1,293.96
2024-12-01,in_store,debit_card,3,782.43
2024-12-01,in_store,mobile_pay,2,1195.1
2024-12-01,mobile_app,debit_card,1,498.68
2024-12-01,mobile_app,gift_card,1,2025.65
2024-12-01,mobile_app,mobile_pay,2,3553.9
2024-12-01,online,credit_card,1,93.42
2024-12-01,online,gift_card,1,1560.55
2024-12-01,online,mobile_pay,1,1184.94
2024-12-02,in_store,cash,1,1592.08
2024-12-02,in_store,credit_card,1,1350.85
2024-12-02,in_store,gift_card,3,2003.62
2024-12-02,in_store,mobile_pay,1,496.85
2024-12-02,mobile_app,credit_card,1,1759.1
2024-12-02,mobile_app,gift_card,2,2290.26
2024-12-02,mobile_app,mobile_pay,3,3936.13
2024-12-02,online,cash,3,2828.3900000000003
2024-12-02,online,credit_card,1,104.38
2024-12-02,online,debit_card,2,405.56
2024-12-03,in_store,debit_card,1,2108.16
2024-12-03,in_store,gift_card,1,3306.65
2024-12-03,in_store,mobile_pay,2,718.4300000000001
2024-12-03,mobile_app,cash,1,1863.69
2024-12-03,mobile_app,credit_card,1,162.42
2024-12-03,mobile_app,debit_card,2,1771.8300000000002
2024-12-03,mobile_app,gift_card,1,2122.91
2024-12-03,online,cash,1,2469.96
2024-12-03,online,mobile_pay,2,2535.31
2024-12-04,in_store,cash,1,1243.64
2024-12-04,in_store,debit_card,1,970.27
2024-12-04,mobile_app,cash,1,233.15
2024-12-04,mobile_app,credit_card,3,4586.29
2024-12-04,mobile_app,gift_card,1,253.39
2024-12-04,online,cash,2,5630.02
2024-12-04,online,credit_card,1,1047.2
2024-12-04,online,debit_card,1,80.67
2024-12-04,online,mobile_pay,1,1311.24
2024-12-05,in_store,cash,1,354.91
2024-12-05,in_store,credit_card,2,2130.87
2024-12-05,in_store,debit_card,1,221.11
2024-12-05,in_store,mobile_pay,1,643.15
2024-12-05,mobile_app,credit_card,1,244.56
2024-12-05,mobile_app,mobile_pay,1,996.05
2024-12-05,online,cash,1,610.96
2024-12-05,online,credit_card,1,2564.41
2024-12-05,online,gift_card,3,1257.88
2024-12-05,online,mobile_pay,1,278.62
2024-12-06,in_store,cash,1,1599.36
2024-12-06,in_store,credit_card,1,694.62
2024-12-06,in_store,mobile_pay,1,152.28
2024-12-06,mobile_app,credit_card,1,1675.98
2024-12-06,mobile_app,debit_card,2,2081.68
2024-12-06,mobile_app,gift_card,1,259.1
2024-12-06,mobile_app,mobile_pay,2,3039.4
2024-12-06,online,cash,4,4601.450000000001
2024-12-06,online,credit_card,1,1999.2
2024-12-06,online,debit_card,1,487.45
2024-12-06,online,gift_card,2,5584.9
2024-12-06,online,mobile_pay,1,1002.69
2024-12-07,in_store,cash,3,3593.4700000000003
2024-12-07,in_store,credit_card,1,322.68
2024-12-07,in_store,debit_card,1,1066.23
2024-12-07,mobile_app,cash,1,472.35
2024-12-07,mobile_app,debit_card,2,3816.61
2024-12-07,mobile_app,mobile_pay,2,2051.24
2024-12-07,online,credit_card,2,4252.97
2024-12-07,online,debit_card,1,1061.55
2024-12-07,online,mobile_pay,1,255.43
2024-12-08,in_store,debit_card,2,3439.94
2024-12-08,in_store,gift_card,1,368.4
2024-12-08,in_store,mobile_pay,1,1006.65
2024-12-08,mobile_app,cash,2,1626.18
2024-12-08,online,credit_card,1,18.94
2024-12-08,online,debit_card,1,3244.25
2024-12-09,in_store,credit_card,1,1232.01
2024-12-09,mobile_app,credit_card,1,1729.77
2024-12-09,mobile_app,debit_card,1,1419.64
2024-12-09,mobile_app,mobile_pay,1,188.94
2024-12-09,online,cash,1,541.38
2024-12-09,online,credit_card,1,1350.56
2024-12-09,online,gift_card,1,1088.86
2024-12-09,online,mobile_pay,2,765.74
2024-12-10,in_store,cash,2,2485.09
2024-12-10,in_store,credit_card,1,117.04
2024-12-10,in_store,gift_card,2,1434.63
2024-12-10,online,cash,3,4997.57
2024-12-10,online,debit_card,2,2314.38
2024-12-11,in_store,cash,1,317.96
2024-12-11,in_store,credit_card,1,1828.08
2024-12-11,in_store,debit_card,1,304.77
2024-12-11,in_store,gift_card,1,595.59
2024-12-11,in_store,mobile_pay,1,438.45
2024-12-11,mobile_app,debit_card,2,2587.26
2024-12-11,mobile_app,gift_card,2,712.03
2024-12-11,mobile_app,mobile_pay,2,3481.8
2024-12-11,online,cash,1,753.51
2024-12-11,online,gift_card,1,547.76
2024-12-12,in_store,cash,2,1831.58
2024-12-12,in_store,gift_card,2,599.48
2024-12-12,in_store,mobile_pay,4,3592.9
2024-12-12,mobile_app,credit_card,3,2467.51
2024-12-12,mobile_app,debit_card,2,1608.94
2024-12-12,mobile_app,gift_card,2,1662.01
2024-12-12,mobile_app,mobile_pay,1,203.18
2024-12-12,online,cash,1,1465.65
2024-12-12,online,credit_card,1,707.7
2024-12-12,online,gift_card,1,2715.72
2024-12-12,online,mobile_pay,3,7906.69
2024-12-13,in_store,credit_card,2,1710.97
2024-12-13,in_store,gift_card,1,403.35
2024-12-13,in_store,mobile_pay,1,1331.5
2024-12-13,mobile_app,debit_card,1,621.23
2024-12-13,mobile_app,gift_card,1,1379.4
2024-12-13,mobile_app,mobile_pay,1,1426.05
2024-12-13,online,credit_card,2,1148.88
2024-12-13,online,debit_card,1,1215.39
2024-12-13,online,gift_card,1,500.55
2024-12-13,online,mobile_pay,2,1350.4399999999998
2024-12-14,in_store,cash,1,216.56
2024-12-14,in_store,credit_card,1,275.5
2024-12-14,in_store,debit_card,1,1097.2
2024-12-14,in_store,mobile_pay,1,1240.81
2024-12-14,mobile_app,cash,1,245.6
2024-12-14,mobile_app,mobile_pay,1,469.22
2024-12-14,online,cash,2,2484.37
2024-12-14,online,credit_card,2,4066.81
2024-12-14,online,gift_card,3,1131.02
2024-12-14,online,mobile_pay,2,832.28
2024-12-15,in_store,credit_card,2,2834.63
2024-12-15,in_store,debit_card,2,1157.7099999999998
2024-12-15,mobile_app,cash,4,5345.4
2024-12-15,mobile_app,credit_card,1,557.24
2024-12-15,mobile_app,debit_card,1,399.84
2024-12-15,mobile_app,gift_card,1,1015.6
2024-12-15,mobile_app,mobile_pay,1,298.11
2024-12-15,online,cash,1,175.56
2024-12-15,online,gift_card,1,1205.56
2024-12-15,online,mobile_pay,1,1465.65
2024-12-16,in_store,cash,2,1356.1999999999998
2024-12-16,in_store,credit_card,1,740.61
2024-12-16,in_store,debit_card,2,2477.55
2024-12-16,in_store,mobile_pay,3,4558.48
2024-12-16,mobile_app,cash,2,2119.47
2024-12-16,mobile_app,debit_card,1,2156.16
2024-12-16,mobile_app,gift_card,1,956.37
2024-12-16,online,cash,1,270.7
2024-12-16,online,credit_card,2,3447.61
2024-12-16,online,debit_card,1,2878.08
2024-12-16,online,gift_card,2,1721.24
2024-12-16,online,mobile_pay,1,2695.2
2024-12-17,in_store,cash,2,950.68
2024-12-17,in_store,credit_card,1,2165.51
2024-12-17,in_store,debit_card,1,69.19
2024-12-17,in_store,gift_card,1,283.41
2024-12-17,mobile_app,credit_card,2,885.68
2024-12-17,mobile_app,debit_card,2,2145.4
2024-12-17,mobile_app,gift_card,1,583.96
2024-12-17,online,cash,2,3101.2
2024-12-17,online,credit_card,1,1311.24
2024-12-17,online,debit_card,1,487.35
2024-12-17,online,gift_card,3,5161.48
2024-12-17,online,mobile_pay,1,1214.22
2024-12-18,in_store,cash,1,710.82
2024-12-18,in_store,debit_card,2,2742.05
2024-12-18,in_store,mobile_pay,3,2806.15
2024-12-18,mobile_app,cash,1,1946.55
2024-12-18,mobile_app,mobile_pay,1,74.05
2024-12-18,online,cash,1,548.6
2024-12-18,online,credit_card,1,2002.2
2024-12-18,online,gift_card,2,1271.42
2024-12-19,in_store,debit_card,1,518.21
2024-12-19,in_store,gift_card,1,327.28
2024-12-19,in_store,mobile_pay,1,270.7
2024-12-19,mobile_app,credit_card,1,1786.77
2024-12-19,mobile_app,debit_card,1,1302.92
2024-12-19,online,cash,1,643.12
2024-12-19,online,credit_card,2,847.53
2024-12-19,online,gift_card,2,1734.27
2024-12-20,in_store,mobile_pay,2,1775.38
2024-12-20,mobile_app,cash,2,1885.72
2024-12-20,mobile_app,credit_card,1,92.56
2024-12-20,mobile_app,debit_card,1,1618.96
2024-12-20,mobile_app,gift_card,1,831.54
2024-12-20,online,cash,2,2494.01
2024-12-20,online,credit_card,2,1320.3
2024-12-20,online,gift_card,1,527.04
2024-12-21,in_store,cash,1,462.98
2024-12-21,in_store,credit_card,1,76.14
2024-12-21,in_store,debit_card,1,938.44
2024-12-21,in_store,mobile_pay,1,519.14
2024-12-21,mobile_app,debit_card,3,1193.36
2024-12-21,mobile_app,gift_card,1,523.45
2024-12-21,online,debit_card,4,4568.79
2024-12-22,in_store,cash,1,236.87
2024-12-22,in_store,debit_card,1,874.16
2024-12-22,in_store,gift_card,1,2308.32
2024-12-22,in_store,mobile_pay,1,810.26
2024-12-22,mobile_app,cash,1,2633.32
2024-12-22,mobile_app,credit_card,1,389.05
2024-12-22,mobile_app,gift_card,1,3376.35
2024-12-22,mobile_app,mobile_pay,1,322.68
2024-12-22,online,cash,1,322.64
2024-12-22,online,credit_card,1,116.31
2024-12-23,in_store,debit_card,2,1761.77
2024-12-23,in_store,mobile_pay,1,1729.77
2024-12-23,mobile_app,cash,2,3216.33
2024-12-23,mobile_app,credit_card,1,1797.96
2024-12-23,mobile_app,debit_card,1,132.35
2024-12-23,mobile_app,gift_card,2,1906.46
2024-12-23,mobile_app,mobile_pay,1,10.52
2024-12-23,online,cash,2,1593.1499999999999
2024-12-23,online,credit_card,1,9.99
2024-12-23,online,gift_card,1,1790.95
2024-12-23,online,mobile_pay,1,84.08
2024-12-24,in_store,credit_card,1,247.1
2024-12-24,in_store,debit_card,1,581.55
2024-12-24,in_store,gift_card,1,1081.06
2024-12-24,in_store,mobile_pay,1,3518.56
2024-12-24,mobile_app,debit_card,1,349.98
2024-12-24,mobile_app,mobile_pay,2,1864.79
2024-12-24,online,credit_card,2,3101.6800000000003
2024-12-24,online,gift_card,1,69.19
2024-12-24,online,mobile_pay,1,188.94
2024-12-25,in_store,cash,2,2714.6800000000003
2024-12-25,in_store,debit_card,2,2587.26
2024-12-25,in_store,gift_card,2,2197.15
2024-12-25,mobile_app,credit_card,2,1927.07
2024-12-25,mobile_app,debit_card,4,5187.24
2024-12-25,mobile_app,gift_card,2,1617.08
2024-12-25,online,credit_card,2,3343.11
2024-12-25,online,mobile_pay,1,1255.85
2024-12-26,in_store,cash,1,739.77
2024-12-26,in_store,credit_card,2,1154.1299999999999
2024-12-26,in_store,debit_card,1,1851.93
2024-12-26,in_store,mobile_pay,1,1589.8
2024-12-26,mobile_app,cash,2,1498.39
2024-12-26,mobile_app,gift_card,1,1797.96
2024-12-26,online,cash,1,1374.57
2024-12-26,online,gift_card,3,5519.13
2024-12-26,online,mobile_pay,2,2251.71
2024-12-27,in_store,debit_card,1,2882.95
2024-12-27,in_store,mobile_pay,1,1716.28
2024-12-27,mobile_app,debit_card,1,255.24
2024-12-27,online,credit_card,2,1081.69
2024-12-27,online,debit_card,1,1556.79
2024-12-27,online,gift_card,2,3082.63
2024-12-28,in_store,cash,2,1561.6100000000001
2024-12-28,in_store,credit_card,1,981.75
2024-12-28,in_store,debit_card,1,438.45
2024-12-28,in_store,mobile_pay,2,420.88
2024-12-28,mobile_app,cash,1,104.36
2024-12-28,mobile_app,gift_card,1,688.75
2024-12-28,mobile_app,mobile_pay,1,1592.08
2024-12-28,online,cash,2,2310.81
2024-12-28,online,credit_card,1,388.4
2024-12-28,online,debit_card,1,268.87
2024-12-28,online,gift_card,2,1605.0
2024-12-29,in_store,cash,2,1647.1999999999998
2024-12-29,in_store,credit_card,2,782.25
2024-12-29,in_store,gift_card,3,6162.26
2024-12-29,mobile_app,cash,2,1376.46
2024-12-29,mobile_app,credit_card,1,417.93
2024-12-29,mobile_app,debit_card,2,3386.46
2024-12-29,mobile_app,mobile_pay,2,1561.3
2024-12-29,online,cash,1,398.02
2024-12-29,online,debit_card,1,620.26
2024-12-29,online,gift_card,1,251.27
2024-12-30,in_store,cash,1,1644.28
2024-12-30,mobile_app,cash,3,2362.9
2024-12-30,mobile_app,credit_card,2,1324.02
2024-12-30,mobile_app,debit_card,1,1415.4
2024-12-30,mobile_app,gift_card,1,1769.25
2024-12-30,mobile_app,mobile_pay,3,2111.91
2024-12-30,online,cash,3,7457.01
2024-12-30,online,credit_card,1,830.04
2024-12-30,online,debit_card,1,420.6
2024-12-30,online,mobile_pay,1,2487.28
