transaction_date,store_id,store_name,region,store_type,transactions,units_sold,gross_revenue,net_revenue,discount_total,cogs,gross_profit,avg_order_value,gross_margin_pct
2024-01-01,STR001,New York Downtown #1,Northeast,flagship,1,4,505.96,430.07,75.89,330.16,99.91,430.07,23.23
2024-01-01,STR005,Chicago Mall #5,West,flagship,2,6,1045.62,1045.62,0.0,650.02,395.6,522.81,37.83
2024-01-01,STR008,Houston Mall #8,Midwest,online,1,3,355.08,355.08,0.0,153.75,201.33,355.08,56.7
2024-01-01,STR009,Phoenix Mall #9,Southwest,flagship,2,10,3657.9,3152.44,505.46,2180.65,971.79,1576.22,30.83
2024-01-01,STR016,Nashville Downtown #16,Northeast,online,1,4,1474.0,1474.0,0.0,1257.36,216.64,1474.0,14.7
2024-01-01,STR018,Minneapolis Mall #18,Midwest,outlet,1,4,276.76,276.76,0.0,237.08,39.68,276.76,14.34
2024-01-01,STR019,Philadelphia Downtown #19,Southwest,express,1,1,388.71,388.71,0.0,196.46,192.25,388.71,49.46
2024-01-01,STR020,San Diego Mall #20,West,online,1,4,1075.48,1075.48,0.0,664.8,410.68,1075.48,38.19
2024-01-01,STR023,Kansas City Mall #23,Midwest,express,1,3,2036.79,2036.79,0.0,899.85,1136.94,2036.79,55.82
2024-01-02,STR001,New York Downtown #1,Northeast,flagship,1,5,2078.85,1974.91,103.94,1402.4,572.51,1974.91,28.99
2024-01-02,STR002,Boston Mall #2,Southeast,outlet,1,2,654.5,654.5,0.0,521.28,133.22,654.5,20.35
2024-01-02,STR008,Houston Mall #8,Midwest,online,1,1,389.05,389.05,0.0,296.12,92.93,389.05,23.89
2024-01-02,STR010,Denver Downtown #10,West,outlet,1,5,2459.05,2459.05,0.0,1436.6,1022.45,2459.05,41.58
2024-01-02,STR011,Los Angeles Mall #11,Northeast,express,1,3,1220.34,1098.31,122.03,639.75,458.56,1098.31,41.75
2024-01-02,STR013,Portland Downtown #13,Midwest,flagship,1,4,2382.36,2382.36,0.0,1225.88,1156.48,2382.36,48.54
2024-01-02,STR014,San Francisco Mall #14,Southwest,outlet,1,5,1945.25,1945.25,0.0,1480.6,464.65,1945.25,23.89
2024-01-02,STR015,Austin Mall #15,West,express,1,1,621.23,621.23,0.0,361.24,259.99,621.23,41.85
2024-01-02,STR017,Charlotte Mall #17,Southeast,flagship,1,1,54.14,54.14,0.0,43.9,10.24,54.14,18.91
2024-01-02,STR020,San Diego Mall #20,West,online,1,2,673.96,673.96,0.0,343.0,330.96,673.96,49.11
2024-01-02,STR021,Las Vegas Mall #21,Northeast,flagship,1,1,690.46,621.41,69.05,388.79,232.62,621.41,37.43
2024-01-02,STR022,Orlando Downtown #22,Southeast,outlet,1,1,526.75,526.75,0.0,322.3,204.45,526.75,38.81
2024-01-03,STR002,Boston Mall #2,Southeast,outlet,1,3,1983.99,1983.99,0.0,1042.08,941.91,1983.99,47.48
2024-01-03,STR004,Miami Downtown #4,Southwest,online,1,1,690.46,690.46,0.0,388.79,301.67,690.46,43.69
2024-01-03,STR005,Chicago Mall #5,West,flagship,2,7,1433.8899999999999,1390.24,43.65,1005.1600000000001,385.08,695.12,27.7
2024-01-03,STR006,Detroit Mall #6,Northeast,outlet,2,8,4749.09,4655.91,93.18,2989.9700000000003,1665.94,2327.96,35.78
2024-01-03,STR009,Phoenix Mall #9,Southwest,flagship,1,4,1716.28,1544.65,171.63,1061.36,483.29,1544.65,31.29
2024-01-03,STR010,Denver Downtown #10,West,outlet,3,11,2689.15,2512.01,177.14,1628.14,883.87,837.34,35.19
2024-01-03,STR014,San Francisco Mall #14,Southwest,outlet,1,3,409.11,409.11,0.0,177.78,231.33,409.11,56.54
2024-01-03,STR016,Nashville Downtown #16,Northeast,online,2,7,1492.21,1492.21,0.0,871.2,621.01,746.1,41.62
2024-01-03,STR017,Charlotte Mall #17,Southeast,flagship,1,4,322.68,306.55,16.13,273.84,32.71,306.55,10.67
2024-01-03,STR018,Minneapolis Mall #18,Midwest,outlet,1,5,1589.8,1589.8,0.0,1192.9,396.9,1589.8,24.97
2024-01-03,STR019,Philadelphia Downtown #19,Southwest,express,1,5,638.1,574.29,63.81,489.55,84.74,574.29,14.76
2024-01-03,STR020,San Diego Mall #20,West,online,1,5,638.1,638.1,0.0,489.55,148.55,638.1,23.28
2024-01-03,STR021,Las Vegas Mall #21,Northeast,flagship,1,3,1055.46,1055.46,0.0,568.5,486.96,1055.46,46.14
2024-01-03,STR023,Kansas City Mall #23,Midwest,express,2,6,2539.71,2047.9,491.81,1494.2199999999998,553.68,1023.95,27.04
2024-01-04,STR003,Atlanta Mall #3,Midwest,express,1,2,950.7,950.7,0.0,717.34,233.36,950.7,24.55
2024-01-04,STR004,Miami Downtown #4,Southwest,online,1,3,1194.06,1194.06,0.0,506.43,687.63,1194.06,57.59
2024-01-04,STR005,Chicago Mall #5,West,flagship,3,9,2092.9,1951.16,141.74,1606.3700000000001,344.78999999999996,650.39,17.67
2024-01-04,STR014,San Francisco Mall #14,Southwest,outlet,1,4,310.72,310.72,0.0,151.36,159.36,310.72,51.29
2024-01-04,STR015,Austin Mall #15,West,express,2,9,1228.04,1184.15,43.89,687.75,496.4,592.08,41.92
2024-01-04,STR020,San Diego Mall #20,West,online,1,4,1058.0,1058.0,0.0,560.2,497.8,1058.0,47.05
2024-01-04,STR021,Las Vegas Mall #21,Northeast,flagship,1,1,437.08,437.08,0.0,370.07,67.01,437.08,15.33
2024-01-04,STR022,Orlando Downtown #22,Southeast,outlet,1,3,2036.79,1731.27,305.52,899.85,831.42,1731.27,48.02
2024-01-04,STR023,Kansas City Mall #23,Midwest,express,1,1,507.8,431.63,76.17,374.55,57.08,431.63,13.22
2024-01-05,STR002,Boston Mall #2,Southeast,outlet,1,4,2878.08,2590.27,287.81,1371.72,1218.55,2590.27,47.04
2024-01-05,STR003,Atlanta Mall #3,Midwest,express,2,4,781.5,767.66,13.84,590.3,177.36,383.83,23.1
2024-01-05,STR006,Detroit Mall #6,Northeast,outlet,1,5,1774.55,1774.55,0.0,818.7,955.85,1774.55,53.86
2024-01-05,STR012,Seattle Mall #12,Southeast,online,2,7,1766.61,1736.15,30.46,1103.1299999999999,633.02,868.08,36.46
2024-01-05,STR014,San Francisco Mall #14,Southwest,outlet,1,1,10.52,10.52,0.0,4.93,5.59,10.52,53.14
2024-01-05,STR016,Nashville Downtown #16,Northeast,online,1,1,355.41,355.41,0.0,209.23,146.18,355.41,41.13
2024-01-05,STR019,Philadelphia Downtown #19,Southwest,express,2,4,1041.6399999999999,1001.84,39.8,524.4200000000001,477.42,500.92,47.65
2024-01-05,STR021,Las Vegas Mall #21,Northeast,flagship,2,3,1219.46,1219.46,0.0,668.8900000000001,550.57,609.73,45.15
2024-01-05,STR022,Orlando Downtown #22,Southeast,outlet,2,4,2513.47,2279.86,233.61,1192.53,1087.33,1139.93,47.69
2024-01-05,STR023,Kansas City Mall #23,Midwest,express,1,4,1967.24,1967.24,0.0,1149.28,817.96,1967.24,41.58
2024-01-06,STR003,Atlanta Mall #3,Midwest,express,4,14,4912.0,4872.25,39.75,2801.37,2070.88,1218.06,42.5
2024-01-06,STR005,Chicago Mall #5,West,flagship,3,10,3130.59,3117.55,13.04,1562.3400000000001,1555.21,1039.18,49.89
2024-01-06,STR006,Detroit Mall #6,Northeast,outlet,1,2,608.54,547.69,60.85,413.98,133.71,547.69,24.41
2024-01-06,STR007,Dallas Downtown #7,Southeast,express,1,2,198.74,198.74,0.0,90.88,107.86,198.74,54.27
2024-01-06,STR009,Phoenix Mall #9,Southwest,flagship,2,5,991.0,991.0,0.0,630.9100000000001,360.09000000000003,495.5,36.34
2024-01-06,STR016,Nashville Downtown #16,Northeast,online,2,9,5209.43,5209.43,0.0,2578.21,2631.2200000000003,2604.72,50.51
2024-01-06,STR017,Charlotte Mall #17,Southeast,flagship,1,2,1243.64,1243.64,0.0,627.98,615.66,1243.64,49.5
2024-01-06,STR019,Philadelphia Downtown #19,Southwest,express,2,7,2595.6499999999996,2553.8599999999997,41.79,1277.85,1276.01,1276.93,49.96
2024-01-06,STR020,San Diego Mall #20,West,online,1,5,2033.9,2033.9,0.0,1066.25,967.65,2033.9,47.58
2024-01-06,STR023,Kansas City Mall #23,Midwest,express,2,8,5812.32,5632.52,179.8,2544.76,3087.76,2816.26,54.82
2024-01-07,STR004,Miami Downtown #4,Southwest,online,1,1,122.8,122.8,0.0,93.4,29.4,122.8,23.94
2024-01-07,STR005,Chicago Mall #5,West,flagship,1,2,275.5,275.5,0.0,158.94,116.56,275.5,42.31
2024-01-07,STR006,Detroit Mall #6,Northeast,outlet,1,1,406.78,345.76,61.02,213.25,132.51,345.76,38.32
2024-01-07,STR008,Houston Mall #8,Midwest,online,2,5,2084.39,2013.4099999999999,70.98,919.38,1094.03,1006.7,54.34
2024-01-07,STR014,San Francisco Mall #14,Southwest,outlet,1,3,741.3,704.24,37.06,319.38,384.86,704.24,54.65
2024-01-07,STR015,Austin Mall #15,West,express,1,1,719.52,719.52,0.0,342.93,376.59,719.52,52.34
2024-01-07,STR016,Nashville Downtown #16,Northeast,online,1,5,1350.85,1350.85,0.0,638.7,712.15,1350.85,52.72
2024-01-07,STR019,Philadelphia Downtown #19,Southwest,express,1,3,298.11,283.2,14.91,136.32,146.88,283.2,51.86
2024-01-07,STR021,Las Vegas Mall #21,Northeast,flagship,1,2,673.96,606.56,67.4,343.0,263.56,606.56,43.45
2024-01-08,STR004,Miami Downtown #4,Southwest,online,1,4,1058.0,1058.0,0.0,560.2,497.8,1058.0,47.05
2024-01-08,STR007,Dallas Downtown #7,Southeast,express,1,4,1144.36,1144.36,0.0,890.04,254.32,1144.36,22.22
2024-01-08,STR008,Houston Mall #8,Midwest,online,1,1,61.42,61.42,0.0,34.93,26.49,61.42,43.13
2024-01-08,STR010,Denver Downtown #10,West,outlet,1,2,946.34,946.34,0.0,503.34,443.0,946.34,46.81
2024-01-08,STR011,Los Angeles Mall #11,Northeast,express,1,4,545.48,545.48,0.0,237.04,308.44,545.48,56.54
2024-01-08,STR012,Seattle Mall #12,Southeast,online,1,5,155.7,147.91,7.79,84.45,63.46,147.91,42.9
2024-01-08,STR013,Portland Downtown #13,Midwest,flagship,1,4,330.04,330.04,0.0,158.4,171.64,330.04,52.01
2024-01-08,STR017,Charlotte Mall #17,Southeast,flagship,1,4,938.44,938.44,0.0,614.6,323.84,938.44,34.51
2024-01-08,STR018,Minneapolis Mall #18,Midwest,outlet,2,9,2832.38,2832.38,0.0,1705.67,1126.71,1416.19,39.78
2024-01-08,STR019,Philadelphia Downtown #19,Southwest,express,1,1,412.83,412.83,0.0,193.96,218.87,412.83,53.02
2024-01-08,STR020,San Diego Mall #20,West,online,1,4,1106.72,1106.72,0.0,505.28,601.44,1106.72,54.34
2024-01-08,STR021,Las Vegas Mall #21,Northeast,flagship,1,1,264.5,264.5,0.0,140.05,124.45,264.5,47.05
2024-01-09,STR001,New York Downtown #1,Northeast,flagship,1,4,92.56,92.56,0.0,42.4,50.16,92.56,54.19
2024-01-09,STR004,Miami Downtown #4,Southwest,online,1,5,688.75,688.75,0.0,397.35,291.4,688.75,42.31
2024-01-09,STR006,Detroit Mall #6,Northeast,outlet,1,5,1824.3,1733.08,91.22,822.95,910.13,1733.08,52.52
2024-01-09,STR007,Dallas Downtown #7,Southeast,express,1,5,403.3,403.3,0.0,288.1,115.2,403.3,28.56
2024-01-09,STR008,Houston Mall #8,Midwest,online,2,10,5516.7,4820.88,695.8199999999999,3523.2,1297.6799999999998,2410.44,26.92
2024-01-09,STR011,Los Angeles Mall #11,Northeast,express,2,3,729.73,727.12,2.61,398.43,328.69,363.56,45.2
2024-01-09,STR012,Seattle Mall #12,Southeast,online,2,6,3004.99,2855.9,149.09,1746.8999999999999,1109.0,1427.95,38.83
2024-01-09,STR014,San Francisco Mall #14,Southwest,outlet,1,5,2885.4,2885.4,0.0,1906.25,979.15,2885.4,33.93
2024-01-09,STR017,Charlotte Mall #17,Southeast,flagship,1,2,729.72,583.78,145.94,329.18,254.6,583.78,43.61
2024-01-09,STR018,Minneapolis Mall #18,Midwest,outlet,2,6,3700.22,3556.3199999999997,143.9,1816.3600000000001,1739.96,1778.16,48.93
2024-01-09,STR021,Las Vegas Mall #21,Northeast,flagship,2,4,1220.08,1220.08,0.0,517.51,702.57,610.04,57.58
2024-01-09,STR022,Orlando Downtown #22,Southeast,outlet,1,2,653.06,653.06,0.0,466.56,186.5,653.06,28.56
2024-01-09,STR023,Kansas City Mall #23,Midwest,express,2,6,472.89000000000004,472.89000000000004,0.0,298.29,174.6,236.45,36.92
2024-01-10,STR001,New York Downtown #1,Northeast,flagship,1,1,621.23,621.23,0.0,361.24,259.99,621.23,41.85
2024-01-10,STR002,Boston Mall #2,Southeast,outlet,2,5,1227.8799999999999,1227.8799999999999,0.0,693.64,534.24,613.94,43.51
2024-01-10,STR010,Denver Downtown #10,West,outlet,2,8,1464.85,1464.85,0.0,1103.23,361.62,732.42,24.69
2024-01-10,STR011,Los Angeles Mall #11,Northeast,express,1,4,2002.2,2002.2,0.0,1294.72,707.48,2002.2,35.34
2024-01-10,STR012,Seattle Mall #12,Southeast,online,1,4,805.32,805.32,0.0,669.96,135.36,805.32,16.81
2024-01-10,STR013,Portland Downtown #13,Midwest,flagship,2,6,2659.04,2659.04,0.0,1714.82,944.22,1329.52,35.51
2024-01-10,STR014,San Francisco Mall #14,Southwest,outlet,2,10,3040.6000000000004,3040.6000000000004,0.0,1912.1499999999999,1128.45,1520.3,37.11
2024-01-10,STR018,Minneapolis Mall #18,Midwest,outlet,2,7,432.75,432.75,0.0,215.8,216.95,216.38,50.13
2024-01-10,STR020,San Diego Mall #20,West,online,2,5,1214.46,1067.1799999999998,147.28,639.11,428.07,533.59,40.11
2024-01-11,STR002,Boston Mall #2,Southeast,outlet,1,4,551.0,523.45,27.55,317.88,205.57,523.45,39.27
2024-01-11,STR003,Atlanta Mall #3,Midwest,express,1,4,2761.84,2761.84,0.0,1555.16,1206.68,2761.84,43.69
2024-01-11,STR006,Detroit Mall #6,Northeast,outlet,1,5,3597.6,3597.6,0.0,1714.65,1882.95,3597.6,52.34
2024-01-11,STR012,Seattle Mall #12,Southeast,online,1,1,675.27,675.27,0.0,333.41,341.86,675.27,50.63
2024-01-11,STR015,Austin Mall #15,West,express,1,5,507.95,507.95,0.0,387.05,120.9,507.95,23.8
2024-01-11,STR017,Charlotte Mall #17,Southeast,flagship,2,9,5277.75,5277.75,0.0,3101.73,2176.02,2638.88,41.23
2024-01-11,STR018,Minneapolis Mall #18,Midwest,outlet,2,4,1390.96,1390.96,0.0,1085.81,305.15,695.48,21.94
2024-01-12,STR004,Miami Downtown #4,Southwest,online,1,2,67.32,57.22,10.1,39.74,17.48,57.22,30.55
2024-01-12,STR005,Chicago Mall #5,West,flagship,1,1,127.62,127.62,0.0,97.91,29.71,127.62,23.28
2024-01-12,STR009,Phoenix Mall #9,Southwest,flagship,1,3,413.25,413.25,0.0,238.41,174.84,413.25,42.31
2024-01-12,STR012,Seattle Mall #12,Southeast,online,2,7,2989.4700000000003,2870.2,119.27,1891.51,978.6899999999999,1435.1,34.1
2024-01-12,STR014,San Francisco Mall #14,Southwest,outlet,3,13,3692.47,3692.47,0.0,2313.06,1379.4099999999999,1230.82,37.36
2024-01-12,STR015,Austin Mall #15,West,express,1,5,614.0,614.0,0.0,467.0,147.0,614.0,23.94
2024-01-12,STR016,Nashville Downtown #16,Northeast,online,1,4,582.04,582.04,0.0,402.56,179.48,582.04,30.84
2024-01-12,STR018,Minneapolis Mall #18,Midwest,outlet,1,5,4116.6,4116.6,0.0,1938.65,2177.95,4116.6,52.91
2024-01-12,STR020,San Diego Mall #20,West,online,1,2,1380.92,1380.92,0.0,777.58,603.34,1380.92,43.69
2024-01-12,STR023,Kansas City Mall #23,Midwest,express,1,4,2308.32,2308.32,0.0,1525.0,783.32,2308.32,33.93
2024-01-13,STR001,New York Downtown #1,Northeast,flagship,3,10,334.53000000000003,320.44,14.09,238.13,82.31,106.81,25.69
2024-01-13,STR002,Boston Mall #2,Southeast,outlet,1,4,3595.92,3595.92,0.0,1587.88,2008.04,3595.92,55.84
2024-01-13,STR003,Atlanta Mall #3,Midwest,express,2,5,957.96,957.96,0.0,467.21000000000004,490.75,478.98,51.23
2024-01-13,STR004,Miami Downtown #4,Southwest,online,3,10,5619.06,5321.62,297.44,3445.92,1875.6999999999998,1773.87,35.25
2024-01-13,STR005,Chicago Mall #5,West,flagship,2,9,3873.8,3873.8,0.0,2332.09,1541.71,1936.9,39.8
2024-01-13,STR006,Detroit Mall #6,Northeast,outlet,1,4,310.72,310.72,0.0,151.36,159.36,310.72,51.29
2024-01-13,STR007,Dallas Downtown #7,Southeast,express,1,1,304.27,304.27,0.0,206.99,97.28,304.27,31.97
2024-01-13,STR008,Houston Mall #8,Midwest,online,1,2,467.72,467.72,0.0,233.5,234.22,467.72,50.08
2024-01-13,STR010,Denver Downtown #10,West,outlet,1,2,338.74,321.8,16.94,216.52,105.28,321.8,32.72
2024-01-13,STR011,Los Angeles Mall #11,Northeast,express,1,2,1243.64,1243.64,0.0,627.98,615.66,1243.64,49.5
2024-01-13,STR014,San Francisco Mall #14,Southwest,outlet,1,3,1675.98,1675.98,0.0,966.42,709.56,1675.98,42.34
2024-01-13,STR016,Nashville Downtown #16,Northeast,online,3,8,2993.08,2933.8399999999997,59.239999999999995,1940.6799999999998,993.16,977.95,33.85
2024-01-13,STR017,Charlotte Mall #17,Southeast,flagship,1,4,2107.0,2107.0,0.0,1289.2,817.8,2107.0,38.81
2024-01-13,STR018,Minneapolis Mall #18,Midwest,outlet,2,4,1193.17,1193.17,0.0,899.44,293.73,596.58,24.62
2024-01-13,STR022,Orlando Downtown #22,Southeast,outlet,1,3,798.9,758.95,39.95,376.53,382.42,758.95,50.39
2024-01-14,STR004,Miami Downtown #4,Southwest,online,2,2,469.22,445.76,23.46,307.3,138.45999999999998,222.88,31.06
2024-01-14,STR006,Detroit Mall #6,Northeast,outlet,1,1,507.8,507.8,0.0,374.55,133.25,507.8,26.24
2024-01-14,STR007,Dallas Downtown #7,Southeast,express,2,2,1244.44,1244.44,0.0,605.3800000000001,639.06,622.22,51.35
2024-01-14,STR009,Phoenix Mall #9,Southwest,flagship,1,2,1139.74,1139.74,0.0,547.7,592.04,1139.74,51.95
2024-01-14,STR010,Denver Downtown #10,West,outlet,1,1,354.91,301.67,53.24,163.74,137.93,301.67,45.72
2024-01-14,STR012,Seattle Mall #12,Southeast,online,2,7,1713.6100000000001,1691.69,21.92,1299.03,392.66,845.84,23.21
2024-01-14,STR016,Nashville Downtown #16,Northeast,online,1,4,1271.84,1208.25,63.59,954.32,253.93,1208.25,21.02
2024-01-14,STR018,Minneapolis Mall #18,Midwest,outlet,1,5,380.7,380.7,0.0,297.6,83.1,380.7,21.83
2024-01-14,STR020,San Diego Mall #20,West,online,1,4,2385.48,2385.48,0.0,1389.04,996.44,2385.48,41.77
2024-01-14,STR021,Las Vegas Mall #21,Northeast,flagship,1,3,2071.38,1967.81,103.57,1166.37,801.44,1967.81,40.73
2024-01-14,STR023,Kansas City Mall #23,Midwest,express,2,6,2229.05,2160.08,68.97,1677.6799999999998,482.4,1080.04,22.33
2024-01-15,STR001,New York Downtown #1,Northeast,flagship,1,4,276.76,276.76,0.0,237.08,39.68,276.76,14.34
2024-01-15,STR002,Boston Mall #2,Southeast,outlet,2,5,3100.92,3100.92,0.0,1563.19,1537.73,1550.46,49.59
2024-01-15,STR007,Dallas Downtown #7,Southeast,express,1,2,637.58,637.58,0.0,465.06,172.52,637.58,27.06
2024-01-15,STR009,Phoenix Mall #9,Southwest,flagship,2,10,2871.6000000000004,2850.9700000000003,20.63,1634.6,1216.3700000000001,1425.48,42.67
2024-01-15,STR010,Denver Downtown #10,West,outlet,1,5,864.6,864.6,0.0,569.95,294.65,864.6,34.08
2024-01-15,STR012,Seattle Mall #12,Southeast,online,1,3,283.41,283.41,0.0,142.74,140.67,283.41,49.63
2024-01-15,STR014,San Francisco Mall #14,Southwest,outlet,1,5,632.45,600.83,31.62,412.7,188.13,600.83,31.31
2024-01-15,STR015,Austin Mall #15,West,express,1,3,1624.83,1624.83,0.0,799.83,825.0,1624.83,50.77
2024-01-15,STR016,Nashville Downtown #16,Northeast,online,1,3,409.11,409.11,0.0,177.78,231.33,409.11,56.54
2024-01-15,STR017,Charlotte Mall #17,Southeast,flagship,1,5,1006.65,1006.65,0.0,837.45,169.2,1006.65,16.81
2024-01-15,STR019,Philadelphia Downtown #19,Southwest,express,2,5,3405.12,3405.12,0.0,1738.29,1666.83,1702.56,48.95
2024-01-15,STR022,Orlando Downtown #22,Southeast,outlet,1,3,78.06,74.16,3.9,33.24,40.92,74.16,55.18
2024-01-15,STR023,Kansas City Mall #23,Midwest,express,2,6,3538.75,3538.75,0.0,1716.66,1822.0900000000001,1769.38,51.49
2024-01-16,STR002,Boston Mall #2,Southeast,outlet,2,8,2798.78,2798.78,0.0,1755.7800000000002,1043.0,1399.39,37.27
2024-01-16,STR005,Chicago Mall #5,West,flagship,1,4,805.32,805.32,0.0,669.96,135.36,805.32,16.81
2024-01-16,STR006,Detroit Mall #6,Northeast,outlet,2,8,4311.45,4167.18,144.27,2982.26,1184.92,2083.59,28.43
2024-01-16,STR007,Dallas Downtown #7,Southeast,express,1,1,544.43,544.43,0.0,264.45,279.98,544.43,51.43
2024-01-16,STR008,Houston Mall #8,Midwest,online,1,2,813.56,813.56,0.0,426.5,387.06,813.56,47.58
2024-01-16,STR012,Seattle Mall #12,Southeast,online,2,7,1705.0500000000002,1705.0500000000002,0.0,979.66,725.39,852.53,42.54
2024-01-16,STR015,Austin Mall #15,West,express,2,2,955.5,873.8399999999999,81.66,486.77,387.07,436.92,44.3
2024-01-16,STR017,Charlotte Mall #17,Southeast,flagship,1,2,338.74,338.74,0.0,216.52,122.22,338.74,36.08
2024-01-17,STR005,Chicago Mall #5,West,flagship,2,8,3252.88,3252.88,0.0,2311.3900000000003,941.49,1626.44,28.94
2024-01-17,STR006,Detroit Mall #6,Northeast,outlet,2,4,1834.08,1586.38,247.7,888.35,698.03,793.19,44.0
2024-01-17,STR007,Dallas Downtown #7,Southeast,express,1,2,548.6,493.74,54.86,382.66,111.08,493.74,22.5
2024-01-17,STR009,Phoenix Mall #9,Southwest,flagship,1,5,1371.5,1302.92,68.58,956.65,346.27,1302.92,26.58
2024-01-17,STR019,Philadelphia Downtown #19,Southwest,express,1,5,1322.5,1322.5,0.0,700.25,622.25,1322.5,47.05
2024-01-17,STR020,San Diego Mall #20,West,online,1,3,2158.56,1942.7,215.86,1028.79,913.91,1942.7,47.04
2024-01-17,STR021,Las Vegas Mall #21,Northeast,flagship,1,4,2177.72,2177.72,0.0,1057.8,1119.92,2177.72,51.43
2024-01-17,STR022,Orlando Downtown #22,Southeast,outlet,1,5,3597.6,3597.6,0.0,1714.65,1882.95,3597.6,52.34
2024-01-17,STR023,Kansas City Mall #23,Midwest,express,1,5,1774.55,1774.55,0.0,818.7,955.85,1774.55,53.86
2024-01-18,STR001,New York Downtown #1,Northeast,flagship,1,5,1824.3,1550.66,273.64,822.95,727.71,1550.66,46.93
2024-01-18,STR003,Atlanta Mall #3,Midwest,express,2,2,420.58,420.58,0.0,302.1,118.48,210.29,28.17
2024-01-18,STR006,Detroit Mall #6,Northeast,outlet,2,8,3564.55,3454.0,110.55,2379.62,1074.38,1727.0,31.11
2024-01-18,STR010,Denver Downtown #10,West,outlet,1,5,1169.3,1169.3,0.0,583.75,585.55,1169.3,50.08
2024-01-18,STR014,San Francisco Mall #14,Southwest,outlet,1,5,2185.4,2185.4,0.0,1850.35,335.05,2185.4,15.33
2024-01-18,STR016,Nashville Downtown #16,Northeast,online,1,4,1309.0,1309.0,0.0,1042.56,266.44,1309.0,20.35
2024-01-18,STR019,Philadelphia Downtown #19,Southwest,express,1,3,806.61,766.28,40.33,498.6,267.68,766.28,34.93
2024-01-18,STR021,Las Vegas Mall #21,Northeast,flagship,1,1,388.71,388.71,0.0,196.46,192.25,388.71,49.46
2024-01-18,STR022,Orlando Downtown #22,Southeast,outlet,1,4,557.24,557.24,0.0,293.4,263.84,557.24,47.35
2024-01-19,STR003,Atlanta Mall #3,Midwest,express,1,1,569.87,569.87,0.0,273.85,296.02,569.87,51.95
2024-01-19,STR006,Detroit Mall #6,Northeast,outlet,2,7,2324.45,2324.45,0.0,1589.2,735.25,1162.22,31.63
2024-01-19,STR007,Dallas Downtown #7,Southeast,express,1,1,137.75,137.75,0.0,79.47,58.28,137.75,42.31
2024-01-19,STR009,Phoenix Mall #9,Southwest,flagship,1,4,545.48,545.48,0.0,237.04,308.44,545.48,56.54
2024-01-19,STR012,Seattle Mall #12,Southeast,online,1,3,162.42,129.94,32.48,131.7,-1.76,129.94,-1.35
2024-01-19,STR013,Portland Downtown #13,Midwest,flagship,2,5,2504.1800000000003,2409.1099999999997,95.07,1821.75,587.36,1204.55,24.38
2024-01-19,STR014,San Francisco Mall #14,Southwest,outlet,1,1,82.51,82.51,0.0,39.6,42.91,82.51,52.01
2024-01-19,STR015,Austin Mall #15,West,express,1,4,2411.12,2411.12,0.0,1548.28,862.84,2411.12,35.79
2024-01-19,STR017,Charlotte Mall #17,Southeast,flagship,1,4,1618.96,1618.96,0.0,1078.2,540.76,1618.96,33.4
2024-01-19,STR021,Las Vegas Mall #21,Northeast,flagship,1,2,809.48,809.48,0.0,539.1,270.38,809.48,33.4
2024-01-19,STR022,Orlando Downtown #22,Southeast,outlet,2,5,868.59,868.59,0.0,568.1,300.49,434.3,34.6
2024-01-20,STR001,New York Downtown #1,Northeast,flagship,1,3,1709.61,1709.61,0.0,821.55,888.06,1709.61,51.95
2024-01-20,STR004,Miami Downtown #4,Southwest,online,1,4,1954.2,1954.2,0.0,1400.32,553.88,1954.2,28.34
2024-01-20,STR005,Chicago Mall #5,West,flagship,1,3,409.11,388.65,20.46,177.78,210.87,388.65,54.26
2024-01-20,STR009,Phoenix Mall #9,Southwest,flagship,1,5,2539.0,2539.0,0.0,1872.75,666.25,2539.0,26.24
2024-01-20,STR010,Denver Downtown #10,West,outlet,1,1,326.53,310.2,16.33,233.28,76.92,310.2,24.8
2024-01-20,STR011,Los Angeles Mall #11,Northeast,express,1,3,1462.05,1462.05,0.0,865.05,597.0,1462.05,40.83
2024-01-20,STR012,Seattle Mall #12,Southeast,online,1,4,505.96,505.96,0.0,330.16,175.8,505.96,34.75
2024-01-20,STR013,Portland Downtown #13,Midwest,flagship,1,5,846.85,719.82,127.03,541.3,178.52,719.82,24.8
2024-01-20,STR015,Austin Mall #15,West,express,1,3,778.71,778.71,0.0,448.32,330.39,778.71,42.43
2024-01-20,STR016,Nashville Downtown #16,Northeast,online,1,1,10.52,8.94,1.58,4.93,4.01,8.94,44.85
2024-01-20,STR018,Minneapolis Mall #18,Midwest,outlet,2,9,4268.99,3984.05,284.94,2024.21,1959.8400000000001,1992.02,49.19
2024-01-20,STR021,Las Vegas Mall #21,Northeast,flagship,1,3,1238.49,1238.49,0.0,581.88,656.61,1238.49,53.02
2024-01-20,STR022,Orlando Downtown #22,Southeast,outlet,1,3,518.76,518.76,0.0,341.97,176.79,518.76,34.08
2024-01-20,STR023,Kansas City Mall #23,Midwest,express,2,7,2636.2,2636.2,0.0,1722.28,913.9200000000001,1318.1,34.67
2024-01-21,STR001,New York Downtown #1,Northeast,flagship,1,1,137.75,137.75,0.0,79.47,58.28,137.75,42.31
2024-01-21,STR003,Atlanta Mall #3,Midwest,express,1,1,247.1,247.1,0.0,106.46,140.64,247.1,56.92
2024-01-21,STR004,Miami Downtown #4,Southwest,online,1,4,397.48,397.48,0.0,181.76,215.72,397.48,54.27
2024-01-21,STR005,Chicago Mall #5,West,flagship,1,2,653.06,653.06,0.0,466.56,186.5,653.06,28.56
2024-01-21,STR006,Detroit Mall #6,Northeast,outlet,1,2,1154.16,1154.16,0.0,762.5,391.66,1154.16,33.93
2024-01-21,STR012,Seattle Mall #12,Southeast,online,1,4,1892.68,1703.41,189.27,1006.68,696.73,1703.41,40.9
2024-01-21,STR014,San Francisco Mall #14,Southwest,outlet,1,4,304.56,304.56,0.0,238.08,66.48,304.56,21.83
2024-01-21,STR015,Austin Mall #15,West,express,1,5,2502.75,2127.34,375.41,1618.4,508.94,2127.34,23.92
2024-01-21,STR017,Charlotte Mall #17,Southeast,flagship,1,3,1501.65,1501.65,0.0,971.04,530.61,1501.65,35.34
2024-01-21,STR018,Minneapolis Mall #18,Midwest,outlet,1,2,608.54,608.54,0.0,413.98,194.56,608.54,31.97
2024-01-21,STR020,San Diego Mall #20,West,online,1,1,602.78,512.36,90.42,387.07,125.29,512.36,24.45
2024-01-21,STR021,Las Vegas Mall #21,Northeast,flagship,1,3,1731.24,1731.24,0.0,1143.75,587.49,1731.24,33.93
2024-01-21,STR022,Orlando Downtown #22,Southeast,outlet,3,10,2882.59,2868.25,14.34,1393.22,1475.0300000000002,956.08,51.43
2024-01-21,STR023,Kansas City Mall #23,Midwest,express,1,4,1716.28,1716.28,0.0,1061.36,654.92,1716.28,38.16
2024-01-22,STR006,Detroit Mall #6,Northeast,outlet,3,10,823.88,817.36,6.52,476.14,341.22,272.45,41.75
2024-01-22,STR007,Dallas Downtown #7,Southeast,express,1,2,203.18,203.18,0.0,154.82,48.36,203.18,23.8
2024-01-22,STR009,Phoenix Mall #9,Southwest,flagship,1,1,139.31,139.31,0.0,73.35,65.96,139.31,47.35
2024-01-22,STR013,Portland Downtown #13,Midwest,flagship,2,6,1295.85,1295.85,0.0,861.65,434.2,647.92,33.51
2024-01-22,STR015,Austin Mall #15,West,express,2,8,2327.87,2136.6,191.27,1654.24,482.36,1068.3,22.58
2024-01-22,STR021,Las Vegas Mall #21,Northeast,flagship,1,4,2306.36,2306.36,0.0,1529.36,777.0,2306.36,33.69
2024-01-22,STR023,Kansas City Mall #23,Midwest,express,1,5,1371.5,1371.5,0.0,956.65,414.85,1371.5,30.25
2024-01-23,STR002,Boston Mall #2,Southeast,outlet,1,1,648.85,648.85,0.0,298.91,349.94,648.85,53.93
2024-01-23,STR003,Atlanta Mall #3,Midwest,express,1,5,403.3,403.3,0.0,288.1,115.2,403.3,28.56
2024-01-23,STR005,Chicago Mall #5,West,flagship,1,3,701.58,701.58,0.0,350.25,351.33,701.58,50.08
2024-01-23,STR007,Dallas Downtown #7,Southeast,express,1,2,654.56,621.83,32.73,299.26,322.57,621.83,51.87
2024-01-23,STR008,Houston Mall #8,Midwest,online,1,3,348.93,348.93,0.0,285.33,63.6,348.93,18.23
2024-01-23,STR009,Phoenix Mall #9,Southwest,flagship,2,8,2198.67,2198.67,0.0,1413.74,784.93,1099.34,35.7
2024-01-23,STR012,Seattle Mall #12,Southeast,online,1,4,1592.08,1353.27,238.81,675.24,678.03,1353.27,50.1
2024-01-23,STR014,San Francisco Mall #14,Southwest,outlet,1,1,576.59,576.59,0.0,382.34,194.25,576.59,33.69
2024-01-23,STR016,Nashville Downtown #16,Northeast,online,1,2,345.84,345.84,0.0,227.98,117.86,345.84,34.08
2024-01-23,STR018,Minneapolis Mall #18,Midwest,outlet,1,4,1275.16,1275.16,0.0,930.12,345.04,1275.16,27.06
2024-01-23,STR020,San Diego Mall #20,West,online,2,10,2846.35,2846.35,0.0,1878.45,967.9,1423.18,34.0
2024-01-23,STR022,Orlando Downtown #22,Southeast,outlet,1,2,532.6,532.6,0.0,251.02,281.58,532.6,52.87
2024-01-23,STR023,Kansas City Mall #23,Midwest,express,1,4,2878.08,2878.08,0.0,1371.72,1506.36,2878.08,52.34
2024-01-24,STR004,Miami Downtown #4,Southwest,online,1,3,1064.73,1064.73,0.0,491.22,573.51,1064.73,53.86
2024-01-24,STR005,Chicago Mall #5,West,flagship,1,2,673.96,673.96,0.0,343.0,330.96,673.96,49.11
2024-01-24,STR006,Detroit Mall #6,Northeast,outlet,1,1,490.08,490.08,0.0,265.44,224.64,490.08,45.84
2024-01-24,STR009,Phoenix Mall #9,Southwest,flagship,1,5,1759.1,1759.1,0.0,947.5,811.6,1759.1,46.14
2024-01-24,STR011,Los Angeles Mall #11,Northeast,express,2,5,2015.09,2015.09,0.0,1186.16,828.9300000000001,1007.54,41.14
2024-01-24,STR012,Seattle Mall #12,Southeast,online,1,2,653.06,620.41,32.65,466.56,153.85,620.41,24.8
2024-01-24,STR015,Austin Mall #15,West,express,2,5,3166.21,2917.48,248.73,1555.91,1361.5700000000002,1458.74,46.67
2024-01-24,STR016,Nashville Downtown #16,Northeast,online,1,2,108.28,108.28,0.0,87.8,20.48,108.28,18.91
2024-01-24,STR017,Charlotte Mall #17,Southeast,flagship,1,5,155.7,155.7,0.0,84.45,71.25,155.7,45.76
2024-01-24,STR019,Philadelphia Downtown #19,Southwest,express,1,3,1061.55,1008.47,53.08,815.13,193.34,1008.47,19.17
2024-01-25,STR001,New York Downtown #1,Northeast,flagship,3,7,1418.49,1381.6399999999999,36.85,767.89,613.75,460.55,44.42
2024-01-25,STR003,Atlanta Mall #3,Midwest,express,1,2,654.5,589.05,65.45,521.28,67.77,589.05,11.5
2024-01-25,STR007,Dallas Downtown #7,Southeast,express,2,9,5293.38,5179.41,113.97,3030.75,2148.66,2589.7,41.48
2024-01-25,STR008,Houston Mall #8,Midwest,online,1,3,822.9,822.9,0.0,573.99,248.91,822.9,30.25
2024-01-25,STR010,Denver Downtown #10,West,outlet,1,4,551.0,523.45,27.55,317.88,205.57,523.45,39.27
2024-01-25,STR014,San Francisco Mall #14,Southwest,outlet,2,4,1837.12,1837.12,0.0,1298.33,538.79,918.56,29.33
2024-01-25,STR017,Charlotte Mall #17,Southeast,flagship,2,7,1243.37,1231.53,11.84,939.95,291.58,615.76,23.68
2024-01-25,STR019,Philadelphia Downtown #19,Southwest,express,1,2,709.82,709.82,0.0,327.48,382.34,709.82,53.86
2024-01-25,STR020,San Diego Mall #20,West,online,1,5,1636.25,1636.25,0.0,1303.2,333.05,1636.25,20.35
2024-01-25,STR023,Kansas City Mall #23,Midwest,express,1,3,241.98,241.98,0.0,172.86,69.12,241.98,28.56
2024-01-26,STR003,Atlanta Mall #3,Midwest,express,2,8,1101.72,1101.72,0.0,780.96,320.76,550.86,29.11
2024-01-26,STR004,Miami Downtown #4,Southwest,online,1,2,402.66,382.53,20.13,334.98,47.55,382.53,12.43
2024-01-26,STR007,Dallas Downtown #7,Southeast,express,1,4,2234.64,2122.91,111.73,1288.56,834.35,2122.91,39.3
2024-01-26,STR010,Denver Downtown #10,West,outlet,1,2,539.96,512.96,27.0,402.84,110.12,512.96,21.47
2024-01-26,STR011,Los Angeles Mall #11,Northeast,express,1,4,1967.24,1967.24,0.0,1149.28,817.96,1967.24,41.58
2024-01-26,STR012,Seattle Mall #12,Southeast,online,1,2,122.84,110.56,12.28,69.86,40.7,110.56,36.81
2024-01-26,STR016,Nashville Downtown #16,Northeast,online,2,7,2488.8199999999997,2488.8199999999997,0.0,1276.68,1212.14,1244.41,48.7
2024-01-26,STR018,Minneapolis Mall #18,Midwest,outlet,1,4,1651.32,1651.32,0.0,775.84,875.48,1651.32,53.02
2024-01-26,STR019,Philadelphia Downtown #19,Southwest,express,1,5,155.7,155.7,0.0,84.45,71.25,155.7,45.76
2024-01-27,STR001,New York Downtown #1,Northeast,flagship,1,2,21.04,16.83,4.21,9.86,6.97,16.83,41.41
2024-01-27,STR002,Boston Mall #2,Southeast,outlet,1,3,242.01,242.01,0.0,205.38,36.63,242.01,15.14
2024-01-27,STR003,Atlanta Mall #3,Midwest,express,1,5,1999.2,1999.2,0.0,1147.75,851.45,1999.2,42.59
2024-01-27,STR004,Miami Downtown #4,Southwest,online,1,1,488.55,488.55,0.0,350.08,138.47,488.55,28.34
2024-01-27,STR005,Chicago Mall #5,West,flagship,1,5,52.6,52.6,0.0,24.65,27.95,52.6,53.14
2024-01-27,STR012,Seattle Mall #12,Southeast,online,1,1,690.46,690.46,0.0,388.79,301.67,690.46,43.69
2024-01-27,STR014,San Francisco Mall #14,Southwest,outlet,1,3,184.26,184.26,0.0,104.79,79.47,184.26,43.13
2024-01-27,STR015,Austin Mall #15,West,express,1,2,810.26,810.26,0.0,505.7,304.56,810.26,37.59
2024-01-27,STR018,Minneapolis Mall #18,Midwest,outlet,1,1,304.27,304.27,0.0,206.99,97.28,304.27,31.97
2024-01-27,STR019,Philadelphia Downtown #19,Southwest,express,1,2,161.34,153.27,8.07,136.92,16.35,153.27,10.67
2024-01-27,STR021,Las Vegas Mall #21,Northeast,flagship,2,5,2243.3199999999997,2157.51,85.81,1427.9299999999998,729.58,1078.76,33.82
2024-01-28,STR001,New York Downtown #1,Northeast,flagship,1,4,1079.92,1079.92,0.0,805.68,274.24,1079.92,25.39
2024-01-28,STR004,Miami Downtown #4,Southwest,online,2,8,2320.25,2320.25,0.0,1411.48,908.77,1160.12,39.17
2024-01-28,STR007,Dallas Downtown #7,Southeast,express,1,5,1246.7,1246.7,0.0,879.05,367.65,1246.7,29.49
2024-01-28,STR010,Denver Downtown #10,West,outlet,2,3,660.22,553.7,106.52,348.93,204.77,276.85,36.98
2024-01-28,STR018,Minneapolis Mall #18,Midwest,outlet,3,10,3215.4,3215.4,0.0,1980.8000000000002,1234.6,1071.8,38.4
2024-01-28,STR019,Philadelphia Downtown #19,Southwest,express,1,5,2436.75,2436.75,0.0,1441.75,995.0,2436.75,40.83
2024-01-28,STR022,Orlando Downtown #22,Southeast,outlet,1,3,1374.57,1374.57,0.0,591.9,782.67,1374.57,56.94
2024-01-29,STR009,Phoenix Mall #9,Southwest,flagship,1,4,322.68,322.68,0.0,273.84,48.84,322.68,15.14
2024-01-29,STR011,Los Angeles Mall #11,Northeast,express,2,9,5162.43,5162.43,0.0,3007.1000000000004,2155.33,2581.22,41.75
2024-01-29,STR016,Nashville Downtown #16,Northeast,online,1,4,510.48,484.96,25.52,391.64,93.32,484.96,19.24
2024-01-29,STR019,Philadelphia Downtown #19,Southwest,express,1,3,1232.01,1108.81,123.2,610.56,498.25,1108.81,44.94
2024-01-29,STR023,Kansas City Mall #23,Midwest,express,1,4,2306.36,2075.72,230.64,1529.36,546.36,2075.72,26.32
2024-01-30,STR003,Atlanta Mall #3,Midwest,express,1,1,602.78,602.78,0.0,387.07,215.71,602.78,35.79
2024-01-30,STR005,Chicago Mall #5,West,flagship,3,8,3701.12,3372.15,328.97,2235.82,1136.33,1124.05,33.7
2024-01-30,STR006,Detroit Mall #6,Northeast,outlet,1,4,1421.64,1421.64,0.0,836.92,584.72,1421.64,41.13
2024-01-30,STR008,Houston Mall #8,Midwest,online,1,4,1620.52,1620.52,0.0,1011.4,609.12,1620.52,37.59
2024-01-30,STR012,Seattle Mall #12,Southeast,online,2,6,1215.86,1215.86,0.0,775.26,440.6,607.93,36.24
2024-01-30,STR016,Nashville Downtown #16,Northeast,online,1,4,2306.36,2306.36,0.0,1529.36,777.0,2306.36,33.69
2024-01-30,STR017,Charlotte Mall #17,Southeast,flagship,1,4,1620.52,1620.52,0.0,1011.4,609.12,1620.52,37.59
2024-01-30,STR020,San Diego Mall #20,West,online,2,5,591.14,591.14,0.0,449.26,141.88,295.57,24.0
2024-01-30,STR021,Las Vegas Mall #21,Northeast,flagship,2,6,1844.9099999999999,1844.9099999999999,0.0,1158.78,686.13,922.46,37.19
2024-01-31,STR001,New York Downtown #1,Northeast,flagship,2,10,544.0999999999999,544.0999999999999,0.0,273.65,270.45,272.05,49.71
2024-01-31,STR002,Boston Mall #2,Southeast,outlet,1,2,1389.24,1111.39,277.85,740.4,370.99,1111.39,33.38
2024-01-31,STR004,Miami Downtown #4,Southwest,online,1,5,1824.3,1824.3,0.0,822.95,1001.35,1824.3,54.89
2024-01-31,STR006,Detroit Mall #6,Northeast,outlet,1,3,518.76,518.76,0.0,341.97,176.79,518.76,34.08
2024-01-31,STR007,Dallas Downtown #7,Southeast,express,1,3,912.81,821.53,91.28,620.97,200.56,821.53,24.41
2024-01-31,STR009,Phoenix Mall #9,Southwest,flagship,1,5,3473.1,3473.1,0.0,1851.0,1622.1,3473.1,46.7
2024-01-31,STR010,Denver Downtown #10,West,outlet,3,12,4216.64,3733.75,482.89,2825.92,907.8299999999999,1244.58,24.31
2024-01-31,STR011,Los Angeles Mall #11,Northeast,express,1,2,46.28,41.65,4.63,21.2,20.45,41.65,49.1
2024-01-31,STR013,Portland Downtown #13,Midwest,flagship,1,2,1108.2,1108.2,0.0,478.44,629.76,1108.2,56.83
2024-01-31,STR014,San Francisco Mall #14,Southwest,outlet,1,1,558.66,558.66,0.0,322.14,236.52,558.66,42.34
2024-01-31,STR017,Charlotte Mall #17,Southeast,flagship,1,3,2696.94,2696.94,0.0,1190.91,1506.03,2696.94,55.84
2024-01-31,STR018,Minneapolis Mall #18,Midwest,outlet,2,3,1966.3200000000002,1688.4700000000003,277.85,1121.65,566.82,844.24,33.57
2024-01-31,STR020,San Diego Mall #20,West,online,1,2,1192.74,1192.74,0.0,694.52,498.22,1192.74,41.77
2024-02-01,STR001,New York Downtown #1,Northeast,flagship,1,5,1006.65,1006.65,0.0,837.45,169.2,1006.65,16.81
2024-02-01,STR002,Boston Mall #2,Southeast,outlet,1,5,115.7,115.7,0.0,53.0,62.7,115.7,54.19
2024-02-01,STR005,Chicago Mall #5,West,flagship,1,5,2442.75,1954.2,488.55,1750.4,203.8,1954.2,10.43
2024-02-01,STR007,Dallas Downtown #7,Southeast,express,3,9,4076.42,4076.42,0.0,2635.99,1440.4299999999998,1358.81,35.34
2024-02-01,STR012,Seattle Mall #12,Southeast,online,1,4,938.44,844.6,93.84,614.6,230.0,844.6,27.23
2024-02-01,STR014,San Francisco Mall #14,Southwest,outlet,1,3,1523.4,1523.4,0.0,1123.65,399.75,1523.4,26.24
2024-02-01,STR016,Nashville Downtown #16,Northeast,online,2,4,1503.73,1503.73,0.0,1113.85,389.88,751.86,25.93
2024-02-01,STR018,Minneapolis Mall #18,Midwest,outlet,1,2,519.14,519.14,0.0,298.88,220.26,519.14,42.43
2024-02-01,STR020,San Diego Mall #20,West,online,1,4,551.0,440.8,110.2,317.88,122.92,440.8,27.89
2024-02-01,STR022,Orlando Downtown #22,Southeast,outlet,1,3,1974.99,1678.74,296.25,966.12,712.62,1678.74,42.45
2024-02-02,STR001,New York Downtown #1,Northeast,flagship,1,1,122.8,122.8,0.0,93.4,29.4,122.8,23.94
2024-02-02,STR004,Miami Downtown #4,Southwest,online,1,4,473.44,473.44,0.0,205.0,268.44,473.44,56.7
2024-02-02,STR005,Chicago Mall #5,West,flagship,1,1,304.27,304.27,0.0,206.99,97.28,304.27,31.97
2024-02-02,STR006,Detroit Mall #6,Northeast,outlet,1,1,544.43,489.99,54.44,264.45,225.54,489.99,46.03
2024-02-02,STR008,Houston Mall #8,Midwest,online,1,4,406.36,406.36,0.0,309.64,96.72,406.36,23.8
2024-02-02,STR013,Portland Downtown #13,Midwest,flagship,1,2,198.74,198.74,0.0,90.88,107.86,198.74,54.27
2024-02-02,STR015,Austin Mall #15,West,express,1,4,2778.48,2778.48,0.0,1480.8,1297.68,2778.48,46.7
2024-02-02,STR017,Charlotte Mall #17,Southeast,flagship,1,1,399.84,399.84,0.0,229.55,170.29,399.84,42.59
2024-02-02,STR021,Las Vegas Mall #21,Northeast,flagship,1,5,638.1,638.1,0.0,489.55,148.55,638.1,23.28
2024-02-02,STR022,Orlando Downtown #22,Southeast,outlet,1,3,1214.22,1214.22,0.0,808.65,405.57,1214.22,33.4
2024-02-03,STR001,New York Downtown #1,Northeast,flagship,1,1,475.35,475.35,0.0,358.67,116.68,475.35,24.55
2024-02-03,STR002,Boston Mall #2,Southeast,outlet,2,5,1136.5900000000001,1109.96,26.63,753.49,356.46999999999997,554.98,32.12
2024-02-03,STR005,Chicago Mall #5,West,flagship,1,3,413.25,371.92,41.33,238.41,133.51,371.92,35.9
2024-02-03,STR010,Denver Downtown #10,West,outlet,1,4,1306.12,1240.81,65.31,933.12,307.69,1240.81,24.8
2024-02-03,STR012,Seattle Mall #12,Southeast,online,2,8,4608.54,4608.54,0.0,2229.15,2379.39,2304.27,51.63
2024-02-03,STR015,Austin Mall #15,West,express,1,5,864.6,864.6,0.0,569.95,294.65,864.6,34.08
2024-02-03,STR018,Minneapolis Mall #18,Midwest,outlet,1,5,388.4,388.4,0.0,189.2,199.2,388.4,51.29
2024-02-03,STR021,Las Vegas Mall #21,Northeast,flagship,1,3,1061.55,955.39,106.16,815.13,140.26,955.39,14.68
2024-02-03,STR022,Orlando Downtown #22,Southeast,outlet,1,2,553.36,553.36,0.0,252.64,300.72,553.36,54.34
2024-02-04,STR002,Boston Mall #2,Southeast,outlet,2,5,2434.29,2339.66,94.63,1273.29,1066.37,1169.83,45.58
2024-02-04,STR003,Atlanta Mall #3,Midwest,express,3,12,2882.41,2813.24,69.17,1534.65,1278.59,937.75,45.45
2024-02-04,STR004,Miami Downtown #4,Southwest,online,1,3,1789.11,1789.11,0.0,1041.78,747.33,1789.11,41.77
2024-02-04,STR005,Chicago Mall #5,West,flagship,1,5,1632.65,1632.65,0.0,1166.4,466.25,1632.65,28.56
2024-02-04,STR007,Dallas Downtown #7,Southeast,express,1,1,268.87,268.87,0.0,166.2,102.67,268.87,38.19
2024-02-04,STR008,Houston Mall #8,Midwest,online,2,6,2389.31,2389.31,0.0,1275.48,1113.83,1194.66,46.62
2024-02-04,STR017,Charlotte Mall #17,Southeast,flagship,1,5,2025.65,2025.65,0.0,1264.25,761.4,2025.65,37.59
2024-02-04,STR018,Minneapolis Mall #18,Midwest,outlet,1,5,270.7,257.16,13.54,219.5,37.66,257.16,14.64
2024-02-04,STR019,Philadelphia Downtown #19,Southwest,express,1,5,2064.15,1857.73,206.42,969.8,887.93,1857.73,47.8
2024-02-04,STR020,San Diego Mall #20,West,online,1,5,1371.5,1371.5,0.0,956.65,414.85,1371.5,30.25
2024-02-04,STR021,Las Vegas Mall #21,Northeast,flagship,1,1,94.47,80.3,14.17,47.58,32.72,80.3,40.75
2024-02-05,STR002,Boston Mall #2,Southeast,outlet,1,1,643.15,643.15,0.0,357.59,285.56,643.15,44.4
2024-02-05,STR006,Detroit Mall #6,Northeast,outlet,2,8,3366.6800000000003,3030.01,336.67,2264.04,765.97,1515.0,25.28
2024-02-05,STR008,Houston Mall #8,Midwest,online,2,6,1969.26,1626.0,343.26,1226.4399999999998,399.56000000000006,813.0,24.57
2024-02-05,STR011,Los Angeles Mall #11,Northeast,express,2,9,2364.74,2364.74,0.0,1343.96,1020.7800000000001,1182.37,43.17
2024-02-05,STR013,Portland Downtown #13,Midwest,flagship,1,1,264.5,264.5,0.0,140.05,124.45,264.5,47.05
2024-02-05,STR018,Minneapolis Mall #18,Midwest,outlet,1,5,292.6,292.6,0.0,220.75,71.85,292.6,24.56
2024-02-05,STR020,San Diego Mall #20,West,online,2,7,3693.9300000000003,3693.9300000000003,0.0,2231.34,1462.5900000000001,1846.96,39.59
2024-02-05,STR021,Las Vegas Mall #21,Northeast,flagship,1,2,540.34,540.34,0.0,255.48,284.86,540.34,52.72
2024-02-05,STR022,Orlando Downtown #22,Southeast,outlet,1,1,136.37,136.37,0.0,59.26,77.11,136.37,56.54
2024-02-06,STR001,New York Downtown #1,Northeast,flagship,1,5,864.6,864.6,0.0,569.95,294.65,864.6,34.08
2024-02-06,STR002,Boston Mall #2,Southeast,outlet,2,6,3489.1000000000004,3489.1000000000004,0.0,1761.16,1727.94,1744.55,49.52
2024-02-06,STR005,Chicago Mall #5,West,flagship,1,2,1108.2,1108.2,0.0,478.44,629.76,1108.2,56.83
2024-02-06,STR008,Houston Mall #8,Midwest,online,1,5,1169.3,1110.83,58.47,583.75,527.08,1110.83,47.45
2024-02-06,STR010,Denver Downtown #10,West,outlet,1,5,1344.35,1344.35,0.0,831.0,513.35,1344.35,38.19
2024-02-06,STR011,Los Angeles Mall #11,Northeast,express,1,1,58.52,49.74,8.78,44.15,5.59,49.74,11.24
2024-02-06,STR012,Seattle Mall #12,Southeast,online,1,2,188.94,188.94,0.0,95.16,93.78,188.94,49.63
2024-02-06,STR014,San Francisco Mall #14,Southwest,outlet,1,5,1945.25,1847.99,97.26,1480.6,367.39,1847.99,19.88
2024-02-06,STR016,Nashville Downtown #16,Northeast,online,1,2,52.18,49.57,2.61,38.86,10.71,49.57,21.61
2024-02-06,STR019,Philadelphia Downtown #19,Southwest,express,1,1,399.84,399.84,0.0,229.55,170.29,399.84,42.59
2024-02-06,STR021,Las Vegas Mall #21,Northeast,flagship,1,5,3376.35,3376.35,0.0,1667.05,1709.3,3376.35,50.63
2024-02-06,STR022,Orlando Downtown #22,Southeast,outlet,1,1,146.15,146.15,0.0,122.97,23.18,146.15,15.86
2024-02-07,STR001,New York Downtown #1,Northeast,flagship,1,5,496.85,496.85,0.0,227.2,269.65,496.85,54.27
2024-02-07,STR010,Denver Downtown #10,West,outlet,1,5,168.3,168.3,0.0,99.35,68.95,168.3,40.97
2024-02-07,STR011,Los Angeles Mall #11,Northeast,express,2,6,1387.12,1179.05,208.07,725.98,453.07,589.52,38.43
2024-02-07,STR012,Seattle Mall #12,Southeast,online,2,8,3903.6000000000004,3611.19,292.41,2553.7200000000003,1057.47,1805.6,29.28
2024-02-07,STR013,Portland Downtown #13,Midwest,flagship,1,1,554.1,526.39,27.71,239.22,287.17,526.39,54.55
2024-02-07,STR014,San Francisco Mall #14,Southwest,outlet,2,3,843.92,843.92,0.0,525.5699999999999,318.35,421.96,37.72
2024-02-07,STR016,Nashville Downtown #16,Northeast,online,1,1,327.28,327.28,0.0,149.63,177.65,327.28,54.28
2024-02-07,STR019,Philadelphia Downtown #19,Southwest,express,1,3,175.56,175.56,0.0,132.45,43.11,175.56,24.56
2024-02-07,STR023,Kansas City Mall #23,Midwest,express,2,2,864.97,819.15,45.82,410.55,408.6,409.58,49.88
2024-02-08,STR001,New York Downtown #1,Northeast,flagship,1,5,3109.1,2953.64,155.46,1569.95,1383.69,2953.64,46.85
2024-02-08,STR002,Boston Mall #2,Southeast,outlet,1,3,1232.01,1232.01,0.0,610.56,621.45,1232.01,50.44
2024-02-08,STR003,Atlanta Mall #3,Midwest,express,1,2,821.34,821.34,0.0,407.04,414.3,821.34,50.44
2024-02-08,STR005,Chicago Mall #5,West,flagship,1,1,368.5,368.5,0.0,314.34,54.16,368.5,14.7
2024-02-08,STR008,Houston Mall #8,Midwest,online,1,3,2071.38,2071.38,0.0,1166.37,905.01,2071.38,43.69
2024-02-08,STR015,Austin Mall #15,West,express,1,4,276.76,276.76,0.0,237.08,39.68,276.76,14.34
2024-02-08,STR016,Nashville Downtown #16,Northeast,online,2,5,1067.79,1067.79,0.0,755.94,311.85,533.9,29.21
2024-02-08,STR017,Charlotte Mall #17,Southeast,flagship,1,1,526.75,526.75,0.0,322.3,204.45,526.75,38.81
2024-02-08,STR018,Minneapolis Mall #18,Midwest,outlet,3,7,2783.58,2708.78,74.8,1787.53,921.25,902.93,34.01
2024-02-08,STR020,San Diego Mall #20,West,online,1,4,1347.92,1347.92,0.0,686.0,661.92,1347.92,49.11
2024-02-08,STR021,Las Vegas Mall #21,Northeast,flagship,1,1,259.57,259.57,0.0,149.44,110.13,259.57,42.43
2024-02-08,STR022,Orlando Downtown #22,Southeast,outlet,2,6,1283.7,1283.7,0.0,710.7,573.0,641.85,44.64
2024-02-09,STR001,New York Downtown #1,Northeast,flagship,1,4,134.64,134.64,0.0,79.48,55.16,134.64,40.97
2024-02-09,STR002,Boston Mall #2,Southeast,outlet,1,5,2882.95,2882.95,0.0,1911.7,971.25,2882.95,33.69
2024-02-09,STR003,Atlanta Mall #3,Midwest,express,1,1,576.59,576.59,0.0,382.34,194.25,576.59,33.69
2024-02-09,STR004,Miami Downtown #4,Southwest,online,1,3,2638.92,2638.92,0.0,1154.52,1484.4,2638.92,56.25
2024-02-09,STR005,Chicago Mall #5,West,flagship,1,2,108.28,108.28,0.0,87.8,20.48,108.28,18.91
2024-02-09,STR007,Dallas Downtown #7,Southeast,express,1,3,1061.55,1061.55,0.0,815.13,246.42,1061.55,23.21
2024-02-09,STR008,Houston Mall #8,Midwest,online,1,4,2715.72,2715.72,0.0,1199.8,1515.92,2715.72,55.82
2024-02-09,STR010,Denver Downtown #10,West,outlet,1,4,216.56,216.56,0.0,175.6,40.96,216.56,18.91
2024-02-09,STR015,Austin Mall #15,West,express,1,2,654.5,589.05,65.45,521.28,67.77,589.05,11.5
2024-02-09,STR016,Nashville Downtown #16,Northeast,online,1,2,653.06,653.06,0.0,466.56,186.5,653.06,28.56
2024-02-09,STR018,Minneapolis Mall #18,Midwest,outlet,1,1,82.51,82.51,0.0,39.6,42.91,82.51,52.01
2024-02-09,STR019,Philadelphia Downtown #19,Southwest,express,1,2,1243.64,1243.64,0.0,627.98,615.66,1243.64,49.5
2024-02-09,STR022,Orlando Downtown #22,Southeast,outlet,2,5,1375.56,1375.56,0.0,945.5699999999999,429.99,687.78,31.26
2024-02-09,STR023,Kansas City Mall #23,Midwest,express,1,4,304.56,304.56,0.0,238.08,66.48,304.56,21.83
2024-02-10,STR003,Atlanta Mall #3,Midwest,express,1,1,694.62,694.62,0.0,370.2,324.42,694.62,46.7
2024-02-10,STR004,Miami Downtown #4,Southwest,online,2,4,2011.96,1915.49,96.47,1112.37,803.12,957.74,41.93
2024-02-10,STR007,Dallas Downtown #7,Southeast,express,2,4,2195.18,2060.02,135.16,1108.49,951.53,1030.01,46.19
2024-02-10,STR008,Houston Mall #8,Midwest,online,1,3,1675.98,1675.98,0.0,966.42,709.56,1675.98,42.34
2024-02-10,STR013,Portland Downtown #13,Midwest,flagship,1,2,916.38,916.38,0.0,394.6,521.78,916.38,56.94
2024-02-10,STR014,San Francisco Mall #14,Southwest,outlet,1,4,2385.48,2385.48,0.0,1389.04,996.44,2385.48,41.77
2024-02-10,STR015,Austin Mall #15,West,express,2,5,316.38,310.07,6.31,211.05,99.02,155.04,31.93
2024-02-10,STR018,Minneapolis Mall #18,Midwest,outlet,1,3,1731.24,1731.24,0.0,1143.75,587.49,1731.24,33.93
2024-02-10,STR020,San Diego Mall #20,West,online,1,1,99.37,89.43,9.94,45.44,43.99,89.43,49.19
2024-02-10,STR022,Orlando Downtown #22,Southeast,outlet,1,5,52.6,52.6,0.0,24.65,27.95,52.6,53.14
2024-02-11,STR001,New York Downtown #1,Northeast,flagship,1,3,1232.01,1232.01,0.0,610.56,621.45,1232.01,50.44
2024-02-11,STR002,Boston Mall #2,Southeast,outlet,1,1,58.52,49.74,8.78,44.15,5.59,49.74,11.24
2024-02-11,STR005,Chicago Mall #5,West,flagship,2,7,2186.36,2147.52,38.84,983.1400000000001,1164.38,1073.76,54.22
2024-02-11,STR006,Detroit Mall #6,Northeast,outlet,1,5,2033.9,2033.9,0.0,1066.25,967.65,2033.9,47.58
2024-02-11,STR009,Phoenix Mall #9,Southwest,flagship,1,4,1822.6,1822.6,0.0,1074.36,748.24,1822.6,41.05
2024-02-11,STR014,San Francisco Mall #14,Southwest,outlet,1,3,242.01,217.81,24.2,205.38,12.43,217.81,5.71
2024-02-11,STR015,Austin Mall #15,West,express,2,6,2079.92,2066.2799999999997,13.64,1041.56,1024.72,1033.14,49.59
2024-02-11,STR016,Nashville Downtown #16,Northeast,online,2,4,989.98,989.98,0.0,793.76,196.22,494.99,19.82
2024-02-11,STR019,Philadelphia Downtown #19,Southwest,express,1,4,406.36,406.36,0.0,309.64,96.72,406.36,23.8
2024-02-11,STR022,Orlando Downtown #22,Southeast,outlet,1,3,413.25,413.25,0.0,238.41,174.84,413.25,42.31
2024-02-11,STR023,Kansas City Mall #23,Midwest,express,2,3,1733.72,1733.72,0.0,893.4200000000001,840.3,866.86,48.47
2024-02-12,STR003,Atlanta Mall #3,Midwest,express,1,2,122.84,122.84,0.0,69.86,52.98,122.84,43.13
2024-02-12,STR004,Miami Downtown #4,Southwest,online,1,4,582.04,552.94,29.1,402.56,150.38,552.94,27.2
2024-02-12,STR005,Chicago Mall #5,West,flagship,1,1,80.66,80.66,0.0,57.62,23.04,80.66,28.56
2024-02-12,STR007,Dallas Downtown #7,Southeast,express,1,2,1316.66,1250.83,65.83,644.08,606.75,1250.83,48.51
2024-02-12,STR008,Houston Mall #8,Midwest,online,1,4,1306.12,1306.12,0.0,933.12,373.0,1306.12,28.56
2024-02-12,STR011,Los Angeles Mall #11,Northeast,express,1,1,488.55,488.55,0.0,350.08,138.47,488.55,28.34
2024-02-12,STR012,Seattle Mall #12,Southeast,online,1,1,437.08,437.08,0.0,370.07,67.01,437.08,15.33
2024-02-12,STR014,San Francisco Mall #14,Southwest,outlet,1,5,2023.7,1821.33,202.37,1347.75,473.58,1821.33,26.0
2024-02-12,STR016,Nashville Downtown #16,Northeast,online,1,1,411.07,411.07,0.0,222.32,188.75,411.07,45.92
2024-02-12,STR021,Las Vegas Mall #21,Northeast,flagship,1,4,1892.68,1892.68,0.0,1006.68,886.0,1892.68,46.81
2024-02-12,STR023,Kansas City Mall #23,Midwest,express,1,3,701.58,701.58,0.0,350.25,351.33,701.58,50.08
2024-02-13,STR001,New York Downtown #1,Northeast,flagship,1,3,207.57,197.19,10.38,177.81,19.38,197.19,9.83
2024-02-13,STR003,Atlanta Mall #3,Midwest,express,1,2,1389.24,1180.85,208.39,740.4,440.45,1180.85,37.3
2024-02-13,STR004,Miami Downtown #4,Southwest,online,2,7,413.27,413.27,0.0,336.09000000000003,77.18,206.64,18.68
2024-02-13,STR005,Chicago Mall #5,West,flagship,1,3,733.68,733.68,0.0,480.72,252.96,733.68,34.48
2024-02-13,STR006,Detroit Mall #6,Northeast,outlet,2,3,858.0799999999999,858.0799999999999,0.0,450.54,407.54,429.04,47.49
2024-02-13,STR007,Dallas Downtown #7,Southeast,express,1,5,3394.65,3394.65,0.0,1499.75,1894.9,3394.65,55.82
2024-02-13,STR008,Houston Mall #8,Midwest,online,2,8,1248.6299999999999,1248.6299999999999,0.0,1010.3100000000001,238.32,624.31,19.09
2024-02-13,STR009,Phoenix Mall #9,Southwest,flagship,1,3,436.53,392.88,43.65,301.92,90.96,392.88,23.15
2024-02-13,STR010,Denver Downtown #10,West,outlet,1,3,1379.4,1379.4,0.0,957.39,422.01,1379.4,30.59
2024-02-13,STR012,Seattle Mall #12,Southeast,online,1,5,1349.9,1349.9,0.0,1007.1,342.8,1349.9,25.39
2024-02-13,STR015,Austin Mall #15,West,express,1,1,388.71,388.71,0.0,196.46,192.25,388.71,49.46
2024-02-13,STR016,Nashville Downtown #16,Northeast,online,2,5,2438.39,2395.48,42.91,1497.58,897.9000000000001,1197.74,37.48
2024-02-13,STR019,Philadelphia Downtown #19,Southwest,express,2,8,865.3599999999999,865.3599999999999,0.0,679.48,185.88,432.68,21.48
2024-02-13,STR020,San Diego Mall #20,West,online,1,5,2376.75,2376.75,0.0,1793.35,583.4,2376.75,24.55
2024-02-13,STR022,Orlando Downtown #22,Southeast,outlet,2,8,2226.57,2226.57,0.0,1101.5,1125.07,1113.29,50.53
2024-02-13,STR023,Kansas City Mall #23,Midwest,express,1,1,405.13,405.13,0.0,252.85,152.28,405.13,37.59
2024-02-14,STR009,Phoenix Mall #9,Southwest,flagship,2,7,2967.26,2967.26,0.0,1377.69,1589.57,1483.63,53.57
2024-02-14,STR012,Seattle Mall #12,Southeast,online,1,4,2002.2,2002.2,0.0,1294.72,707.48,2002.2,35.34
2024-02-14,STR014,San Francisco Mall #14,Southwest,outlet,1,4,2487.28,2238.55,248.73,1255.96,982.59,2238.55,43.89
2024-02-14,STR017,Charlotte Mall #17,Southeast,flagship,1,2,1015.6,1015.6,0.0,749.1,266.5,1015.6,26.24
2024-02-14,STR018,Minneapolis Mall #18,Midwest,outlet,1,2,809.48,647.58,161.9,539.1,108.48,647.58,16.75
2024-02-14,STR020,San Diego Mall #20,West,online,1,4,2645.32,2645.32,0.0,1389.44,1255.88,2645.32,47.48
2024-02-14,STR021,Las Vegas Mall #21,Northeast,flagship,1,2,1243.64,1243.64,0.0,627.98,615.66,1243.64,49.5
2024-02-14,STR023,Kansas City Mall #23,Midwest,express,2,5,2521.11,2521.11,0.0,1568.27,952.8399999999999,1260.56,37.79
2024-02-15,STR002,Boston Mall #2,Southeast,outlet,1,4,2645.32,2645.32,0.0,1389.44,1255.88,2645.32,47.48
2024-02-15,STR005,Chicago Mall #5,West,flagship,2,5,1223.09,1179.38,43.71,1025.47,153.91,589.69,13.05
2024-02-15,STR008,Houston Mall #8,Midwest,online,1,3,809.94,809.94,0.0,604.26,205.68,809.94,25.39
2024-02-15,STR013,Portland Downtown #13,Midwest,flagship,1,3,1199.52,1199.52,0.0,688.65,510.87,1199.52,42.59
2024-02-15,STR014,San Francisco Mall #14,Southwest,outlet,1,2,275.5,275.5,0.0,158.94,116.56,275.5,42.31
2024-02-15,STR019,Philadelphia Downtown #19,Southwest,express,1,5,1331.5,1331.5,0.0,627.55,703.95,1331.5,52.87
2024-02-15,STR020,San Diego Mall #20,West,online,2,4,1221.6,1059.12,162.48,651.76,407.35999999999996,529.56,38.46
2024-02-15,STR021,Las Vegas Mall #21,Northeast,flagship,2,6,2840.6800000000003,2536.0,304.68,2037.3000000000002,498.7,1268.0,19.66
2024-02-16,STR001,New York Downtown #1,Northeast,flagship,1,5,1297.85,1103.17,194.68,747.2,355.97,1103.17,32.27
2024-02-16,STR004,Miami Downtown #4,Southwest,online,1,4,1419.64,1348.66,70.98,654.96,693.7,1348.66,51.44
2024-02-16,STR006,Detroit Mall #6,Northeast,outlet,2,3,493.63,473.5,20.13,413.43,60.07,236.75,12.69
2024-02-16,STR007,Dallas Downtown #7,Southeast,express,2,2,628.87,568.59,60.28,406.5,162.09,284.3,28.51
2024-02-16,STR009,Phoenix Mall #9,Southwest,flagship,1,5,3597.6,3057.96,539.64,1714.65,1343.31,3057.96,43.93
2024-02-16,STR010,Denver Downtown #10,West,outlet,1,4,1599.36,1599.36,0.0,918.2,681.16,1599.36,42.59
2024-02-16,STR013,Portland Downtown #13,Midwest,flagship,1,2,548.6,548.6,0.0,382.66,165.94,548.6,30.25
2024-02-16,STR017,Charlotte Mall #17,Southeast,flagship,2,5,532.23,527.4399999999999,4.79,375.68,151.76000000000002,263.72,28.77
2024-02-16,STR018,Minneapolis Mall #18,Midwest,outlet,1,4,1038.28,1038.28,0.0,597.76,440.52,1038.28,42.43
2024-02-16,STR019,Philadelphia Downtown #19,Southwest,express,1,4,322.64,322.64,0.0,230.48,92.16,322.64,28.56
2024-02-16,STR023,Kansas City Mall #23,Midwest,express,3,12,4983.860000000001,4983.860000000001,0.0,2329.64,2654.2200000000003,1661.29,53.26
2024-02-17,STR004,Miami Downtown #4,Southwest,online,2,6,2071.2,1991.6000000000001,79.6,1267.74,723.86,995.8,36.35
2024-02-17,STR009,Phoenix Mall #9,Southwest,flagship,1,5,1636.4,1636.4,0.0,748.15,888.25,1636.4,54.28
2024-02-17,STR011,Los Angeles Mall #11,Northeast,express,1,5,1943.55,1943.55,0.0,982.3,961.25,1943.55,49.46
2024-02-17,STR017,Charlotte Mall #17,Southeast,flagship,1,1,259.57,259.57,0.0,149.44,110.13,259.57,42.43
2024-02-17,STR018,Minneapolis Mall #18,Midwest,outlet,1,3,1946.55,1946.55,0.0,896.73,1049.82,1946.55,53.93
2024-02-17,STR020,San Diego Mall #20,West,online,2,8,2142.01,2142.01,0.0,1010.77,1131.24,1071.01,52.81
2024-02-17,STR022,Orlando Downtown #22,Southeast,outlet,1,4,1347.92,1347.92,0.0,686.0,661.92,1347.92,49.11
2024-02-18,STR003,Atlanta Mall #3,Midwest,express,1,4,1080.68,1080.68,0.0,510.96,569.72,1080.68,52.72
2024-02-18,STR009,Phoenix Mall #9,Southwest,flagship,2,6,2458.6400000000003,2105.08,353.56,1648.3999999999999,456.68,1052.54,21.69
2024-02-18,STR010,Denver Downtown #10,West,outlet,1,4,1097.2,1097.2,0.0,765.32,331.88,1097.2,30.25
2024-02-18,STR012,Seattle Mall #12,Southeast,online,1,2,1646.64,1646.64,0.0,775.46,871.18,1646.64,52.91
2024-02-18,STR013,Portland Downtown #13,Midwest,flagship,1,5,696.55,696.55,0.0,366.75,329.8,696.55,47.35
2024-02-18,STR016,Nashville Downtown #16,Northeast,online,1,4,2002.2,2002.2,0.0,1294.72,707.48,2002.2,35.34
2024-02-18,STR017,Charlotte Mall #17,Southeast,flagship,2,6,2107.44,2107.44,0.0,1114.83,992.61,1053.72,47.1
2024-02-18,STR018,Minneapolis Mall #18,Midwest,outlet,1,5,2278.25,2278.25,0.0,1342.95,935.3,2278.25,41.05
2024-02-18,STR019,Philadelphia Downtown #19,Southwest,express,1,4,1901.4,1901.4,0.0,1434.68,466.72,1901.4,24.55
2024-02-18,STR020,San Diego Mall #20,West,online,1,4,2633.32,2501.65,131.67,1288.16,1213.49,2501.65,48.51
2024-02-18,STR021,Las Vegas Mall #21,Northeast,flagship,1,5,2442.75,2442.75,0.0,1750.4,692.35,2442.75,28.34
2024-02-19,STR006,Detroit Mall #6,Northeast,outlet,2,3,281.25,281.25,0.0,130.48,150.76999999999998,140.62,53.61
2024-02-19,STR007,Dallas Downtown #7,Southeast,express,1,4,2107.0,2107.0,0.0,1289.2,817.8,2107.0,38.81
2024-02-19,STR010,Denver Downtown #10,West,outlet,1,3,1808.34,1808.34,0.0,1161.21,647.13,1808.34,35.79
2024-02-19,STR011,Los Angeles Mall #11,Northeast,express,1,5,1430.45,1430.45,0.0,1112.55,317.9,1430.45,22.22
2024-02-19,STR012,Seattle Mall #12,Southeast,online,1,4,134.64,127.91,6.73,79.48,48.43,127.91,37.86
2024-02-19,STR013,Portland Downtown #13,Midwest,flagship,1,2,1357.86,1357.86,0.0,599.9,757.96,1357.86,55.82
2024-02-19,STR015,Austin Mall #15,West,express,1,2,1078.08,1078.08,0.0,625.46,452.62,1078.08,41.98
2024-02-19,STR017,Charlotte Mall #17,Southeast,flagship,1,2,1117.32,1061.45,55.87,644.28,417.17,1061.45,39.3
2024-02-19,STR018,Minneapolis Mall #18,Midwest,outlet,2,6,3733.5,3601.5499999999997,131.95,1648.29,1953.26,1800.78,54.23
2024-02-20,STR001,New York Downtown #1,Northeast,flagship,1,5,1945.25,1945.25,0.0,1480.6,464.65,1945.25,23.89
2024-02-20,STR002,Boston Mall #2,Southeast,outlet,1,3,981.84,932.75,49.09,448.89,483.86,932.75,51.87
2024-02-20,STR007,Dallas Downtown #7,Southeast,express,1,1,389.05,389.05,0.0,296.12,92.93,389.05,23.89
2024-02-20,STR008,Houston Mall #8,Midwest,online,1,1,247.1,247.1,0.0,106.46,140.64,247.1,56.92
2024-02-20,STR014,San Francisco Mall #14,Southwest,outlet,1,3,1929.45,1929.45,0.0,1072.77,856.68,1929.45,44.4
2024-02-20,STR015,Austin Mall #15,West,express,1,5,1255.85,1255.85,0.0,929.15,326.7,1255.85,26.01
2024-02-20,STR016,Nashville Downtown #16,Northeast,online,1,1,719.52,719.52,0.0,342.93,376.59,719.52,52.34
2024-02-20,STR017,Charlotte Mall #17,Southeast,flagship,1,5,2793.3,2793.3,0.0,1610.7,1182.6,2793.3,42.34
2024-02-20,STR018,Minneapolis Mall #18,Midwest,outlet,3,12,4376.2,4376.2,0.0,2031.03,2345.17,1458.73,53.59
2024-02-20,STR020,San Diego Mall #20,West,online,1,3,436.53,436.53,0.0,301.92,134.61,436.53,30.84
2024-02-20,STR021,Las Vegas Mall #21,Northeast,flagship,2,6,1237.9,1217.58,20.32,870.6,346.98,608.79,28.5
2024-02-21,STR001,New York Downtown #1,Northeast,flagship,1,3,2638.92,2638.92,0.0,1154.52,1484.4,2638.92,56.25
2024-02-21,STR002,Boston Mall #2,Southeast,outlet,1,2,1322.66,1322.66,0.0,694.72,627.94,1322.66,47.48
2024-02-21,STR003,Atlanta Mall #3,Midwest,express,1,1,539.04,539.04,0.0,312.73,226.31,539.04,41.98
2024-02-21,STR008,Houston Mall #8,Midwest,online,1,5,130.45,123.93,6.52,97.15,26.78,123.93,21.61
2024-02-21,STR010,Denver Downtown #10,West,outlet,1,4,1627.12,1627.12,0.0,853.0,774.12,1627.12,47.58
2024-02-21,STR012,Seattle Mall #12,Southeast,online,2,7,1744.57,1744.57,0.0,1302.03,442.54,872.28,25.37
2024-02-21,STR018,Minneapolis Mall #18,Midwest,outlet,1,4,1592.08,1592.08,0.0,675.24,916.84,1592.08,57.59
2024-02-21,STR019,Philadelphia Downtown #19,Southwest,express,1,1,388.71,349.84,38.87,196.46,153.38,349.84,43.84
2024-02-21,STR020,San Diego Mall #20,West,online,1,1,139.31,139.31,0.0,73.35,65.96,139.31,47.35
2024-02-21,STR021,Las Vegas Mall #21,Northeast,flagship,2,6,1503.2800000000002,1503.2800000000002,0.0,761.6800000000001,741.5999999999999,751.64,49.33
2024-02-21,STR022,Orlando Downtown #22,Southeast,outlet,1,1,317.96,317.96,0.0,238.58,79.38,317.96,24.97
2024-02-22,STR002,Boston Mall #2,Southeast,outlet,1,5,1169.3,1169.3,0.0,583.75,585.55,1169.3,50.08
2024-02-22,STR004,Miami Downtown #4,Southwest,online,1,5,3306.65,2975.98,330.67,1736.8,1239.18,2975.98,41.64
2024-02-22,STR005,Chicago Mall #5,West,flagship,2,5,2880.07,2880.07,0.0,1558.21,1321.8600000000001,1440.04,45.9
2024-02-22,STR007,Dallas Downtown #7,Southeast,express,1,1,82.51,78.38,4.13,39.6,38.78,78.38,49.48
2024-02-22,STR009,Phoenix Mall #9,Southwest,flagship,2,9,3767.86,3767.86,0.0,1899.34,1868.52,1883.93,49.59
2024-02-22,STR011,Los Angeles Mall #11,Northeast,express,2,5,1273.76,1210.0700000000002,63.69,795.27,414.8,605.04,34.28
2024-02-22,STR014,San Francisco Mall #14,Southwest,outlet,1,1,398.02,398.02,0.0,168.81,229.21,398.02,57.59
2024-02-22,STR015,Austin Mall #15,West,express,1,5,3013.9,3013.9,0.0,1935.35,1078.55,3013.9,35.79
2024-02-22,STR018,Minneapolis Mall #18,Midwest,outlet,1,1,643.15,514.52,128.63,357.59,156.93,514.52,30.5
2024-02-22,STR019,Philadelphia Downtown #19,Southwest,express,2,5,2769.2200000000003,2769.2200000000003,0.0,1453.51,1315.71,1384.61,47.51
2024-02-23,STR002,Boston Mall #2,Southeast,outlet,1,2,498.68,498.68,0.0,351.62,147.06,498.68,29.49
2024-02-23,STR004,Miami Downtown #4,Southwest,online,1,5,730.75,730.75,0.0,614.85,115.9,730.75,15.86
2024-02-23,STR007,Dallas Downtown #7,Southeast,express,3,11,5297.01,5297.01,0.0,2605.83,2691.1800000000003,1765.67,50.81
2024-02-23,STR009,Phoenix Mall #9,Southwest,flagship,1,3,912.81,867.17,45.64,620.97,246.2,867.17,28.39
2024-02-23,STR011,Los Angeles Mall #11,Northeast,express,1,4,2002.2,1902.09,100.11,1294.72,607.37,1902.09,31.93
2024-02-23,STR013,Portland Downtown #13,Midwest,flagship,1,2,778.1,778.1,0.0,592.24,185.86,778.1,23.89
2024-02-23,STR014,San Francisco Mall #14,Southwest,outlet,1,3,2638.92,2111.14,527.78,1154.52,956.62,2111.14,45.31
2024-02-23,STR016,Nashville Downtown #16,Northeast,online,1,3,1475.43,1475.43,0.0,861.96,613.47,1475.43,41.58
2024-02-23,STR017,Charlotte Mall #17,Southeast,flagship,1,3,228.42,205.58,22.84,178.56,27.02,205.58,13.14
2024-02-23,STR018,Minneapolis Mall #18,Midwest,outlet,1,5,496.85,496.85,0.0,227.2,269.65,496.85,54.27
2024-02-23,STR020,San Diego Mall #20,West,online,1,1,368.5,368.5,0.0,314.34,54.16,368.5,14.7
2024-02-24,STR001,New York Downtown #1,Northeast,flagship,2,3,687.9100000000001,687.9100000000001,0.0,456.01,231.89999999999998,343.96,33.71
2024-02-24,STR002,Boston Mall #2,Southeast,outlet,2,2,542.3100000000001,542.3100000000001,0.0,358.73,183.57999999999998,271.16,33.85
2024-02-24,STR003,Atlanta Mall #3,Midwest,express,2,5,1797.6699999999998,1797.6699999999998,0.0,948.5999999999999,849.07,898.83,47.23
2024-02-24,STR004,Miami Downtown #4,Southwest,online,1,2,292.3,292.3,0.0,245.94,46.36,292.3,15.86
2024-02-24,STR006,Detroit Mall #6,Northeast,outlet,3,8,2457.7,2384.0,73.7,1691.6999999999998,692.3,794.67,29.04
2024-02-24,STR010,Denver Downtown #10,West,outlet,1,4,92.56,83.3,9.26,42.4,40.9,83.3,49.1
2024-02-24,STR021,Las Vegas Mall #21,Northeast,flagship,1,5,1297.85,1297.85,0.0,747.2,550.65,1297.85,42.43
2024-02-24,STR022,Orlando Downtown #22,Southeast,outlet,1,3,1419.51,1419.51,0.0,755.01,664.5,1419.51,46.81
2024-02-25,STR001,New York Downtown #1,Northeast,flagship,1,1,437.08,437.08,0.0,370.07,67.01,437.08,15.33
2024-02-25,STR002,Boston Mall #2,Southeast,outlet,1,5,2981.85,2981.85,0.0,1736.3,1245.55,2981.85,41.77
2024-02-25,STR003,Atlanta Mall #3,Midwest,express,1,1,58.52,58.52,0.0,44.15,14.37,58.52,24.56
2024-02-25,STR007,Dallas Downtown #7,Southeast,express,1,5,2033.9,2033.9,0.0,1066.25,967.65,2033.9,47.58
2024-02-25,STR008,Houston Mall #8,Midwest,online,1,2,1389.24,1389.24,0.0,740.4,648.84,1389.24,46.7
2024-02-25,STR009,Phoenix Mall #9,Southwest,flagship,1,3,247.53,247.53,0.0,118.8,128.73,247.53,52.01
2024-02-25,STR010,Denver Downtown #10,West,outlet,2,2,552.84,552.84,0.0,341.73,211.10999999999999,276.42,38.19
2024-02-25,STR012,Seattle Mall #12,Southeast,online,3,6,1380.54,1380.54,0.0,869.37,511.16999999999996,460.18,37.03
2024-02-25,STR013,Portland Downtown #13,Midwest,flagship,1,4,1627.12,1464.41,162.71,853.0,611.41,1464.41,41.75
2024-02-25,STR014,San Francisco Mall #14,Southwest,outlet,1,1,244.56,232.33,12.23,160.24,72.09,232.33,31.03
2024-02-25,STR015,Austin Mall #15,West,express,1,3,1475.43,1475.43,0.0,861.96,613.47,1475.43,41.58
2024-02-25,STR016,Nashville Downtown #16,Northeast,online,1,3,1055.46,1055.46,0.0,568.5,486.96,1055.46,46.14
2024-02-25,STR017,Charlotte Mall #17,Southeast,flagship,1,1,388.71,388.71,0.0,196.46,192.25,388.71,49.46
2024-02-25,STR020,San Diego Mall #20,West,online,1,2,67.32,67.32,0.0,39.74,27.58,67.32,40.97
2024-02-26,STR001,New York Downtown #1,Northeast,flagship,2,6,2867.34,2867.34,0.0,1333.08,1534.26,1433.67,53.51
2024-02-26,STR006,Detroit Mall #6,Northeast,outlet,1,4,997.36,997.36,0.0,703.24,294.12,997.36,29.49
2024-02-26,STR007,Dallas Downtown #7,Southeast,express,1,5,1349.9,1282.4,67.5,1007.1,275.3,1282.4,21.47
2024-02-26,STR009,Phoenix Mall #9,Southwest,flagship,1,3,1675.98,1675.98,0.0,966.42,709.56,1675.98,42.34
2024-02-26,STR011,Los Angeles Mall #11,Northeast,express,1,1,678.93,678.93,0.0,299.95,378.98,678.93,55.82
2024-02-26,STR012,Seattle Mall #12,Southeast,online,1,4,1080.68,1080.68,0.0,510.96,569.72,1080.68,52.72
2024-02-26,STR015,Austin Mall #15,West,express,1,1,268.87,268.87,0.0,166.2,102.67,268.87,38.19
2024-02-26,STR016,Nashville Downtown #16,Northeast,online,1,1,488.55,488.55,0.0,350.08,138.47,488.55,28.34
2024-02-26,STR019,Philadelphia Downtown #19,Southwest,express,1,1,437.08,437.08,0.0,370.07,67.01,437.08,15.33
2024-02-26,STR020,San Diego Mall #20,West,online,3,6,3048.14,3032.01,16.13,1438.08,1593.93,1010.67,52.57
2024-02-26,STR022,Orlando Downtown #22,Southeast,outlet,1,2,946.34,946.34,0.0,503.34,443.0,946.34,46.81
2024-02-27,STR002,Boston Mall #2,Southeast,outlet,1,4,2108.16,2108.16,0.0,1466.28,641.88,2108.16,30.45
2024-02-27,STR004,Miami Downtown #4,Southwest,online,1,3,981.75,981.75,0.0,781.92,199.83,981.75,20.35
2024-02-27,STR005,Chicago Mall #5,West,flagship,2,5,1210.14,1210.14,0.0,813.68,396.46,605.07,32.76
2024-02-27,STR006,Detroit Mall #6,Northeast,outlet,1,2,1242.46,1242.46,0.0,722.48,519.98,1242.46,41.85
2024-02-27,STR007,Dallas Downtown #7,Southeast,express,1,2,95.7,95.7,0.0,73.76,21.94,95.7,22.93
2024-02-27,STR009,Phoenix Mall #9,Southwest,flagship,1,4,551.0,495.9,55.1,317.88,178.02,495.9,35.9
2024-02-27,STR012,Seattle Mall #12,Southeast,online,1,1,576.59,547.76,28.83,382.34,165.42,547.76,30.2
2024-02-27,STR013,Portland Downtown #13,Midwest,flagship,1,5,1349.9,1349.9,0.0,1007.1,342.8,1349.9,25.39
2024-02-27,STR019,Philadelphia Downtown #19,Southwest,express,1,1,26.09,26.09,0.0,19.43,6.66,26.09,25.53
2024-02-27,STR020,San Diego Mall #20,West,online,1,4,124.56,112.1,12.46,67.56,44.54,112.1,39.73
2024-02-27,STR021,Las Vegas Mall #21,Northeast,flagship,1,2,916.38,778.92,137.46,394.6,384.32,778.92,49.34
2024-02-27,STR023,Kansas City Mall #23,Midwest,express,1,5,1235.5,1235.5,0.0,532.3,703.2,1235.5,56.92
2024-02-28,STR002,Boston Mall #2,Southeast,outlet,3,12,3598.7,3598.7,0.0,2633.95,964.75,1199.57,26.81
2024-02-28,STR003,Atlanta Mall #3,Midwest,express,1,1,354.91,354.91,0.0,163.74,191.17,354.91,53.86
2024-02-28,STR007,Dallas Downtown #7,Southeast,express,1,5,3376.35,3376.35,0.0,1667.05,1709.3,3376.35,50.63
2024-02-28,STR008,Houston Mall #8,Midwest,online,2,8,2774.96,2538.3700000000003,236.59,1436.1299999999999,1102.24,1269.19,43.42
2024-02-28,STR009,Phoenix Mall #9,Southwest,flagship,1,4,310.72,310.72,0.0,151.36,159.36,310.72,51.29
2024-02-28,STR010,Denver Downtown #10,West,outlet,1,5,1350.85,1215.76,135.09,638.7,577.06,1215.76,47.46
2024-02-28,STR015,Austin Mall #15,West,express,1,4,988.4,988.4,0.0,425.84,562.56,988.4,56.92
2024-02-28,STR016,Nashville Downtown #16,Northeast,online,1,3,1311.24,1245.68,65.56,1110.21,135.47,1245.68,10.88
2024-02-28,STR017,Charlotte Mall #17,Southeast,flagship,2,5,1772.47,1574.13,198.34,1098.73,475.40000000000003,787.06,30.2
2024-02-28,STR021,Las Vegas Mall #21,Northeast,flagship,1,5,1943.55,1554.84,388.71,982.3,572.54,1554.84,36.82
2024-02-28,STR023,Kansas City Mall #23,Midwest,express,1,5,2023.7,2023.7,0.0,1347.75,675.95,2023.7,33.4
2024-02-29,STR004,Miami Downtown #4,Southwest,online,1,2,974.7,925.96,48.74,576.7,349.26,925.96,37.72
2024-02-29,STR006,Detroit Mall #6,Northeast,outlet,1,2,532.6,479.34,53.26,251.02,228.32,479.34,47.63
2024-02-29,STR007,Dallas Downtown #7,Southeast,express,1,2,1153.18,1153.18,0.0,764.68,388.5,1153.18,33.69
2024-02-29,STR010,Denver Downtown #10,West,outlet,2,10,5605.65,5605.65,0.0,3332.45,2273.2,2802.82,40.55
2024-02-29,STR011,Los Angeles Mall #11,Northeast,express,1,5,3473.1,3473.1,0.0,1851.0,1622.1,3473.1,46.7
2024-02-29,STR012,Seattle Mall #12,Southeast,online,2,8,4167.7,4167.7,0.0,2621.33,1546.3700000000001,2083.85,37.1
2024-02-29,STR013,Portland Downtown #13,Midwest,flagship,1,1,661.33,595.2,66.13,347.36,247.84,595.2,41.64
2024-02-29,STR017,Charlotte Mall #17,Southeast,flagship,2,10,2414.05,2414.05,0.0,1453.45,960.5999999999999,1207.03,39.79
2024-03-01,STR001,New York Downtown #1,Northeast,flagship,1,3,956.37,956.37,0.0,697.59,258.78,956.37,27.06
2024-03-01,STR002,Boston Mall #2,Southeast,outlet,1,2,643.12,643.12,0.0,471.76,171.36,643.12,26.65
2024-03-01,STR007,Dallas Downtown #7,Southeast,express,1,5,2365.85,2365.85,0.0,1258.35,1107.5,2365.85,46.81
2024-03-01,STR010,Denver Downtown #10,West,outlet,1,1,80.66,80.66,0.0,57.62,23.04,80.66,28.56
2024-03-01,STR013,Portland Downtown #13,Midwest,flagship,1,3,809.94,809.94,0.0,604.26,205.68,809.94,25.39
2024-03-01,STR014,San Francisco Mall #14,Southwest,outlet,1,1,459.8,459.8,0.0,319.13,140.67,459.8,30.59
2024-03-01,STR016,Nashville Downtown #16,Northeast,online,2,9,5255.42,5255.42,0.0,2641.06,2614.36,2627.71,49.75
2024-03-01,STR017,Charlotte Mall #17,Southeast,flagship,1,2,825.66,825.66,0.0,387.92,437.74,825.66,53.02
2024-03-01,STR018,Minneapolis Mall #18,Midwest,outlet,1,3,368.4,368.4,0.0,280.2,88.2,368.4,23.94
2024-03-01,STR020,San Diego Mall #20,West,online,1,1,398.02,398.02,0.0,168.81,229.21,398.02,57.59
2024-03-01,STR021,Las Vegas Mall #21,Northeast,flagship,1,4,322.68,322.68,0.0,273.84,48.84,322.68,15.14
2024-03-02,STR003,Atlanta Mall #3,Midwest,express,1,5,1222.8,1222.8,0.0,801.2,421.6,1222.8,34.48
2024-03-02,STR004,Miami Downtown #4,Southwest,online,1,1,621.23,621.23,0.0,361.24,259.99,621.23,41.85
2024-03-02,STR006,Detroit Mall #6,Northeast,outlet,1,4,1644.28,1562.07,82.21,889.28,672.79,1562.07,43.07
2024-03-02,STR009,Phoenix Mall #9,Southwest,flagship,1,1,101.59,101.59,0.0,77.41,24.18,101.59,23.8
2024-03-02,STR016,Nashville Downtown #16,Northeast,online,1,3,1662.3,1579.18,83.12,717.66,861.52,1579.18,54.55
2024-03-02,STR017,Charlotte Mall #17,Southeast,flagship,2,10,1954.3999999999999,1941.3899999999999,13.01,878.35,1063.04,970.7,54.76
2024-03-02,STR019,Philadelphia Downtown #19,Southwest,express,1,2,1350.54,1350.54,0.0,666.82,683.72,1350.54,50.63
2024-03-03,STR004,Miami Downtown #4,Southwest,online,3,9,4188.45,4141.13,47.32,2332.71,1808.42,1380.38,43.67
2024-03-03,STR008,Houston Mall #8,Midwest,online,1,3,69.42,65.95,3.47,31.8,34.15,65.95,51.78
2024-03-03,STR009,Phoenix Mall #9,Southwest,flagship,1,1,61.42,61.42,0.0,34.93,26.49,61.42,43.13
2024-03-03,STR011,Los Angeles Mall #11,Northeast,express,3,12,2542.27,2542.27,0.0,1527.08,1015.1899999999999,847.42,39.93
2024-03-03,STR012,Seattle Mall #12,Southeast,online,2,5,1655.71,1655.71,0.0,960.89,694.82,827.86,41.97
2024-03-03,STR018,Minneapolis Mall #18,Midwest,outlet,1,3,912.81,912.81,0.0,620.97,291.84,912.81,31.97
2024-03-03,STR020,San Diego Mall #20,West,online,1,2,821.34,739.21,82.13,407.04,332.17,739.21,44.94
2024-03-04,STR003,Atlanta Mall #3,Midwest,express,1,5,1169.3,993.91,175.39,583.75,410.16,993.91,41.27
2024-03-04,STR004,Miami Downtown #4,Southwest,online,1,4,491.2,442.08,49.12,373.6,68.48,442.08,15.49
2024-03-04,STR006,Detroit Mall #6,Northeast,outlet,1,2,502.34,502.34,0.0,371.66,130.68,502.34,26.01
2024-03-04,STR007,Dallas Downtown #7,Southeast,express,1,2,977.1,928.24,48.86,700.16,228.08,928.24,24.57
2024-03-04,STR008,Houston Mall #8,Midwest,online,1,1,411.07,411.07,0.0,222.32,188.75,411.07,45.92
2024-03-04,STR009,Phoenix Mall #9,Southwest,flagship,1,2,272.74,231.83,40.91,118.52,113.31,231.83,48.88
2024-03-04,STR010,Denver Downtown #10,West,outlet,2,9,3509.22,3509.22,0.0,1685.35,1823.8700000000001,1754.61,51.97
2024-03-04,STR014,San Francisco Mall #14,Southwest,outlet,1,2,529.0,529.0,0.0,280.1,248.9,529.0,47.05
2024-03-04,STR015,Austin Mall #15,West,express,1,3,355.08,337.33,17.75,153.75,183.58,337.33,54.42
2024-03-04,STR019,Philadelphia Downtown #19,Southwest,express,1,5,696.55,696.55,0.0,366.75,329.8,696.55,47.35
2024-03-04,STR020,San Diego Mall #20,West,online,1,1,26.09,26.09,0.0,19.43,6.66,26.09,25.53
2024-03-05,STR005,Chicago Mall #5,West,flagship,1,3,981.84,981.84,0.0,448.89,532.95,981.84,54.28
2024-03-05,STR010,Denver Downtown #10,West,outlet,3,12,2579.98,2526.7200000000003,53.26,1773.57,753.15,842.24,29.81
2024-03-05,STR012,Seattle Mall #12,Southeast,online,2,4,1712.8600000000001,1712.8600000000001,0.0,935.28,777.5799999999999,856.43,45.4
2024-03-05,STR023,Kansas City Mall #23,Midwest,express,1,5,2436.75,2193.07,243.68,1441.75,751.32,2193.07,34.26
2024-03-06,STR002,Boston Mall #2,Southeast,outlet,1,5,2977.95,2977.95,0.0,1532.35,1445.6,2977.95,48.54
2024-03-06,STR005,Chicago Mall #5,West,flagship,3,13,5546.22,5148.45,397.77,3237.75,1910.7,1716.15,37.11
2024-03-06,STR007,Dallas Downtown #7,Southeast,express,1,4,2216.4,2216.4,0.0,956.88,1259.52,2216.4,56.83
2024-03-06,STR013,Portland Downtown #13,Midwest,flagship,1,1,398.02,398.02,0.0,168.81,229.21,398.02,57.59
2024-03-06,STR015,Austin Mall #15,West,express,2,6,2487.98,2460.76,27.22,1246.75,1214.01,1230.38,49.33
2024-03-06,STR019,Philadelphia Downtown #19,Southwest,express,1,1,406.78,406.78,0.0,213.25,193.53,406.78,47.58
2024-03-06,STR020,San Diego Mall #20,West,online,1,5,1169.3,1169.3,0.0,583.75,585.55,1169.3,50.08
2024-03-06,STR021,Las Vegas Mall #21,Northeast,flagship,1,5,3306.65,3306.65,0.0,1736.8,1569.85,3306.65,47.48
2024-03-07,STR002,Boston Mall #2,Southeast,outlet,2,3,794.39,709.1,85.28999999999999,485.11,223.99,354.55,31.59
2024-03-07,STR004,Miami Downtown #4,Southwest,online,2,5,1429.33,1268.01,161.32,936.51,331.5,634.0,26.14
2024-03-07,STR007,Dallas Downtown #7,Southeast,express,1,2,608.54,608.54,0.0,413.98,194.56,608.54,31.97
2024-03-07,STR010,Denver Downtown #10,West,outlet,1,4,2177.72,2177.72,0.0,1057.8,1119.92,2177.72,51.43
2024-03-07,STR013,Portland Downtown #13,Midwest,flagship,2,5,1337.06,1337.06,0.0,878.51,458.55,668.53,34.3
2024-03-07,STR014,San Francisco Mall #14,Southwest,outlet,1,3,1729.77,1729.77,0.0,1147.02,582.75,1729.77,33.69
2024-03-07,STR017,Charlotte Mall #17,Southeast,flagship,2,5,1774.4099999999999,1773.11,1.3,1499.71,273.40000000000003,886.56,15.42
2024-03-07,STR018,Minneapolis Mall #18,Midwest,outlet,1,1,879.64,879.64,0.0,384.84,494.8,879.64,56.25
2024-03-07,STR020,San Diego Mall #20,West,online,1,2,983.62,983.62,0.0,574.64,408.98,983.62,41.58
2024-03-07,STR021,Las Vegas Mall #21,Northeast,flagship,2,6,1627.38,1627.38,0.0,795.44,831.94,813.69,51.12
2024-03-07,STR022,Orlando Downtown #22,Southeast,outlet,1,4,124.56,124.56,0.0,67.56,57.0,124.56,45.76
2024-03-08,STR002,Boston Mall #2,Southeast,outlet,1,5,1636.4,1636.4,0.0,748.15,888.25,1636.4,54.28
2024-03-08,STR004,Miami Downtown #4,Southwest,online,1,2,1001.1,1001.1,0.0,647.36,353.74,1001.1,35.34
2024-03-08,STR007,Dallas Downtown #7,Southeast,express,2,2,858.8299999999999,822.8499999999999,35.98,416.28,406.57,411.42,49.41
2024-03-08,STR011,Los Angeles Mall #11,Northeast,express,1,3,1470.24,1470.24,0.0,796.32,673.92,1470.24,45.84
2024-03-08,STR014,San Francisco Mall #14,Southwest,outlet,1,1,621.82,590.73,31.09,313.99,276.74,590.73,46.85
2024-03-08,STR017,Charlotte Mall #17,Southeast,flagship,1,5,2633.75,2238.69,395.06,1611.5,627.19,2238.69,28.02
2024-03-09,STR006,Detroit Mall #6,Northeast,outlet,1,3,100.98,90.88,10.1,59.61,31.27,90.88,34.41
2024-03-09,STR007,Dallas Downtown #7,Southeast,express,1,3,956.37,956.37,0.0,697.59,258.78,956.37,27.06
2024-03-09,STR008,Houston Mall #8,Midwest,online,1,1,94.47,94.47,0.0,47.58,46.89,94.47,49.63
2024-03-09,STR009,Phoenix Mall #9,Southwest,flagship,1,3,733.68,733.68,0.0,480.72,252.96,733.68,34.48
2024-03-09,STR012,Seattle Mall #12,Southeast,online,1,5,1636.4,1636.4,0.0,748.15,888.25,1636.4,54.28
2024-03-09,STR014,San Francisco Mall #14,Southwest,outlet,1,4,397.48,397.48,0.0,181.76,215.72,397.48,54.27
2024-03-09,STR015,Austin Mall #15,West,express,1,3,798.9,798.9,0.0,376.53,422.37,798.9,52.87
2024-03-09,STR016,Nashville Downtown #16,Northeast,online,1,4,545.48,545.48,0.0,237.04,308.44,545.48,56.54
2024-03-09,STR017,Charlotte Mall #17,Southeast,flagship,1,2,108.28,108.28,0.0,87.8,20.48,108.28,18.91
2024-03-09,STR018,Minneapolis Mall #18,Midwest,outlet,1,3,162.42,146.18,16.24,131.7,14.48,146.18,9.91
2024-03-09,STR019,Philadelphia Downtown #19,Southwest,express,1,2,799.68,799.68,0.0,459.1,340.58,799.68,42.59
2024-03-09,STR021,Las Vegas Mall #21,Northeast,flagship,1,4,1038.28,986.37,51.91,597.76,388.61,986.37,39.4
2024-03-09,STR023,Kansas City Mall #23,Midwest,express,1,5,681.85,647.76,34.09,296.3,351.46,647.76,54.26
2024-03-10,STR003,Atlanta Mall #3,Midwest,express,2,8,2779.84,2740.09,39.75,1407.64,1332.45,1370.04,48.63
2024-03-10,STR006,Detroit Mall #6,Northeast,outlet,1,1,146.15,146.15,0.0,122.97,23.18,146.15,15.86
2024-03-10,STR008,Houston Mall #8,Midwest,online,2,8,3642.51,3642.51,0.0,1988.1200000000001,1654.3899999999999,1821.26,45.42
2024-03-10,STR009,Phoenix Mall #9,Southwest,flagship,1,1,541.61,460.37,81.24,266.61,193.76,460.37,42.09
2024-03-10,STR011,Los Angeles Mall #11,Northeast,express,2,7,1649.3600000000001,1609.0900000000001,40.27,1214.03,395.06,804.54,24.55
2024-03-10,STR016,Nashville Downtown #16,Northeast,online,1,2,1191.18,1191.18,0.0,612.94,578.24,1191.18,48.54
2024-03-10,STR017,Charlotte Mall #17,Southeast,flagship,1,4,1644.28,1644.28,0.0,889.28,755.0,1644.28,45.92
2024-03-10,STR020,San Diego Mall #20,West,online,2,6,2830.29,2830.29,0.0,1320.0,1510.29,1415.14,53.36
2024-03-11,STR001,New York Downtown #1,Northeast,flagship,3,6,1582.3400000000001,1533.25,49.09,1119.42,413.83,511.08,26.99
2024-03-11,STR002,Boston Mall #2,Southeast,outlet,1,1,527.04,527.04,0.0,366.57,160.47,527.04,30.45
2024-03-11,STR003,Atlanta Mall #3,Midwest,express,1,4,1716.28,1716.28,0.0,1061.36,654.92,1716.28,38.16
2024-03-11,STR015,Austin Mall #15,West,express,1,3,1233.21,1233.21,0.0,666.96,566.25,1233.21,45.92
2024-03-11,STR017,Charlotte Mall #17,Southeast,flagship,2,5,2307.88,1901.64,406.24,1624.52,277.12,950.82,14.57
2024-03-11,STR018,Minneapolis Mall #18,Midwest,outlet,2,5,2919.62,2919.62,0.0,1594.4,1325.2199999999998,1459.81,45.39
2024-03-11,STR022,Orlando Downtown #22,Southeast,outlet,1,5,496.85,496.85,0.0,227.2,269.65,496.85,54.27
2024-03-11,STR023,Kansas City Mall #23,Midwest,express,1,1,487.35,487.35,0.0,288.35,199.0,487.35,40.83
2024-03-12,STR001,New York Downtown #1,Northeast,flagship,1,3,2025.81,2025.81,0.0,1000.23,1025.58,2025.81,50.63
2024-03-12,STR003,Atlanta Mall #3,Midwest,express,1,4,2031.2,2031.2,0.0,1498.2,533.0,2031.2,26.24
2024-03-12,STR004,Miami Downtown #4,Southwest,online,2,4,2615.4700000000003,2615.4700000000003,0.0,1263.8300000000002,1351.6399999999999,1307.74,51.68
2024-03-12,STR006,Detroit Mall #6,Northeast,outlet,1,3,701.58,701.58,0.0,350.25,351.33,701.58,50.08
2024-03-12,STR007,Dallas Downtown #7,Southeast,express,1,2,1192.74,1013.83,178.91,694.52,319.31,1013.83,31.5
2024-03-12,STR008,Houston Mall #8,Midwest,online,1,1,719.52,719.52,0.0,342.93,376.59,719.52,52.34
2024-03-12,STR011,Los Angeles Mall #11,Northeast,express,1,5,688.75,688.75,0.0,397.35,291.4,688.75,42.31
2024-03-12,STR013,Portland Downtown #13,Midwest,flagship,1,3,964.68,868.21,96.47,707.64,160.57,868.21,18.49
2024-03-12,STR016,Nashville Downtown #16,Northeast,online,2,9,3533.95,3168.4399999999996,365.51,2207.07,961.37,1584.22,30.34
2024-03-12,STR019,Philadelphia Downtown #19,Southwest,express,1,3,741.3,741.3,0.0,319.38,421.92,741.3,56.92
2024-03-12,STR020,San Diego Mall #20,West,online,1,4,2701.08,2701.08,0.0,1333.64,1367.44,2701.08,50.63
2024-03-12,STR021,Las Vegas Mall #21,Northeast,flagship,1,1,488.55,464.12,24.43,350.08,114.04,464.12,24.57
2024-03-12,STR023,Kansas City Mall #23,Midwest,express,1,4,1954.2,1758.78,195.42,1400.32,358.46,1758.78,20.38
2024-03-13,STR001,New York Downtown #1,Northeast,flagship,2,7,3151.41,3151.41,0.0,1983.94,1167.47,1575.7,37.05
2024-03-13,STR002,Boston Mall #2,Southeast,outlet,1,5,507.95,507.95,0.0,387.05,120.9,507.95,23.8
2024-03-13,STR003,Atlanta Mall #3,Midwest,express,3,9,1250.22,1250.22,0.0,722.15,528.0699999999999,416.74,42.24
2024-03-13,STR006,Detroit Mall #6,Northeast,outlet,1,5,388.4,388.4,0.0,189.2,199.2,388.4,51.29
2024-03-13,STR008,Houston Mall #8,Midwest,online,1,1,99.37,99.37,0.0,45.44,53.93,99.37,54.27
2024-03-13,STR010,Denver Downtown #10,West,outlet,2,9,1765.5900000000001,1765.5900000000001,0.0,951.3100000000001,814.28,882.8,46.12
2024-03-13,STR011,Los Angeles Mall #11,Northeast,express,1,4,997.36,997.36,0.0,703.24,294.12,997.36,29.49
2024-03-13,STR016,Nashville Downtown #16,Northeast,online,1,3,981.84,981.84,0.0,448.89,532.95,981.84,54.28
2024-03-13,STR018,Minneapolis Mall #18,Midwest,outlet,1,3,1863.69,1863.69,0.0,1083.72,779.97,1863.69,41.85
2024-03-13,STR022,Orlando Downtown #22,Southeast,outlet,1,4,1822.6,1822.6,0.0,1074.36,748.24,1822.6,41.05
2024-03-13,STR023,Kansas City Mall #23,Midwest,express,1,2,1015.6,1015.6,0.0,749.1,266.5,1015.6,26.24
2024-03-14,STR005,Chicago Mall #5,West,flagship,1,2,529.0,529.0,0.0,280.1,248.9,529.0,47.05
2024-03-14,STR009,Phoenix Mall #9,Southwest,flagship,1,2,710.82,710.82,0.0,418.46,292.36,710.82,41.13
2024-03-14,STR011,Los Angeles Mall #11,Northeast,express,1,3,1462.05,1462.05,0.0,865.05,597.0,1462.05,40.83
2024-03-14,STR012,Seattle Mall #12,Southeast,online,3,8,3145.16,3145.16,0.0,1857.1,1288.06,1048.39,40.95
2024-03-14,STR014,San Francisco Mall #14,Southwest,outlet,2,5,2894.16,2894.16,0.0,1666.2399999999998,1227.92,1447.08,42.43
2024-03-14,STR015,Austin Mall #15,West,express,2,6,308.5,308.5,0.0,209.7,98.80000000000001,154.25,32.03
2024-03-14,STR016,Nashville Downtown #16,Northeast,online,1,4,322.68,322.68,0.0,273.84,48.84,322.68,15.14
2024-03-14,STR017,Charlotte Mall #17,Southeast,flagship,1,2,777.42,777.42,0.0,392.92,384.5,777.42,49.46
2024-03-14,STR018,Minneapolis Mall #18,Midwest,outlet,2,5,1790.34,1749.06,41.28,1095.56,653.5,874.53,37.36
2024-03-14,STR021,Las Vegas Mall #21,Northeast,flagship,1,1,251.17,251.17,0.0,185.83,65.34,251.17,26.01
2024-03-15,STR003,Atlanta Mall #3,Midwest,express,1,3,778.71,778.71,0.0,448.32,330.39,778.71,42.43
2024-03-15,STR006,Detroit Mall #6,Northeast,outlet,2,6,1694.0700000000002,1694.0700000000002,0.0,1228.8,465.27000000000004,847.04,27.46
2024-03-15,STR007,Dallas Downtown #7,Southeast,express,1,4,1275.16,1147.64,127.52,930.12,217.52,1147.64,18.95
2024-03-15,STR008,Houston Mall #8,Midwest,online,2,6,720.42,720.42,0.0,521.1,199.32,360.21,27.67
2024-03-15,STR009,Phoenix Mall #9,Southwest,flagship,2,7,3371.11,3371.11,0.0,1863.63,1507.48,1685.56,44.72
2024-03-15,STR012,Seattle Mall #12,Southeast,online,1,1,244.56,244.56,0.0,160.24,84.32,244.56,34.48
2024-03-15,STR014,San Francisco Mall #14,Southwest,outlet,1,3,1863.69,1863.69,0.0,1083.72,779.97,1863.69,41.85
2024-03-15,STR015,Austin Mall #15,West,express,2,10,3041.2,3041.2,0.0,1415.6,1625.6000000000001,1520.6,53.45
2024-03-15,STR019,Philadelphia Downtown #19,Southwest,express,1,1,76.14,76.14,0.0,59.52,16.62,76.14,21.83
2024-03-15,STR020,San Diego Mall #20,West,online,2,4,1408.96,1408.96,0.0,683.31,725.65,704.48,51.5
2024-03-15,STR021,Las Vegas Mall #21,Northeast,flagship,3,3,662.3199999999999,640.4,21.92,407.84000000000003,232.55999999999997,213.47,36.31
2024-03-15,STR022,Orlando Downtown #22,Southeast,outlet,1,1,353.85,353.85,0.0,271.71,82.14,353.85,23.21
2024-03-16,STR001,New York Downtown #1,Northeast,flagship,2,8,2697.86,2697.86,0.0,1577.6,1120.26,1348.93,41.52
2024-03-16,STR004,Miami Downtown #4,Southwest,online,1,2,703.64,703.64,0.0,379.0,324.64,703.64,46.14
2024-03-16,STR010,Denver Downtown #10,West,outlet,2,5,1216.5,1216.5,0.0,864.8399999999999,351.65999999999997,608.25,28.91
2024-03-16,STR013,Portland Downtown #13,Midwest,flagship,1,2,1389.24,1389.24,0.0,740.4,648.84,1389.24,46.7
2024-03-16,STR015,Austin Mall #15,West,express,1,3,1214.22,1092.8,121.42,808.65,284.15,1092.8,26.0
2024-03-16,STR018,Minneapolis Mall #18,Midwest,outlet,1,3,508.11,508.11,0.0,324.78,183.33,508.11,36.08
2024-03-16,STR020,San Diego Mall #20,West,online,1,4,1556.2,1556.2,0.0,1184.48,371.72,1556.2,23.89
2024-03-16,STR022,Orlando Downtown #22,Southeast,outlet,1,1,411.07,411.07,0.0,222.32,188.75,411.07,45.92
2024-03-16,STR023,Kansas City Mall #23,Midwest,express,1,2,502.34,426.99,75.35,371.66,55.33,426.99,12.96
2024-03-17,STR001,New York Downtown #1,Northeast,flagship,2,10,3726.65,3726.65,0.0,2800.45,926.2,1863.32,24.85
2024-03-17,STR003,Atlanta Mall #3,Midwest,express,2,8,2377.06,2373.16,3.9,1628.89,744.27,1186.58,31.36
2024-03-17,STR006,Detroit Mall #6,Northeast,outlet,2,9,4415.27,4349.81,65.46,2404.7200000000003,1945.0900000000001,2174.91,44.72
2024-03-17,STR008,Houston Mall #8,Midwest,online,2,7,1417.26,1384.99,32.27,767.6099999999999,617.38,692.5,44.58
2024-03-17,STR009,Phoenix Mall #9,Southwest,flagship,1,4,304.56,304.56,0.0,238.08,66.48,304.56,21.83
2024-03-17,STR010,Denver Downtown #10,West,outlet,2,5,1912.8500000000001,1885.8300000000002,27.02,941.82,944.01,942.92,50.06
2024-03-17,STR011,Los Angeles Mall #11,Northeast,express,1,2,822.14,781.03,41.11,444.64,336.39,781.03,43.07
2024-03-17,STR012,Seattle Mall #12,Southeast,online,3,9,4827.65,4678.56,149.09,2897.38,1781.18,1559.52,38.07
2024-03-17,STR014,San Francisco Mall #14,Southwest,outlet,1,1,541.61,541.61,0.0,266.61,275.0,541.61,50.77
2024-03-17,STR015,Austin Mall #15,West,express,2,5,1625.69,1625.69,0.0,1226.03,399.65999999999997,812.84,24.58
2024-03-17,STR016,Nashville Downtown #16,Northeast,online,2,6,144.6,144.6,0.0,64.56,80.03999999999999,72.3,55.35
2024-03-17,STR018,Minneapolis Mall #18,Midwest,outlet,2,5,715.25,715.25,0.0,352.3,362.95,357.62,50.74
2024-03-17,STR019,Philadelphia Downtown #19,Southwest,express,1,5,614.0,491.2,122.8,467.0,24.2,491.2,4.93
2024-03-17,STR020,San Diego Mall #20,West,online,2,3,1522.06,1522.06,0.0,913.8299999999999,608.23,761.03,39.96
2024-03-17,STR021,Las Vegas Mall #21,Northeast,flagship,2,7,2578.34,2081.36,496.98,1495.63,585.73,1040.68,28.14
2024-03-17,STR023,Kansas City Mall #23,Midwest,express,1,4,276.76,276.76,0.0,237.08,39.68,276.76,14.34
2024-03-18,STR004,Miami Downtown #4,Southwest,online,2,3,748.69,722.73,25.96,469.92,252.81,361.36,34.98
2024-03-18,STR005,Chicago Mall #5,West,flagship,2,2,195.46,167.44,28.02,127.69,39.75,83.72,23.74
2024-03-18,STR007,Dallas Downtown #7,Southeast,express,1,3,1523.4,1523.4,0.0,1123.65,399.75,1523.4,26.24
2024-03-18,STR008,Houston Mall #8,Midwest,online,1,3,778.71,778.71,0.0,448.32,330.39,778.71,42.43
2024-03-18,STR010,Denver Downtown #10,West,outlet,1,3,748.02,673.22,74.8,527.43,145.79,673.22,21.66
2024-03-18,STR011,Los Angeles Mall #11,Northeast,express,1,5,2376.75,2020.24,356.51,1793.35,226.89,2020.24,11.23
2024-03-18,STR015,Austin Mall #15,West,express,1,2,813.56,813.56,0.0,426.5,387.06,813.56,47.58
2024-03-18,STR017,Charlotte Mall #17,Southeast,flagship,1,1,118.36,118.36,0.0,51.25,67.11,118.36,56.7
2024-03-19,STR001,New York Downtown #1,Northeast,flagship,2,6,2415.52,2402.0099999999998,13.51,1454.44,947.5699999999999,1201.0,39.45
2024-03-19,STR002,Boston Mall #2,Southeast,outlet,2,9,3958.43,3958.43,0.0,2576.5,1381.93,1979.22,34.91
2024-03-19,STR005,Chicago Mall #5,West,flagship,2,8,3853.79,3853.79,0.0,1927.77,1926.02,1926.9,49.98
2024-03-19,STR007,Dallas Downtown #7,Southeast,express,1,3,1465.65,1465.65,0.0,1050.24,415.41,1465.65,28.34
2024-03-19,STR008,Houston Mall #8,Midwest,online,1,4,997.36,997.36,0.0,703.24,294.12,997.36,29.49
2024-03-19,STR009,Phoenix Mall #9,Southwest,flagship,1,1,405.13,405.13,0.0,252.85,152.28,405.13,37.59
2024-03-19,STR013,Portland Downtown #13,Midwest,flagship,1,3,2469.96,2469.96,0.0,1163.19,1306.77,2469.96,52.91
2024-03-19,STR016,Nashville Downtown #16,Northeast,online,1,3,143.55,143.55,0.0,110.64,32.91,143.55,22.93
2024-03-19,STR017,Charlotte Mall #17,Southeast,flagship,1,5,730.75,694.21,36.54,614.85,79.36,694.21,11.43
2024-03-19,STR018,Minneapolis Mall #18,Midwest,outlet,1,3,78.27,78.27,0.0,58.29,19.98,78.27,25.53
2024-03-19,STR023,Kansas City Mall #23,Midwest,express,1,2,1286.3,1286.3,0.0,715.18,571.12,1286.3,44.4
2024-03-20,STR001,New York Downtown #1,Northeast,flagship,2,5,3106.21,2971.1600000000003,135.05,1586.49,1384.67,1485.58,46.6
2024-03-20,STR003,Atlanta Mall #3,Midwest,express,1,4,191.4,191.4,0.0,147.52,43.88,191.4,22.93
2024-03-20,STR006,Detroit Mall #6,Northeast,outlet,1,4,1080.68,1080.68,0.0,510.96,569.72,1080.68,52.72
2024-03-20,STR007,Dallas Downtown #7,Southeast,express,1,5,727.55,727.55,0.0,503.2,224.35,727.55,30.84
2024-03-20,STR008,Houston Mall #8,Midwest,online,1,2,489.12,489.12,0.0,320.48,168.64,489.12,34.48
2024-03-20,STR009,Phoenix Mall #9,Southwest,flagship,1,1,10.52,10.52,0.0,4.93,5.59,10.52,53.14
2024-03-20,STR010,Denver Downtown #10,West,outlet,1,4,104.08,98.88,5.2,44.32,54.56,98.88,55.18
2024-03-20,STR014,San Francisco Mall #14,Southwest,outlet,1,1,879.64,835.66,43.98,384.84,450.82,835.66,53.95
2024-03-20,STR019,Philadelphia Downtown #19,Southwest,express,1,2,831.54,831.54,0.0,560.96,270.58,831.54,32.54
2024-03-20,STR020,San Diego Mall #20,West,online,1,5,3376.35,3376.35,0.0,1667.05,1709.3,3376.35,50.63
2024-03-20,STR021,Las Vegas Mall #21,Northeast,flagship,1,3,207.57,207.57,0.0,177.81,29.76,207.57,14.34
2024-03-20,STR023,Kansas City Mall #23,Midwest,express,3,6,1723.08,1723.08,0.0,990.29,732.79,574.36,42.53
2024-03-21,STR001,New York Downtown #1,Northeast,flagship,1,5,2055.35,2055.35,0.0,1111.6,943.75,2055.35,45.92
2024-03-21,STR007,Dallas Downtown #7,Southeast,express,2,5,1453.5900000000001,1380.91,72.67999999999999,999.6300000000001,381.28,690.46,27.61
2024-03-21,STR009,Phoenix Mall #9,Southwest,flagship,1,1,139.31,132.34,6.97,73.35,58.99,132.34,44.57
2024-03-21,STR012,Seattle Mall #12,Southeast,online,1,2,498.68,498.68,0.0,351.62,147.06,498.68,29.49
2024-03-21,STR014,San Francisco Mall #14,Southwest,outlet,1,3,1709.61,1709.61,0.0,821.55,888.06,1709.61,51.95
2024-03-21,STR018,Minneapolis Mall #18,Midwest,outlet,3,12,7172.74,7154.31,18.43,3728.46,3425.85,2384.77,47.89
2024-03-21,STR020,San Diego Mall #20,West,online,1,4,322.68,322.68,0.0,273.84,48.84,322.68,15.14
2024-03-21,STR021,Las Vegas Mall #21,Northeast,flagship,2,6,3993.9100000000003,3993.9100000000003,0.0,2210.56,1783.35,1996.96,44.65
2024-03-22,STR003,Atlanta Mall #3,Midwest,express,2,5,1761.9199999999998,1761.9199999999998,0.0,1219.76,542.16,880.96,30.77
2024-03-22,STR006,Detroit Mall #6,Northeast,outlet,1,1,577.08,577.08,0.0,381.25,195.83,577.08,33.93
2024-03-22,STR007,Dallas Downtown #7,Southeast,express,1,3,1287.21,1287.21,0.0,796.02,491.19,1287.21,38.16
2024-03-22,STR009,Phoenix Mall #9,Southwest,flagship,1,1,58.52,58.52,0.0,44.15,14.37,58.52,24.56
2024-03-22,STR011,Los Angeles Mall #11,Northeast,express,1,3,981.84,834.56,147.28,448.89,385.67,834.56,46.21
2024-03-22,STR013,Portland Downtown #13,Midwest,flagship,1,3,979.59,930.61,48.98,699.84,230.77,930.61,24.8
2024-03-22,STR014,San Francisco Mall #14,Southwest,outlet,1,3,858.27,858.27,0.0,667.53,190.74,858.27,22.22
2024-03-22,STR015,Austin Mall #15,West,express,2,3,213.7,213.7,0.0,153.97,59.730000000000004,106.85,27.95
2024-03-22,STR017,Charlotte Mall #17,Southeast,flagship,1,2,502.34,426.99,75.35,371.66,55.33,426.99,12.96
2024-03-22,STR019,Philadelphia Downtown #19,Southwest,express,2,5,1706.4700000000003,1625.42,81.05,844.86,780.56,812.71,48.02
2024-03-22,STR020,San Diego Mall #20,West,online,2,8,2381.04,2381.04,0.0,1548.6200000000001,832.42,1190.52,34.96
2024-03-22,STR023,Kansas City Mall #23,Midwest,express,1,4,1275.16,1275.16,0.0,930.12,345.04,1275.16,27.06
2024-03-23,STR003,Atlanta Mall #3,Midwest,express,1,4,2382.36,2263.24,119.12,1225.88,1037.36,2263.24,45.84
2024-03-23,STR004,Miami Downtown #4,Southwest,online,2,8,2449.7200000000003,2449.7200000000003,0.0,1340.9499999999998,1108.77,1224.86,45.26
2024-03-23,STR006,Detroit Mall #6,Northeast,outlet,2,7,1810.62,1810.62,0.0,1045.8999999999999,764.7199999999999,905.31,42.24
2024-03-23,STR007,Dallas Downtown #7,Southeast,express,1,3,2469.96,2099.47,370.49,1163.19,936.28,2099.47,44.6
2024-03-23,STR008,Houston Mall #8,Midwest,online,4,15,4022.59,3972.5299999999997,50.06,2699.6,1272.93,993.13,32.04
2024-03-23,STR009,Phoenix Mall #9,Southwest,flagship,1,5,1322.5,1322.5,0.0,700.25,622.25,1322.5,47.05
2024-03-23,STR011,Los Angeles Mall #11,Northeast,express,1,3,956.37,908.55,47.82,697.59,210.96,908.55,23.22
2024-03-23,STR012,Seattle Mall #12,Southeast,online,1,5,591.8,591.8,0.0,256.25,335.55,591.8,56.7
2024-03-23,STR013,Portland Downtown #13,Midwest,flagship,1,2,272.74,272.74,0.0,118.52,154.22,272.74,56.54
2024-03-23,STR015,Austin Mall #15,West,express,1,5,2442.75,2442.75,0.0,1750.4,692.35,2442.75,28.34
2024-03-23,STR016,Nashville Downtown #16,Northeast,online,1,2,821.34,821.34,0.0,407.04,414.3,821.34,50.44
2024-03-23,STR017,Charlotte Mall #17,Southeast,flagship,1,5,696.55,696.55,0.0,366.75,329.8,696.55,47.35
2024-03-23,STR023,Kansas City Mall #23,Midwest,express,1,5,2539.0,2539.0,0.0,1872.75,666.25,2539.0,26.24
2024-03-24,STR002,Boston Mall #2,Southeast,outlet,1,2,498.68,498.68,0.0,351.62,147.06,498.68,29.49
2024-03-24,STR003,Atlanta Mall #3,Midwest,express,1,5,2053.35,1950.68,102.67,1017.6,933.08,1950.68,47.83
2024-03-24,STR004,Miami Downtown #4,Southwest,online,1,5,3244.25,3244.25,0.0,1494.55,1749.7,3244.25,53.93
2024-03-24,STR010,Denver Downtown #10,West,outlet,1,1,54.14,54.14,0.0,43.9,10.24,54.14,18.91
2024-03-24,STR011,Los Angeles Mall #11,Northeast,express,1,5,1589.8,1351.33,238.47,1192.9,158.43,1351.33,11.72
2024-03-24,STR018,Minneapolis Mall #18,Midwest,outlet,2,6,1940.67,1940.67,0.0,955.14,985.53,970.34,50.78
2024-03-24,STR020,San Diego Mall #20,West,online,2,2,839.74,797.76,41.980000000000004,468.86,328.9,398.88,41.23
2024-03-24,STR021,Las Vegas Mall #21,Northeast,flagship,1,3,741.3,741.3,0.0,319.38,421.92,741.3,56.92
2024-03-25,STR002,Boston Mall #2,Southeast,outlet,1,5,2299.0,1954.15,344.85,1595.65,358.5,1954.15,18.35
2024-03-25,STR003,Atlanta Mall #3,Midwest,express,1,4,2308.32,2308.32,0.0,1525.0,783.32,2308.32,33.93
2024-03-25,STR004,Miami Downtown #4,Southwest,online,1,2,1380.92,1380.92,0.0,777.58,603.34,1380.92,43.69
2024-03-25,STR005,Chicago Mall #5,West,flagship,1,2,278.62,264.69,13.93,146.7,117.99,264.69,44.58
2024-03-25,STR006,Detroit Mall #6,Northeast,outlet,1,1,77.68,77.68,0.0,37.84,39.84,77.68,51.29
2024-03-25,STR007,Dallas Downtown #7,Southeast,express,1,4,2778.48,2500.63,277.85,1480.8,1019.83,2500.63,40.78
2024-03-25,STR010,Denver Downtown #10,West,outlet,1,1,404.74,404.74,0.0,269.55,135.19,404.74,33.4
2024-03-25,STR011,Los Angeles Mall #11,Northeast,express,1,4,2382.36,2263.24,119.12,1225.88,1037.36,2263.24,45.84
2024-03-25,STR012,Seattle Mall #12,Southeast,online,1,4,557.24,501.52,55.72,293.4,208.12,501.52,41.5
2024-03-25,STR015,Austin Mall #15,West,express,1,4,560.8,560.8,0.0,441.4,119.4,560.8,21.29
2024-03-25,STR016,Nashville Downtown #16,Northeast,online,1,5,581.55,581.55,0.0,475.55,106.0,581.55,18.23
2024-03-25,STR018,Minneapolis Mall #18,Midwest,outlet,1,3,1462.05,1462.05,0.0,865.05,597.0,1462.05,40.83
2024-03-25,STR019,Philadelphia Downtown #19,Southwest,express,2,3,481.11,395.3,85.81,287.5,107.8,197.65,27.27
2024-03-25,STR020,San Diego Mall #20,West,online,2,6,3810.86,3810.86,0.0,1785.3,2025.56,1905.43,53.15
2024-03-25,STR022,Orlando Downtown #22,Southeast,outlet,1,2,272.74,245.47,27.27,118.52,126.95,245.47,51.72
2024-03-26,STR001,New York Downtown #1,Northeast,flagship,1,5,2793.3,2793.3,0.0,1610.7,1182.6,2793.3,42.34
2024-03-26,STR002,Boston Mall #2,Southeast,outlet,1,5,2023.7,2023.7,0.0,1347.75,675.95,2023.7,33.4
2024-03-26,STR004,Miami Downtown #4,Southwest,online,1,4,397.48,397.48,0.0,181.76,215.72,397.48,54.27
2024-03-26,STR007,Dallas Downtown #7,Southeast,express,1,4,2778.48,2778.48,0.0,1480.8,1297.68,2778.48,46.7
2024-03-26,STR012,Seattle Mall #12,Southeast,online,1,3,2469.96,2469.96,0.0,1163.19,1306.77,2469.96,52.91
2024-03-26,STR015,Austin Mall #15,West,express,1,3,1220.34,1220.34,0.0,639.75,580.59,1220.34,47.58
2024-03-26,STR016,Nashville Downtown #16,Northeast,online,1,4,322.68,322.68,0.0,273.84,48.84,322.68,15.14
2024-03-26,STR018,Minneapolis Mall #18,Midwest,outlet,1,4,2002.2,2002.2,0.0,1294.72,707.48,2002.2,35.34
2024-03-26,STR019,Philadelphia Downtown #19,Southwest,express,2,8,1568.48,1568.48,0.0,951.84,616.64,784.24,39.31
2024-03-26,STR022,Orlando Downtown #22,Southeast,outlet,1,2,108.28,108.28,0.0,87.8,20.48,108.28,18.91
2024-03-26,STR023,Kansas City Mall #23,Midwest,express,1,2,946.34,946.34,0.0,503.34,443.0,946.34,46.81
2024-03-27,STR002,Boston Mall #2,Southeast,outlet,2,9,3667.48,3239.88,427.6,2155.16,1084.72,1619.94,33.48
2024-03-27,STR003,Atlanta Mall #3,Midwest,express,2,5,571.72,558.26,13.46,449.55,108.71000000000001,279.13,19.47
2024-03-27,STR006,Detroit Mall #6,Northeast,outlet,1,3,420.6,420.6,0.0,331.05,89.55,420.6,21.29
2024-03-27,STR011,Los Angeles Mall #11,Northeast,express,3,11,2742.33,2742.33,0.0,1767.47,974.86,914.11,35.55
2024-03-27,STR012,Seattle Mall #12,Southeast,online,1,3,382.86,382.86,0.0,293.73,89.13,382.86,23.28
2024-03-27,STR013,Portland Downtown #13,Midwest,flagship,1,1,576.59,576.59,0.0,382.34,194.25,576.59,33.69
2024-03-27,STR017,Charlotte Mall #17,Southeast,flagship,1,1,643.15,578.84,64.31,357.59,221.25,578.84,38.22
2024-03-27,STR019,Philadelphia Downtown #19,Southwest,express,1,5,307.1,261.03,46.07,174.65,86.38,261.03,33.09
2024-03-27,STR021,Las Vegas Mall #21,Northeast,flagship,2,4,1648.27,1648.27,0.0,1123.59,524.68,824.14,31.83
2024-03-27,STR023,Kansas City Mall #23,Midwest,express,1,2,821.34,739.21,82.13,407.04,332.17,739.21,44.94
2024-03-28,STR002,Boston Mall #2,Southeast,outlet,1,5,2849.35,2849.35,0.0,1369.25,1480.1,2849.35,51.95
2024-03-28,STR005,Chicago Mall #5,West,flagship,1,2,272.74,231.83,40.91,118.52,113.31,231.83,48.88
2024-03-28,STR006,Detroit Mall #6,Northeast,outlet,2,7,1495.77,1495.77,0.0,1157.93,337.84,747.88,22.59
2024-03-28,STR009,Phoenix Mall #9,Southwest,flagship,1,5,1255.85,1193.06,62.79,929.15,263.91,1193.06,22.12
2024-03-28,STR010,Denver Downtown #10,West,outlet,1,4,2385.48,2266.21,119.27,1389.04,877.17,2266.21,38.71
2024-03-28,STR016,Nashville Downtown #16,Northeast,online,1,3,703.83,668.64,35.19,460.95,207.69,668.64,31.06
2024-03-28,STR019,Philadelphia Downtown #19,Southwest,express,1,5,1255.85,1255.85,0.0,929.15,326.7,1255.85,26.01
2024-03-28,STR020,San Diego Mall #20,West,online,1,5,168.3,168.3,0.0,99.35,68.95,168.3,40.97
2024-03-28,STR022,Orlando Downtown #22,Southeast,outlet,1,3,1199.52,1079.57,119.95,688.65,390.92,1079.57,36.21
2024-03-28,STR023,Kansas City Mall #23,Midwest,express,1,5,2459.05,2336.1,122.95,1436.6,899.5,2336.1,38.5
2024-03-29,STR001,New York Downtown #1,Northeast,flagship,1,2,138.38,138.38,0.0,118.54,19.84,138.38,14.34
2024-03-29,STR002,Boston Mall #2,Southeast,outlet,1,3,1946.55,1946.55,0.0,896.73,1049.82,1946.55,53.93
2024-03-29,STR003,Atlanta Mall #3,Midwest,express,1,4,234.08,234.08,0.0,176.6,57.48,234.08,24.56
2024-03-29,STR004,Miami Downtown #4,Southwest,online,2,6,1963.21,1882.8200000000002,80.39,1388.63,494.19,941.41,26.25
2024-03-29,STR007,Dallas Downtown #7,Southeast,express,1,1,648.85,551.52,97.33,298.91,252.61,551.52,45.8
2024-03-29,STR009,Phoenix Mall #9,Southwest,flagship,2,5,4134.96,3955.16,179.8,1900.6100000000001,2054.55,1977.58,51.95
2024-03-29,STR014,San Francisco Mall #14,Southwest,outlet,1,4,2385.48,2385.48,0.0,1389.04,996.44,2385.48,41.77
2024-03-29,STR017,Charlotte Mall #17,Southeast,flagship,1,2,1646.64,1646.64,0.0,775.46,871.18,1646.64,52.91
2024-03-29,STR022,Orlando Downtown #22,Southeast,outlet,2,3,994.76,947.99,46.77,600.0699999999999,347.91999999999996,474.0,36.7
2024-03-29,STR023,Kansas City Mall #23,Midwest,express,1,3,298.11,268.3,29.81,136.32,131.98,268.3,49.19
2024-03-30,STR002,Boston Mall #2,Southeast,outlet,1,2,161.34,161.34,0.0,136.92,24.42,161.34,15.14
2024-03-30,STR004,Miami Downtown #4,Southwest,online,1,4,1347.92,1347.92,0.0,686.0,661.92,1347.92,49.11
2024-03-30,STR008,Houston Mall #8,Midwest,online,1,2,1357.86,1357.86,0.0,599.9,757.96,1357.86,55.82
2024-03-30,STR009,Phoenix Mall #9,Southwest,flagship,2,8,1386.2,1285.8200000000002,100.38,816.16,469.66,642.91,36.53
2024-03-30,STR017,Charlotte Mall #17,Southeast,flagship,1,4,2031.2,2031.2,0.0,1498.2,533.0,2031.2,26.24
2024-03-30,STR020,San Diego Mall #20,West,online,1,5,581.55,523.39,58.16,475.55,47.84,523.39,9.14
2024-03-30,STR022,Orlando Downtown #22,Southeast,outlet,1,4,491.2,491.2,0.0,373.6,117.6,491.2,23.94
2024-03-30,STR023,Kansas City Mall #23,Midwest,express,2,10,3091.75,3025.63,66.12,2058.8,966.8299999999999,1512.82,31.95
2024-03-31,STR002,Boston Mall #2,Southeast,outlet,2,7,3254.44,3254.44,0.0,1954.8600000000001,1299.58,1627.22,39.93
2024-03-31,STR003,Atlanta Mall #3,Midwest,express,2,8,1893.4,1893.4,0.0,923.04,970.3599999999999,946.7,51.25
2024-03-31,STR004,Miami Downtown #4,Southwest,online,1,5,2365.85,2129.26,236.59,1258.35,870.91,2129.26,40.9
2024-03-31,STR007,Dallas Downtown #7,Southeast,express,2,2,498.28,498.28,0.0,320.08000000000004,178.2,249.14,35.76
2024-03-31,STR010,Denver Downtown #10,West,outlet,1,5,2376.75,2257.91,118.84,1793.35,464.56,2257.91,20.57
2024-03-31,STR013,Portland Downtown #13,Midwest,flagship,1,5,1945.25,1750.72,194.53,1480.6,270.12,1750.72,15.43
2024-03-31,STR015,Austin Mall #15,West,express,1,2,796.04,796.04,0.0,337.62,458.42,796.04,57.59
2024-03-31,STR020,San Diego Mall #20,West,online,2,4,1619.0,1548.23,70.77,1080.6,467.63,774.12,30.2
2024-03-31,STR021,Las Vegas Mall #21,Northeast,flagship,1,5,1235.5,1235.5,0.0,532.3,703.2,1235.5,56.92
2024-04-01,STR001,New York Downtown #1,Northeast,flagship,1,4,510.48,510.48,0.0,391.64,118.84,510.48,23.28
2024-04-01,STR002,Boston Mall #2,Southeast,outlet,1,2,654.56,654.56,0.0,299.26,355.3,654.56,54.28
2024-04-01,STR004,Miami Downtown #4,Southwest,online,1,3,1232.01,1232.01,0.0,610.56,621.45,1232.01,50.44
2024-04-01,STR005,Chicago Mall #5,West,flagship,1,5,1607.8,1286.24,321.56,1179.4,106.84,1286.24,8.31
2024-04-01,STR006,Detroit Mall #6,Northeast,outlet,1,2,796.04,676.63,119.41,337.62,339.01,676.63,50.1
2024-04-01,STR013,Portland Downtown #13,Midwest,flagship,1,4,1415.4,1415.4,0.0,1086.84,328.56,1415.4,23.21
2024-04-01,STR014,San Francisco Mall #14,Southwest,outlet,1,4,1651.32,1651.32,0.0,775.84,875.48,1651.32,53.02
2024-04-01,STR015,Austin Mall #15,West,express,1,4,1097.2,1042.34,54.86,765.32,277.02,1042.34,26.58
2024-04-01,STR017,Charlotte Mall #17,Southeast,flagship,1,2,709.82,709.82,0.0,327.48,382.34,709.82,53.86
2024-04-01,STR018,Minneapolis Mall #18,Midwest,outlet,1,3,1105.5,1105.5,0.0,943.02,162.48,1105.5,14.7
2024-04-01,STR021,Las Vegas Mall #21,Northeast,flagship,1,2,1154.16,981.04,173.12,762.5,218.54,981.04,22.28
2024-04-02,STR002,Boston Mall #2,Southeast,outlet,1,1,487.35,487.35,0.0,288.35,199.0,487.35,40.83
2024-04-02,STR005,Chicago Mall #5,West,flagship,1,2,1322.66,1322.66,0.0,694.72,627.94,1322.66,47.48
2024-04-02,STR009,Phoenix Mall #9,Southwest,flagship,1,1,595.59,595.59,0.0,306.47,289.12,595.59,48.54
2024-04-02,STR011,Los Angeles Mall #11,Northeast,express,3,10,2506.7,2506.7,0.0,1658.75,847.95,835.57,33.83
2024-04-02,STR015,Austin Mall #15,West,express,2,5,2151.61,2151.61,0.0,1248.82,902.79,1075.8,41.96
2024-04-02,STR016,Nashville Downtown #16,Northeast,online,1,1,304.27,273.84,30.43,206.99,66.85,273.84,24.41
2024-04-02,STR020,San Diego Mall #20,West,online,1,4,2279.48,2051.53,227.95,1095.4,956.13,2051.53,46.61
2024-04-02,STR022,Orlando Downtown #22,Southeast,outlet,3,7,2375.87,2362.36,13.51,1416.8400000000001,945.52,787.45,40.02
2024-04-03,STR001,New York Downtown #1,Northeast,flagship,2,5,927.4000000000001,927.4000000000001,0.0,432.05,495.34999999999997,463.7,53.41
2024-04-03,STR007,Dallas Downtown #7,Southeast,express,1,3,1581.12,1343.95,237.17,1099.71,244.24,1343.95,18.17
2024-04-03,STR011,Los Angeles Mall #11,Northeast,express,1,5,1759.1,1759.1,0.0,947.5,811.6,1759.1,46.14
2024-04-03,STR017,Charlotte Mall #17,Southeast,flagship,2,6,4401.4800000000005,4346.07,55.41,2029.3600000000001,2316.71,2173.04,53.31
2024-04-03,STR021,Las Vegas Mall #21,Northeast,flagship,1,5,239.25,203.36,35.89,184.4,18.96,203.36,9.32
2024-04-04,STR001,New York Downtown #1,Northeast,flagship,1,3,1709.61,1709.61,0.0,821.55,888.06,1709.61,51.95
2024-04-04,STR008,Houston Mall #8,Midwest,online,1,3,1863.69,1863.69,0.0,1083.72,779.97,1863.69,41.85
2024-04-04,STR009,Phoenix Mall #9,Southwest,flagship,1,3,1247.31,1247.31,0.0,841.44,405.87,1247.31,32.54
2024-04-04,STR013,Portland Downtown #13,Midwest,flagship,1,3,1215.39,1215.39,0.0,758.55,456.84,1215.39,37.59
2024-04-04,STR016,Nashville Downtown #16,Northeast,online,1,5,1430.45,1144.36,286.09,1112.55,31.81,1144.36,2.78
2024-04-04,STR018,Minneapolis Mall #18,Midwest,outlet,1,3,1167.15,992.08,175.07,888.36,103.72,992.08,10.45
2024-04-04,STR020,San Diego Mall #20,West,online,1,2,608.54,608.54,0.0,413.98,194.56,608.54,31.97
2024-04-04,STR021,Las Vegas Mall #21,Northeast,flagship,1,1,823.32,782.15,41.17,387.73,394.42,782.15,50.43
2024-04-04,STR022,Orlando Downtown #22,Southeast,outlet,1,4,92.56,92.56,0.0,42.4,50.16,92.56,54.19
2024-04-04,STR023,Kansas City Mall #23,Midwest,express,1,4,1004.68,1004.68,0.0,743.32,261.36,1004.68,26.01
2024-04-05,STR001,New York Downtown #1,Northeast,flagship,1,1,694.62,694.62,0.0,370.2,324.42,694.62,46.7
2024-04-05,STR003,Atlanta Mall #3,Midwest,express,1,2,703.64,703.64,0.0,379.0,324.64,703.64,46.14
2024-04-05,STR004,Miami Downtown #4,Southwest,online,1,5,130.45,130.45,0.0,97.15,33.3,130.45,25.53
2024-04-05,STR005,Chicago Mall #5,West,flagship,1,4,245.68,245.68,0.0,139.72,105.96,245.68,43.13
2024-04-05,STR017,Charlotte Mall #17,Southeast,flagship,2,6,3499.12,3499.12,0.0,1862.08,1637.04,1749.56,46.78
2024-04-05,STR019,Philadelphia Downtown #19,Southwest,express,2,6,2240.52,1884.54,355.98,1740.51,144.03,942.27,7.64
2024-04-05,STR020,San Diego Mall #20,West,online,1,2,778.1,778.1,0.0,592.24,185.86,778.1,23.89
2024-04-05,STR021,Las Vegas Mall #21,Northeast,flagship,1,1,201.33,201.33,0.0,167.49,33.84,201.33,16.81
2024-04-05,STR022,Orlando Downtown #22,Southeast,outlet,1,1,137.75,137.75,0.0,79.47,58.28,137.75,42.31
2024-04-06,STR002,Boston Mall #2,Southeast,outlet,1,2,916.38,916.38,0.0,394.6,521.78,916.38,56.94
2024-04-06,STR005,Chicago Mall #5,West,flagship,1,1,26.02,22.12,3.9,11.08,11.04,22.12,49.91
2024-04-06,STR007,Dallas Downtown #7,Southeast,express,1,2,977.1,977.1,0.0,700.16,276.94,977.1,28.34
2024-04-06,STR008,Houston Mall #8,Midwest,online,1,4,1748.32,1748.32,0.0,1480.28,268.04,1748.32,15.33
2024-04-06,STR010,Denver Downtown #10,West,outlet,1,1,399.84,399.84,0.0,229.55,170.29,399.84,42.59
2024-04-06,STR012,Seattle Mall #12,Southeast,online,2,4,2305.62,2236.16,69.46,1135.0,1101.1599999999999,1118.08,49.24
2024-04-06,STR013,Portland Downtown #13,Midwest,flagship,2,4,2052.7200000000003,2052.7200000000003,0.0,1228.18,824.54,1026.36,40.17
2024-04-06,STR014,San Francisco Mall #14,Southwest,outlet,2,7,4001.4700000000003,4001.4700000000003,0.0,1937.68,2063.79,2000.74,51.58
2024-04-06,STR016,Nashville Downtown #16,Northeast,online,1,4,2306.36,2191.04,115.32,1529.36,661.68,2191.04,30.2
2024-04-06,STR019,Philadelphia Downtown #19,Southwest,express,2,3,1413.1999999999998,1413.1999999999998,0.0,1052.87,360.33000000000004,706.6,25.5
2024-04-06,STR020,San Diego Mall #20,West,online,2,8,3798.24,3798.24,0.0,2069.2,1729.04,1899.12,45.52
2024-04-06,STR023,Kansas City Mall #23,Midwest,express,2,4,344.57,344.57,0.0,183.8,160.76999999999998,172.28,46.66
2024-04-07,STR001,New York Downtown #1,Northeast,flagship,1,4,1004.68,1004.68,0.0,743.32,261.36,1004.68,26.01
2024-04-07,STR002,Boston Mall #2,Southeast,outlet,2,6,1657.17,1528.4299999999998,128.74,1044.06,484.37,764.21,31.69
2024-04-07,STR004,Miami Downtown #4,Southwest,online,1,3,2036.79,2036.79,0.0,899.85,1136.94,2036.79,55.82
2024-04-07,STR006,Detroit Mall #6,Northeast,outlet,1,4,134.64,134.64,0.0,79.48,55.16,134.64,40.97
2024-04-07,STR008,Houston Mall #8,Midwest,online,2,7,3496.83,3496.83,0.0,2483.54,1013.29,1748.42,28.98
2024-04-07,STR013,Portland Downtown #13,Midwest,flagship,1,2,643.12,643.12,0.0,471.76,171.36,643.12,26.65
2024-04-07,STR016,Nashville Downtown #16,Northeast,online,1,1,527.04,527.04,0.0,366.57,160.47,527.04,30.45
2024-04-07,STR017,Charlotte Mall #17,Southeast,flagship,1,5,1842.5,1566.12,276.38,1571.7,-5.58,1566.12,-0.36
2024-04-07,STR021,Las Vegas Mall #21,Northeast,flagship,3,8,4570.06,4391.38,178.68,2641.39,1749.99,1463.79,39.85
2024-04-07,STR023,Kansas City Mall #23,Midwest,express,2,5,1763.16,1763.16,0.0,1111.92,651.24,881.58,36.94
2024-04-08,STR002,Boston Mall #2,Southeast,outlet,1,1,304.27,243.42,60.85,206.99,36.43,243.42,14.97
2024-04-08,STR003,Atlanta Mall #3,Midwest,express,1,2,919.6,919.6,0.0,638.26,281.34,919.6,30.59
2024-04-08,STR004,Miami Downtown #4,Southwest,online,1,1,544.43,544.43,0.0,264.45,279.98,544.43,51.43
2024-04-08,STR005,Chicago Mall #5,West,flagship,1,1,80.67,76.64,4.03,68.46,8.18,76.64,10.67
2024-04-08,STR006,Detroit Mall #6,Northeast,outlet,1,2,1243.64,1243.64,0.0,627.98,615.66,1243.64,49.5
2024-04-08,STR007,Dallas Downtown #7,Southeast,express,1,4,104.36,104.36,0.0,77.72,26.64,104.36,25.53
2024-04-08,STR009,Phoenix Mall #9,Southwest,flagship,1,3,69.42,69.42,0.0,31.8,37.62,69.42,54.19
2024-04-08,STR011,Los Angeles Mall #11,Northeast,express,2,5,3336.27,3336.27,0.0,1569.02,1767.25,1668.14,52.97
2024-04-08,STR012,Seattle Mall #12,Southeast,online,1,5,472.35,472.35,0.0,237.9,234.45,472.35,49.63
2024-04-08,STR013,Portland Downtown #13,Midwest,flagship,2,6,709.22,709.22,0.0,482.52,226.7,354.61,31.96
2024-04-08,STR015,Austin Mall #15,West,express,3,5,1601.79,1601.79,0.0,1096.01,505.78,533.93,31.58
2024-04-08,STR020,San Diego Mall #20,West,online,1,3,1465.65,1465.65,0.0,1050.24,415.41,1465.65,28.34
2024-04-08,STR021,Las Vegas Mall #21,Northeast,flagship,1,4,1960.32,1960.32,0.0,1061.76,898.56,1960.32,45.84
2024-04-08,STR023,Kansas City Mall #23,Midwest,express,1,4,1822.6,1822.6,0.0,1074.36,748.24,1822.6,41.05
2024-04-09,STR002,Boston Mall #2,Southeast,outlet,2,6,730.55,730.55,0.0,548.74,181.81,365.28,24.89
2024-04-09,STR004,Miami Downtown #4,Southwest,online,2,9,784.73,736.88,47.85,421.44,315.44,368.44,42.81
2024-04-09,STR005,Chicago Mall #5,West,flagship,2,10,3824.6,3721.83,102.77,2470.1499999999996,1251.68,1860.92,33.63
2024-04-09,STR008,Houston Mall #8,Midwest,online,1,3,1675.98,1675.98,0.0,966.42,709.56,1675.98,42.34
2024-04-09,STR013,Portland Downtown #13,Midwest,flagship,1,1,247.1,234.74,12.36,106.46,128.28,234.74,54.65
2024-04-09,STR016,Nashville Downtown #16,Northeast,online,1,2,402.66,322.13,80.53,334.98,-12.85,322.13,-3.99
2024-04-09,STR020,San Diego Mall #20,West,online,1,2,673.96,673.96,0.0,343.0,330.96,673.96,49.11
2024-04-09,STR021,Las Vegas Mall #21,Northeast,flagship,1,2,1139.74,1139.74,0.0,547.7,592.04,1139.74,51.95
2024-04-10,STR001,New York Downtown #1,Northeast,flagship,2,9,3009.44,3009.44,0.0,1847.8600000000001,1161.58,1504.72,38.6
2024-04-10,STR003,Atlanta Mall #3,Midwest,express,1,3,1789.11,1789.11,0.0,1041.78,747.33,1789.11,41.77
2024-04-10,STR004,Miami Downtown #4,Southwest,online,2,7,505.81,501.18,4.63,280.81,220.37,250.59,43.97
2024-04-10,STR005,Chicago Mall #5,West,flagship,1,1,406.78,406.78,0.0,213.25,193.53,406.78,47.58
2024-04-10,STR007,Dallas Downtown #7,Southeast,express,1,3,228.42,205.58,22.84,178.56,27.02,205.58,13.14
2024-04-10,STR010,Denver Downtown #10,West,outlet,1,3,1374.57,1374.57,0.0,591.9,782.67,1374.57,56.94
2024-04-10,STR012,Seattle Mall #12,Southeast,online,1,5,307.1,291.74,15.36,174.65,117.09,291.74,40.14
2024-04-10,STR016,Nashville Downtown #16,Northeast,online,2,4,2103.49,2103.49,0.0,1038.07,1065.4199999999998,1051.74,50.65
2024-04-10,STR017,Charlotte Mall #17,Southeast,flagship,1,2,161.32,161.32,0.0,115.24,46.08,161.32,28.56
2024-04-10,STR018,Minneapolis Mall #18,Midwest,outlet,2,6,817.6800000000001,735.9100000000001,81.77,450.85,285.06,367.96,38.74
2024-04-10,STR019,Philadelphia Downtown #19,Southwest,express,2,6,2897.37,2780.76,116.61,1733.13,1047.63,1390.38,37.67
2024-04-11,STR003,Atlanta Mall #3,Midwest,express,1,5,1943.55,1943.55,0.0,982.3,961.25,1943.55,49.46
2024-04-11,STR004,Miami Downtown #4,Southwest,online,1,1,118.36,118.36,0.0,51.25,67.11,118.36,56.7
2024-04-11,STR005,Chicago Mall #5,West,flagship,1,5,1521.35,1521.35,0.0,1034.95,486.4,1521.35,31.97
2024-04-11,STR006,Detroit Mall #6,Northeast,outlet,3,10,2464.04,2464.04,0.0,1420.01,1044.03,821.35,42.37
2024-04-11,STR012,Seattle Mall #12,Southeast,online,1,3,1808.34,1808.34,0.0,1161.21,647.13,1808.34,35.79
2024-04-11,STR014,San Francisco Mall #14,Southwest,outlet,1,3,2083.86,2083.86,0.0,1110.6,973.26,2083.86,46.7
2024-04-11,STR015,Austin Mall #15,West,express,1,5,846.85,846.85,0.0,541.3,305.55,846.85,36.08
2024-04-11,STR018,Minneapolis Mall #18,Midwest,outlet,1,1,201.33,201.33,0.0,167.49,33.84,201.33,16.81
2024-04-11,STR022,Orlando Downtown #22,Southeast,outlet,1,5,1824.3,1824.3,0.0,822.95,1001.35,1824.3,54.89
2024-04-12,STR001,New York Downtown #1,Northeast,flagship,1,4,491.2,417.52,73.68,373.6,43.92,417.52,10.52
2024-04-12,STR002,Boston Mall #2,Southeast,outlet,2,9,3517.05,3464.15,52.9,1996.8,1467.35,1732.08,42.36
2024-04-12,STR003,Atlanta Mall #3,Midwest,express,1,4,1556.2,1556.2,0.0,1184.48,371.72,1556.2,23.89
2024-04-12,STR006,Detroit Mall #6,Northeast,outlet,1,2,529.0,529.0,0.0,280.1,248.9,529.0,47.05
2024-04-12,STR008,Houston Mall #8,Midwest,online,1,3,2158.56,2158.56,0.0,1028.79,1129.77,2158.56,52.34
2024-04-12,STR009,Phoenix Mall #9,Southwest,flagship,1,3,1233.21,1233.21,0.0,666.96,566.25,1233.21,45.92
2024-04-12,STR010,Denver Downtown #10,West,outlet,1,3,603.99,603.99,0.0,502.47,101.52,603.99,16.81
2024-04-12,STR011,Los Angeles Mall #11,Northeast,express,1,3,1166.13,1166.13,0.0,589.38,576.75,1166.13,49.46
2024-04-12,STR018,Minneapolis Mall #18,Midwest,outlet,1,2,1297.7,1297.7,0.0,597.82,699.88,1297.7,53.93
2024-04-12,STR019,Philadelphia Downtown #19,Southwest,express,1,4,234.08,222.38,11.7,176.6,45.78,222.38,20.59
2024-04-12,STR020,San Diego Mall #20,West,online,1,3,1426.05,1354.75,71.3,1076.01,278.74,1354.75,20.58
2024-04-12,STR021,Las Vegas Mall #21,Northeast,flagship,1,4,2633.32,2633.32,0.0,1288.16,1345.16,2633.32,51.08
2024-04-13,STR012,Seattle Mall #12,Southeast,online,1,5,115.7,115.7,0.0,53.0,62.7,115.7,54.19
2024-04-13,STR014,San Francisco Mall #14,Southwest,outlet,1,3,304.77,304.77,0.0,232.23,72.54,304.77,23.8
2024-04-13,STR015,Austin Mall #15,West,express,1,2,161.34,161.34,0.0,136.92,24.42,161.34,15.14
2024-04-13,STR016,Nashville Downtown #16,Northeast,online,2,3,1608.51,1608.51,0.0,975.0,633.51,804.26,39.38
2024-04-13,STR018,Minneapolis Mall #18,Midwest,outlet,1,3,1061.55,955.39,106.16,815.13,140.26,955.39,14.68
2024-04-13,STR019,Philadelphia Downtown #19,Southwest,express,1,5,1371.5,1097.2,274.3,956.65,140.55,1097.2,12.81
2024-04-14,STR003,Atlanta Mall #3,Midwest,express,2,7,1596.0900000000001,1596.0900000000001,0.0,1036.82,559.27,798.04,35.04
2024-04-14,STR006,Detroit Mall #6,Northeast,outlet,1,4,1651.32,1568.75,82.57,775.84,792.91,1568.75,50.54
2024-04-14,STR011,Los Angeles Mall #11,Northeast,express,3,7,800.23,800.23,0.0,559.0,241.23000000000002,266.74,30.15
2024-04-14,STR012,Seattle Mall #12,Southeast,online,1,1,429.07,429.07,0.0,265.34,163.73,429.07,38.16
2024-04-14,STR016,Nashville Downtown #16,Northeast,online,1,3,748.02,635.82,112.2,527.43,108.39,635.82,17.05
2024-04-14,STR020,San Diego Mall #20,West,online,1,3,748.02,748.02,0.0,527.43,220.59,748.02,29.49
2024-04-14,STR023,Kansas City Mall #23,Midwest,express,2,4,2087.38,1840.4,246.98,1423.37,417.03,920.2,22.66
2024-04-15,STR002,Boston Mall #2,Southeast,outlet,1,3,100.98,100.98,0.0,59.61,41.37,100.98,40.97
2024-04-15,STR005,Chicago Mall #5,West,flagship,1,5,1173.05,1055.74,117.31,768.25,287.49,1055.74,27.23
2024-04-15,STR006,Detroit Mall #6,Northeast,outlet,1,4,1839.2,1839.2,0.0,1276.52,562.68,1839.2,30.59
2024-04-15,STR008,Houston Mall #8,Midwest,online,2,9,2735.8100000000004,2612.8599999999997,122.95,1673.6799999999998,939.18,1306.43,35.94
2024-04-15,STR009,Phoenix Mall #9,Southwest,flagship,3,11,2917.23,2868.3199999999997,48.91,1938.3600000000001,929.96,956.11,32.42
2024-04-15,STR011,Los Angeles Mall #11,Northeast,express,2,5,2571.62,2571.62,0.0,1460.06,1111.56,1285.81,43.22
2024-04-15,STR012,Seattle Mall #12,Southeast,online,1,2,255.24,255.24,0.0,195.82,59.42,255.24,23.28
2024-04-15,STR015,Austin Mall #15,West,express,2,6,1640.46,1640.46,0.0,938.83,701.63,820.23,42.77
2024-04-15,STR017,Charlotte Mall #17,Southeast,flagship,1,5,864.6,864.6,0.0,569.95,294.65,864.6,34.08
2024-04-15,STR020,San Diego Mall #20,West,online,2,6,3652.23,3562.8900000000003,89.34,1861.38,1701.51,1781.45,47.76
2024-04-15,STR023,Kansas City Mall #23,Midwest,express,1,5,1331.5,1331.5,0.0,627.55,703.95,1331.5,52.87
2024-04-16,STR005,Chicago Mall #5,West,flagship,1,1,76.14,76.14,0.0,59.52,16.62,76.14,21.83
2024-04-16,STR006,Detroit Mall #6,Northeast,outlet,1,3,1064.73,1064.73,0.0,491.22,573.51,1064.73,53.86
2024-04-16,STR010,Denver Downtown #10,West,outlet,1,1,554.1,554.1,0.0,239.22,314.88,554.1,56.83
2024-04-16,STR011,Los Angeles Mall #11,Northeast,express,1,1,145.51,138.23,7.28,100.64,37.59,138.23,27.19
2024-04-16,STR012,Seattle Mall #12,Southeast,online,2,6,1600.3600000000001,1600.3600000000001,0.0,696.89,903.47,800.18,56.45
2024-04-16,STR016,Nashville Downtown #16,Northeast,online,1,2,469.22,469.22,0.0,307.3,161.92,469.22,34.51
2024-04-16,STR017,Charlotte Mall #17,Southeast,flagship,1,2,825.66,784.38,41.28,387.92,396.46,784.38,50.54
2024-04-16,STR018,Minneapolis Mall #18,Midwest,outlet,1,4,2308.32,2308.32,0.0,1525.0,783.32,2308.32,33.93
2024-04-16,STR022,Orlando Downtown #22,Southeast,outlet,1,5,1943.55,1943.55,0.0,982.3,961.25,1943.55,49.46
2024-04-17,STR003,Atlanta Mall #3,Midwest,express,1,2,710.82,675.28,35.54,418.46,256.82,675.28,38.03
2024-04-17,STR008,Houston Mall #8,Midwest,online,1,1,116.31,116.31,0.0,95.11,21.2,116.31,18.23
2024-04-17,STR009,Phoenix Mall #9,Southwest,flagship,1,5,2708.05,2437.24,270.81,1333.05,1104.19,2437.24,45.3
2024-04-17,STR013,Portland Downtown #13,Midwest,flagship,1,2,709.82,709.82,0.0,327.48,382.34,709.82,53.86
2024-04-17,STR014,San Francisco Mall #14,Southwest,outlet,1,4,2031.2,1828.08,203.12,1498.2,329.88,1828.08,18.05
2024-04-17,STR016,Nashville Downtown #16,Northeast,online,2,6,387.62,387.62,0.0,244.56,143.06,193.81,36.91
2024-04-17,STR017,Charlotte Mall #17,Southeast,flagship,1,3,1624.83,1624.83,0.0,799.83,825.0,1624.83,50.77
2024-04-17,STR018,Minneapolis Mall #18,Midwest,outlet,1,3,436.53,436.53,0.0,301.92,134.61,436.53,30.84
2024-04-17,STR019,Philadelphia Downtown #19,Southwest,express,1,1,259.57,259.57,0.0,149.44,110.13,259.57,42.43
2024-04-17,STR022,Orlando Downtown #22,Southeast,outlet,1,2,799.68,799.68,0.0,459.1,340.58,799.68,42.59
2024-04-18,STR001,New York Downtown #1,Northeast,flagship,1,4,2572.6,2315.34,257.26,1430.36,884.98,2315.34,38.22
2024-04-18,STR005,Chicago Mall #5,West,flagship,1,1,274.3,274.3,0.0,191.33,82.97,274.3,30.25
2024-04-18,STR006,Detroit Mall #6,Northeast,outlet,1,4,1949.4,1949.4,0.0,1153.4,796.0,1949.4,40.83
2024-04-18,STR010,Denver Downtown #10,West,outlet,1,4,1144.36,1144.36,0.0,890.04,254.32,1144.36,22.22
2024-04-18,STR011,Los Angeles Mall #11,Northeast,express,1,4,397.48,357.73,39.75,181.76,175.97,357.73,49.19
2024-04-18,STR015,Austin Mall #15,West,express,2,7,2682.04,2682.04,0.0,1294.37,1387.67,1341.02,51.74
2024-04-18,STR022,Orlando Downtown #22,Southeast,outlet,1,1,405.13,405.13,0.0,252.85,152.28,405.13,37.59
2024-04-18,STR023,Kansas City Mall #23,Midwest,express,1,3,1215.39,1215.39,0.0,758.55,456.84,1215.39,37.59
2024-04-19,STR001,New York Downtown #1,Northeast,flagship,4,14,3489.04,3346.71,142.33,2404.69,942.02,836.68,28.15
2024-04-19,STR003,Atlanta Mall #3,Midwest,express,2,4,733.8199999999999,709.62,24.2,492.7,216.92000000000002,354.81,30.57
2024-04-19,STR008,Houston Mall #8,Midwest,online,1,1,54.14,54.14,0.0,43.9,10.24,54.14,18.91
2024-04-19,STR009,Phoenix Mall #9,Southwest,flagship,1,4,124.56,112.1,12.46,67.56,44.54,112.1,39.73
2024-04-19,STR011,Los Angeles Mall #11,Northeast,express,1,1,244.56,207.88,36.68,160.24,47.64,207.88,22.92
2024-04-19,STR015,Austin Mall #15,West,express,1,4,191.4,191.4,0.0,147.52,43.88,191.4,22.93
2024-04-19,STR016,Nashville Downtown #16,Northeast,online,1,5,507.95,482.55,25.4,387.05,95.5,482.55,19.79
2024-04-19,STR020,San Diego Mall #20,West,online,2,3,688.3599999999999,662.01,26.35,481.81,180.2,331.0,27.22
2024-04-19,STR022,Orlando Downtown #22,Southeast,outlet,3,8,2183.3,2183.3,0.0,1195.3000000000002,988.0,727.77,45.25
2024-04-20,STR001,New York Downtown #1,Northeast,flagship,3,11,4891.15,4891.15,0.0,3470.66,1420.49,1630.38,29.04
2024-04-20,STR002,Boston Mall #2,Southeast,outlet,2,4,1480.3600000000001,1480.3600000000001,0.0,730.48,749.88,740.18,50.66
2024-04-20,STR007,Dallas Downtown #7,Southeast,express,2,7,2877.45,2445.83,431.62,1951.8899999999999,493.94,1222.92,20.2
2024-04-20,STR011,Los Angeles Mall #11,Northeast,express,1,2,338.74,338.74,0.0,216.52,122.22,338.74,36.08
2024-04-20,STR013,Portland Downtown #13,Midwest,flagship,2,6,1858.42,1743.98,114.44,1388.54,355.44000000000005,871.99,20.38
2024-04-20,STR016,Nashville Downtown #16,Northeast,online,1,2,1191.18,1191.18,0.0,612.94,578.24,1191.18,48.54
2024-04-20,STR019,Philadelphia Downtown #19,Southwest,express,1,2,469.22,445.76,23.46,307.3,138.46,445.76,31.06
2024-04-20,STR021,Las Vegas Mall #21,Northeast,flagship,2,2,1368.19,1368.19,0.0,734.92,633.27,684.1,46.29
2024-04-20,STR022,Orlando Downtown #22,Southeast,outlet,1,1,596.37,596.37,0.0,347.26,249.11,596.37,41.77
2024-04-21,STR001,New York Downtown #1,Northeast,flagship,1,2,402.66,402.66,0.0,334.98,67.68,402.66,16.81
2024-04-21,STR004,Miami Downtown #4,Southwest,online,1,3,778.71,778.71,0.0,448.32,330.39,778.71,42.43
2024-04-21,STR005,Chicago Mall #5,West,flagship,2,6,1135.88,1135.88,0.0,867.7,268.18,567.94,23.61
2024-04-21,STR007,Dallas Downtown #7,Southeast,express,1,4,545.48,545.48,0.0,237.04,308.44,545.48,56.54
2024-04-21,STR008,Houston Mall #8,Midwest,online,1,4,1599.36,1599.36,0.0,918.2,681.16,1599.36,42.59
2024-04-21,STR012,Seattle Mall #12,Southeast,online,1,1,558.66,558.66,0.0,322.14,236.52,558.66,42.34
2024-04-21,STR013,Portland Downtown #13,Midwest,flagship,1,4,560.8,560.8,0.0,441.4,119.4,560.8,21.29
2024-04-21,STR017,Charlotte Mall #17,Southeast,flagship,2,4,1072.62,1072.62,0.0,652.42,420.2,536.31,39.18
2024-04-21,STR020,San Diego Mall #20,West,online,1,3,379.47,341.52,37.95,247.62,93.9,341.52,27.49
2024-04-21,STR021,Las Vegas Mall #21,Northeast,flagship,2,9,375.28000000000003,375.28000000000003,0.0,298.48999999999995,76.79,187.64,20.46
2024-04-21,STR023,Kansas City Mall #23,Midwest,express,1,4,1080.68,1080.68,0.0,510.96,569.72,1080.68,52.72
2024-04-22,STR001,New York Downtown #1,Northeast,flagship,1,4,1554.84,1554.84,0.0,785.84,769.0,1554.84,49.46
2024-04-22,STR002,Boston Mall #2,Southeast,outlet,1,1,244.56,244.56,0.0,160.24,84.32,244.56,34.48
2024-04-22,STR005,Chicago Mall #5,West,flagship,1,1,661.33,595.2,66.13,347.36,247.84,595.2,41.64
2024-04-22,STR006,Detroit Mall #6,Northeast,outlet,1,4,1901.4,1901.4,0.0,1434.68,466.72,1901.4,24.55
2024-04-22,STR010,Denver Downtown #10,West,outlet,1,3,2083.86,2083.86,0.0,1110.6,973.26,2083.86,46.7
2024-04-22,STR015,Austin Mall #15,West,express,1,5,2023.7,2023.7,0.0,1347.75,675.95,2023.7,33.4
2024-04-22,STR016,Nashville Downtown #16,Northeast,online,1,2,654.56,654.56,0.0,299.26,355.3,654.56,54.28
2024-04-22,STR018,Minneapolis Mall #18,Midwest,outlet,1,2,729.72,729.72,0.0,329.18,400.54,729.72,54.89
2024-04-22,STR019,Philadelphia Downtown #19,Southwest,express,1,5,1331.5,1331.5,0.0,627.55,703.95,1331.5,52.87
2024-04-22,STR022,Orlando Downtown #22,Southeast,outlet,1,5,239.25,239.25,0.0,184.4,54.85,239.25,22.93
2024-04-23,STR001,New York Downtown #1,Northeast,flagship,1,5,1222.8,1222.8,0.0,801.2,421.6,1222.8,34.48
2024-04-23,STR003,Atlanta Mall #3,Midwest,express,1,3,809.94,809.94,0.0,604.26,205.68,809.94,25.39
2024-04-23,STR007,Dallas Downtown #7,Southeast,express,1,2,291.02,247.37,43.65,201.28,46.09,247.37,18.63
2024-04-23,STR008,Houston Mall #8,Midwest,online,3,11,2878.9,2599.4,279.5,2108.23,491.16999999999996,866.47,18.9
2024-04-23,STR010,Denver Downtown #10,West,outlet,2,5,2222.11,2074.57,147.54,1156.52,918.05,1037.29,44.25
2024-04-23,STR011,Los Angeles Mall #11,Northeast,express,1,1,268.87,268.87,0.0,166.2,102.67,268.87,38.19
2024-04-23,STR012,Seattle Mall #12,Southeast,online,1,2,553.36,553.36,0.0,252.64,300.72,553.36,54.34
2024-04-23,STR015,Austin Mall #15,West,express,1,1,69.19,69.19,0.0,59.27,9.92,69.19,14.34
2024-04-23,STR016,Nashville Downtown #16,Northeast,online,1,2,710.82,604.2,106.62,418.46,185.74,604.2,30.74
2024-04-23,STR017,Charlotte Mall #17,Southeast,flagship,1,5,727.55,691.17,36.38,503.2,187.97,691.17,27.2
2024-04-23,STR019,Philadelphia Downtown #19,Southwest,express,1,4,1106.72,1106.72,0.0,505.28,601.44,1106.72,54.34
2024-04-23,STR020,San Diego Mall #20,West,online,1,5,1777.05,1777.05,0.0,1046.15,730.9,1777.05,41.13
2024-04-23,STR023,Kansas City Mall #23,Midwest,express,1,3,184.26,184.26,0.0,104.79,79.47,184.26,43.13
2024-04-24,STR001,New York Downtown #1,Northeast,flagship,3,8,3422.94,3422.94,0.0,2039.26,1383.68,1140.98,40.42
2024-04-24,STR002,Boston Mall #2,Southeast,outlet,2,10,1709.65,1703.8600000000001,5.79,1215.65,488.21000000000004,851.93,28.65
2024-04-24,STR005,Chicago Mall #5,West,flagship,1,4,1309.12,1178.21,130.91,598.52,579.69,1178.21,49.2
2024-04-24,STR006,Detroit Mall #6,Northeast,outlet,3,8,4119.16,4059.46,59.7,2183.7799999999997,1875.68,1353.15,46.21
2024-04-24,STR008,Houston Mall #8,Midwest,online,3,14,7479.12,7035.42,443.70000000000005,3644.45,3390.9700000000003,2345.14,48.2
2024-04-24,STR011,Los Angeles Mall #11,Northeast,express,1,4,2385.48,2027.66,357.82,1389.04,638.62,2027.66,31.5
2024-04-24,STR012,Seattle Mall #12,Southeast,online,2,6,3833.2400000000002,3833.2400000000002,0.0,1953.76,1879.48,1916.62,49.03
2024-04-24,STR013,Portland Downtown #13,Midwest,flagship,1,5,1759.1,1759.1,0.0,947.5,811.6,1759.1,46.14
2024-04-24,STR015,Austin Mall #15,West,express,1,3,1094.58,985.12,109.46,493.77,491.35,985.12,49.88
2024-04-24,STR017,Charlotte Mall #17,Southeast,flagship,1,2,548.6,548.6,0.0,382.66,165.94,548.6,30.25
2024-04-24,STR020,San Diego Mall #20,West,online,1,3,207.57,207.57,0.0,177.81,29.76,207.57,14.34
2024-04-24,STR021,Las Vegas Mall #21,Northeast,flagship,1,2,1243.64,1243.64,0.0,627.98,615.66,1243.64,49.5
2024-04-24,STR022,Orlando Downtown #22,Southeast,outlet,2,7,1147.77,1147.77,0.0,845.11,302.65999999999997,573.88,26.37
2024-04-25,STR001,New York Downtown #1,Northeast,flagship,2,5,2518.55,2518.55,0.0,1786.5500000000002,732.0,1259.28,29.06
2024-04-25,STR002,Boston Mall #2,Southeast,outlet,1,5,168.3,168.3,0.0,99.35,68.95,168.3,40.97
2024-04-25,STR004,Miami Downtown #4,Southwest,online,1,1,259.57,259.57,0.0,149.44,110.13,259.57,42.43
2024-04-25,STR005,Chicago Mall #5,West,flagship,1,4,1892.68,1892.68,0.0,1006.68,886.0,1892.68,46.81
2024-04-25,STR006,Detroit Mall #6,Northeast,outlet,1,1,694.62,694.62,0.0,370.2,324.42,694.62,46.7
2024-04-25,STR009,Phoenix Mall #9,Southwest,flagship,1,1,661.33,661.33,0.0,347.36,313.97,661.33,47.48
2024-04-25,STR010,Denver Downtown #10,West,outlet,1,2,911.3,911.3,0.0,537.18,374.12,911.3,41.05
2024-04-25,STR012,Seattle Mall #12,Southeast,online,1,3,701.58,701.58,0.0,350.25,351.33,701.58,50.08
2024-04-25,STR016,Nashville Downtown #16,Northeast,online,2,5,356.88,356.88,0.0,270.0,86.88,178.44,24.34
2024-04-25,STR018,Minneapolis Mall #18,Midwest,outlet,1,3,368.4,368.4,0.0,280.2,88.2,368.4,23.94
2024-04-25,STR019,Philadelphia Downtown #19,Southwest,express,1,5,1769.25,1769.25,0.0,1358.55,410.7,1769.25,23.21
2024-04-25,STR022,Orlando Downtown #22,Southeast,outlet,1,5,2064.15,2064.15,0.0,969.8,1094.35,2064.15,53.02
2024-04-25,STR023,Kansas City Mall #23,Midwest,express,1,4,377.88,377.88,0.0,190.32,187.56,377.88,49.63
2024-04-26,STR001,New York Downtown #1,Northeast,flagship,1,3,1974.99,1974.99,0.0,966.12,1008.87,1974.99,51.08
2024-04-26,STR002,Boston Mall #2,Southeast,outlet,3,8,1300.6,1275.3,25.3,947.76,327.54,425.1,25.68
2024-04-26,STR003,Atlanta Mall #3,Midwest,express,1,1,122.8,122.8,0.0,93.4,29.4,122.8,23.94
2024-04-26,STR004,Miami Downtown #4,Southwest,online,2,3,1470.48,1470.48,0.0,633.82,836.66,735.24,56.9
2024-04-26,STR007,Dallas Downtown #7,Southeast,express,3,7,3325.5,3218.98,106.52,1742.0600000000002,1476.92,1072.99,45.88
2024-04-26,STR010,Denver Downtown #10,West,outlet,1,5,239.25,239.25,0.0,184.4,54.85,239.25,22.93
2024-04-26,STR012,Seattle Mall #12,Southeast,online,1,1,415.77,415.77,0.0,280.48,135.29,415.77,32.54
2024-04-26,STR013,Portland Downtown #13,Midwest,flagship,1,1,398.02,398.02,0.0,168.81,229.21,398.02,57.59
2024-04-26,STR016,Nashville Downtown #16,Northeast,online,2,9,1545.5,1474.73,70.77,1142.24,332.49,737.36,22.55
2024-04-26,STR019,Philadelphia Downtown #19,Southwest,express,1,5,1636.25,1636.25,0.0,1303.2,333.05,1636.25,20.35
2024-04-26,STR022,Orlando Downtown #22,Southeast,outlet,1,3,1675.98,1592.18,83.8,966.42,625.76,1592.18,39.3
2024-04-26,STR023,Kansas City Mall #23,Midwest,express,1,5,3109.1,3109.1,0.0,1569.95,1539.15,3109.1,49.5
2024-04-27,STR001,New York Downtown #1,Northeast,flagship,2,6,2354.1,2189.67,164.43,1216.76,972.9100000000001,1094.84,44.43
2024-04-27,STR003,Atlanta Mall #3,Midwest,express,1,3,830.04,830.04,0.0,378.96,451.08,830.04,54.34
2024-04-27,STR004,Miami Downtown #4,Southwest,online,2,6,3194.9800000000005,3194.9800000000005,0.0,1799.38,1395.6,1597.49,43.68
2024-04-27,STR005,Chicago Mall #5,West,flagship,1,4,124.56,118.33,6.23,67.56,50.77,118.33,42.91
2024-04-27,STR006,Detroit Mall #6,Northeast,outlet,2,4,1622.77,1622.77,0.0,1169.0900000000001,453.68,811.38,27.96
2024-04-27,STR009,Phoenix Mall #9,Southwest,flagship,1,5,2053.35,2053.35,0.0,1017.6,1035.75,2053.35,50.44
2024-04-27,STR011,Los Angeles Mall #11,Northeast,express,1,5,307.1,261.03,46.07,174.65,86.38,261.03,33.09
2024-04-27,STR015,Austin Mall #15,West,express,2,4,1997.12,1961.58,35.54,1133.6399999999999,827.94,980.79,42.21
2024-04-27,STR017,Charlotte Mall #17,Southeast,flagship,1,1,269.98,269.98,0.0,201.42,68.56,269.98,25.39
2024-04-27,STR020,San Diego Mall #20,West,online,1,2,831.54,748.39,83.15,560.96,187.43,748.39,25.04
2024-04-27,STR022,Orlando Downtown #22,Southeast,outlet,1,3,233.04,233.04,0.0,113.52,119.52,233.04,51.29
2024-04-27,STR023,Kansas City Mall #23,Midwest,express,2,4,2336.23,2336.23,0.0,1286.02,1050.21,1168.12,44.95
2024-04-28,STR002,Boston Mall #2,Southeast,outlet,1,1,326.53,310.2,16.33,233.28,76.92,310.2,24.8
2024-04-28,STR003,Atlanta Mall #3,Midwest,express,2,7,3955.55,3847.2299999999996,108.32,2108.2200000000003,1739.01,1923.61,45.2
2024-04-28,STR004,Miami Downtown #4,Southwest,online,1,1,10.52,10.52,0.0,4.93,5.59,10.52,53.14
2024-04-28,STR005,Chicago Mall #5,West,flagship,2,8,4452.16,4452.16,0.0,2594.24,1857.92,2226.08,41.73
2024-04-28,STR007,Dallas Downtown #7,Southeast,express,3,5,1643.32,1641.74,1.58,1351.02,290.72,547.25,17.71
2024-04-28,STR008,Houston Mall #8,Midwest,online,1,3,953.88,953.88,0.0,715.74,238.14,953.88,24.97
2024-04-28,STR010,Denver Downtown #10,West,outlet,1,4,1106.72,1106.72,0.0,505.28,601.44,1106.72,54.34
2024-04-28,STR012,Seattle Mall #12,Southeast,online,1,2,1759.28,1759.28,0.0,769.68,989.6,1759.28,56.25
2024-04-28,STR013,Portland Downtown #13,Midwest,flagship,1,2,974.7,974.7,0.0,576.7,398.0,974.7,40.83
2024-04-28,STR014,San Francisco Mall #14,Southwest,outlet,1,4,1620.52,1620.52,0.0,1011.4,609.12,1620.52,37.59
2024-04-28,STR016,Nashville Downtown #16,Northeast,online,1,1,77.68,77.68,0.0,37.84,39.84,77.68,51.29
2024-04-28,STR019,Philadelphia Downtown #19,Southwest,express,1,5,3215.75,3215.75,0.0,1787.95,1427.8,3215.75,44.4
2024-04-28,STR020,San Diego Mall #20,West,online,1,3,1808.34,1808.34,0.0,1161.21,647.13,1808.34,35.79
2024-04-28,STR022,Orlando Downtown #22,Southeast,outlet,1,5,3452.3,3107.07,345.23,1943.95,1163.12,3107.07,37.43
2024-04-29,STR002,Boston Mall #2,Southeast,outlet,1,2,635.92,635.92,0.0,477.16,158.76,635.92,24.97
2024-04-29,STR004,Miami Downtown #4,Southwest,online,1,4,406.36,365.72,40.64,309.64,56.08,365.72,15.33
2024-04-29,STR005,Chicago Mall #5,West,flagship,1,3,1233.21,1171.55,61.66,666.96,504.59,1171.55,43.07
2024-04-29,STR007,Dallas Downtown #7,Southeast,express,1,4,92.56,92.56,0.0,42.4,50.16,92.56,54.19
2024-04-29,STR008,Houston Mall #8,Midwest,online,1,4,1275.16,1211.4,63.76,930.12,281.28,1211.4,23.22
2024-04-29,STR009,Phoenix Mall #9,Southwest,flagship,1,2,1001.1,1001.1,0.0,647.36,353.74,1001.1,35.34
2024-04-29,STR010,Denver Downtown #10,West,outlet,1,2,653.06,587.75,65.31,466.56,121.19,587.75,20.62
2024-04-29,STR013,Portland Downtown #13,Midwest,flagship,1,5,2722.15,2586.04,136.11,1322.25,1263.79,2586.04,48.87
2024-04-29,STR016,Nashville Downtown #16,Northeast,online,1,2,608.54,608.54,0.0,413.98,194.56,608.54,31.97
2024-04-29,STR019,Philadelphia Downtown #19,Southwest,express,1,3,175.56,175.56,0.0,132.45,43.11,175.56,24.56
2024-04-29,STR021,Las Vegas Mall #21,Northeast,flagship,1,1,269.98,269.98,0.0,201.42,68.56,269.98,25.39
2024-04-29,STR022,Orlando Downtown #22,Southeast,outlet,1,5,2849.35,2849.35,0.0,1369.25,1480.1,2849.35,51.95
2024-04-29,STR023,Kansas City Mall #23,Midwest,express,2,6,983.16,903.27,79.89,481.32,421.95000000000005,451.64,46.71
2024-04-30,STR003,Atlanta Mall #3,Midwest,express,1,4,330.04,330.04,0.0,158.4,171.64,330.04,52.01
2024-04-30,STR008,Houston Mall #8,Midwest,online,1,3,233.04,198.08,34.96,113.52,84.56,198.08,42.69
2024-04-30,STR009,Phoenix Mall #9,Southwest,flagship,1,2,122.84,104.41,18.43,69.86,34.55,104.41,33.09
2024-04-30,STR010,Denver Downtown #10,West,outlet,1,2,809.48,809.48,0.0,539.1,270.38,809.48,33.4
2024-04-30,STR011,Los Angeles Mall #11,Northeast,express,1,5,2722.15,2722.15,0.0,1322.25,1399.9,2722.15,51.43
2024-04-30,STR013,Portland Downtown #13,Midwest,flagship,3,8,3065.85,3016.67,49.18,1494.8300000000002,1521.84,1005.56,50.45
2024-04-30,STR017,Charlotte Mall #17,Southeast,flagship,1,2,831.54,831.54,0.0,560.96,270.58,831.54,32.54
2024-04-30,STR018,Minneapolis Mall #18,Midwest,outlet,2,4,2876.6,2820.73,55.87,1413.96,1406.77,1410.36,49.87
2024-04-30,STR021,Las Vegas Mall #21,Northeast,flagship,2,9,2045.38,2045.38,0.0,1247.55,797.8299999999999,1022.69,39.01
2024-05-01,STR002,Boston Mall #2,Southeast,outlet,1,2,245.6,233.32,12.28,186.8,46.52,233.32,19.94
2024-05-01,STR003,Atlanta Mall #3,Midwest,express,1,2,572.18,543.57,28.61,445.02,98.55,543.57,18.13
2024-05-01,STR008,Houston Mall #8,Midwest,online,1,5,1222.8,1222.8,0.0,801.2,421.6,1222.8,34.48
2024-05-01,STR012,Seattle Mall #12,Southeast,online,1,3,508.11,508.11,0.0,324.78,183.33,508.11,36.08
2024-05-01,STR013,Portland Downtown #13,Midwest,flagship,1,5,681.85,681.85,0.0,296.3,385.55,681.85,56.54
2024-05-01,STR015,Austin Mall #15,West,express,1,5,3013.9,3013.9,0.0,1935.35,1078.55,3013.9,35.79
2024-05-01,STR016,Nashville Downtown #16,Northeast,online,2,6,1553.18,1553.18,0.0,873.84,679.34,776.59,43.74
2024-05-01,STR018,Minneapolis Mall #18,Midwest,outlet,1,4,805.32,805.32,0.0,669.96,135.36,805.32,16.81
2024-05-01,STR021,Las Vegas Mall #21,Northeast,flagship,2,6,2098.3,2098.3,0.0,1412.68,685.62,1049.15,32.68
2024-05-01,STR023,Kansas City Mall #23,Midwest,express,1,4,134.64,127.91,6.73,79.48,48.43,127.91,37.86
2024-05-02,STR001,New York Downtown #1,Northeast,flagship,1,1,429.07,429.07,0.0,265.34,163.73,429.07,38.16
2024-05-02,STR002,Boston Mall #2,Southeast,outlet,1,5,730.75,730.75,0.0,614.85,115.9,730.75,15.86
2024-05-02,STR004,Miami Downtown #4,Southwest,online,1,4,377.88,377.88,0.0,190.32,187.56,377.88,49.63
2024-05-02,STR005,Chicago Mall #5,West,flagship,1,2,977.1,977.1,0.0,700.16,276.94,977.1,28.34
2024-05-02,STR006,Detroit Mall #6,Northeast,outlet,1,1,399.84,379.85,19.99,229.55,150.3,379.85,39.57
2024-05-02,STR009,Phoenix Mall #9,Southwest,flagship,1,1,411.07,411.07,0.0,222.32,188.75,411.07,45.92
2024-05-02,STR011,Los Angeles Mall #11,Northeast,express,1,5,292.6,277.97,14.63,220.75,57.22,277.97,20.58
2024-05-02,STR012,Seattle Mall #12,Southeast,online,1,1,648.85,519.08,129.77,298.91,220.17,519.08,42.42
2024-05-02,STR015,Austin Mall #15,West,express,1,3,1475.43,1475.43,0.0,861.96,613.47,1475.43,41.58
2024-05-02,STR017,Charlotte Mall #17,Southeast,flagship,1,1,558.66,474.86,83.8,322.14,152.72,474.86,32.16
2024-05-02,STR019,Philadelphia Downtown #19,Southwest,express,2,9,4070.92,4070.92,0.0,2338.6,1732.3200000000002,2035.46,42.55
2024-05-02,STR023,Kansas City Mall #23,Midwest,express,1,2,548.6,548.6,0.0,382.66,165.94,548.6,30.25
2024-05-03,STR001,New York Downtown #1,Northeast,flagship,1,4,3293.28,3293.28,0.0,1550.92,1742.36,3293.28,52.91
2024-05-03,STR005,Chicago Mall #5,West,flagship,1,5,270.7,270.7,0.0,219.5,51.2,270.7,18.91
2024-05-03,STR007,Dallas Downtown #7,Southeast,express,1,4,1217.08,1217.08,0.0,827.96,389.12,1217.08,31.97
2024-05-03,STR015,Austin Mall #15,West,express,2,5,560.39,486.71,73.68,432.87,53.84,243.36,11.06
2024-05-03,STR016,Nashville Downtown #16,Northeast,online,1,3,1366.95,1366.95,0.0,805.77,561.18,1366.95,41.05
2024-05-03,STR018,Minneapolis Mall #18,Midwest,outlet,2,7,2366.45,2366.45,0.0,1387.8000000000002,978.65,1183.22,41.36
2024-05-03,STR019,Philadelphia Downtown #19,Southwest,express,1,4,234.08,234.08,0.0,176.6,57.48,234.08,24.56
2024-05-04,STR004,Miami Downtown #4,Southwest,online,1,1,621.82,621.82,0.0,313.99,307.83,621.82,49.5
2024-05-04,STR006,Detroit Mall #6,Northeast,outlet,1,2,252.98,252.98,0.0,165.08,87.9,252.98,34.75
2024-05-04,STR013,Portland Downtown #13,Midwest,flagship,1,3,1662.3,1662.3,0.0,717.66,944.64,1662.3,56.83
2024-05-04,STR014,San Francisco Mall #14,Southwest,outlet,1,3,508.11,508.11,0.0,324.78,183.33,508.11,36.08
2024-05-04,STR015,Austin Mall #15,West,express,1,5,1774.55,1774.55,0.0,818.7,955.85,1774.55,53.86
2024-05-04,STR020,San Diego Mall #20,West,online,1,3,379.47,379.47,0.0,247.62,131.85,379.47,34.75
2024-05-04,STR023,Kansas City Mall #23,Midwest,express,2,5,2977.95,2858.83,119.12,1532.35,1326.48,1429.42,46.4
2024-05-05,STR001,New York Downtown #1,Northeast,flagship,1,2,52.04,52.04,0.0,22.16,29.88,52.04,57.42
2024-05-05,STR003,Atlanta Mall #3,Midwest,express,3,13,2696.66,2466.9,229.76,1441.55,1025.35,822.3,41.56
2024-05-05,STR007,Dallas Downtown #7,Southeast,express,1,5,3597.6,3237.84,359.76,1714.65,1523.19,3237.84,47.04
2024-05-05,STR009,Phoenix Mall #9,Southwest,flagship,3,9,3852.9300000000003,3412.8100000000004,440.12,1846.3,1566.51,1137.6,45.9
2024-05-05,STR011,Los Angeles Mall #11,Northeast,express,1,1,353.85,353.85,0.0,271.71,82.14,353.85,23.21
2024-05-05,STR012,Seattle Mall #12,Southeast,online,1,5,2078.85,2078.85,0.0,1402.4,676.45,2078.85,32.54
2024-05-05,STR013,Portland Downtown #13,Midwest,flagship,1,1,648.85,648.85,0.0,298.91,349.94,648.85,53.93
2024-05-05,STR014,San Francisco Mall #14,Southwest,outlet,1,2,1108.2,1108.2,0.0,478.44,629.76,1108.2,56.83
2024-05-05,STR016,Nashville Downtown #16,Northeast,online,1,5,2055.35,2055.35,0.0,1111.6,943.75,2055.35,45.92
2024-05-05,STR023,Kansas City Mall #23,Midwest,express,1,5,168.3,168.3,0.0,99.35,68.95,168.3,40.97
2024-05-06,STR003,Atlanta Mall #3,Midwest,express,1,4,1892.68,1703.41,189.27,1006.68,696.73,1703.41,40.9
2024-05-06,STR005,Chicago Mall #5,West,flagship,1,2,874.16,874.16,0.0,740.14,134.02,874.16,15.33
2024-05-06,STR006,Detroit Mall #6,Northeast,outlet,2,8,1925.6000000000001,1849.71,75.89,985.1200000000001,864.5899999999999,924.86,46.74
2024-05-06,STR008,Houston Mall #8,Midwest,online,2,6,1942.6599999999999,1851.4399999999998,91.22,874.2,977.24,925.72,52.78
2024-05-06,STR010,Denver Downtown #10,West,outlet,1,1,596.37,596.37,0.0,347.26,249.11,596.37,41.77
2024-05-06,STR011,Los Angeles Mall #11,Northeast,express,1,4,2216.4,2216.4,0.0,956.88,1259.52,2216.4,56.83
2024-05-06,STR013,Portland Downtown #13,Midwest,flagship,2,7,2099.2599999999998,1935.07,164.19,1237.0900000000001,697.98,967.54,36.07
2024-05-06,STR014,San Francisco Mall #14,Southwest,outlet,1,2,709.82,603.35,106.47,327.48,275.87,603.35,45.72
2024-05-06,STR022,Orlando Downtown #22,Southeast,outlet,1,4,545.48,545.48,0.0,237.04,308.44,545.48,56.54
2024-05-06,STR023,Kansas City Mall #23,Midwest,express,2,9,3092.97,2956.6,136.37,1844.58,1112.02,1478.3,37.61
2024-05-07,STR005,Chicago Mall #5,West,flagship,2,4,1469.8400000000001,1443.88,25.96,1016.22,427.66,721.94,29.62
2024-05-07,STR006,Detroit Mall #6,Northeast,outlet,2,9,1873.61,1873.61,0.0,1436.27,437.34,936.8,23.34
2024-05-07,STR007,Dallas Downtown #7,Southeast,express,2,4,351.4,339.75,11.65,164.76999999999998,174.98000000000002,169.88,51.5
2024-05-07,STR008,Houston Mall #8,Midwest,online,1,3,2158.56,2158.56,0.0,1028.79,1129.77,2158.56,52.34
2024-05-07,STR010,Denver Downtown #10,West,outlet,1,2,245.6,245.6,0.0,186.8,58.8,245.6,23.94
2024-05-07,STR011,Los Angeles Mall #11,Northeast,express,1,2,643.12,643.12,0.0,471.76,171.36,643.12,26.65
2024-05-07,STR013,Portland Downtown #13,Midwest,flagship,1,4,377.88,377.88,0.0,190.32,187.56,377.88,49.63
2024-05-07,STR014,San Francisco Mall #14,Southwest,outlet,1,3,1946.55,1946.55,0.0,896.73,1049.82,1946.55,53.93
2024-05-07,STR015,Austin Mall #15,West,express,1,3,241.98,241.98,0.0,172.86,69.12,241.98,28.56
2024-05-07,STR016,Nashville Downtown #16,Northeast,online,1,5,2708.05,2708.05,0.0,1333.05,1375.0,2708.05,50.77
2024-05-07,STR018,Minneapolis Mall #18,Midwest,outlet,1,2,1054.08,1054.08,0.0,733.14,320.94,1054.08,30.45
2024-05-07,STR021,Las Vegas Mall #21,Northeast,flagship,3,4,1230.06,1172.44,57.62,541.2,631.24,390.81,53.84
2024-05-07,STR022,Orlando Downtown #22,Southeast,outlet,1,1,694.62,694.62,0.0,370.2,324.42,694.62,46.7
2024-05-07,STR023,Kansas City Mall #23,Midwest,express,1,2,1439.04,1439.04,0.0,685.86,753.18,1439.04,52.34
2024-05-08,STR001,New York Downtown #1,Northeast,flagship,1,2,467.72,467.72,0.0,233.5,234.22,467.72,50.08
2024-05-08,STR004,Miami Downtown #4,Southwest,online,1,4,1217.08,1217.08,0.0,827.96,389.12,1217.08,31.97
2024-05-08,STR005,Chicago Mall #5,West,flagship,1,3,1580.25,1580.25,0.0,966.9,613.35,1580.25,38.81
2024-05-08,STR012,Seattle Mall #12,Southeast,online,1,4,1407.28,1407.28,0.0,758.0,649.28,1407.28,46.14
2024-05-08,STR013,Portland Downtown #13,Midwest,flagship,1,2,1083.22,1029.06,54.16,533.22,495.84,1029.06,48.18
2024-05-08,STR018,Minneapolis Mall #18,Midwest,outlet,1,1,94.47,94.47,0.0,47.58,46.89,94.47,49.63
2024-05-08,STR019,Philadelphia Downtown #19,Southwest,express,1,1,126.49,126.49,0.0,82.54,43.95,126.49,34.75
2024-05-08,STR023,Kansas City Mall #23,Midwest,express,1,4,2107.0,2107.0,0.0,1289.2,817.8,2107.0,38.81
2024-05-09,STR001,New York Downtown #1,Northeast,flagship,1,1,145.51,145.51,0.0,100.64,44.87,145.51,30.84
2024-05-09,STR009,Phoenix Mall #9,Southwest,flagship,1,3,1675.98,1675.98,0.0,966.42,709.56,1675.98,42.34
2024-05-09,STR010,Denver Downtown #10,West,outlet,1,5,3376.35,3376.35,0.0,1667.05,1709.3,3376.35,50.63
2024-05-09,STR012,Seattle Mall #12,Southeast,online,2,5,1523.23,1523.23,0.0,914.3299999999999,608.9,761.62,39.97
2024-05-09,STR015,Austin Mall #15,West,express,1,4,1106.72,1106.72,0.0,505.28,601.44,1106.72,54.34
2024-05-09,STR016,Nashville Downtown #16,Northeast,online,2,8,2828.04,2828.04,0.0,2138.8,689.24,1414.02,24.37
2024-05-09,STR017,Charlotte Mall #17,Southeast,flagship,1,2,1078.08,1078.08,0.0,625.46,452.62,1078.08,41.98
2024-05-09,STR018,Minneapolis Mall #18,Midwest,outlet,2,9,2222.01,2222.01,0.0,1717.6799999999998,504.33,1111.01,22.7
2024-05-09,STR020,San Diego Mall #20,West,online,1,2,919.6,919.6,0.0,638.26,281.34,919.6,30.59
2024-05-09,STR022,Orlando Downtown #22,Southeast,outlet,1,2,1053.5,1053.5,0.0,644.6,408.9,1053.5,38.81
2024-05-09,STR023,Kansas City Mall #23,Midwest,express,1,3,304.77,304.77,0.0,232.23,72.54,304.77,23.8
2024-05-10,STR003,Atlanta Mall #3,Midwest,express,1,5,581.55,494.32,87.23,475.55,18.77,494.32,3.8
2024-05-10,STR008,Houston Mall #8,Midwest,online,1,1,500.55,500.55,0.0,323.68,176.87,500.55,35.34
2024-05-10,STR011,Los Angeles Mall #11,Northeast,express,1,4,2633.32,2633.32,0.0,1288.16,1345.16,2633.32,51.08
2024-05-10,STR021,Las Vegas Mall #21,Northeast,flagship,2,6,2913.54,2913.54,0.0,1451.09,1462.45,1456.77,50.19
2024-05-10,STR022,Orlando Downtown #22,Southeast,outlet,1,5,1349.9,1349.9,0.0,1007.1,342.8,1349.9,25.39
2024-05-10,STR023,Kansas City Mall #23,Midwest,express,1,2,152.28,137.05,15.23,119.04,18.01,137.05,13.14
2024-05-11,STR003,Atlanta Mall #3,Midwest,express,1,4,1651.32,1651.32,0.0,775.84,875.48,1651.32,53.02
2024-05-11,STR005,Chicago Mall #5,West,flagship,1,5,614.0,614.0,0.0,467.0,147.0,614.0,23.94
2024-05-11,STR006,Detroit Mall #6,Northeast,outlet,2,7,2385.17,2385.17,0.0,1369.33,1015.84,1192.58,42.59
2024-05-11,STR010,Denver Downtown #10,West,outlet,3,8,2141.15,2141.15,0.0,1535.25,605.9,713.72,28.3
2024-05-11,STR013,Portland Downtown #13,Midwest,flagship,1,2,1350.54,1350.54,0.0,666.82,683.72,1350.54,50.63
2024-05-11,STR015,Austin Mall #15,West,express,1,3,1808.34,1808.34,0.0,1161.21,647.13,1808.34,35.79
2024-05-11,STR016,Nashville Downtown #16,Northeast,online,2,4,147.74,147.74,0.0,95.92,51.82,73.87,35.08
2024-05-11,STR017,Charlotte Mall #17,Southeast,flagship,1,1,595.59,595.59,0.0,306.47,289.12,595.59,48.54
2024-05-11,STR019,Philadelphia Downtown #19,Southwest,express,2,6,1269.48,1245.81,23.67,542.62,703.19,622.9,56.44
2024-05-11,STR021,Las Vegas Mall #21,Northeast,flagship,1,2,635.92,635.92,0.0,477.16,158.76,635.92,24.97
2024-05-11,STR023,Kansas City Mall #23,Midwest,express,2,4,1622.4,1528.56,93.84,1071.98,456.58,764.28,29.87
2024-05-12,STR001,New York Downtown #1,Northeast,flagship,2,9,2438.93,2438.93,0.0,1216.54,1222.39,1219.46,50.12
2024-05-12,STR004,Miami Downtown #4,Southwest,online,1,2,62.28,52.94,9.34,33.78,19.16,52.94,36.19
2024-05-12,STR005,Chicago Mall #5,West,flagship,1,4,935.44,935.44,0.0,467.0,468.44,935.44,50.08
2024-05-12,STR007,Dallas Downtown #7,Southeast,express,1,5,2981.85,2981.85,0.0,1736.3,1245.55,2981.85,41.77
2024-05-12,STR008,Houston Mall #8,Midwest,online,1,2,494.2,494.2,0.0,212.92,281.28,494.2,56.92
2024-05-12,STR012,Seattle Mall #12,Southeast,online,2,9,2031.83,2031.83,0.0,1426.5900000000001,605.24,1015.92,29.79
2024-05-12,STR014,San Francisco Mall #14,Southwest,outlet,1,5,2708.05,2708.05,0.0,1333.05,1375.0,2708.05,50.77
2024-05-12,STR017,Charlotte Mall #17,Southeast,flagship,1,4,322.68,290.41,32.27,273.84,16.57,290.41,5.71
2024-05-12,STR018,Minneapolis Mall #18,Midwest,outlet,1,5,3597.6,3597.6,0.0,1714.65,1882.95,3597.6,52.34
2024-05-12,STR019,Philadelphia Downtown #19,Southwest,express,1,4,92.56,92.56,0.0,42.4,50.16,92.56,54.19
2024-05-12,STR021,Las Vegas Mall #21,Northeast,flagship,2,8,2621.01,2621.01,0.0,1546.54,1074.47,1310.51,40.99
2024-05-12,STR023,Kansas City Mall #23,Midwest,express,1,2,539.96,539.96,0.0,402.84,137.12,539.96,25.39
2024-05-13,STR001,New York Downtown #1,Northeast,flagship,1,2,1078.08,1078.08,0.0,625.46,452.62,1078.08,41.98
2024-05-13,STR004,Miami Downtown #4,Southwest,online,1,1,621.82,621.82,0.0,313.99,307.83,621.82,49.5
2024-05-13,STR005,Chicago Mall #5,West,flagship,1,3,2036.79,2036.79,0.0,899.85,1136.94,2036.79,55.82
2024-05-13,STR006,Detroit Mall #6,Northeast,outlet,2,8,2484.75,2484.75,0.0,1300.85,1183.8999999999999,1242.38,47.65
2024-05-13,STR010,Denver Downtown #10,West,outlet,2,8,4687.27,4687.27,0.0,2905.91,1781.3600000000001,2343.64,38.0
2024-05-13,STR011,Los Angeles Mall #11,Northeast,express,1,4,1309.12,1309.12,0.0,598.52,710.6,1309.12,54.28
2024-05-13,STR012,Seattle Mall #12,Southeast,online,1,1,539.04,539.04,0.0,312.73,226.31,539.04,41.98
2024-05-13,STR015,Austin Mall #15,West,express,2,6,1994.74,1994.74,0.0,1010.22,984.52,997.37,49.36
2024-05-13,STR017,Charlotte Mall #17,Southeast,flagship,1,3,162.42,162.42,0.0,131.7,30.72,162.42,18.91
2024-05-13,STR018,Minneapolis Mall #18,Midwest,outlet,1,4,1474.0,1326.6,147.4,1257.36,69.24,1326.6,5.22
2024-05-13,STR023,Kansas City Mall #23,Midwest,express,1,3,1055.46,1055.46,0.0,568.5,486.96,1055.46,46.14
2024-05-14,STR001,New York Downtown #1,Northeast,flagship,1,2,232.62,186.1,46.52,190.22,-4.12,186.1,-2.21
2024-05-14,STR005,Chicago Mall #5,West,flagship,1,4,1716.28,1716.28,0.0,1061.36,654.92,1716.28,38.16
2024-05-14,STR009,Phoenix Mall #9,Southwest,flagship,2,5,1149.27,1149.27,0.0,787.37,361.90000000000003,574.64,31.49
2024-05-14,STR014,San Francisco Mall #14,Southwest,outlet,2,2,654.89,623.8299999999999,31.06,381.11,242.72,311.91,38.91
2024-05-14,STR020,San Diego Mall #20,West,online,1,3,981.75,883.57,98.18,781.92,101.65,883.57,11.5
2024-05-14,STR022,Orlando Downtown #22,Southeast,outlet,1,4,2308.32,2308.32,0.0,1525.0,783.32,2308.32,33.93
2024-05-15,STR006,Detroit Mall #6,Northeast,outlet,2,7,3438.09,3438.09,0.0,1695.25,1742.8400000000001,1719.04,50.69
2024-05-15,STR007,Dallas Downtown #7,Southeast,express,1,2,1139.74,1139.74,0.0,547.7,592.04,1139.74,51.95
2024-05-15,STR010,Denver Downtown #10,West,outlet,1,4,1967.24,1967.24,0.0,1149.28,817.96,1967.24,41.58
2024-05-15,STR011,Los Angeles Mall #11,Northeast,express,4,14,7173.55,7173.55,0.0,3554.2,3619.35,1793.39,50.45
2024-05-15,STR014,San Francisco Mall #14,Southwest,outlet,1,2,1243.64,1243.64,0.0,627.98,615.66,1243.64,49.5
2024-05-15,STR015,Austin Mall #15,West,express,2,5,831.4100000000001,670.35,161.06,689.39,-19.04,335.18,-2.84
2024-05-15,STR016,Nashville Downtown #16,Northeast,online,1,3,175.56,175.56,0.0,132.45,43.11,175.56,24.56
2024-05-15,STR018,Minneapolis Mall #18,Midwest,outlet,1,3,2638.92,2638.92,0.0,1154.52,1484.4,2638.92,56.25
2024-05-15,STR019,Philadelphia Downtown #19,Southwest,express,2,2,59.67999999999999,59.67999999999999,0.0,30.950000000000003,28.729999999999997,29.84,48.14
2024-05-15,STR022,Orlando Downtown #22,Southeast,outlet,1,3,228.42,205.58,22.84,178.56,27.02,205.58,13.14
2024-05-16,STR003,Atlanta Mall #3,Midwest,express,2,4,1308.16,1283.23,24.93,890.72,392.51,641.62,30.59
2024-05-16,STR006,Detroit Mall #6,Northeast,outlet,1,5,681.85,681.85,0.0,296.3,385.55,681.85,56.54
2024-05-16,STR007,Dallas Downtown #7,Southeast,express,2,8,4119.87,4119.87,0.0,2556.59,1563.28,2059.94,37.94
2024-05-16,STR009,Phoenix Mall #9,Southwest,flagship,1,2,637.58,637.58,0.0,465.06,172.52,637.58,27.06
2024-05-16,STR010,Denver Downtown #10,West,outlet,1,5,2695.2,2560.44,134.76,1563.65,996.79,2560.44,38.93
2024-05-16,STR011,Los Angeles Mall #11,Northeast,express,1,1,475.35,475.35,0.0,358.67,116.68,475.35,24.55
2024-05-16,STR014,San Francisco Mall #14,Southwest,outlet,1,2,1192.74,1192.74,0.0,694.52,498.22,1192.74,41.77
2024-05-16,STR015,Austin Mall #15,West,express,2,7,1223.9,1040.31,183.58999999999997,531.44,508.87,520.16,48.92
2024-05-16,STR019,Philadelphia Downtown #19,Southwest,express,1,1,286.09,271.79,14.3,222.51,49.28,271.79,18.13
2024-05-16,STR021,Las Vegas Mall #21,Northeast,flagship,1,1,249.34,249.34,0.0,175.81,73.53,249.34,29.49
2024-05-16,STR022,Orlando Downtown #22,Southeast,outlet,1,5,2633.75,2633.75,0.0,1611.5,1022.25,2633.75,38.81
2024-05-17,STR003,Atlanta Mall #3,Midwest,express,1,2,232.62,220.99,11.63,190.22,30.77,220.99,13.92
2024-05-17,STR006,Detroit Mall #6,Northeast,outlet,1,5,2885.4,2885.4,0.0,1906.25,979.15,2885.4,33.93
2024-05-17,STR007,Dallas Downtown #7,Southeast,express,2,7,2674.5299999999997,2464.74,209.79,1799.63,665.1099999999999,1232.37,26.98
2024-05-17,STR009,Phoenix Mall #9,Southwest,flagship,1,2,710.82,710.82,0.0,418.46,292.36,710.82,41.13
2024-05-17,STR012,Seattle Mall #12,Southeast,online,1,3,1199.52,1199.52,0.0,688.65,510.87,1199.52,42.59
2024-05-17,STR014,San Francisco Mall #14,Southwest,outlet,1,1,270.17,270.17,0.0,127.74,142.43,270.17,52.72
2024-05-17,STR015,Austin Mall #15,West,express,1,3,518.76,518.76,0.0,341.97,176.79,518.76,34.08
2024-05-17,STR017,Charlotte Mall #17,Southeast,flagship,1,2,608.54,578.11,30.43,413.98,164.13,578.11,28.39
2024-05-17,STR019,Philadelphia Downtown #19,Southwest,express,2,6,1695.1799999999998,1695.1799999999998,0.0,971.4300000000001,723.75,847.59,42.69
2024-05-17,STR020,San Diego Mall #20,West,online,1,2,707.7,707.7,0.0,543.42,164.28,707.7,23.21
2024-05-17,STR022,Orlando Downtown #22,Southeast,outlet,1,5,730.75,730.75,0.0,614.85,115.9,730.75,15.86
2024-05-17,STR023,Kansas City Mall #23,Midwest,express,1,2,489.12,489.12,0.0,320.48,168.64,489.12,34.48
2024-05-18,STR002,Boston Mall #2,Southeast,outlet,2,7,3072.74,2962.19,110.55,2092.3,869.89,1481.1,29.37
2024-05-18,STR005,Chicago Mall #5,West,flagship,1,1,643.15,643.15,0.0,357.59,285.56,643.15,44.4
2024-05-18,STR011,Los Angeles Mall #11,Northeast,express,2,4,1114.78,1099.57,15.21,590.21,509.36,549.78,46.32
2024-05-18,STR012,Seattle Mall #12,Southeast,online,1,5,2376.75,2376.75,0.0,1793.35,583.4,2376.75,24.55
2024-05-18,STR013,Portland Downtown #13,Midwest,flagship,1,3,247.53,247.53,0.0,118.8,128.73,247.53,52.01
2024-05-18,STR015,Austin Mall #15,West,express,1,3,1865.46,1865.46,0.0,941.97,923.49,1865.46,49.5
2024-05-18,STR016,Nashville Downtown #16,Northeast,online,1,3,1581.12,1581.12,0.0,1099.71,481.41,1581.12,30.45
2024-05-18,STR017,Charlotte Mall #17,Southeast,flagship,2,8,1694.93,1371.0900000000001,323.84000000000003,1222.26,148.83,685.54,10.85
2024-05-18,STR018,Minneapolis Mall #18,Midwest,outlet,1,4,2411.12,2290.56,120.56,1548.28,742.28,2290.56,32.41
2024-05-18,STR020,San Diego Mall #20,West,online,1,5,2708.05,2708.05,0.0,1333.05,1375.0,2708.05,50.77
2024-05-19,STR002,Boston Mall #2,Southeast,outlet,2,3,1047.8000000000002,1047.8000000000002,0.0,589.96,457.84000000000003,523.9,43.7
2024-05-19,STR006,Detroit Mall #6,Northeast,outlet,1,1,139.31,139.31,0.0,73.35,65.96,139.31,47.35
2024-05-19,STR009,Phoenix Mall #9,Southwest,flagship,1,2,977.1,977.1,0.0,700.16,276.94,977.1,28.34
2024-05-19,STR010,Denver Downtown #10,West,outlet,1,5,3291.65,3291.65,0.0,1610.2,1681.45,3291.65,51.08
2024-05-19,STR013,Portland Downtown #13,Midwest,flagship,1,3,830.04,830.04,0.0,378.96,451.08,830.04,54.34
2024-05-19,STR014,San Francisco Mall #14,Southwest,outlet,1,5,1222.8,1161.66,61.14,801.2,360.46,1161.66,31.03
2024-05-19,STR015,Austin Mall #15,West,express,1,5,1636.25,1636.25,0.0,1303.2,333.05,1636.25,20.35
2024-05-19,STR016,Nashville Downtown #16,Northeast,online,1,5,1607.8,1607.8,0.0,1179.4,428.4,1607.8,26.65
2024-05-19,STR018,Minneapolis Mall #18,Midwest,outlet,1,4,1080.68,1080.68,0.0,510.96,569.72,1080.68,52.72
2024-05-19,STR020,San Diego Mall #20,West,online,1,3,1786.77,1786.77,0.0,919.41,867.36,1786.77,48.54
2024-05-19,STR021,Las Vegas Mall #21,Northeast,flagship,2,8,2652.9300000000003,2549.3599999999997,103.57,1641.9199999999998,907.44,1274.68,35.59
2024-05-20,STR001,New York Downtown #1,Northeast,flagship,1,4,2878.08,2878.08,0.0,1371.72,1506.36,2878.08,52.34
2024-05-20,STR006,Detroit Mall #6,Northeast,outlet,1,5,864.6,734.91,129.69,569.95,164.96,734.91,22.45
2024-05-20,STR007,Dallas Downtown #7,Southeast,express,1,2,519.14,519.14,0.0,298.88,220.26,519.14,42.43
2024-05-20,STR008,Houston Mall #8,Midwest,online,1,3,956.37,956.37,0.0,697.59,258.78,956.37,27.06
2024-05-20,STR009,Phoenix Mall #9,Southwest,flagship,2,7,4406.8,4406.8,0.0,2167.77,2239.03,2203.4,50.81
2024-05-20,STR014,San Francisco Mall #14,Southwest,outlet,1,5,1632.65,1632.65,0.0,1166.4,466.25,1632.65,28.56
2024-05-20,STR015,Austin Mall #15,West,express,2,5,891.96,891.96,0.0,648.2099999999999,243.75,445.98,27.33
2024-05-20,STR019,Philadelphia Downtown #19,Southwest,express,1,3,2638.92,2638.92,0.0,1154.52,1484.4,2638.92,56.25
2024-05-20,STR020,San Diego Mall #20,West,online,1,2,946.34,946.34,0.0,503.34,443.0,946.34,46.81
2024-05-21,STR003,Atlanta Mall #3,Midwest,express,1,4,805.32,684.52,120.8,669.96,14.56,684.52,2.13
2024-05-21,STR008,Houston Mall #8,Midwest,online,1,2,108.28,97.45,10.83,87.8,9.65,97.45,9.9
2024-05-21,STR010,Denver Downtown #10,West,outlet,1,2,529.0,529.0,0.0,280.1,248.9,529.0,47.05
2024-05-21,STR012,Seattle Mall #12,Southeast,online,1,3,508.11,508.11,0.0,324.78,183.33,508.11,36.08
2024-05-21,STR013,Portland Downtown #13,Midwest,flagship,1,4,2308.32,2308.32,0.0,1525.0,783.32,2308.32,33.93
2024-05-21,STR014,San Francisco Mall #14,Southwest,outlet,1,3,355.08,355.08,0.0,153.75,201.33,355.08,56.7
2024-05-21,STR016,Nashville Downtown #16,Northeast,online,1,4,510.48,510.48,0.0,391.64,118.84,510.48,23.28
2024-05-21,STR017,Charlotte Mall #17,Southeast,flagship,1,3,1247.31,1184.94,62.37,841.44,343.5,1184.94,28.99
2024-05-21,STR019,Philadelphia Downtown #19,Southwest,express,3,14,3696.49,3696.49,0.0,2989.0699999999997,707.4200000000001,1232.16,19.14
2024-05-21,STR021,Las Vegas Mall #21,Northeast,flagship,1,4,2645.32,2645.32,0.0,1389.44,1255.88,2645.32,47.48
2024-05-22,STR001,New York Downtown #1,Northeast,flagship,2,5,1816.9,1816.9,0.0,1013.94,802.96,908.45,44.19
2024-05-22,STR003,Atlanta Mall #3,Midwest,express,1,5,1684.9,1684.9,0.0,857.5,827.4,1684.9,49.11
2024-05-22,STR004,Miami Downtown #4,Southwest,online,1,2,152.28,152.28,0.0,119.04,33.24,152.28,21.83
2024-05-22,STR007,Dallas Downtown #7,Southeast,express,1,1,247.1,247.1,0.0,106.46,140.64,247.1,56.92
2024-05-22,STR009,Phoenix Mall #9,Southwest,flagship,1,5,1945.25,1945.25,0.0,1480.6,464.65,1945.25,23.89
2024-05-22,STR012,Seattle Mall #12,Southeast,online,2,6,2940.36,2940.36,0.0,1405.5,1534.86,1470.18,52.2
2024-05-22,STR014,San Francisco Mall #14,Southwest,outlet,1,1,487.35,487.35,0.0,288.35,199.0,487.35,40.83
2024-05-22,STR018,Minneapolis Mall #18,Midwest,outlet,1,3,1729.77,1729.77,0.0,1147.02,582.75,1729.77,33.69
2024-05-22,STR023,Kansas City Mall #23,Midwest,express,1,3,2025.81,2025.81,0.0,1000.23,1025.58,2025.81,50.63
2024-05-23,STR002,Boston Mall #2,Southeast,outlet,1,1,554.1,526.39,27.71,239.22,287.17,526.39,54.55
2024-05-23,STR004,Miami Downtown #4,Southwest,online,1,2,813.56,813.56,0.0,426.5,387.06,813.56,47.58
2024-05-23,STR005,Chicago Mall #5,West,flagship,1,5,1521.35,1521.35,0.0,1034.95,486.4,1521.35,31.97
2024-05-23,STR007,Dallas Downtown #7,Southeast,express,1,5,1774.55,1597.09,177.46,818.7,778.39,1597.09,48.74
2024-05-23,STR010,Denver Downtown #10,West,outlet,1,5,2064.15,2064.15,0.0,969.8,1094.35,2064.15,53.02
2024-05-23,STR011,Los Angeles Mall #11,Northeast,express,1,2,198.74,198.74,0.0,90.88,107.86,198.74,54.27
2024-05-23,STR012,Seattle Mall #12,Southeast,online,1,5,591.8,591.8,0.0,256.25,335.55,591.8,56.7
2024-05-23,STR013,Portland Downtown #13,Midwest,flagship,1,3,778.71,661.9,116.81,448.32,213.58,661.9,32.27
2024-05-23,STR015,Austin Mall #15,West,express,1,3,1501.65,1501.65,0.0,971.04,530.61,1501.65,35.34
2024-05-23,STR017,Charlotte Mall #17,Southeast,flagship,1,1,879.64,879.64,0.0,384.84,494.8,879.64,56.25
2024-05-23,STR020,San Diego Mall #20,West,online,1,3,1465.65,1319.08,146.57,1050.24,268.84,1319.08,20.38
2024-05-23,STR023,Kansas City Mall #23,Midwest,express,2,4,1926.6,1926.6,0.0,1399.69,526.9100000000001,963.3,27.35
2024-05-24,STR001,New York Downtown #1,Northeast,flagship,1,1,491.81,491.81,0.0,287.32,204.49,491.81,41.58
2024-05-24,STR010,Denver Downtown #10,West,outlet,1,3,1232.01,1232.01,0.0,610.56,621.45,1232.01,50.44
2024-05-24,STR011,Los Angeles Mall #11,Northeast,express,1,1,491.81,491.81,0.0,287.32,204.49,491.81,41.58
2024-05-24,STR012,Seattle Mall #12,Southeast,online,1,4,406.36,365.72,40.64,309.64,56.08,365.72,15.33
2024-05-24,STR017,Charlotte Mall #17,Southeast,flagship,2,10,5161.5,4850.88,310.62,2917.8,1933.08,2425.44,39.85
2024-05-24,STR018,Minneapolis Mall #18,Midwest,outlet,2,7,1891.7,1891.7,0.0,1241.69,650.01,945.85,34.36
2024-05-24,STR022,Orlando Downtown #22,Southeast,outlet,2,5,912.6199999999999,912.6199999999999,0.0,630.9,281.72,456.31,30.87
2024-05-24,STR023,Kansas City Mall #23,Midwest,express,1,2,1322.66,1190.39,132.27,694.72,495.67,1190.39,41.64
2024-05-25,STR003,Atlanta Mall #3,Midwest,express,1,3,810.51,769.98,40.53,383.22,386.76,769.98,50.23
2024-05-25,STR005,Chicago Mall #5,West,flagship,1,1,487.35,487.35,0.0,288.35,199.0,487.35,40.83
2024-05-25,STR008,Houston Mall #8,Midwest,online,1,5,1777.05,1777.05,0.0,1046.15,730.9,1777.05,41.13
2024-05-25,STR009,Phoenix Mall #9,Southwest,flagship,1,4,245.68,208.83,36.85,139.72,69.11,208.83,33.09
2024-05-25,STR010,Denver Downtown #10,West,outlet,1,5,2436.75,2436.75,0.0,1441.75,995.0,2436.75,40.83
2024-05-25,STR011,Los Angeles Mall #11,Northeast,express,2,7,2930.23,2930.23,0.0,1810.83,1119.4,1465.12,38.2
2024-05-25,STR012,Seattle Mall #12,Southeast,online,2,9,4077.14,3985.02,92.12,2860.26,1124.76,1992.51,28.22
2024-05-25,STR013,Portland Downtown #13,Midwest,flagship,1,2,974.7,974.7,0.0,576.7,398.0,974.7,40.83
2024-05-25,STR014,San Francisco Mall #14,Southwest,outlet,2,6,3690.42,3690.42,0.0,1776.5,1913.92,1845.21,51.86
2024-05-25,STR015,Austin Mall #15,West,express,1,2,1078.08,1078.08,0.0,625.46,452.62,1078.08,41.98
2024-05-25,STR016,Nashville Downtown #16,Northeast,online,1,3,1808.34,1627.51,180.83,1161.21,466.3,1627.51,28.65
2024-05-25,STR017,Charlotte Mall #17,Southeast,flagship,1,5,2708.05,2708.05,0.0,1333.05,1375.0,2708.05,50.77
2024-05-25,STR021,Las Vegas Mall #21,Northeast,flagship,2,4,1161.98,1161.98,0.0,581.4000000000001,580.5799999999999,580.99,49.96
2024-05-25,STR022,Orlando Downtown #22,Southeast,outlet,1,2,489.12,391.3,97.82,320.48,70.82,391.3,18.1
2024-05-26,STR001,New York Downtown #1,Northeast,flagship,2,5,2254.31,2254.31,0.0,1589.25,665.06,1127.16,29.5
2024-05-26,STR005,Chicago Mall #5,West,flagship,1,3,1462.05,1388.95,73.1,865.05,523.9,1388.95,37.72
2024-05-26,STR010,Denver Downtown #10,West,outlet,2,6,3601.79,3601.79,0.0,1707.09,1894.7,1800.9,52.6
2024-05-26,STR011,Los Angeles Mall #11,Northeast,express,1,2,572.18,572.18,0.0,445.02,127.16,572.18,22.22
2024-05-26,STR016,Nashville Downtown #16,Northeast,online,1,5,388.4,349.56,38.84,189.2,160.36,349.56,45.87
2024-05-26,STR018,Minneapolis Mall #18,Midwest,outlet,1,3,1617.12,1374.55,242.57,938.19,436.36,1374.55,31.75
2024-05-26,STR019,Philadelphia Downtown #19,Southwest,express,1,4,691.68,691.68,0.0,455.96,235.72,691.68,34.08
2024-05-26,STR020,San Diego Mall #20,West,online,1,4,582.04,582.04,0.0,402.56,179.48,582.04,30.84
2024-05-26,STR021,Las Vegas Mall #21,Northeast,flagship,1,4,1271.84,1271.84,0.0,954.32,317.52,1271.84,24.97
2024-05-26,STR022,Orlando Downtown #22,Southeast,outlet,1,1,336.98,336.98,0.0,171.5,165.48,336.98,49.11
2024-05-26,STR023,Kansas City Mall #23,Midwest,express,1,4,2107.0,2107.0,0.0,1289.2,817.8,2107.0,38.81
2024-05-27,STR001,New York Downtown #1,Northeast,flagship,1,2,874.16,874.16,0.0,740.14,134.02,874.16,15.33
2024-05-27,STR002,Boston Mall #2,Southeast,outlet,1,5,681.85,681.85,0.0,296.3,385.55,681.85,56.54
2024-05-27,STR006,Detroit Mall #6,Northeast,outlet,2,6,2355.47,2325.6499999999996,29.82,1294.76,1030.89,1162.82,44.33
2024-05-27,STR007,Dallas Downtown #7,Southeast,express,1,3,382.86,382.86,0.0,293.73,89.13,382.86,23.28
2024-05-27,STR009,Phoenix Mall #9,Southwest,flagship,1,5,3473.1,3473.1,0.0,1851.0,1622.1,3473.1,46.7
2024-05-27,STR010,Denver Downtown #10,West,outlet,2,5,1719.29,1719.29,0.0,1094.25,625.04,859.64,36.35
2024-05-27,STR014,San Francisco Mall #14,Southwest,outlet,1,1,61.42,61.42,0.0,34.93,26.49,61.42,43.13
2024-05-27,STR015,Austin Mall #15,West,express,1,4,2572.6,2315.34,257.26,1430.36,884.98,2315.34,38.22
2024-05-27,STR016,Nashville Downtown #16,Northeast,online,1,2,608.54,608.54,0.0,413.98,194.56,608.54,31.97
2024-05-27,STR017,Charlotte Mall #17,Southeast,flagship,1,1,437.08,437.08,0.0,370.07,67.01,437.08,15.33
2024-05-27,STR018,Minneapolis Mall #18,Midwest,outlet,1,5,2450.4,2450.4,0.0,1327.2,1123.2,2450.4,45.84
2024-05-27,STR019,Philadelphia Downtown #19,Southwest,express,1,4,2878.08,2734.18,143.9,1371.72,1362.46,2734.18,49.83
2024-05-27,STR022,Orlando Downtown #22,Southeast,outlet,1,2,858.14,858.14,0.0,530.68,327.46,858.14,38.16
2024-05-27,STR023,Kansas City Mall #23,Midwest,express,1,3,355.08,355.08,0.0,153.75,201.33,355.08,56.7
2024-05-28,STR001,New York Downtown #1,Northeast,flagship,1,4,3293.28,3293.28,0.0,1550.92,1742.36,3293.28,52.91
2024-05-28,STR002,Boston Mall #2,Southeast,outlet,2,8,3423.36,3329.52,93.84,2059.56,1269.96,1664.76,38.14
2024-05-28,STR004,Miami Downtown #4,Southwest,online,2,4,2541.7200000000003,2414.63,127.09,1279.7600000000002,1134.87,1207.32,47.0
2024-05-28,STR005,Chicago Mall #5,West,flagship,1,2,1191.18,1131.62,59.56,612.94,518.68,1131.62,45.84
2024-05-28,STR009,Phoenix Mall #9,Southwest,flagship,1,2,198.74,168.93,29.81,90.88,78.05,168.93,46.2
2024-05-28,STR010,Denver Downtown #10,West,outlet,1,5,1632.65,1632.65,0.0,1166.4,466.25,1632.65,28.56
2024-05-28,STR011,Los Angeles Mall #11,Northeast,express,1,2,810.26,810.26,0.0,505.7,304.56,810.26,37.59
2024-05-28,STR013,Portland Downtown #13,Midwest,flagship,2,7,3656.26,3605.71,50.55,1903.94,1701.77,1802.86,47.2
2024-05-28,STR014,San Francisco Mall #14,Southwest,outlet,1,3,2071.38,2071.38,0.0,1166.37,905.01,2071.38,43.69
2024-05-28,STR015,Austin Mall #15,West,express,1,3,233.04,233.04,0.0,113.52,119.52,233.04,51.29
2024-05-28,STR016,Nashville Downtown #16,Northeast,online,1,3,1066.23,1066.23,0.0,627.69,438.54,1066.23,41.13
2024-05-28,STR019,Philadelphia Downtown #19,Southwest,express,1,3,417.93,417.93,0.0,220.05,197.88,417.93,47.35
2024-05-28,STR021,Las Vegas Mall #21,Northeast,flagship,1,3,1311.24,1311.24,0.0,1110.21,201.03,1311.24,15.33
2024-05-29,STR002,Boston Mall #2,Southeast,outlet,1,4,1004.68,1004.68,0.0,743.32,261.36,1004.68,26.01
2024-05-29,STR006,Detroit Mall #6,Northeast,outlet,2,4,1729.8600000000001,1729.8600000000001,0.0,1143.96,585.9,864.93,33.87
2024-05-29,STR013,Portland Downtown #13,Midwest,flagship,1,5,307.1,307.1,0.0,174.65,132.45,307.1,43.13
2024-05-29,STR021,Las Vegas Mall #21,Northeast,flagship,2,7,1692.19,1614.32,77.87,1067.13,547.19,807.16,33.9
2024-05-29,STR023,Kansas City Mall #23,Midwest,express,3,8,2996.58,2996.58,0.0,2205.68,790.9000000000001,998.86,26.39
2024-05-30,STR004,Miami Downtown #4,Southwest,online,1,4,545.48,545.48,0.0,237.04,308.44,545.48,56.54
2024-05-30,STR006,Detroit Mall #6,Northeast,outlet,2,3,355.38,349.97,5.41,194.26,155.70999999999998,174.98,44.49
2024-05-30,STR007,Dallas Downtown #7,Southeast,express,1,3,31.56,31.56,0.0,14.79,16.77,31.56,53.14
2024-05-30,STR008,Houston Mall #8,Midwest,online,1,4,2166.44,2166.44,0.0,1066.44,1100.0,2166.44,50.77
2024-05-30,STR012,Seattle Mall #12,Southeast,online,2,2,1188.37,1135.67,52.7,713.9300000000001,421.74,567.84,37.14
2024-05-30,STR013,Portland Downtown #13,Midwest,flagship,1,1,274.3,260.58,13.72,191.33,69.25,260.58,26.58
2024-05-30,STR021,Las Vegas Mall #21,Northeast,flagship,1,1,596.37,596.37,0.0,347.26,249.11,596.37,41.77
2024-05-30,STR022,Orlando Downtown #22,Southeast,outlet,1,2,1286.3,1286.3,0.0,715.18,571.12,1286.3,44.4
2024-05-31,STR002,Boston Mall #2,Southeast,outlet,1,2,654.56,654.56,0.0,299.26,355.3,654.56,54.28
2024-05-31,STR005,Chicago Mall #5,West,flagship,1,1,879.64,879.64,0.0,384.84,494.8,879.64,56.25
2024-05-31,STR007,Dallas Downtown #7,Southeast,express,1,5,507.95,507.95,0.0,387.05,120.9,507.95,23.8
2024-05-31,STR008,Houston Mall #8,Midwest,online,1,3,964.68,964.68,0.0,707.64,257.04,964.68,26.65
2024-05-31,STR009,Phoenix Mall #9,Southwest,flagship,1,2,1439.04,1439.04,0.0,685.86,753.18,1439.04,52.34
2024-05-31,STR011,Los Angeles Mall #11,Northeast,express,3,14,4874.58,4691.16,183.42,2755.38,1935.78,1563.72,41.26
2024-05-31,STR014,San Francisco Mall #14,Southwest,outlet,1,5,507.95,507.95,0.0,387.05,120.9,507.95,23.8
2024-05-31,STR015,Austin Mall #15,West,express,1,5,2635.2,2371.68,263.52,1832.85,538.83,2371.68,22.72
2024-05-31,STR017,Charlotte Mall #17,Southeast,flagship,1,3,810.51,810.51,0.0,383.22,427.29,810.51,52.72
2024-05-31,STR020,San Diego Mall #20,West,online,1,3,1501.65,1501.65,0.0,971.04,530.61,1501.65,35.34
2024-06-01,STR001,New York Downtown #1,Northeast,flagship,2,5,2796.14,2796.14,0.0,1493.85,1302.29,1398.07,46.57
2024-06-01,STR004,Miami Downtown #4,Southwest,online,1,1,269.98,269.98,0.0,201.42,68.56,269.98,25.39
2024-06-01,STR006,Detroit Mall #6,Northeast,outlet,2,7,2413.6,2237.69,175.91,1468.78,768.9100000000001,1118.84,34.36
2024-06-01,STR007,Dallas Downtown #7,Southeast,express,2,5,313.94,313.94,0.0,250.99,62.95,156.97,20.05
2024-06-01,STR012,Seattle Mall #12,Southeast,online,1,2,796.04,796.04,0.0,337.62,458.42,796.04,57.59
2024-06-01,STR015,Austin Mall #15,West,express,1,2,635.92,635.92,0.0,477.16,158.76,635.92,24.97
2024-06-01,STR016,Nashville Downtown #16,Northeast,online,1,3,912.81,912.81,0.0,620.97,291.84,912.81,31.97
2024-06-01,STR023,Kansas City Mall #23,Midwest,express,1,1,26.02,26.02,0.0,11.08,14.94,26.02,57.42
2024-06-02,STR004,Miami Downtown #4,Southwest,online,1,5,1222.8,1161.66,61.14,801.2,360.46,1161.66,31.03
2024-06-02,STR006,Detroit Mall #6,Northeast,outlet,1,4,1347.92,1280.52,67.4,686.0,594.52,1280.52,46.43
2024-06-02,STR008,Houston Mall #8,Midwest,online,1,3,382.86,382.86,0.0,293.73,89.13,382.86,23.28
2024-06-02,STR012,Seattle Mall #12,Southeast,online,2,5,2468.5,2133.3,335.2,1405.31,727.99,1066.65,34.13
2024-06-02,STR013,Portland Downtown #13,Midwest,flagship,1,3,1501.65,1501.65,0.0,971.04,530.61,1501.65,35.34
2024-06-02,STR015,Austin Mall #15,West,express,1,5,2376.75,2376.75,0.0,1793.35,583.4,2376.75,24.55
2024-06-02,STR016,Nashville Downtown #16,Northeast,online,1,5,345.95,345.95,0.0,296.35,49.6,345.95,14.34
2024-06-02,STR017,Charlotte Mall #17,Southeast,flagship,2,4,1593.56,1526.1599999999999,67.4,981.26,544.9,763.08,35.7
2024-06-02,STR023,Kansas City Mall #23,Midwest,express,1,2,822.14,822.14,0.0,444.64,377.5,822.14,45.92
2024-06-03,STR009,Phoenix Mall #9,Southwest,flagship,1,4,92.56,92.56,0.0,42.4,50.16,92.56,54.19
2024-06-03,STR011,Los Angeles Mall #11,Northeast,express,1,5,2053.35,2053.35,0.0,1017.6,1035.75,2053.35,50.44
2024-06-03,STR012,Seattle Mall #12,Southeast,online,1,5,345.95,345.95,0.0,296.35,49.6,345.95,14.34
2024-06-03,STR016,Nashville Downtown #16,Northeast,online,3,12,5114.8,4707.860000000001,406.94000000000005,2989.32,1718.54,1569.29,36.5
2024-06-03,STR017,Charlotte Mall #17,Southeast,flagship,1,5,1589.8,1589.8,0.0,1192.9,396.9,1589.8,24.97
2024-06-03,STR019,Philadelphia Downtown #19,Southwest,express,1,1,94.47,89.75,4.72,47.58,42.17,89.75,46.99
2024-06-03,STR021,Las Vegas Mall #21,Northeast,flagship,2,5,2191.02,2173.4300000000003,17.59,1466.02,707.41,1086.72,32.55
2024-06-04,STR001,New York Downtown #1,Northeast,flagship,1,4,1144.36,1087.14,57.22,890.04,197.1,1087.14,18.13
2024-06-04,STR002,Boston Mall #2,Southeast,outlet,1,3,379.47,360.5,18.97,247.62,112.88,360.5,31.31
2024-06-04,STR003,Atlanta Mall #3,Midwest,express,1,5,727.55,727.55,0.0,503.2,224.35,727.55,30.84
2024-06-04,STR007,Dallas Downtown #7,Southeast,express,1,2,539.96,539.96,0.0,402.84,137.12,539.96,25.39
2024-06-04,STR008,Houston Mall #8,Midwest,online,1,3,438.45,350.76,87.69,368.91,-18.15,350.76,-5.17
2024-06-04,STR009,Phoenix Mall #9,Southwest,flagship,1,1,455.65,387.3,68.35,268.59,118.71,387.3,30.65
2024-06-04,STR013,Portland Downtown #13,Midwest,flagship,1,1,244.56,244.56,0.0,160.24,84.32,244.56,34.48
2024-06-04,STR015,Austin Mall #15,West,express,1,3,858.27,858.27,0.0,667.53,190.74,858.27,22.22
2024-06-04,STR017,Charlotte Mall #17,Southeast,flagship,1,4,978.24,978.24,0.0,640.96,337.28,978.24,34.48
2024-06-04,STR018,Minneapolis Mall #18,Midwest,outlet,1,4,2715.72,2715.72,0.0,1199.8,1515.92,2715.72,55.82
2024-06-04,STR019,Philadelphia Downtown #19,Southwest,express,1,2,108.28,108.28,0.0,87.8,20.48,108.28,18.91
2024-06-04,STR020,San Diego Mall #20,West,online,1,5,2436.75,2193.07,243.68,1441.75,751.32,2193.07,34.26
2024-06-04,STR021,Las Vegas Mall #21,Northeast,flagship,1,5,403.35,403.35,0.0,342.3,61.05,403.35,15.14
2024-06-05,STR002,Boston Mall #2,Southeast,outlet,2,5,2723.96,2723.96,0.0,1477.32,1246.64,1361.98,45.77
2024-06-05,STR006,Detroit Mall #6,Northeast,outlet,1,3,741.3,741.3,0.0,319.38,421.92,741.3,56.92
2024-06-05,STR009,Phoenix Mall #9,Southwest,flagship,1,5,730.75,730.75,0.0,614.85,115.9,730.75,15.86
2024-06-05,STR011,Los Angeles Mall #11,Northeast,express,2,3,1107.46,1079.79,27.67,491.86,587.9300000000001,539.9,54.45
2024-06-05,STR013,Portland Downtown #13,Midwest,flagship,1,5,2055.35,2055.35,0.0,1111.6,943.75,2055.35,45.92
2024-06-05,STR016,Nashville Downtown #16,Northeast,online,1,1,898.98,898.98,0.0,396.97,502.01,898.98,55.84
2024-06-05,STR017,Charlotte Mall #17,Southeast,flagship,1,5,1769.25,1503.86,265.39,1358.55,145.31,1503.86,9.66
2024-06-05,STR023,Kansas City Mall #23,Midwest,express,1,4,2279.48,2279.48,0.0,1095.4,1184.08,2279.48,51.95
2024-06-06,STR005,Chicago Mall #5,West,flagship,2,5,3117.0299999999997,3117.0299999999997,0.0,1694.81,1422.22,1558.52,45.63
2024-06-06,STR006,Detroit Mall #6,Northeast,outlet,1,4,397.48,397.48,0.0,181.76,215.72,397.48,54.27
2024-06-06,STR012,Seattle Mall #12,Southeast,online,2,3,1055.2,1002.4399999999999,52.76,523.79,478.65000000000003,501.22,47.75
2024-06-06,STR014,San Francisco Mall #14,Southwest,outlet,1,1,351.82,351.82,0.0,189.5,162.32,351.82,46.14
2024-06-06,STR020,San Diego Mall #20,West,online,1,5,115.7,115.7,0.0,53.0,62.7,115.7,54.19
2024-06-06,STR021,Las Vegas Mall #21,Northeast,flagship,2,7,1735.84,1735.84,0.0,1169.93,565.91,867.92,32.6
2024-06-06,STR022,Orlando Downtown #22,Southeast,outlet,1,4,1892.68,1892.68,0.0,1006.68,886.0,1892.68,46.81
2024-06-07,STR002,Boston Mall #2,Southeast,outlet,2,2,991.1800000000001,991.1800000000001,0.0,609.29,381.89,495.59,38.53
2024-06-07,STR004,Miami Downtown #4,Southwest,online,2,10,2904.75,2828.6800000000003,76.07,1666.5500000000002,1162.1299999999999,1414.34,41.08
2024-06-07,STR007,Dallas Downtown #7,Southeast,express,1,4,1642.68,1642.68,0.0,814.08,828.6,1642.68,50.44
2024-06-07,STR008,Houston Mall #8,Midwest,online,2,6,692.37,692.37,0.0,429.57,262.8,346.18,37.96
2024-06-07,STR009,Phoenix Mall #9,Southwest,flagship,1,1,33.66,33.66,0.0,19.87,13.79,33.66,40.97
2024-06-07,STR010,Denver Downtown #10,West,outlet,2,2,931.5,931.5,0.0,475.1,456.40000000000003,465.75,49.0
2024-06-07,STR011,Los Angeles Mall #11,Northeast,express,1,2,52.18,52.18,0.0,38.86,13.32,52.18,25.53
2024-06-07,STR012,Seattle Mall #12,Southeast,online,3,10,3845.32,3845.32,0.0,2333.5,1511.8200000000002,1281.77,39.32
2024-06-07,STR013,Portland Downtown #13,Midwest,flagship,1,5,2145.35,1930.82,214.53,1326.7,604.12,1930.82,31.29
2024-06-07,STR014,San Francisco Mall #14,Southwest,outlet,1,3,1105.5,1105.5,0.0,943.02,162.48,1105.5,14.7
2024-06-07,STR016,Nashville Downtown #16,Northeast,online,1,4,1642.68,1642.68,0.0,814.08,828.6,1642.68,50.44
2024-06-07,STR018,Minneapolis Mall #18,Midwest,outlet,2,6,1923.67,1918.7,4.97,868.3900000000001,1050.31,959.35,54.74
2024-06-07,STR019,Philadelphia Downtown #19,Southwest,express,1,3,2696.94,2427.25,269.69,1190.91,1236.34,2427.25,50.94
2024-06-07,STR020,San Diego Mall #20,West,online,1,1,411.07,411.07,0.0,222.32,188.75,411.07,45.92
2024-06-07,STR021,Las Vegas Mall #21,Northeast,flagship,1,1,33.66,33.66,0.0,19.87,13.79,33.66,40.97
2024-06-07,STR023,Kansas City Mall #23,Midwest,express,1,1,507.8,507.8,0.0,374.55,133.25,507.8,26.24
2024-06-08,STR001,New York Downtown #1,Northeast,flagship,1,2,1078.08,1078.08,0.0,625.46,452.62,1078.08,41.98
2024-06-08,STR002,Boston Mall #2,Southeast,outlet,2,8,4796.0,4558.96,237.04,2754.85,1804.11,2279.48,39.57
2024-06-08,STR004,Miami Downtown #4,Southwest,online,1,3,1633.29,1633.29,0.0,793.35,839.94,1633.29,51.43
2024-06-08,STR005,Chicago Mall #5,West,flagship,1,3,1501.65,1501.65,0.0,971.04,530.61,1501.65,35.34
2024-06-08,STR006,Detroit Mall #6,Northeast,outlet,2,2,767.5899999999999,694.03,73.56,469.98,224.05,347.02,32.28
2024-06-08,STR010,Denver Downtown #10,West,outlet,1,2,161.32,161.32,0.0,115.24,46.08,161.32,28.56
2024-06-08,STR011,Los Angeles Mall #11,Northeast,express,3,8,4769.5599999999995,4511.889999999999,257.67,2408.04,2103.85,1503.96,46.63
2024-06-08,STR012,Seattle Mall #12,Southeast,online,1,5,2502.75,2502.75,0.0,1618.4,884.35,2502.75,35.34
2024-06-08,STR014,San Francisco Mall #14,Southwest,outlet,1,1,541.61,541.61,0.0,266.61,275.0,541.61,50.77
2024-06-08,STR015,Austin Mall #15,West,express,1,5,1636.4,1636.4,0.0,748.15,888.25,1636.4,54.28
2024-06-08,STR016,Nashville Downtown #16,Northeast,online,1,1,69.19,69.19,0.0,59.27,9.92,69.19,14.34
2024-06-08,STR018,Minneapolis Mall #18,Midwest,outlet,3,11,2414.26,2414.26,0.0,1255.94,1158.3200000000002,804.75,47.98
2024-06-08,STR020,San Diego Mall #20,West,online,3,9,3779.19,3779.19,0.0,2715.5600000000004,1063.63,1259.73,28.14
2024-06-08,STR023,Kansas City Mall #23,Midwest,express,2,8,3261.4300000000003,3261.4300000000003,0.0,2054.15,1207.28,1630.72,37.02
2024-06-09,STR001,New York Downtown #1,Northeast,flagship,1,3,413.25,413.25,0.0,238.41,174.84,413.25,42.31
2024-06-09,STR004,Miami Downtown #4,Southwest,online,2,8,1840.8799999999999,1836.25,4.63,1522.68,313.57000000000005,918.12,17.08
2024-06-09,STR005,Chicago Mall #5,West,flagship,1,1,405.13,364.62,40.51,252.85,111.77,364.62,30.65
2024-06-09,STR007,Dallas Downtown #7,Southeast,express,1,2,1078.08,1078.08,0.0,625.46,452.62,1078.08,41.98
2024-06-09,STR012,Seattle Mall #12,Southeast,online,1,4,2234.64,2234.64,0.0,1288.56,946.08,2234.64,42.34
2024-06-09,STR017,Charlotte Mall #17,Southeast,flagship,1,5,1777.05,1777.05,0.0,1046.15,730.9,1777.05,41.13
2024-06-09,STR021,Las Vegas Mall #21,Northeast,flagship,2,5,1138.44,1135.51,2.93,849.8299999999999,285.68,567.76,25.16
2024-06-09,STR022,Orlando Downtown #22,Southeast,outlet,2,7,1393.78,1393.78,0.0,661.3299999999999,732.45,696.89,52.55
2024-06-10,STR001,New York Downtown #1,Northeast,flagship,1,4,2633.32,2633.32,0.0,1288.16,1345.16,2633.32,51.08
2024-06-10,STR002,Boston Mall #2,Southeast,outlet,1,1,126.49,126.49,0.0,82.54,43.95,126.49,34.75
2024-06-10,STR008,Houston Mall #8,Midwest,online,1,1,405.13,405.13,0.0,252.85,152.28,405.13,37.59
2024-06-10,STR013,Portland Downtown #13,Midwest,flagship,2,6,2717.6400000000003,2717.6400000000003,0.0,1885.34,832.3,1358.82,30.63
2024-06-10,STR017,Charlotte Mall #17,Southeast,flagship,2,2,982.4,982.4,0.0,590.89,391.51,491.2,39.85
2024-06-10,STR019,Philadelphia Downtown #19,Southwest,express,2,8,3238.79,3238.79,0.0,2273.76,965.03,1619.4,29.8
2024-06-10,STR021,Las Vegas Mall #21,Northeast,flagship,2,8,1515.05,1507.87,7.18,1067.29,440.58000000000004,753.94,29.22
2024-06-10,STR022,Orlando Downtown #22,Southeast,outlet,1,3,953.88,953.88,0.0,715.74,238.14,953.88,24.97
2024-06-10,STR023,Kansas City Mall #23,Midwest,express,1,4,1620.52,1620.52,0.0,1011.4,609.12,1620.52,37.59
2024-06-11,STR002,Boston Mall #2,Southeast,outlet,1,3,964.68,964.68,0.0,707.64,257.04,964.68,26.65
2024-06-11,STR003,Atlanta Mall #3,Midwest,express,1,1,458.19,366.55,91.64,197.3,169.25,366.55,46.17
2024-06-11,STR007,Dallas Downtown #7,Southeast,express,1,4,1620.52,1620.52,0.0,1011.4,609.12,1620.52,37.59
2024-06-11,STR008,Houston Mall #8,Midwest,online,1,2,1154.16,981.04,173.12,762.5,218.54,981.04,22.28
2024-06-11,STR011,Los Angeles Mall #11,Northeast,express,1,4,2411.12,2049.45,361.67,1548.28,501.17,2049.45,24.45
2024-06-11,STR017,Charlotte Mall #17,Southeast,flagship,1,5,1430.45,1215.88,214.57,1112.55,103.33,1215.88,8.5
2024-06-11,STR021,Las Vegas Mall #21,Northeast,flagship,2,8,3306.36,3204.8,101.56,2428.32,776.48,1602.4,24.23
2024-06-11,STR022,Orlando Downtown #22,Southeast,outlet,1,1,274.3,274.3,0.0,191.33,82.97,274.3,30.25
2024-06-11,STR023,Kansas City Mall #23,Midwest,express,2,5,1708.8899999999999,1659.71,49.18,1115.28,544.4300000000001,829.86,32.8
2024-06-12,STR003,Atlanta Mall #3,Midwest,express,1,1,31.14,26.47,4.67,16.89,9.58,26.47,36.19
2024-06-12,STR005,Chicago Mall #5,West,flagship,1,4,1306.12,1175.51,130.61,933.12,242.39,1175.51,20.62
2024-06-12,STR006,Detroit Mall #6,Northeast,outlet,1,3,822.9,822.9,0.0,573.99,248.91,822.9,30.25
2024-06-12,STR007,Dallas Downtown #7,Southeast,express,2,7,780.29,780.29,0.0,566.4300000000001,213.86,390.14,27.41
2024-06-12,STR009,Phoenix Mall #9,Southwest,flagship,1,4,310.72,310.72,0.0,151.36,159.36,310.72,51.29
2024-06-12,STR012,Seattle Mall #12,Southeast,online,1,3,753.51,753.51,0.0,557.49,196.02,753.51,26.01
2024-06-12,STR013,Portland Downtown #13,Midwest,flagship,1,3,1064.73,1064.73,0.0,491.22,573.51,1064.73,53.86
2024-06-12,STR016,Nashville Downtown #16,Northeast,online,2,9,4182.05,4182.05,0.0,2590.41,1591.6399999999999,2091.02,38.06
2024-06-12,STR017,Charlotte Mall #17,Southeast,flagship,2,5,2099.27,2099.27,0.0,1050.29,1048.98,1049.64,49.97
2024-06-12,STR021,Las Vegas Mall #21,Northeast,flagship,2,8,1126.8400000000001,1126.8400000000001,0.0,614.52,512.32,563.42,45.47
2024-06-12,STR022,Orlando Downtown #22,Southeast,outlet,1,2,236.72,236.72,0.0,102.5,134.22,236.72,56.7
2024-06-13,STR003,Atlanta Mall #3,Midwest,express,1,2,778.1,778.1,0.0,592.24,185.86,778.1,23.89
2024-06-13,STR007,Dallas Downtown #7,Southeast,express,1,3,1580.25,1501.24,79.01,966.9,534.34,1501.24,35.59
2024-06-13,STR008,Houston Mall #8,Midwest,online,2,7,2154.56,1754.7199999999998,399.84,1223.43,531.29,877.36,30.28
2024-06-13,STR011,Los Angeles Mall #11,Northeast,express,1,2,1322.66,1322.66,0.0,694.72,627.94,1322.66,47.48
2024-06-13,STR013,Portland Downtown #13,Midwest,flagship,1,3,2469.96,2469.96,0.0,1163.19,1306.77,2469.96,52.91
2024-06-13,STR015,Austin Mall #15,West,express,1,4,1651.32,1651.32,0.0,775.84,875.48,1651.32,53.02
2024-06-13,STR016,Nashville Downtown #16,Northeast,online,2,8,5305.41,5224.36,81.05,2368.0699999999997,2856.29,2612.18,54.67
2024-06-13,STR021,Las Vegas Mall #21,Northeast,flagship,2,7,2367.13,2367.13,0.0,1601.6999999999998,765.4300000000001,1183.56,32.34
2024-06-13,STR023,Kansas City Mall #23,Midwest,express,1,4,104.36,104.36,0.0,77.72,26.64,104.36,25.53
2024-06-14,STR002,Boston Mall #2,Southeast,outlet,2,6,2196.62,1892.35,304.27,1368.3600000000001,523.99,946.18,27.69
2024-06-14,STR004,Miami Downtown #4,Southwest,online,1,4,510.48,484.96,25.52,391.64,93.32,484.96,19.24
2024-06-14,STR006,Detroit Mall #6,Northeast,outlet,1,4,1901.4,1901.4,0.0,1434.68,466.72,1901.4,24.55
2024-06-14,STR007,Dallas Downtown #7,Southeast,express,3,12,4477.56,4477.56,0.0,2434.32,2043.2399999999998,1492.52,45.63
2024-06-14,STR008,Houston Mall #8,Midwest,online,1,5,2365.85,2365.85,0.0,1258.35,1107.5,2365.85,46.81
2024-06-14,STR010,Denver Downtown #10,West,outlet,2,4,1934.65,1927.73,6.92,1001.24,926.49,963.86,48.06
2024-06-14,STR011,Los Angeles Mall #11,Northeast,express,2,3,637.3100000000001,637.3100000000001,0.0,340.37,296.94,318.66,46.59
2024-06-14,STR014,San Francisco Mall #14,Southwest,outlet,1,3,2071.38,1967.81,103.57,1166.37,801.44,1967.81,40.73
2024-06-14,STR015,Austin Mall #15,West,express,2,5,1357.89,1357.89,0.0,691.11,666.7800000000001,678.94,49.1
2024-06-14,STR017,Charlotte Mall #17,Southeast,flagship,1,4,1407.28,1266.55,140.73,758.0,508.55,1266.55,40.15
2024-06-14,STR019,Philadelphia Downtown #19,Southwest,express,1,3,228.42,228.42,0.0,178.56,49.86,228.42,21.83
2024-06-14,STR020,San Diego Mall #20,West,online,2,9,4863.549999999999,4863.549999999999,0.0,2416.8599999999997,2446.69,2431.77,50.31
2024-06-14,STR021,Las Vegas Mall #21,Northeast,flagship,1,5,403.35,403.35,0.0,342.3,61.05,403.35,15.14
2024-06-15,STR001,New York Downtown #1,Northeast,flagship,1,2,122.84,110.56,12.28,69.86,40.7,110.56,36.81
2024-06-15,STR007,Dallas Downtown #7,Southeast,express,1,4,1144.36,1144.36,0.0,890.04,254.32,1144.36,22.22
2024-06-15,STR011,Los Angeles Mall #11,Northeast,express,1,3,2083.86,2083.86,0.0,1110.6,973.26,2083.86,46.7
2024-06-15,STR012,Seattle Mall #12,Southeast,online,1,5,307.1,307.1,0.0,174.65,132.45,307.1,43.13
2024-06-15,STR015,Austin Mall #15,West,express,1,1,317.96,317.96,0.0,238.58,79.38,317.96,24.97
2024-06-15,STR022,Orlando Downtown #22,Southeast,outlet,2,5,3378.21,3378.21,0.0,1760.8400000000001,1617.37,1689.1,47.88
2024-06-16,STR003,Atlanta Mall #3,Midwest,express,1,4,1651.32,1651.32,0.0,775.84,875.48,1651.32,53.02
2024-06-16,STR004,Miami Downtown #4,Southwest,online,2,9,3354.01,3290.25,63.76,2332.52,957.73,1645.12,29.11
2024-06-16,STR006,Detroit Mall #6,Northeast,outlet,1,1,643.15,643.15,0.0,357.59,285.56,643.15,44.4
2024-06-16,STR008,Houston Mall #8,Midwest,online,1,5,2459.05,2459.05,0.0,1436.6,1022.45,2459.05,41.58
2024-06-16,STR015,Austin Mall #15,West,express,2,5,3057.63,3023.87,33.76,1559.2900000000002,1464.58,1511.94,48.43
2024-06-16,STR017,Charlotte Mall #17,Southeast,flagship,2,7,2398.69,2398.69,0.0,1173.8400000000001,1224.85,1199.34,51.06
2024-06-16,STR019,Philadelphia Downtown #19,Southwest,express,2,7,1299.6999999999998,1299.6999999999998,0.0,726.3799999999999,573.3199999999999,649.85,44.11
2024-06-16,STR020,San Diego Mall #20,West,online,1,1,269.98,269.98,0.0,201.42,68.56,269.98,25.39
2024-06-16,STR023,Kansas City Mall #23,Midwest,express,2,6,2789.58,2789.58,0.0,1987.31,802.27,1394.79,28.76
2024-06-17,STR001,New York Downtown #1,Northeast,flagship,1,4,691.68,691.68,0.0,455.96,235.72,691.68,34.08
2024-06-17,STR003,Atlanta Mall #3,Midwest,express,1,2,252.98,227.68,25.3,165.08,62.6,227.68,27.49
2024-06-17,STR005,Chicago Mall #5,West,flagship,1,1,101.59,101.59,0.0,77.41,24.18,101.59,23.8
2024-06-17,STR006,Detroit Mall #6,Northeast,outlet,1,1,101.59,101.59,0.0,77.41,24.18,101.59,23.8
2024-06-17,STR007,Dallas Downtown #7,Southeast,express,2,6,2389.31,2185.92,203.39,1275.48,910.44,1092.96,41.65
2024-06-17,STR008,Houston Mall #8,Midwest,online,1,2,737.0,737.0,0.0,628.68,108.32,737.0,14.7
2024-06-17,STR009,Phoenix Mall #9,Southwest,flagship,1,3,1633.29,1633.29,0.0,793.35,839.94,1633.29,51.43
2024-06-17,STR014,San Francisco Mall #14,Southwest,outlet,1,5,1943.55,1943.55,0.0,982.3,961.25,1943.55,49.46
2024-06-17,STR018,Minneapolis Mall #18,Midwest,outlet,1,5,2025.65,2025.65,0.0,1264.25,761.4,2025.65,37.59
2024-06-17,STR019,Philadelphia Downtown #19,Southwest,express,2,5,1678.7600000000002,1526.42,152.34,1199.3300000000002,327.09000000000003,763.21,21.43
2024-06-17,STR020,San Diego Mall #20,West,online,1,2,950.7,808.1,142.6,717.34,90.76,808.1,11.23
2024-06-17,STR021,Las Vegas Mall #21,Northeast,flagship,2,3,1181.6,1128.8999999999999,52.7,665.8299999999999,463.07,564.45,41.02
2024-06-18,STR001,New York Downtown #1,Northeast,flagship,1,1,412.83,412.83,0.0,193.96,218.87,412.83,53.02
2024-06-18,STR002,Boston Mall #2,Southeast,outlet,1,2,919.6,919.6,0.0,638.26,281.34,919.6,30.59
2024-06-18,STR003,Atlanta Mall #3,Midwest,express,1,1,488.55,464.12,24.43,350.08,114.04,464.12,24.57
2024-06-18,STR004,Miami Downtown #4,Southwest,online,2,8,3920.24,3725.71,194.53,2446.72,1278.99,1862.86,34.33
2024-06-18,STR005,Chicago Mall #5,West,flagship,1,3,438.45,438.45,0.0,368.91,69.54,438.45,15.86
2024-06-18,STR008,Houston Mall #8,Midwest,online,1,1,678.93,678.93,0.0,299.95,378.98,678.93,55.82
2024-06-18,STR012,Seattle Mall #12,Southeast,online,2,8,1767.23,1713.92,53.31,1179.44,534.48,856.96,31.18
2024-06-18,STR013,Portland Downtown #13,Midwest,flagship,1,5,130.45,130.45,0.0,97.15,33.3,130.45,25.53
2024-06-18,STR014,San Francisco Mall #14,Southwest,outlet,1,3,1808.34,1537.09,271.25,1161.21,375.88,1537.09,24.45
2024-06-18,STR016,Nashville Downtown #16,Northeast,online,1,2,983.62,983.62,0.0,574.64,408.98,983.62,41.58
2024-06-18,STR017,Charlotte Mall #17,Southeast,flagship,1,2,825.66,825.66,0.0,387.92,437.74,825.66,53.02
2024-06-18,STR019,Philadelphia Downtown #19,Southwest,express,2,6,3685.3500000000004,3685.3500000000004,0.0,1921.74,1763.61,1842.68,47.85
2024-06-18,STR021,Las Vegas Mall #21,Northeast,flagship,1,4,1421.64,1208.39,213.25,836.92,371.47,1208.39,30.74
2024-06-18,STR022,Orlando Downtown #22,Southeast,outlet,1,3,175.56,158.0,17.56,132.45,25.55,158.0,16.17
2024-06-19,STR003,Atlanta Mall #3,Midwest,express,1,5,412.55,412.55,0.0,198.0,214.55,412.55,52.01
2024-06-19,STR004,Miami Downtown #4,Southwest,online,1,3,981.75,981.75,0.0,781.92,199.83,981.75,20.35
2024-06-19,STR007,Dallas Downtown #7,Southeast,express,1,4,1748.32,1748.32,0.0,1480.28,268.04,1748.32,15.33
2024-06-19,STR008,Houston Mall #8,Midwest,online,1,4,2306.36,2075.72,230.64,1529.36,546.36,2075.72,26.32
2024-06-19,STR011,Los Angeles Mall #11,Northeast,express,2,6,2757.66,2509.17,248.49,1563.48,945.69,1254.58,37.69
2024-06-19,STR012,Seattle Mall #12,Southeast,online,1,3,1238.49,1238.49,0.0,581.88,656.61,1238.49,53.02
2024-06-19,STR013,Portland Downtown #13,Midwest,flagship,1,3,1199.52,1199.52,0.0,688.65,510.87,1199.52,42.59
2024-06-19,STR017,Charlotte Mall #17,Southeast,flagship,1,5,2722.15,2586.04,136.11,1322.25,1263.79,2586.04,48.87
2024-06-19,STR020,San Diego Mall #20,West,online,1,5,3306.65,3306.65,0.0,1736.8,1569.85,3306.65,47.48
2024-06-19,STR022,Orlando Downtown #22,Southeast,outlet,2,7,3409.63,3409.63,0.0,2053.18,1356.45,1704.82,39.78
2024-06-20,STR002,Boston Mall #2,Southeast,outlet,1,2,548.6,521.17,27.43,382.66,138.51,521.17,26.58
2024-06-20,STR003,Atlanta Mall #3,Midwest,express,3,7,3625.54,3622.4300000000003,3.11,1786.1200000000001,1836.31,1207.48,50.69
2024-06-20,STR004,Miami Downtown #4,Southwest,online,2,7,4021.45,3619.3100000000004,402.14,2271.65,1347.66,1809.66,37.24
2024-06-20,STR005,Chicago Mall #5,West,flagship,1,3,701.58,631.42,70.16,350.25,281.17,631.42,44.53
2024-06-20,STR006,Detroit Mall #6,Northeast,outlet,1,5,2442.75,2442.75,0.0,1750.4,692.35,2442.75,28.34
2024-06-20,STR008,Houston Mall #8,Midwest,online,1,4,510.48,510.48,0.0,391.64,118.84,510.48,23.28
2024-06-20,STR009,Phoenix Mall #9,Southwest,flagship,1,1,259.57,259.57,0.0,149.44,110.13,259.57,42.43
2024-06-20,STR011,Los Angeles Mall #11,Northeast,express,1,2,502.34,502.34,0.0,371.66,130.68,502.34,26.01
2024-06-20,STR019,Philadelphia Downtown #19,Southwest,express,1,4,1286.24,1286.24,0.0,943.52,342.72,1286.24,26.65
2024-06-21,STR001,New York Downtown #1,Northeast,flagship,2,6,704.01,668.5,35.51,439.08,229.42,334.25,34.32
2024-06-21,STR002,Boston Mall #2,Southeast,outlet,2,3,535.72,502.02,33.7,262.38,239.64,251.01,47.74
2024-06-21,STR003,Atlanta Mall #3,Midwest,express,2,3,1833.0900000000001,1833.0900000000001,0.0,1062.45,770.6400000000001,916.54,42.04
2024-06-21,STR004,Miami Downtown #4,Southwest,online,1,5,380.7,380.7,0.0,297.6,83.1,380.7,21.83
2024-06-21,STR006,Detroit Mall #6,Northeast,outlet,2,6,2562.62,2562.62,0.0,1313.02,1249.6,1281.31,48.76
2024-06-21,STR007,Dallas Downtown #7,Southeast,express,1,2,831.54,831.54,0.0,560.96,270.58,831.54,32.54
2024-06-21,STR008,Houston Mall #8,Midwest,online,1,2,1380.92,1380.92,0.0,777.58,603.34,1380.92,43.69
2024-06-21,STR009,Phoenix Mall #9,Southwest,flagship,1,2,1357.86,1357.86,0.0,599.9,757.96,1357.86,55.82
2024-06-21,STR010,Denver Downtown #10,West,outlet,2,5,2193.65,2193.65,0.0,1344.78,848.87,1096.82,38.7
2024-06-21,STR011,Los Angeles Mall #11,Northeast,express,1,3,1366.95,1366.95,0.0,805.77,561.18,1366.95,41.05
2024-06-21,STR013,Portland Downtown #13,Midwest,flagship,1,1,500.55,425.47,75.08,323.68,101.79,425.47,23.92
2024-06-21,STR014,San Francisco Mall #14,Southwest,outlet,1,1,406.78,386.44,20.34,213.25,173.19,386.44,44.82
2024-06-21,STR015,Austin Mall #15,West,express,1,3,1731.24,1644.68,86.56,1143.75,500.93,1644.68,30.46
2024-06-21,STR017,Charlotte Mall #17,Southeast,flagship,1,1,76.14,76.14,0.0,59.52,16.62,76.14,21.83
2024-06-21,STR022,Orlando Downtown #22,Southeast,outlet,2,7,3442.38,3172.2699999999995,270.11,1653.02,1519.25,1586.13,47.89
2024-06-22,STR003,Atlanta Mall #3,Midwest,express,1,3,162.42,162.42,0.0,131.7,30.72,162.42,18.91
2024-06-22,STR006,Detroit Mall #6,Northeast,outlet,1,1,473.17,473.17,0.0,251.67,221.5,473.17,46.81
2024-06-22,STR007,Dallas Downtown #7,Southeast,express,3,12,6530.21,6082.93,447.28,3985.29,2097.6400000000003,2027.64,34.48
2024-06-22,STR009,Phoenix Mall #9,Southwest,flagship,1,5,1636.4,1636.4,0.0,748.15,888.25,1636.4,54.28
2024-06-22,STR012,Seattle Mall #12,Southeast,online,2,4,2602.89,2501.6,101.29,1381.48,1120.12,1250.8,44.78
2024-06-22,STR014,San Francisco Mall #14,Southwest,outlet,1,3,1066.23,1066.23,0.0,627.69,438.54,1066.23,41.13
2024-06-22,STR015,Austin Mall #15,West,express,1,3,1247.31,1247.31,0.0,841.44,405.87,1247.31,32.54
2024-06-22,STR016,Nashville Downtown #16,Northeast,online,1,2,532.6,532.6,0.0,251.02,281.58,532.6,52.87
2024-06-22,STR017,Charlotte Mall #17,Southeast,flagship,3,9,2380.51,2380.51,0.0,1183.55,1196.96,793.5,50.28
2024-06-22,STR018,Minneapolis Mall #18,Midwest,outlet,1,4,1748.32,1748.32,0.0,1480.28,268.04,1748.32,15.33
2024-06-22,STR023,Kansas City Mall #23,Midwest,express,1,3,2696.94,2696.94,0.0,1190.91,1506.03,2696.94,55.84
2024-06-23,STR001,New York Downtown #1,Northeast,flagship,2,5,790.04,735.49,54.55,397.28,338.21,367.74,45.98
2024-06-23,STR003,Atlanta Mall #3,Midwest,express,2,7,1011.8399999999999,1011.8399999999999,0.0,702.08,309.76,505.92,30.61
2024-06-23,STR004,Miami Downtown #4,Southwest,online,2,6,815.41,803.7199999999999,11.69,592.3,211.42000000000002,401.86,26.31
2024-06-23,STR006,Detroit Mall #6,Northeast,outlet,1,2,165.02,165.02,0.0,79.2,85.82,165.02,52.01
2024-06-23,STR007,Dallas Downtown #7,Southeast,express,1,2,345.84,345.84,0.0,227.98,117.86,345.84,34.08
2024-06-23,STR009,Phoenix Mall #9,Southwest,flagship,2,8,2437.4,2290.13,147.26999999999998,1459.82,830.3100000000001,1145.06,36.26
2024-06-23,STR010,Denver Downtown #10,West,outlet,1,4,3595.92,3595.92,0.0,1587.88,2008.04,3595.92,55.84
2024-06-23,STR011,Los Angeles Mall #11,Northeast,express,2,6,1596.84,1596.84,0.0,1327.2199999999998,269.62,798.42,16.88
2024-06-23,STR013,Portland Downtown #13,Midwest,flagship,2,9,4193.99,4193.99,0.0,2428.91,1765.08,2097.0,42.09
2024-06-23,STR014,San Francisco Mall #14,Southwest,outlet,1,3,748.02,710.62,37.4,527.43,183.19,710.62,25.78
2024-06-23,STR019,Philadelphia Downtown #19,Southwest,express,1,2,911.3,911.3,0.0,537.18,374.12,911.3,41.05
2024-06-23,STR023,Kansas City Mall #23,Midwest,express,1,1,648.85,648.85,0.0,298.91,349.94,648.85,53.93
2024-06-24,STR004,Miami Downtown #4,Southwest,online,2,6,3414.5600000000004,3414.5600000000004,0.0,2007.8,1406.76,1707.28,41.2
2024-06-24,STR005,Chicago Mall #5,West,flagship,1,4,2572.6,2315.34,257.26,1430.36,884.98,2315.34,38.22
2024-06-24,STR007,Dallas Downtown #7,Southeast,express,1,2,974.7,974.7,0.0,576.7,398.0,974.7,40.83
2024-06-24,STR008,Houston Mall #8,Midwest,online,1,1,437.08,415.23,21.85,370.07,45.16,415.23,10.88
2024-06-24,STR012,Seattle Mall #12,Southeast,online,1,1,554.1,554.1,0.0,239.22,314.88,554.1,56.83
2024-06-24,STR015,Austin Mall #15,West,express,1,2,494.2,494.2,0.0,212.92,281.28,494.2,56.92
2024-06-24,STR016,Nashville Downtown #16,Northeast,online,1,1,101.59,86.35,15.24,77.41,8.94,86.35,10.35
2024-06-24,STR020,San Diego Mall #20,West,online,2,9,3726.83,3726.83,0.0,2065.57,1661.2600000000002,1863.42,44.58
2024-06-24,STR021,Las Vegas Mall #21,Northeast,flagship,1,1,140.2,126.18,14.02,110.35,15.83,126.18,12.55
2024-06-24,STR023,Kansas City Mall #23,Midwest,express,1,1,577.08,577.08,0.0,381.25,195.83,577.08,33.93
2024-06-25,STR003,Atlanta Mall #3,Midwest,express,1,1,527.04,421.63,105.41,366.57,55.06,421.63,13.06
2024-06-25,STR007,Dallas Downtown #7,Southeast,express,2,6,747.2,711.69,35.51,494.14,217.55,355.84,30.57
2024-06-25,STR008,Houston Mall #8,Midwest,online,2,5,1865.29,1865.29,0.0,1295.95,569.3399999999999,932.64,30.52
2024-06-25,STR009,Phoenix Mall #9,Southwest,flagship,1,2,707.7,707.7,0.0,543.42,164.28,707.7,23.21
2024-06-25,STR012,Seattle Mall #12,Southeast,online,1,4,377.88,377.88,0.0,190.32,187.56,377.88,49.63
2024-06-25,STR017,Charlotte Mall #17,Southeast,flagship,1,5,2977.95,2680.15,297.8,1532.35,1147.8,2680.15,42.83
2024-06-25,STR018,Minneapolis Mall #18,Midwest,outlet,1,2,278.62,278.62,0.0,146.7,131.92,278.62,47.35
2024-06-25,STR021,Las Vegas Mall #21,Northeast,flagship,1,4,245.68,233.4,12.28,139.72,93.68,233.4,40.14
2024-06-25,STR023,Kansas City Mall #23,Midwest,express,1,4,2382.36,2382.36,0.0,1225.88,1156.48,2382.36,48.54
2024-06-26,STR001,New York Downtown #1,Northeast,flagship,2,4,1420.33,1420.33,0.0,976.23,444.1,710.16,31.27
2024-06-26,STR002,Boston Mall #2,Southeast,outlet,1,3,207.57,207.57,0.0,177.81,29.76,207.57,14.34
2024-06-26,STR003,Atlanta Mall #3,Midwest,express,1,4,310.72,295.18,15.54,151.36,143.82,295.18,48.72
2024-06-26,STR004,Miami Downtown #4,Southwest,online,2,5,1791.88,1791.88,0.0,1192.19,599.6899999999999,895.94,33.47
2024-06-26,STR005,Chicago Mall #5,West,flagship,1,4,397.48,397.48,0.0,181.76,215.72,397.48,54.27
2024-06-26,STR006,Detroit Mall #6,Northeast,outlet,1,5,3291.65,3291.65,0.0,1610.2,1681.45,3291.65,51.08
2024-06-26,STR007,Dallas Downtown #7,Southeast,express,1,5,1350.85,1350.85,0.0,638.7,712.15,1350.85,52.72
2024-06-26,STR008,Houston Mall #8,Midwest,online,1,1,136.37,136.37,0.0,59.26,77.11,136.37,56.54
2024-06-26,STR010,Denver Downtown #10,West,outlet,1,3,912.81,912.81,0.0,620.97,291.84,912.81,31.97
2024-06-26,STR011,Los Angeles Mall #11,Northeast,express,1,3,1094.58,1094.58,0.0,493.77,600.81,1094.58,54.89
2024-06-26,STR012,Seattle Mall #12,Southeast,online,1,1,527.04,500.69,26.35,366.57,134.12,500.69,26.79
2024-06-26,STR014,San Francisco Mall #14,Southwest,outlet,1,5,1222.8,1222.8,0.0,801.2,421.6,1222.8,34.48
2024-06-26,STR016,Nashville Downtown #16,Northeast,online,1,3,241.98,241.98,0.0,172.86,69.12,241.98,28.56
2024-06-26,STR017,Charlotte Mall #17,Southeast,flagship,1,4,1306.12,1306.12,0.0,933.12,373.0,1306.12,28.56
2024-06-26,STR023,Kansas City Mall #23,Midwest,express,2,8,4360.74,4162.34,198.4,2835.43,1326.9099999999999,2081.17,31.88
2024-06-27,STR002,Boston Mall #2,Southeast,outlet,1,2,1001.1,1001.1,0.0,647.36,353.74,1001.1,35.34
2024-06-27,STR003,Atlanta Mall #3,Midwest,express,1,5,292.6,263.34,29.26,220.75,42.59,263.34,16.17
2024-06-27,STR005,Chicago Mall #5,West,flagship,1,3,143.55,136.37,7.18,110.64,25.73,136.37,18.87
2024-06-27,STR007,Dallas Downtown #7,Southeast,express,1,4,2715.72,2715.72,0.0,1199.8,1515.92,2715.72,55.82
2024-06-27,STR009,Phoenix Mall #9,Southwest,flagship,2,8,1251.06,1251.06,0.0,686.22,564.8399999999999,625.53,45.15
2024-06-27,STR011,Los Angeles Mall #11,Northeast,express,2,7,2907.54,2792.59,114.95,2009.63,782.96,1396.3,28.04
2024-06-27,STR013,Portland Downtown #13,Midwest,flagship,3,4,774.71,754.0699999999999,20.64,421.08000000000004,332.99,251.36,44.16
2024-06-27,STR014,San Francisco Mall #14,Southwest,outlet,1,2,252.98,252.98,0.0,165.08,87.9,252.98,34.75
2024-06-27,STR015,Austin Mall #15,West,express,1,3,1215.39,1215.39,0.0,758.55,456.84,1215.39,37.59
2024-06-27,STR017,Charlotte Mall #17,Southeast,flagship,1,4,1960.32,1960.32,0.0,1061.76,898.56,1960.32,45.84
2024-06-27,STR020,San Diego Mall #20,West,online,1,1,398.02,398.02,0.0,168.81,229.21,398.02,57.59
2024-06-28,STR004,Miami Downtown #4,Southwest,online,1,2,709.82,603.35,106.47,327.48,275.87,603.35,45.72
2024-06-28,STR008,Houston Mall #8,Midwest,online,1,3,1287.21,1287.21,0.0,796.02,491.19,1287.21,38.16
2024-06-28,STR009,Phoenix Mall #9,Southwest,flagship,3,8,4904.84,4823.09,81.75,2311.98,2511.1099999999997,1607.7,52.06
2024-06-28,STR011,Los Angeles Mall #11,Northeast,express,2,10,3694.55,3632.7700000000004,61.78,1968.8999999999999,1663.87,1816.39,45.8
2024-06-28,STR013,Portland Downtown #13,Midwest,flagship,1,1,136.37,136.37,0.0,59.26,77.11,136.37,56.54
2024-06-28,STR014,San Francisco Mall #14,Southwest,outlet,3,9,3000.29,3000.29,0.0,1306.03,1694.26,1000.1,56.47
2024-06-28,STR017,Charlotte Mall #17,Southeast,flagship,1,2,1380.92,1242.83,138.09,777.58,465.25,1242.83,37.43
2024-06-28,STR020,San Diego Mall #20,West,online,1,5,2299.0,2299.0,0.0,1595.65,703.35,2299.0,30.59
2024-06-29,STR001,New York Downtown #1,Northeast,flagship,3,8,3013.46,3013.46,0.0,1947.5,1065.96,1004.49,35.37
2024-06-29,STR003,Atlanta Mall #3,Midwest,express,1,4,1960.32,1960.32,0.0,1061.76,898.56,1960.32,45.84
2024-06-29,STR005,Chicago Mall #5,West,flagship,1,4,560.8,560.8,0.0,441.4,119.4,560.8,21.29
2024-06-29,STR006,Detroit Mall #6,Northeast,outlet,1,1,146.15,146.15,0.0,122.97,23.18,146.15,15.86
2024-06-29,STR007,Dallas Downtown #7,Southeast,express,1,1,94.47,94.47,0.0,47.58,46.89,94.47,49.63
2024-06-29,STR009,Phoenix Mall #9,Southwest,flagship,2,3,1653.13,1653.13,0.0,926.0,727.13,826.56,43.99
2024-06-29,STR010,Denver Downtown #10,West,outlet,2,6,3685.69,3685.69,0.0,1952.29,1733.4,1842.84,47.03
2024-06-29,STR011,Los Angeles Mall #11,Northeast,express,2,6,2564.17,2558.03,6.14,1653.3300000000002,904.7,1279.02,35.37
2024-06-29,STR013,Portland Downtown #13,Midwest,flagship,1,2,729.72,729.72,0.0,329.18,400.54,729.72,54.89
2024-06-29,STR016,Nashville Downtown #16,Northeast,online,1,4,377.88,377.88,0.0,190.32,187.56,377.88,49.63
2024-06-29,STR017,Charlotte Mall #17,Southeast,flagship,1,2,67.32,67.32,0.0,39.74,27.58,67.32,40.97
2024-06-30,STR004,Miami Downtown #4,Southwest,online,2,6,982.5,982.5,0.0,781.3399999999999,201.16,491.25,20.47
2024-06-30,STR006,Detroit Mall #6,Northeast,outlet,1,4,1592.08,1592.08,0.0,675.24,916.84,1592.08,57.59
2024-06-30,STR012,Seattle Mall #12,Southeast,online,1,3,1462.05,1462.05,0.0,865.05,597.0,1462.05,40.83
2024-06-30,STR014,San Francisco Mall #14,Southwest,outlet,1,5,1006.65,1006.65,0.0,837.45,169.2,1006.65,16.81
2024-06-30,STR015,Austin Mall #15,West,express,1,3,1094.58,1094.58,0.0,493.77,600.81,1094.58,54.89
2024-06-30,STR016,Nashville Downtown #16,Northeast,online,1,5,1684.9,1432.16,252.74,857.5,574.66,1432.16,40.13
2024-06-30,STR020,San Diego Mall #20,West,online,2,9,2156.17,2088.63,67.54,1308.66,779.97,1044.32,37.34
2024-06-30,STR021,Las Vegas Mall #21,Northeast,flagship,1,2,252.98,252.98,0.0,165.08,87.9,252.98,34.75
2024-07-01,STR001,New York Downtown #1,Northeast,flagship,1,2,919.6,919.6,0.0,638.26,281.34,919.6,30.59
2024-07-01,STR006,Detroit Mall #6,Northeast,outlet,1,1,410.67,410.67,0.0,203.52,207.15,410.67,50.44
2024-07-01,STR009,Phoenix Mall #9,Southwest,flagship,2,9,3950.3199999999997,3835.37,114.95,2371.4900000000002,1463.88,1917.68,38.17
2024-07-01,STR010,Denver Downtown #10,West,outlet,1,3,436.53,436.53,0.0,301.92,134.61,436.53,30.84
2024-07-01,STR013,Portland Downtown #13,Midwest,flagship,1,2,608.54,608.54,0.0,413.98,194.56,608.54,31.97
2024-07-01,STR015,Austin Mall #15,West,express,1,5,1350.85,1350.85,0.0,638.7,712.15,1350.85,52.72
2024-07-01,STR016,Nashville Downtown #16,Northeast,online,1,1,577.08,519.37,57.71,381.25,138.12,519.37,26.59
2024-07-01,STR017,Charlotte Mall #17,Southeast,flagship,1,3,912.81,912.81,0.0,620.97,291.84,912.81,31.97
2024-07-01,STR018,Minneapolis Mall #18,Midwest,outlet,1,2,1153.18,1153.18,0.0,764.68,388.5,1153.18,33.69
2024-07-01,STR020,San Diego Mall #20,West,online,2,6,2909.81,2909.81,0.0,1269.4499999999998,1640.3600000000001,1454.9,56.37
2024-07-01,STR021,Las Vegas Mall #21,Northeast,flagship,1,3,1374.57,1305.84,68.73,591.9,713.94,1305.84,54.67
2024-07-02,STR001,New York Downtown #1,Northeast,flagship,1,3,1194.06,1194.06,0.0,506.43,687.63,1194.06,57.59
2024-07-02,STR002,Boston Mall #2,Southeast,outlet,1,5,3106.15,3106.15,0.0,1806.2,1299.95,3106.15,41.85
2024-07-02,STR004,Miami Downtown #4,Southwest,online,1,3,1379.4,1241.46,137.94,957.39,284.07,1241.46,22.88
2024-07-02,STR007,Dallas Downtown #7,Southeast,express,1,3,508.11,508.11,0.0,324.78,183.33,508.11,36.08
2024-07-02,STR008,Houston Mall #8,Midwest,online,1,3,1501.65,1276.4,225.25,971.04,305.36,1276.4,23.92
2024-07-02,STR009,Phoenix Mall #9,Southwest,flagship,3,8,2763.71,2763.71,0.0,1951.54,812.17,921.24,29.39
2024-07-02,STR013,Portland Downtown #13,Midwest,flagship,2,6,2672.12,2672.12,0.0,1726.66,945.46,1336.06,35.38
2024-07-02,STR014,San Francisco Mall #14,Southwest,outlet,1,1,353.85,336.16,17.69,271.71,64.45,336.16,19.17
2024-07-02,STR015,Austin Mall #15,West,express,1,3,1166.13,1166.13,0.0,589.38,576.75,1166.13,49.46
2024-07-03,STR003,Atlanta Mall #3,Midwest,express,1,3,822.9,822.9,0.0,573.99,248.91,822.9,30.25
2024-07-03,STR005,Chicago Mall #5,West,flagship,1,2,255.24,255.24,0.0,195.82,59.42,255.24,23.28
2024-07-03,STR007,Dallas Downtown #7,Southeast,express,2,6,1848.96,1821.96,27.0,1445.3999999999999,376.56,910.98,20.67
2024-07-03,STR010,Denver Downtown #10,West,outlet,1,2,1380.92,1380.92,0.0,777.58,603.34,1380.92,43.69
2024-07-03,STR012,Seattle Mall #12,Southeast,online,1,5,1684.9,1684.9,0.0,857.5,827.4,1684.9,49.11
2024-07-03,STR014,San Francisco Mall #14,Southwest,outlet,1,1,364.86,364.86,0.0,164.59,200.27,364.86,54.89
2024-07-03,STR015,Austin Mall #15,West,express,2,7,999.31,924.78,74.53,698.38,226.39999999999998,462.39,24.48
2024-07-03,STR016,Nashville Downtown #16,Northeast,online,2,5,2611.81,2288.39,323.42,1519.51,768.8800000000001,1144.2,33.6
2024-07-03,STR020,San Diego Mall #20,West,online,2,2,163.33999999999997,142.31,21.03,120.94999999999999,21.36,71.16,15.01
2024-07-04,STR001,New York Downtown #1,Northeast,flagship,1,4,988.4,988.4,0.0,425.84,562.56,988.4,56.92
2024-07-04,STR002,Boston Mall #2,Southeast,outlet,1,2,252.98,252.98,0.0,165.08,87.9,252.98,34.75
2024-07-04,STR004,Miami Downtown #4,Southwest,online,2,4,1272.46,1194.22,78.24,776.8199999999999,417.4,597.11,34.95
2024-07-04,STR005,Chicago Mall #5,West,flagship,1,4,1627.12,1627.12,0.0,853.0,774.12,1627.12,47.58
2024-07-04,STR006,Detroit Mall #6,Northeast,outlet,2,9,2146.15,2146.15,0.0,1701.69,444.46000000000004,1073.08,20.71
2024-07-04,STR007,Dallas Downtown #7,Southeast,express,1,2,1389.24,1389.24,0.0,740.4,648.84,1389.24,46.7
2024-07-04,STR010,Denver Downtown #10,West,outlet,2,6,2222.52,2210.14,12.38,1084.92,1125.22,1105.07,50.91
2024-07-04,STR013,Portland Downtown #13,Midwest,flagship,1,1,410.67,410.67,0.0,203.52,207.15,410.67,50.44
2024-07-04,STR015,Austin Mall #15,West,express,1,4,2572.6,2572.6,0.0,1430.36,1142.24,2572.6,44.4
2024-07-04,STR017,Charlotte Mall #17,Southeast,flagship,2,6,865.2,818.4300000000001,46.77,415.26,403.16999999999996,409.22,49.26
2024-07-04,STR019,Philadelphia Downtown #19,Southwest,express,2,8,1014.3199999999999,1014.3199999999999,0.0,686.4399999999999,327.88,507.16,32.33
2024-07-04,STR021,Las Vegas Mall #21,Northeast,flagship,1,5,1255.85,1255.85,0.0,929.15,326.7,1255.85,26.01
2024-07-05,STR001,New York Downtown #1,Northeast,flagship,2,10,3987.85,3987.85,0.0,2898.4,1089.45,1993.92,27.32
2024-07-05,STR002,Boston Mall #2,Southeast,outlet,1,4,1275.16,1275.16,0.0,930.12,345.04,1275.16,27.06
2024-07-05,STR006,Detroit Mall #6,Northeast,outlet,3,7,3607.7799999999997,3384.14,223.64,2521.7,862.44,1128.05,25.48
2024-07-05,STR007,Dallas Downtown #7,Southeast,express,1,4,1554.84,1554.84,0.0,785.84,769.0,1554.84,49.46
2024-07-05,STR009,Phoenix Mall #9,Southwest,flagship,1,5,3215.75,3215.75,0.0,1787.95,1427.8,3215.75,44.4
2024-07-05,STR010,Denver Downtown #10,West,outlet,1,3,703.83,668.64,35.19,460.95,207.69,668.64,31.06
2024-07-05,STR011,Los Angeles Mall #11,Northeast,express,1,3,2025.81,2025.81,0.0,1000.23,1025.58,2025.81,50.63
2024-07-05,STR014,San Francisco Mall #14,Southwest,outlet,1,1,898.98,764.13,134.85,396.97,367.16,764.13,48.05
2024-07-05,STR018,Minneapolis Mall #18,Midwest,outlet,1,4,2645.32,2645.32,0.0,1389.44,1255.88,2645.32,47.48
2024-07-05,STR022,Orlando Downtown #22,Southeast,outlet,2,4,1787.21,1787.21,0.0,1286.12,501.09000000000003,893.6,28.04
2024-07-06,STR002,Boston Mall #2,Southeast,outlet,3,7,3386.52,3386.52,0.0,2065.63,1320.8899999999999,1128.84,39.0
2024-07-06,STR005,Chicago Mall #5,West,flagship,2,5,1708.42,1526.29,182.13,1021.5699999999999,504.71999999999997,763.14,33.07
2024-07-06,STR006,Detroit Mall #6,Northeast,outlet,1,2,469.22,469.22,0.0,307.3,161.92,469.22,34.51
2024-07-06,STR007,Dallas Downtown #7,Southeast,express,1,5,3291.65,3291.65,0.0,1610.2,1681.45,3291.65,51.08
2024-07-06,STR011,Los Angeles Mall #11,Northeast,express,1,5,1777.05,1777.05,0.0,1046.15,730.9,1777.05,41.13
2024-07-06,STR012,Seattle Mall #12,Southeast,online,1,2,637.58,605.7,31.88,465.06,140.64,605.7,23.22
2024-07-06,STR014,San Francisco Mall #14,Southwest,outlet,1,1,648.85,648.85,0.0,298.91,349.94,648.85,53.93
2024-07-06,STR016,Nashville Downtown #16,Northeast,online,1,3,1426.05,1283.45,142.6,1076.01,207.44,1283.45,16.16
2024-07-06,STR017,Charlotte Mall #17,Southeast,flagship,1,1,490.08,490.08,0.0,265.44,224.64,490.08,45.84
2024-07-06,STR019,Philadelphia Downtown #19,Southwest,express,1,4,406.36,365.72,40.64,309.64,56.08,365.72,15.33
2024-07-06,STR021,Las Vegas Mall #21,Northeast,flagship,1,2,161.34,161.34,0.0,136.92,24.42,161.34,15.14
2024-07-07,STR003,Atlanta Mall #3,Midwest,express,2,9,4264.19,3817.5,446.69,2475.87,1341.63,1908.75,35.14
2024-07-07,STR005,Chicago Mall #5,West,flagship,1,2,245.6,245.6,0.0,186.8,58.8,245.6,23.94
2024-07-07,STR011,Los Angeles Mall #11,Northeast,express,1,3,1094.58,1094.58,0.0,493.77,600.81,1094.58,54.89
2024-07-07,STR012,Seattle Mall #12,Southeast,online,1,1,146.15,146.15,0.0,122.97,23.18,146.15,15.86
2024-07-07,STR016,Nashville Downtown #16,Northeast,online,2,7,1445.5,1422.6599999999999,22.84,1006.52,416.14,711.33,29.25
2024-07-07,STR017,Charlotte Mall #17,Southeast,flagship,2,6,1088.76,1088.76,0.0,634.47,454.29,544.38,41.73
2024-07-08,STR003,Atlanta Mall #3,Midwest,express,1,3,1426.05,1426.05,0.0,1076.01,350.04,1426.05,24.55
2024-07-08,STR006,Detroit Mall #6,Northeast,outlet,1,1,304.27,289.06,15.21,206.99,82.07,289.06,28.39
2024-07-08,STR010,Denver Downtown #10,West,outlet,2,4,1528.1399999999999,1436.8600000000001,91.28,1052.24,384.62,718.43,26.77
2024-07-08,STR012,Seattle Mall #12,Southeast,online,1,1,351.82,351.82,0.0,189.5,162.32,351.82,46.14
2024-07-08,STR013,Portland Downtown #13,Midwest,flagship,1,4,1627.12,1627.12,0.0,853.0,774.12,1627.12,47.58
2024-07-08,STR014,San Francisco Mall #14,Southwest,outlet,1,2,608.54,608.54,0.0,413.98,194.56,608.54,31.97
2024-07-08,STR015,Austin Mall #15,West,express,1,5,2695.2,2695.2,0.0,1563.65,1131.55,2695.2,41.98
2024-07-08,STR016,Nashville Downtown #16,Northeast,online,2,6,1089.8400000000001,1089.8400000000001,0.0,544.42,545.42,544.92,50.05
2024-07-08,STR019,Philadelphia Downtown #19,Southwest,express,1,1,351.82,351.82,0.0,189.5,162.32,351.82,46.14
2024-07-08,STR020,San Diego Mall #20,West,online,2,4,729.36,729.36,0.0,493.73,235.63,364.68,32.31
2024-07-08,STR021,Las Vegas Mall #21,Northeast,flagship,1,5,4494.9,4494.9,0.0,1984.85,2510.05,4494.9,55.84
2024-07-09,STR001,New York Downtown #1,Northeast,flagship,1,2,1153.18,1153.18,0.0,764.68,388.5,1153.18,33.69
2024-07-09,STR003,Atlanta Mall #3,Midwest,express,2,5,1490.22,1490.22,0.0,800.01,690.21,745.11,46.32
2024-07-09,STR005,Chicago Mall #5,West,flagship,2,5,2930.1800000000003,2930.1800000000003,0.0,1895.17,1035.01,1465.09,35.32
2024-07-09,STR006,Detroit Mall #6,Northeast,outlet,1,2,338.74,338.74,0.0,216.52,122.22,338.74,36.08
2024-07-09,STR009,Phoenix Mall #9,Southwest,flagship,3,7,2421.79,2421.79,0.0,1535.27,886.5199999999999,807.26,36.61
2024-07-09,STR010,Denver Downtown #10,West,outlet,2,7,2906.79,2906.79,0.0,1423.9299999999998,1482.86,1453.4,51.01
2024-07-09,STR014,San Francisco Mall #14,Southwest,outlet,1,3,603.99,603.99,0.0,502.47,101.52,603.99,16.81
2024-07-09,STR020,San Diego Mall #20,West,online,2,10,2402.55,2402.55,0.0,1490.05,912.5,1201.28,37.98
2024-07-09,STR023,Kansas City Mall #23,Midwest,express,1,4,2411.12,2411.12,0.0,1548.28,862.84,2411.12,35.79
2024-07-10,STR006,Detroit Mall #6,Northeast,outlet,2,9,1902.33,1902.33,0.0,1306.3200000000002,596.01,951.16,31.33
2024-07-10,STR007,Dallas Downtown #7,Southeast,express,1,4,551.0,551.0,0.0,317.88,233.12,551.0,42.31
2024-07-10,STR010,Denver Downtown #10,West,outlet,1,4,1309.0,1309.0,0.0,1042.56,266.44,1309.0,20.35
2024-07-10,STR011,Los Angeles Mall #11,Northeast,express,1,4,2031.2,1929.64,101.56,1498.2,431.44,1929.64,22.36
2024-07-10,STR012,Seattle Mall #12,Southeast,online,1,4,510.48,484.96,25.52,391.64,93.32,484.96,19.24
2024-07-10,STR013,Portland Downtown #13,Midwest,flagship,2,4,1012.7,1012.7,0.0,559.52,453.17999999999995,506.35,44.75
2024-07-10,STR016,Nashville Downtown #16,Northeast,online,1,5,2459.05,2459.05,0.0,1436.6,1022.45,2459.05,41.58
2024-07-10,STR021,Las Vegas Mall #21,Northeast,flagship,1,1,268.87,268.87,0.0,166.2,102.67,268.87,38.19
2024-07-10,STR022,Orlando Downtown #22,Southeast,outlet,1,4,1459.44,1386.47,72.97,658.36,728.11,1386.47,52.52
2024-07-10,STR023,Kansas City Mall #23,Midwest,express,1,4,1144.36,1144.36,0.0,890.04,254.32,1144.36,22.22
2024-07-11,STR001,New York Downtown #1,Northeast,flagship,1,1,118.36,112.44,5.92,51.25,61.19,112.44,54.42
2024-07-11,STR004,Miami Downtown #4,Southwest,online,1,4,1286.24,1286.24,0.0,943.52,342.72,1286.24,26.65
2024-07-11,STR010,Denver Downtown #10,West,outlet,1,1,317.96,317.96,0.0,238.58,79.38,317.96,24.97
2024-07-11,STR012,Seattle Mall #12,Southeast,online,1,1,429.07,429.07,0.0,265.34,163.73,429.07,38.16
2024-07-11,STR013,Portland Downtown #13,Midwest,flagship,2,9,3723.45,3430.3199999999997,293.13,2758.87,671.45,1715.16,19.57
2024-07-11,STR014,San Francisco Mall #14,Southwest,outlet,1,5,1999.2,1999.2,0.0,1147.75,851.45,1999.2,42.59
2024-07-11,STR015,Austin Mall #15,West,express,1,1,169.37,135.5,33.87,108.26,27.24,135.5,20.1
2024-07-11,STR017,Charlotte Mall #17,Southeast,flagship,2,7,3080.0699999999997,2805.16,274.91,1630.64,1174.52,1402.58,41.87
2024-07-11,STR018,Minneapolis Mall #18,Midwest,outlet,2,10,3483.5,3471.54,11.96,1678.95,1792.5900000000001,1735.77,51.64
2024-07-11,STR021,Las Vegas Mall #21,Northeast,flagship,1,2,916.38,916.38,0.0,394.6,521.78,916.38,56.94
2024-07-12,STR001,New York Downtown #1,Northeast,flagship,1,5,632.45,632.45,0.0,412.7,219.75,632.45,34.75
2024-07-12,STR002,Boston Mall #2,Southeast,outlet,1,5,1636.4,1472.76,163.64,748.15,724.61,1472.76,49.2
2024-07-12,STR003,Atlanta Mall #3,Midwest,express,2,6,1863.36,1775.3999999999999,87.96,814.0,961.4,887.7,54.15
2024-07-12,STR007,Dallas Downtown #7,Southeast,express,1,1,274.3,274.3,0.0,191.33,82.97,274.3,30.25
2024-07-12,STR009,Phoenix Mall #9,Southwest,flagship,1,3,409.11,409.11,0.0,177.78,231.33,409.11,56.54
2024-07-12,STR010,Denver Downtown #10,West,outlet,1,1,264.5,264.5,0.0,140.05,124.45,264.5,47.05
2024-07-12,STR011,Los Angeles Mall #11,Northeast,express,1,5,3215.75,3054.96,160.79,1787.95,1267.01,3054.96,41.47
2024-07-12,STR012,Seattle Mall #12,Southeast,online,2,4,909.9,871.6099999999999,38.29,660.3,211.31,435.8,24.24
2024-07-12,STR014,San Francisco Mall #14,Southwest,outlet,2,7,3309.33,3309.33,0.0,1961.02,1348.31,1654.66,40.74
2024-07-12,STR016,Nashville Downtown #16,Northeast,online,2,6,2079.79,2071.67,8.12,1308.15,763.52,1035.84,36.86
2024-07-12,STR017,Charlotte Mall #17,Southeast,flagship,2,9,4853.1,4853.1,0.0,3211.87,1641.23,2426.55,33.82
2024-07-12,STR019,Philadelphia Downtown #19,Southwest,express,1,3,175.56,166.78,8.78,132.45,34.33,166.78,20.58
2024-07-12,STR021,Las Vegas Mall #21,Northeast,flagship,1,3,1166.13,1049.52,116.61,589.38,460.14,1049.52,43.84
2024-07-12,STR023,Kansas City Mall #23,Midwest,express,2,6,2364.06,2364.06,0.0,1312.34,1051.72,1182.03,44.49
2024-07-13,STR001,New York Downtown #1,Northeast,flagship,3,7,2312.91,2130.35,182.56,1343.62,786.73,710.12,36.93
2024-07-13,STR005,Chicago Mall #5,West,flagship,1,4,397.48,377.61,19.87,181.76,195.85,377.61,51.87
2024-07-13,STR006,Detroit Mall #6,Northeast,outlet,1,2,703.64,703.64,0.0,379.0,324.64,703.64,46.14
2024-07-13,STR010,Denver Downtown #10,West,outlet,1,2,46.28,46.28,0.0,21.2,25.08,46.28,54.19
2024-07-13,STR012,Seattle Mall #12,Southeast,online,1,5,4494.9,4045.41,449.49,1984.85,2060.56,4045.41,50.94
2024-07-13,STR014,San Francisco Mall #14,Southwest,outlet,1,2,1797.96,1797.96,0.0,793.94,1004.02,1797.96,55.84
2024-07-13,STR022,Orlando Downtown #22,Southeast,outlet,1,2,232.62,232.62,0.0,190.22,42.4,232.62,18.23
2024-07-14,STR003,Atlanta Mall #3,Midwest,express,2,3,785.96,785.96,0.0,387.0,398.96,392.98,50.76
2024-07-14,STR004,Miami Downtown #4,Southwest,online,2,4,1919.6000000000001,1919.6000000000001,0.0,985.87,933.73,959.8,48.64
2024-07-14,STR005,Chicago Mall #5,West,flagship,1,3,1617.12,1617.12,0.0,938.19,678.93,1617.12,41.98
2024-07-14,STR006,Detroit Mall #6,Northeast,outlet,1,4,1822.6,1822.6,0.0,1074.36,748.24,1822.6,41.05
2024-07-14,STR009,Phoenix Mall #9,Southwest,flagship,1,5,1331.5,1331.5,0.0,627.55,703.95,1331.5,52.87
2024-07-14,STR013,Portland Downtown #13,Midwest,flagship,1,3,603.99,603.99,0.0,502.47,101.52,603.99,16.81
2024-07-14,STR015,Austin Mall #15,West,express,2,6,2858.16,2733.02,125.14,1827.63,905.3900000000001,1366.51,33.13
2024-07-14,STR019,Philadelphia Downtown #19,Southwest,express,1,4,134.64,134.64,0.0,79.48,55.16,134.64,40.97
2024-07-14,STR021,Las Vegas Mall #21,Northeast,flagship,1,4,1474.0,1474.0,0.0,1257.36,216.64,1474.0,14.7
2024-07-14,STR023,Kansas City Mall #23,Midwest,express,3,7,1913.53,1742.3500000000001,171.18,1049.56,692.79,580.78,39.76
2024-07-15,STR004,Miami Downtown #4,Southwest,online,2,8,2057.96,2057.96,0.0,961.44,1096.52,1028.98,53.28
2024-07-15,STR005,Chicago Mall #5,West,flagship,2,9,730.6600000000001,730.6600000000001,0.0,531.95,198.71,365.33,27.2
2024-07-15,STR007,Dallas Downtown #7,Southeast,express,2,2,162.46,161.16,1.3,78.69,82.47,80.58,51.17
2024-07-15,STR010,Denver Downtown #10,West,outlet,1,1,596.37,596.37,0.0,347.26,249.11,596.37,41.77
2024-07-15,STR011,Los Angeles Mall #11,Northeast,express,1,2,911.3,820.17,91.13,537.18,282.99,820.17,34.5
2024-07-15,STR013,Portland Downtown #13,Midwest,flagship,1,1,399.84,399.84,0.0,229.55,170.29,399.84,42.59
2024-07-15,STR014,San Francisco Mall #14,Southwest,outlet,1,3,1786.77,1786.77,0.0,919.41,867.36,1786.77,48.54
2024-07-15,STR015,Austin Mall #15,West,express,2,9,4088.5699999999997,4088.5699999999997,0.0,2241.58,1846.99,2044.28,45.17
2024-07-15,STR016,Nashville Downtown #16,Northeast,online,1,1,327.28,327.28,0.0,149.63,177.65,327.28,54.28
2024-07-15,STR020,San Diego Mall #20,West,online,1,1,364.86,364.86,0.0,164.59,200.27,364.86,54.89
2024-07-15,STR023,Kansas City Mall #23,Midwest,express,1,2,1108.2,941.97,166.23,478.44,463.53,941.97,49.21
2024-07-16,STR005,Chicago Mall #5,West,flagship,2,6,1031.14,890.82,140.32,540.76,350.06,445.41,39.3
2024-07-16,STR006,Detroit Mall #6,Northeast,outlet,2,7,3244.5299999999997,3244.5299999999997,0.0,1630.54,1613.99,1622.26,49.74
2024-07-16,STR008,Houston Mall #8,Midwest,online,1,2,673.96,673.96,0.0,343.0,330.96,673.96,49.11
2024-07-16,STR009,Phoenix Mall #9,Southwest,flagship,1,1,596.37,596.37,0.0,347.26,249.11,596.37,41.77
2024-07-16,STR010,Denver Downtown #10,West,outlet,1,3,1617.12,1374.55,242.57,938.19,436.36,1374.55,31.75
2024-07-16,STR014,San Francisco Mall #14,Southwest,outlet,1,1,458.19,366.55,91.64,197.3,169.25,366.55,46.17
2024-07-16,STR018,Minneapolis Mall #18,Midwest,outlet,2,5,1910.3400000000001,1910.3400000000001,0.0,1107.11,803.23,955.17,42.05
2024-07-16,STR020,San Diego Mall #20,West,online,1,1,76.14,76.14,0.0,59.52,16.62,76.14,21.83
2024-07-16,STR021,Las Vegas Mall #21,Northeast,flagship,1,4,2031.2,2031.2,0.0,1498.2,533.0,2031.2,26.24
2024-07-16,STR022,Orlando Downtown #22,Southeast,outlet,1,2,796.04,796.04,0.0,337.62,458.42,796.04,57.59
2024-07-16,STR023,Kansas City Mall #23,Midwest,express,1,2,1117.32,1061.45,55.87,644.28,417.17,1061.45,39.3
2024-07-17,STR001,New York Downtown #1,Northeast,flagship,1,2,1322.66,1322.66,0.0,694.72,627.94,1322.66,47.48
2024-07-17,STR004,Miami Downtown #4,Southwest,online,2,7,856.12,856.12,0.0,422.7,433.41999999999996,428.06,50.63
2024-07-17,STR007,Dallas Downtown #7,Southeast,express,2,2,634.8,630.99,3.81,381.65999999999997,249.33,315.5,39.51
2024-07-17,STR008,Houston Mall #8,Midwest,online,1,3,143.55,129.19,14.36,110.64,18.55,129.19,14.36
2024-07-17,STR009,Phoenix Mall #9,Southwest,flagship,1,1,459.8,413.82,45.98,319.13,94.69,413.82,22.88
2024-07-17,STR010,Denver Downtown #10,West,outlet,1,2,710.82,710.82,0.0,418.46,292.36,710.82,41.13
2024-07-17,STR012,Seattle Mall #12,Southeast,online,1,3,304.77,304.77,0.0,232.23,72.54,304.77,23.8
2024-07-17,STR013,Portland Downtown #13,Midwest,flagship,2,9,5746.12,5306.3,439.82,2610.2,2696.1,2653.15,50.81
2024-07-17,STR014,San Francisco Mall #14,Southwest,outlet,2,2,412.37,376.97999999999996,35.39,315.85999999999996,61.12,188.49,16.21
2024-07-17,STR015,Austin Mall #15,West,express,2,4,722.21,722.21,0.0,420.85,301.36,361.1,41.73
2024-07-17,STR018,Minneapolis Mall #18,Midwest,outlet,2,3,1086.94,1086.94,0.0,632.02,454.92,543.47,41.85
2024-07-17,STR019,Philadelphia Downtown #19,Southwest,express,1,5,2023.7,1922.51,101.19,1347.75,574.76,1922.51,29.9
2024-07-17,STR020,San Diego Mall #20,West,online,1,3,242.01,229.91,12.1,205.38,24.53,229.91,10.67
2024-07-17,STR022,Orlando Downtown #22,Southeast,outlet,1,4,2306.36,2306.36,0.0,1529.36,777.0,2306.36,33.69
2024-07-17,STR023,Kansas City Mall #23,Midwest,express,1,3,1863.69,1863.69,0.0,1083.72,779.97,1863.69,41.85
2024-07-18,STR001,New York Downtown #1,Northeast,flagship,2,5,2677.08,2593.28,83.8,1613.78,979.5,1296.64,37.77
2024-07-18,STR004,Miami Downtown #4,Southwest,online,1,5,1943.55,1943.55,0.0,982.3,961.25,1943.55,49.46
2024-07-18,STR005,Chicago Mall #5,West,flagship,1,4,1419.64,1419.64,0.0,654.96,764.68,1419.64,53.86
2024-07-18,STR006,Detroit Mall #6,Northeast,outlet,1,1,317.96,317.96,0.0,238.58,79.38,317.96,24.97
2024-07-18,STR009,Phoenix Mall #9,Southwest,flagship,1,3,1675.98,1675.98,0.0,966.42,709.56,1675.98,42.34
2024-07-18,STR010,Denver Downtown #10,West,outlet,1,5,1593.95,1354.86,239.09,1162.65,192.21,1354.86,14.19
2024-07-18,STR011,Los Angeles Mall #11,Northeast,express,1,3,2696.94,2562.09,134.85,1190.91,1371.18,2562.09,53.52
2024-07-18,STR012,Seattle Mall #12,Southeast,online,2,8,3069.48,3069.48,0.0,2095.96,973.52,1534.74,31.72
2024-07-18,STR014,San Francisco Mall #14,Southwest,outlet,2,6,2077.11,2077.11,0.0,1725.3500000000001,351.76,1038.56,16.94
2024-07-18,STR015,Austin Mall #15,West,express,1,3,1808.34,1808.34,0.0,1161.21,647.13,1808.34,35.79
2024-07-18,STR016,Nashville Downtown #16,Northeast,online,1,5,52.6,52.6,0.0,24.65,27.95,52.6,53.14
2024-07-18,STR018,Minneapolis Mall #18,Midwest,outlet,1,5,1383.4,1383.4,0.0,631.6,751.8,1383.4,54.34
2024-07-18,STR021,Las Vegas Mall #21,Northeast,flagship,2,2,793.99,793.99,0.0,415.64,378.35,397.0,47.65
2024-07-18,STR023,Kansas City Mall #23,Midwest,express,3,9,944.37,913.28,31.09,702.29,210.99,304.43,23.1
2024-07-19,STR001,New York Downtown #1,Northeast,flagship,1,3,1311.24,1311.24,0.0,1110.21,201.03,1311.24,15.33
2024-07-19,STR003,Atlanta Mall #3,Midwest,express,1,4,1748.32,1748.32,0.0,1480.28,268.04,1748.32,15.33
2024-07-19,STR006,Detroit Mall #6,Northeast,outlet,3,10,4786.58,4786.58,0.0,2688.78,2097.8,1595.53,43.83
2024-07-19,STR007,Dallas Downtown #7,Southeast,express,2,5,2270.18,2270.18,0.0,1404.75,865.43,1135.09,38.12
2024-07-19,STR008,Houston Mall #8,Midwest,online,1,2,974.7,974.7,0.0,576.7,398.0,974.7,40.83
2024-07-19,STR009,Phoenix Mall #9,Southwest,flagship,1,3,1232.01,1232.01,0.0,610.56,621.45,1232.01,50.44
2024-07-19,STR010,Denver Downtown #10,West,outlet,1,4,2633.32,2633.32,0.0,1288.16,1345.16,2633.32,51.08
2024-07-19,STR013,Portland Downtown #13,Midwest,flagship,2,2,547.04,512.87,34.17,262.78000000000003,250.09,256.44,48.76
2024-07-19,STR016,Nashville Downtown #16,Northeast,online,1,1,116.31,116.31,0.0,95.11,21.2,116.31,18.23
2024-07-19,STR017,Charlotte Mall #17,Southeast,flagship,1,1,326.53,310.2,16.33,233.28,76.92,310.2,24.8
2024-07-19,STR021,Las Vegas Mall #21,Northeast,flagship,1,4,1004.68,1004.68,0.0,743.32,261.36,1004.68,26.01
2024-07-19,STR022,Orlando Downtown #22,Southeast,outlet,1,1,269.98,256.48,13.5,201.42,55.06,256.48,21.47
2024-07-20,STR001,New York Downtown #1,Northeast,flagship,1,4,1058.0,1058.0,0.0,560.2,497.8,1058.0,47.05
2024-07-20,STR005,Chicago Mall #5,West,flagship,1,3,1865.46,1865.46,0.0,941.97,923.49,1865.46,49.5
2024-07-20,STR006,Detroit Mall #6,Northeast,outlet,1,1,473.17,473.17,0.0,251.67,221.5,473.17,46.81
2024-07-20,STR007,Dallas Downtown #7,Southeast,express,1,3,1617.12,1617.12,0.0,938.19,678.93,1617.12,41.98
2024-07-20,STR008,Houston Mall #8,Midwest,online,1,1,415.77,415.77,0.0,280.48,135.29,415.77,32.54
2024-07-20,STR011,Los Angeles Mall #11,Northeast,express,1,5,1430.45,1430.45,0.0,1112.55,317.9,1430.45,22.22
2024-07-20,STR014,San Francisco Mall #14,Southwest,outlet,1,1,77.68,77.68,0.0,37.84,39.84,77.68,51.29
2024-07-20,STR018,Minneapolis Mall #18,Midwest,outlet,1,5,632.45,600.83,31.62,412.7,188.13,600.83,31.31
2024-07-20,STR023,Kansas City Mall #23,Midwest,express,2,6,1891.04,1796.49,94.55000000000001,1170.96,625.53,898.24,34.82
2024-07-21,STR001,New York Downtown #1,Northeast,flagship,1,2,1083.22,1083.22,0.0,533.22,550.0,1083.22,50.77
2024-07-21,STR002,Boston Mall #2,Southeast,outlet,1,4,1038.28,1038.28,0.0,597.76,440.52,1038.28,42.43
2024-07-21,STR003,Atlanta Mall #3,Midwest,express,1,5,292.6,292.6,0.0,220.75,71.85,292.6,24.56
2024-07-21,STR004,Miami Downtown #4,Southwest,online,1,3,1789.11,1789.11,0.0,1041.78,747.33,1789.11,41.77
2024-07-21,STR008,Houston Mall #8,Midwest,online,1,2,637.58,510.06,127.52,465.06,45.0,510.06,8.82
2024-07-21,STR011,Los Angeles Mall #11,Northeast,express,1,4,2031.2,2031.2,0.0,1498.2,533.0,2031.2,26.24
2024-07-21,STR014,San Francisco Mall #14,Southwest,outlet,2,5,2891.37,2891.37,0.0,1360.72,1530.65,1445.68,52.94
2024-07-21,STR015,Austin Mall #15,West,express,1,3,518.76,518.76,0.0,341.97,176.79,518.76,34.08
2024-07-21,STR016,Nashville Downtown #16,Northeast,online,1,3,207.57,197.19,10.38,177.81,19.38,197.19,9.83
2024-07-21,STR019,Philadelphia Downtown #19,Southwest,express,1,4,1106.72,1106.72,0.0,505.28,601.44,1106.72,54.34
2024-07-21,STR022,Orlando Downtown #22,Southeast,outlet,1,1,658.33,658.33,0.0,322.04,336.29,658.33,51.08
2024-07-21,STR023,Kansas City Mall #23,Midwest,express,1,4,2107.0,2107.0,0.0,1289.2,817.8,2107.0,38.81
2024-07-22,STR005,Chicago Mall #5,West,flagship,2,7,3628.06,3628.06,0.0,1998.86,1629.2,1814.03,44.91
2024-07-22,STR006,Detroit Mall #6,Northeast,outlet,1,3,1624.83,1624.83,0.0,799.83,825.0,1624.83,50.77
2024-07-22,STR010,Denver Downtown #10,West,outlet,1,2,1316.66,1316.66,0.0,644.08,672.58,1316.66,51.08
2024-07-22,STR013,Portland Downtown #13,Midwest,flagship,1,2,637.58,637.58,0.0,465.06,172.52,637.58,27.06
2024-07-22,STR015,Austin Mall #15,West,express,2,5,322.64,322.64,0.0,223.33,99.31,161.32,30.78
2024-07-22,STR016,Nashville Downtown #16,Northeast,online,1,3,283.41,240.9,42.51,142.74,98.16,240.9,40.75
2024-07-22,STR017,Charlotte Mall #17,Southeast,flagship,1,2,165.02,148.52,16.5,79.2,69.32,148.52,46.67
2024-07-22,STR022,Orlando Downtown #22,Southeast,outlet,3,11,5462.959999999999,5462.959999999999,0.0,3096.37,2366.59,1820.99,43.32
2024-07-22,STR023,Kansas City Mall #23,Midwest,express,1,4,2878.08,2878.08,0.0,1371.72,1506.36,2878.08,52.34
2024-07-23,STR002,Boston Mall #2,Southeast,outlet,1,3,1167.15,1167.15,0.0,888.36,278.79,1167.15,23.89
2024-07-23,STR007,Dallas Downtown #7,Southeast,express,1,3,858.27,858.27,0.0,667.53,190.74,858.27,22.22
2024-07-23,STR011,Los Angeles Mall #11,Northeast,express,1,5,1759.1,1583.19,175.91,947.5,635.69,1583.19,40.15
2024-07-23,STR013,Portland Downtown #13,Midwest,flagship,1,1,490.08,490.08,0.0,265.44,224.64,490.08,45.84
2024-07-23,STR014,San Francisco Mall #14,Southwest,outlet,1,3,207.57,207.57,0.0,177.81,29.76,207.57,14.34
2024-07-23,STR016,Nashville Downtown #16,Northeast,online,2,9,4949.35,4949.35,0.0,3223.71,1725.6399999999999,2474.68,34.87
2024-07-23,STR017,Charlotte Mall #17,Southeast,flagship,2,7,2344.84,2252.7200000000003,92.12,1943.3600000000001,309.36,1126.36,13.73
2024-07-23,STR021,Las Vegas Mall #21,Northeast,flagship,1,1,118.36,118.36,0.0,51.25,67.11,118.36,56.7
2024-07-23,STR022,Orlando Downtown #22,Southeast,outlet,1,4,557.24,557.24,0.0,293.4,263.84,557.24,47.35
2024-07-23,STR023,Kansas City Mall #23,Midwest,express,1,4,1004.68,1004.68,0.0,743.32,261.36,1004.68,26.01
2024-07-24,STR005,Chicago Mall #5,West,flagship,1,5,115.7,115.7,0.0,53.0,62.7,115.7,54.19
2024-07-24,STR009,Phoenix Mall #9,Southwest,flagship,2,2,810.01,810.01,0.0,386.8,423.21,405.0,52.25
2024-07-24,STR011,Los Angeles Mall #11,Northeast,express,1,3,2071.38,2071.38,0.0,1166.37,905.01,2071.38,43.69
2024-07-24,STR012,Seattle Mall #12,Southeast,online,2,6,4804.98,4804.98,0.0,2137.45,2667.53,2402.49,55.52
2024-07-24,STR013,Portland Downtown #13,Midwest,flagship,2,5,774.1899999999999,735.48,38.71,495.56,239.92,367.74,32.62
2024-07-24,STR014,San Francisco Mall #14,Southwest,outlet,1,4,1949.4,1949.4,0.0,1153.4,796.0,1949.4,40.83
2024-07-24,STR016,Nashville Downtown #16,Northeast,online,2,4,730.6700000000001,682.44,48.23,413.65999999999997,268.78000000000003,341.22,39.39
2024-07-24,STR019,Philadelphia Downtown #19,Southwest,express,1,5,581.55,523.39,58.16,475.55,47.84,523.39,9.14
2024-07-24,STR022,Orlando Downtown #22,Southeast,outlet,1,5,2185.4,2076.13,109.27,1850.35,225.78,2076.13,10.88
2024-07-25,STR002,Boston Mall #2,Southeast,outlet,1,1,318.79,318.79,0.0,232.53,86.26,318.79,27.06
2024-07-25,STR003,Atlanta Mall #3,Midwest,express,2,5,1334.09,1334.09,0.0,980.4,353.69000000000005,667.04,26.51
2024-07-25,STR006,Detroit Mall #6,Northeast,outlet,1,2,275.5,275.5,0.0,158.94,116.56,275.5,42.31
2024-07-25,STR007,Dallas Downtown #7,Southeast,express,1,4,805.32,805.32,0.0,669.96,135.36,805.32,16.81
2024-07-25,STR010,Denver Downtown #10,West,outlet,1,3,78.06,78.06,0.0,33.24,44.82,78.06,57.42
2024-07-25,STR013,Portland Downtown #13,Midwest,flagship,2,9,3941.6800000000003,3941.6800000000003,0.0,2409.73,1531.95,1970.84,38.87
2024-07-25,STR015,Austin Mall #15,West,express,1,1,82.51,82.51,0.0,39.6,42.91,82.51,52.01
2024-07-25,STR016,Nashville Downtown #16,Northeast,online,1,4,677.48,677.48,0.0,433.04,244.44,677.48,36.08
2024-07-25,STR018,Minneapolis Mall #18,Midwest,outlet,1,3,1055.46,1055.46,0.0,568.5,486.96,1055.46,46.14
2024-07-25,STR023,Kansas City Mall #23,Midwest,express,2,2,659.41,659.41,0.0,378.99,280.41999999999996,329.7,42.53
2024-07-26,STR002,Boston Mall #2,Southeast,outlet,1,4,276.76,262.92,13.84,237.08,25.84,262.92,9.83
2024-07-26,STR004,Miami Downtown #4,Southwest,online,1,3,31.56,31.56,0.0,14.79,16.77,31.56,53.14
2024-07-26,STR005,Chicago Mall #5,West,flagship,2,7,1958.19,1781.26,176.93,1453.71,327.55,890.63,18.39
2024-07-26,STR006,Detroit Mall #6,Northeast,outlet,1,5,1945.25,1945.25,0.0,1480.6,464.65,1945.25,23.89
2024-07-26,STR007,Dallas Downtown #7,Southeast,express,1,3,1974.99,1876.24,98.75,966.12,910.12,1876.24,48.51
2024-07-26,STR010,Denver Downtown #10,West,outlet,1,1,621.82,621.82,0.0,313.99,307.83,621.82,49.5
2024-07-26,STR011,Los Angeles Mall #11,Northeast,express,4,13,2554.09,2554.09,0.0,1770.1799999999998,783.91,638.52,30.69
2024-07-26,STR013,Portland Downtown #13,Midwest,flagship,2,2,613.4200000000001,560.3399999999999,53.08,421.15,139.19,280.17,24.84
2024-07-26,STR016,Nashville Downtown #16,Northeast,online,1,5,2185.4,2185.4,0.0,1850.35,335.05,2185.4,15.33
2024-07-26,STR018,Minneapolis Mall #18,Midwest,outlet,1,2,1205.56,1024.73,180.83,774.14,250.59,1024.73,24.45
2024-07-26,STR020,San Diego Mall #20,West,online,1,4,1592.08,1592.08,0.0,675.24,916.84,1592.08,57.59
2024-07-26,STR022,Orlando Downtown #22,Southeast,outlet,1,4,2595.4,2595.4,0.0,1195.64,1399.76,2595.4,53.93
2024-07-26,STR023,Kansas City Mall #23,Midwest,express,1,4,1822.6,1822.6,0.0,1074.36,748.24,1822.6,41.05
2024-07-27,STR003,Atlanta Mall #3,Midwest,express,1,3,417.93,417.93,0.0,220.05,197.88,417.93,47.35
2024-07-27,STR004,Miami Downtown #4,Southwest,online,1,2,1297.7,1297.7,0.0,597.82,699.88,1297.7,53.93
2024-07-27,STR006,Detroit Mall #6,Northeast,outlet,1,2,737.0,737.0,0.0,628.68,108.32,737.0,14.7
2024-07-27,STR007,Dallas Downtown #7,Southeast,express,1,1,146.15,131.53,14.62,122.97,8.56,131.53,6.51
2024-07-27,STR009,Phoenix Mall #9,Southwest,flagship,1,4,2108.16,2108.16,0.0,1466.28,641.88,2108.16,30.45
2024-07-27,STR010,Denver Downtown #10,West,outlet,1,1,58.52,58.52,0.0,44.15,14.37,58.52,24.56
2024-07-27,STR017,Charlotte Mall #17,Southeast,flagship,1,4,92.56,92.56,0.0,42.4,50.16,92.56,54.19
2024-07-27,STR019,Philadelphia Downtown #19,Southwest,express,1,2,974.7,974.7,0.0,576.7,398.0,974.7,40.83
2024-07-27,STR021,Las Vegas Mall #21,Northeast,flagship,1,1,576.59,576.59,0.0,382.34,194.25,576.59,33.69
2024-07-27,STR022,Orlando Downtown #22,Southeast,outlet,1,5,1759.1,1759.1,0.0,947.5,811.6,1759.1,46.14
2024-07-27,STR023,Kansas City Mall #23,Midwest,express,2,6,2620.96,2620.96,0.0,1860.98,759.98,1310.48,29.0
2024-07-28,STR001,New York Downtown #1,Northeast,flagship,1,3,175.56,175.56,0.0,132.45,43.11,175.56,24.56
2024-07-28,STR003,Atlanta Mall #3,Midwest,express,1,5,2722.15,2722.15,0.0,1322.25,1399.9,2722.15,51.43
2024-07-28,STR004,Miami Downtown #4,Southwest,online,1,3,2036.79,2036.79,0.0,899.85,1136.94,2036.79,55.82
2024-07-28,STR007,Dallas Downtown #7,Southeast,express,1,2,52.04,52.04,0.0,22.16,29.88,52.04,57.42
2024-07-28,STR008,Houston Mall #8,Midwest,online,2,6,2772.38,2548.92,223.46,1620.96,927.96,1274.46,36.41
2024-07-28,STR009,Phoenix Mall #9,Southwest,flagship,1,5,130.45,130.45,0.0,97.15,33.3,130.45,25.53
2024-07-28,STR010,Denver Downtown #10,West,outlet,1,1,146.15,146.15,0.0,122.97,23.18,146.15,15.86
2024-07-28,STR011,Los Angeles Mall #11,Northeast,express,1,5,2695.2,2695.2,0.0,1563.65,1131.55,2695.2,41.98
2024-07-28,STR013,Portland Downtown #13,Midwest,flagship,2,8,2362.9900000000002,2362.9900000000002,0.0,1331.44,1031.55,1181.5,43.65
2024-07-28,STR014,San Francisco Mall #14,Southwest,outlet,2,7,5143.389999999999,5143.389999999999,0.0,2339.19,2804.2,2571.69,54.52
2024-07-28,STR015,Austin Mall #15,West,express,1,1,286.09,286.09,0.0,222.51,63.58,286.09,22.22
2024-07-28,STR016,Nashville Downtown #16,Northeast,online,1,4,1079.92,971.93,107.99,805.68,166.25,971.93,17.11
2024-07-28,STR018,Minneapolis Mall #18,Midwest,outlet,2,7,4087.17,4087.17,0.0,2085.5099999999998,2001.6599999999999,2043.58,48.97
2024-07-28,STR019,Philadelphia Downtown #19,Southwest,express,1,2,1117.32,1117.32,0.0,644.28,473.04,1117.32,42.34
2024-07-28,STR022,Orlando Downtown #22,Southeast,outlet,1,5,1632.65,1632.65,0.0,1166.4,466.25,1632.65,28.56
2024-07-29,STR002,Boston Mall #2,Southeast,outlet,2,3,1782.42,1782.42,0.0,780.28,1002.14,891.21,56.22
2024-07-29,STR003,Atlanta Mall #3,Midwest,express,1,5,472.35,472.35,0.0,237.9,234.45,472.35,49.63
2024-07-29,STR005,Chicago Mall #5,West,flagship,1,3,2638.92,2375.03,263.89,1154.52,1220.51,2375.03,51.39
2024-07-29,STR007,Dallas Downtown #7,Southeast,express,1,1,643.15,643.15,0.0,357.59,285.56,643.15,44.4
2024-07-29,STR009,Phoenix Mall #9,Southwest,flagship,1,4,1663.08,1663.08,0.0,1121.92,541.16,1663.08,32.54
2024-07-29,STR010,Denver Downtown #10,West,outlet,1,3,830.04,830.04,0.0,378.96,451.08,830.04,54.34
2024-07-29,STR011,Los Angeles Mall #11,Northeast,express,1,2,467.72,467.72,0.0,233.5,234.22,467.72,50.08
2024-07-29,STR012,Seattle Mall #12,Southeast,online,1,4,42.08,37.87,4.21,19.72,18.15,37.87,47.93
2024-07-29,STR013,Portland Downtown #13,Midwest,flagship,1,5,2442.75,2442.75,0.0,1750.4,692.35,2442.75,28.34
2024-07-29,STR017,Charlotte Mall #17,Southeast,flagship,1,4,1474.0,1474.0,0.0,1257.36,216.64,1474.0,14.7
2024-07-29,STR019,Philadelphia Downtown #19,Southwest,express,1,2,796.04,796.04,0.0,337.62,458.42,796.04,57.59
2024-07-29,STR020,San Diego Mall #20,West,online,1,4,584.6,467.68,116.92,491.88,-24.2,467.68,-5.17
2024-07-29,STR022,Orlando Downtown #22,Southeast,outlet,1,4,1644.28,1644.28,0.0,889.28,755.0,1644.28,45.92
2024-07-29,STR023,Kansas City Mall #23,Midwest,express,2,5,279.34000000000003,279.34000000000003,0.0,159.59,119.75,139.67,42.87
2024-07-30,STR003,Atlanta Mall #3,Midwest,express,1,1,251.17,238.61,12.56,185.83,52.78,238.61,22.12
2024-07-30,STR007,Dallas Downtown #7,Southeast,express,1,2,821.34,821.34,0.0,407.04,414.3,821.34,50.44
2024-07-30,STR009,Phoenix Mall #9,Southwest,flagship,1,5,681.85,647.76,34.09,296.3,351.46,647.76,54.26
2024-07-30,STR013,Portland Downtown #13,Midwest,flagship,1,3,1789.11,1431.29,357.82,1041.78,389.51,1431.29,27.21
2024-07-30,STR014,San Francisco Mall #14,Southwest,outlet,1,5,581.55,581.55,0.0,475.55,106.0,581.55,18.23
2024-07-30,STR017,Charlotte Mall #17,Southeast,flagship,2,5,1884.8899999999999,1697.79,187.1,1306.5,391.29,848.9,23.05
2024-07-30,STR018,Minneapolis Mall #18,Midwest,outlet,2,8,3700.28,3562.19,138.09,2169.76,1392.4299999999998,1781.1,39.09
2024-07-30,STR020,San Diego Mall #20,West,online,2,3,743.48,743.48,0.0,347.35,396.13,371.74,53.28
2024-07-30,STR022,Orlando Downtown #22,Southeast,outlet,1,5,3306.65,3306.65,0.0,1736.8,1569.85,3306.65,47.48
2024-07-31,STR002,Boston Mall #2,Southeast,outlet,1,1,140.2,140.2,0.0,110.35,29.85,140.2,21.29
2024-07-31,STR003,Atlanta Mall #3,Midwest,express,1,1,399.84,399.84,0.0,229.55,170.29,399.84,42.59
2024-07-31,STR005,Chicago Mall #5,West,flagship,1,1,487.35,438.61,48.74,288.35,150.26,438.61,34.26
2024-07-31,STR007,Dallas Downtown #7,Southeast,express,2,4,2433.24,2433.24,0.0,1112.6799999999998,1320.56,1216.62,54.27
2024-07-31,STR008,Houston Mall #8,Midwest,online,1,4,1275.16,1275.16,0.0,930.12,345.04,1275.16,27.06
2024-07-31,STR010,Denver Downtown #10,West,outlet,1,5,2793.3,2793.3,0.0,1610.7,1182.6,2793.3,42.34
2024-07-31,STR011,Los Angeles Mall #11,Northeast,express,1,3,207.57,186.81,20.76,177.81,9.0,186.81,4.82
2024-07-31,STR012,Seattle Mall #12,Southeast,online,1,4,557.24,557.24,0.0,293.4,263.84,557.24,47.35
2024-07-31,STR015,Austin Mall #15,West,express,1,2,402.66,402.66,0.0,334.98,67.68,402.66,16.81
2024-07-31,STR016,Nashville Downtown #16,Northeast,online,2,5,634.61,594.4100000000001,40.2,488.7,105.71000000000001,297.21,17.78
2024-07-31,STR017,Charlotte Mall #17,Southeast,flagship,1,1,118.36,94.69,23.67,51.25,43.44,94.69,45.88
2024-07-31,STR019,Philadelphia Downtown #19,Southwest,express,1,3,603.99,573.79,30.2,502.47,71.32,573.79,12.43
2024-07-31,STR021,Las Vegas Mall #21,Northeast,flagship,1,1,621.23,621.23,0.0,361.24,259.99,621.23,41.85
2024-08-01,STR003,Atlanta Mall #3,Midwest,express,1,2,188.94,188.94,0.0,95.16,93.78,188.94,49.63
2024-08-01,STR009,Phoenix Mall #9,Southwest,flagship,2,5,1614.22,1614.22,0.0,811.51,802.7099999999999,807.11,49.73
2024-08-01,STR011,Los Angeles Mall #11,Northeast,express,3,8,1319.0900000000001,1212.9299999999998,106.16,996.6999999999999,216.23,404.31,17.83
2024-08-01,STR014,San Francisco Mall #14,Southwest,outlet,1,5,2436.75,2436.75,0.0,1441.75,995.0,2436.75,40.83
2024-08-01,STR016,Nashville Downtown #16,Northeast,online,2,8,2286.39,2081.05,205.34,1131.1200000000001,949.93,1040.53,45.65
2024-08-01,STR019,Philadelphia Downtown #19,Southwest,express,1,1,54.14,54.14,0.0,43.9,10.24,54.14,18.91
2024-08-01,STR021,Las Vegas Mall #21,Northeast,flagship,1,2,502.34,502.34,0.0,371.66,130.68,502.34,26.01
2024-08-02,STR002,Boston Mall #2,Southeast,outlet,1,2,232.62,232.62,0.0,190.22,42.4,232.62,18.23
2024-08-02,STR004,Miami Downtown #4,Southwest,online,1,2,502.34,401.87,100.47,371.66,30.21,401.87,7.52
2024-08-02,STR006,Detroit Mall #6,Northeast,outlet,1,5,727.55,618.42,109.13,503.2,115.22,618.42,18.63
2024-08-02,STR007,Dallas Downtown #7,Southeast,express,1,1,33.66,33.66,0.0,19.87,13.79,33.66,40.97
2024-08-02,STR008,Houston Mall #8,Midwest,online,1,2,822.14,822.14,0.0,444.64,377.5,822.14,45.92
2024-08-02,STR010,Denver Downtown #10,West,outlet,1,1,898.98,854.03,44.95,396.97,457.06,854.03,53.52
2024-08-02,STR013,Portland Downtown #13,Midwest,flagship,1,1,879.64,703.71,175.93,384.84,318.87,703.71,45.31
2024-08-02,STR014,San Francisco Mall #14,Southwest,outlet,1,1,437.08,437.08,0.0,370.07,67.01,437.08,15.33
2024-08-02,STR016,Nashville Downtown #16,Northeast,online,1,5,496.85,496.85,0.0,227.2,269.65,496.85,54.27
2024-08-02,STR018,Minneapolis Mall #18,Midwest,outlet,1,2,402.66,402.66,0.0,334.98,67.68,402.66,16.81
2024-08-02,STR020,San Diego Mall #20,West,online,1,3,701.58,701.58,0.0,350.25,351.33,701.58,50.08
2024-08-02,STR021,Las Vegas Mall #21,Northeast,flagship,1,1,678.93,678.93,0.0,299.95,378.98,678.93,55.82
2024-08-02,STR022,Orlando Downtown #22,Southeast,outlet,1,4,1822.6,1822.6,0.0,1074.36,748.24,1822.6,41.05
2024-08-02,STR023,Kansas City Mall #23,Midwest,express,1,4,1644.28,1562.07,82.21,889.28,672.79,1562.07,43.07
2024-08-03,STR001,New York Downtown #1,Northeast,flagship,2,6,1433.1599999999999,1400.8999999999999,32.26,1069.56,331.34,700.45,23.65
2024-08-03,STR006,Detroit Mall #6,Northeast,outlet,1,1,719.52,719.52,0.0,342.93,376.59,719.52,52.34
2024-08-03,STR007,Dallas Downtown #7,Southeast,express,2,3,1460.86,1408.1599999999999,52.7,946.39,461.77,704.08,32.79
2024-08-03,STR009,Phoenix Mall #9,Southwest,flagship,2,9,633.88,633.88,0.0,275.97,357.91,316.94,56.46
2024-08-03,STR012,Seattle Mall #12,Southeast,online,1,3,733.68,660.31,73.37,480.72,179.59,660.31,27.2
2024-08-03,STR022,Orlando Downtown #22,Southeast,outlet,1,2,1316.66,1316.66,0.0,644.08,672.58,1316.66,51.08
2024-08-03,STR023,Kansas City Mall #23,Midwest,express,1,3,1247.31,1247.31,0.0,841.44,405.87,1247.31,32.54
2024-08-04,STR002,Boston Mall #2,Southeast,outlet,1,1,487.35,487.35,0.0,288.35,199.0,487.35,40.83
2024-08-04,STR003,Atlanta Mall #3,Midwest,express,1,5,2442.75,2320.61,122.14,1750.4,570.21,2320.61,24.57
2024-08-04,STR005,Chicago Mall #5,West,flagship,1,3,2469.96,2469.96,0.0,1163.19,1306.77,2469.96,52.91
2024-08-04,STR006,Detroit Mall #6,Northeast,outlet,1,2,165.02,132.02,33.0,79.2,52.82,132.02,40.01
2024-08-04,STR008,Houston Mall #8,Midwest,online,2,8,4067.3199999999997,4067.3199999999997,0.0,2350.96,1716.36,2033.66,42.2
2024-08-04,STR012,Seattle Mall #12,Southeast,online,2,6,2256.38,2203.12,53.26,1114.98,1088.1399999999999,1101.56,49.39
2024-08-04,STR014,San Francisco Mall #14,Southwest,outlet,1,1,459.8,459.8,0.0,319.13,140.67,459.8,30.59
2024-08-04,STR015,Austin Mall #15,West,express,1,2,1088.86,1088.86,0.0,528.9,559.96,1088.86,51.43
2024-08-04,STR016,Nashville Downtown #16,Northeast,online,1,1,270.17,270.17,0.0,127.74,142.43,270.17,52.72
2024-08-04,STR017,Charlotte Mall #17,Southeast,flagship,1,5,727.55,727.55,0.0,503.2,224.35,727.55,30.84
2024-08-04,STR020,San Diego Mall #20,West,online,1,3,175.56,175.56,0.0,132.45,43.11,175.56,24.56
2024-08-04,STR021,Las Vegas Mall #21,Northeast,flagship,1,2,1053.5,1053.5,0.0,644.6,408.9,1053.5,38.81
2024-08-04,STR022,Orlando Downtown #22,Southeast,outlet,1,5,1246.7,1246.7,0.0,879.05,367.65,1246.7,29.49
2024-08-05,STR002,Boston Mall #2,Southeast,outlet,1,3,413.25,413.25,0.0,238.41,174.84,413.25,42.31
2024-08-05,STR006,Detroit Mall #6,Northeast,outlet,3,7,2117.16,2117.16,0.0,1332.03,785.13,705.72,37.08
2024-08-05,STR009,Phoenix Mall #9,Southwest,flagship,2,10,1146.05,1114.14,31.91,876.6,237.54000000000002,557.07,21.32
2024-08-05,STR015,Austin Mall #15,West,express,2,4,2600.3199999999997,2396.6400000000003,203.68,1322.38,1074.26,1198.32,44.82
2024-08-05,STR018,Minneapolis Mall #18,Midwest,outlet,1,1,675.27,675.27,0.0,333.41,341.86,675.27,50.63
2024-08-05,STR022,Orlando Downtown #22,Southeast,outlet,1,1,526.75,526.75,0.0,322.3,204.45,526.75,38.81
2024-08-05,STR023,Kansas City Mall #23,Midwest,express,2,5,823.91,823.91,0.0,531.11,292.8,411.96,35.54
2024-08-06,STR001,New York Downtown #1,Northeast,flagship,1,3,1066.23,1066.23,0.0,627.69,438.54,1066.23,41.13
2024-08-06,STR005,Chicago Mall #5,West,flagship,1,2,1154.16,1096.45,57.71,762.5,333.95,1096.45,30.46
2024-08-06,STR007,Dallas Downtown #7,Southeast,express,1,2,203.18,193.02,10.16,154.82,38.2,193.02,19.79
2024-08-06,STR009,Phoenix Mall #9,Southwest,flagship,1,5,1331.5,1331.5,0.0,627.55,703.95,1331.5,52.87
2024-08-06,STR012,Seattle Mall #12,Southeast,online,3,5,1688.58,1668.5900000000001,19.99,973.23,695.36,556.2,41.67
2024-08-06,STR013,Portland Downtown #13,Midwest,flagship,1,4,1286.24,1286.24,0.0,943.52,342.72,1286.24,26.65
2024-08-06,STR015,Austin Mall #15,West,express,1,2,161.32,161.32,0.0,115.24,46.08,161.32,28.56
2024-08-06,STR016,Nashville Downtown #16,Northeast,online,1,2,703.64,668.46,35.18,379.0,289.46,668.46,43.3
2024-08-06,STR017,Charlotte Mall #17,Southeast,flagship,1,4,1058.0,1058.0,0.0,560.2,497.8,1058.0,47.05
2024-08-06,STR018,Minneapolis Mall #18,Midwest,outlet,1,4,322.64,322.64,0.0,230.48,92.16,322.64,28.56
2024-08-06,STR019,Philadelphia Downtown #19,Southwest,express,2,7,4471.45,4471.45,0.0,2376.71,2094.74,2235.72,46.85
2024-08-06,STR020,San Diego Mall #20,West,online,2,8,2966.96,2784.7,182.26,1964.3999999999999,820.3,1392.35,29.46
2024-08-06,STR022,Orlando Downtown #22,Southeast,outlet,2,4,1533.52,1484.51,49.01,783.52,700.99,742.26,47.22
2024-08-06,STR023,Kansas City Mall #23,Midwest,express,1,1,233.86,233.86,0.0,116.75,117.11,233.86,50.08
2024-08-07,STR001,New York Downtown #1,Northeast,flagship,1,1,77.68,69.91,7.77,37.84,32.07,69.91,45.87
2024-08-07,STR002,Boston Mall #2,Southeast,outlet,1,1,327.25,278.16,49.09,260.64,17.52,278.16,6.3
2024-08-07,STR004,Miami Downtown #4,Southwest,online,1,5,472.35,425.11,47.24,237.9,187.21,425.11,44.04
2024-08-07,STR005,Chicago Mall #5,West,flagship,1,4,2031.2,2031.2,0.0,1498.2,533.0,2031.2,26.24
2024-08-07,STR007,Dallas Downtown #7,Southeast,express,1,5,1255.85,1255.85,0.0,929.15,326.7,1255.85,26.01
2024-08-07,STR009,Phoenix Mall #9,Southwest,flagship,1,4,1651.32,1651.32,0.0,775.84,875.48,1651.32,53.02
2024-08-07,STR010,Denver Downtown #10,West,outlet,1,2,21.04,21.04,0.0,9.86,11.18,21.04,53.14
2024-08-07,STR013,Portland Downtown #13,Midwest,flagship,1,5,168.3,168.3,0.0,99.35,68.95,168.3,40.97
2024-08-07,STR015,Austin Mall #15,West,express,1,4,2382.36,2382.36,0.0,1225.88,1156.48,2382.36,48.54
2024-08-07,STR016,Nashville Downtown #16,Northeast,online,2,4,593.8299999999999,576.24,17.59,394.88,181.35999999999999,288.12,31.47
2024-08-07,STR017,Charlotte Mall #17,Southeast,flagship,3,9,2294.85,2294.85,0.0,1249.5,1045.35,764.95,45.55
2024-08-07,STR020,San Diego Mall #20,West,online,1,5,1774.55,1774.55,0.0,818.7,955.85,1774.55,53.86
2024-08-07,STR021,Las Vegas Mall #21,Northeast,flagship,2,10,6507.4,6346.610000000001,160.79,3398.15,2948.46,3173.3,46.46
2024-08-07,STR023,Kansas City Mall #23,Midwest,express,1,5,507.95,507.95,0.0,387.05,120.9,507.95,23.8
2024-08-08,STR002,Boston Mall #2,Southeast,outlet,1,5,2849.35,2849.35,0.0,1369.25,1480.1,2849.35,51.95
2024-08-08,STR004,Miami Downtown #4,Southwest,online,1,5,1842.5,1842.5,0.0,1571.7,270.8,1842.5,14.7
2024-08-08,STR005,Chicago Mall #5,West,flagship,1,3,1662.3,1662.3,0.0,717.66,944.64,1662.3,56.83
2024-08-08,STR007,Dallas Downtown #7,Southeast,express,1,3,1247.31,1247.31,0.0,841.44,405.87,1247.31,32.54
2024-08-08,STR008,Houston Mall #8,Midwest,online,1,3,1789.11,1789.11,0.0,1041.78,747.33,1789.11,41.77
2024-08-08,STR009,Phoenix Mall #9,Southwest,flagship,1,2,737.0,700.15,36.85,628.68,71.47,700.15,10.21
2024-08-08,STR010,Denver Downtown #10,West,outlet,1,4,1080.68,1080.68,0.0,510.96,569.72,1080.68,52.72
2024-08-08,STR011,Los Angeles Mall #11,Northeast,express,1,1,23.14,23.14,0.0,10.6,12.54,23.14,54.19
2024-08-08,STR012,Seattle Mall #12,Southeast,online,1,1,201.33,171.13,30.2,167.49,3.64,171.13,2.13
2024-08-08,STR014,San Francisco Mall #14,Southwest,outlet,1,5,730.75,694.21,36.54,614.85,79.36,694.21,11.43
2024-08-08,STR016,Nashville Downtown #16,Northeast,online,1,2,1053.5,1053.5,0.0,644.6,408.9,1053.5,38.81
2024-08-08,STR017,Charlotte Mall #17,Southeast,flagship,2,6,1644.06,1379.56,264.5,936.13,443.43,689.78,32.14
2024-08-08,STR018,Minneapolis Mall #18,Midwest,outlet,1,3,298.11,298.11,0.0,136.32,161.79,298.11,54.27
2024-08-08,STR023,Kansas City Mall #23,Midwest,express,1,1,694.62,694.62,0.0,370.2,324.42,694.62,46.7
2024-08-09,STR002,Boston Mall #2,Southeast,outlet,2,7,2065.5699999999997,2051.02,14.55,1019.98,1031.04,1025.51,50.27
2024-08-09,STR003,Atlanta Mall #3,Midwest,express,1,4,216.56,216.56,0.0,175.6,40.96,216.56,18.91
2024-08-09,STR004,Miami Downtown #4,Southwest,online,1,5,345.95,345.95,0.0,296.35,49.6,345.95,14.34
2024-08-09,STR007,Dallas Downtown #7,Southeast,express,3,13,5670.6,5670.6,0.0,3989.67,1680.93,1890.2,29.64
2024-08-09,STR012,Seattle Mall #12,Southeast,online,1,3,93.42,93.42,0.0,50.67,42.75,93.42,45.76
2024-08-09,STR014,San Francisco Mall #14,Southwest,outlet,2,5,964.37,869.74,94.63,625.27,244.47,434.87,28.11
2024-08-09,STR015,Austin Mall #15,West,express,3,10,1850.8,1836.96,13.84,1090.38,746.5799999999999,612.32,40.64
2024-08-09,STR017,Charlotte Mall #17,Southeast,flagship,2,6,3516.82,3361.51,155.31,2009.72,1351.7900000000002,1680.76,40.21
2024-08-09,STR019,Philadelphia Downtown #19,Southwest,express,1,2,1053.5,1053.5,0.0,644.6,408.9,1053.5,38.81
2024-08-09,STR021,Las Vegas Mall #21,Northeast,flagship,1,2,1205.56,1205.56,0.0,774.14,431.42,1205.56,35.79
2024-08-09,STR023,Kansas City Mall #23,Midwest,express,2,7,2050.21,1808.81,241.4,1197.92,610.89,904.4,33.77
2024-08-10,STR001,New York Downtown #1,Northeast,flagship,1,2,155.36,155.36,0.0,75.68,79.68,155.36,51.29
2024-08-10,STR002,Boston Mall #2,Southeast,outlet,1,3,1789.11,1789.11,0.0,1041.78,747.33,1789.11,41.77
2024-08-10,STR004,Miami Downtown #4,Southwest,online,1,4,2108.16,2108.16,0.0,1466.28,641.88,2108.16,30.45
2024-08-10,STR008,Houston Mall #8,Midwest,online,1,3,417.93,417.93,0.0,220.05,197.88,417.93,47.35
2024-08-10,STR009,Phoenix Mall #9,Southwest,flagship,1,2,278.62,278.62,0.0,146.7,131.92,278.62,47.35
2024-08-10,STR012,Seattle Mall #12,Southeast,online,2,3,721.52,695.58,25.94,496.65000000000003,198.93,347.79,28.6
2024-08-10,STR013,Portland Downtown #13,Midwest,flagship,2,6,2946.63,2885.8599999999997,60.77,1902.3,983.56,1442.93,34.08
2024-08-10,STR014,San Francisco Mall #14,Southwest,outlet,1,1,898.98,898.98,0.0,396.97,502.01,898.98,55.84
2024-08-10,STR015,Austin Mall #15,West,express,2,3,1084.0900000000001,1036.77,47.32,582.81,453.96000000000004,518.38,43.79
2024-08-10,STR021,Las Vegas Mall #21,Northeast,flagship,3,11,3890.86,3890.86,0.0,2273.47,1617.39,1296.95,41.57
2024-08-10,STR022,Orlando Downtown #22,Southeast,outlet,1,5,2885.4,2885.4,0.0,1906.25,979.15,2885.4,33.93
2024-08-10,STR023,Kansas City Mall #23,Midwest,express,1,2,1759.28,1759.28,0.0,769.68,989.6,1759.28,56.25
2024-08-11,STR005,Chicago Mall #5,West,flagship,1,2,161.32,129.06,32.26,115.24,13.82,129.06,10.71
2024-08-11,STR013,Portland Downtown #13,Midwest,flagship,1,5,2770.5,2770.5,0.0,1196.1,1574.4,2770.5,56.83
2024-08-11,STR015,Austin Mall #15,West,express,1,1,437.08,437.08,0.0,370.07,67.01,437.08,15.33
2024-08-11,STR017,Charlotte Mall #17,Southeast,flagship,2,3,2197.8,2197.8,0.0,1023.49,1174.31,1098.9,53.43
2024-08-11,STR019,Philadelphia Downtown #19,Southwest,express,1,2,1083.22,1029.06,54.16,533.22,495.84,1029.06,48.18
2024-08-12,STR001,New York Downtown #1,Northeast,flagship,1,1,490.08,465.58,24.5,265.44,200.14,465.58,42.99
2024-08-12,STR004,Miami Downtown #4,Southwest,online,1,1,429.07,429.07,0.0,265.34,163.73,429.07,38.16
2024-08-12,STR005,Chicago Mall #5,West,flagship,1,5,403.3,403.3,0.0,288.1,115.2,403.3,28.56
2024-08-12,STR007,Dallas Downtown #7,Southeast,express,2,6,939.36,939.36,0.0,673.02,266.34,469.68,28.35
2024-08-12,STR008,Houston Mall #8,Midwest,online,1,1,526.75,500.41,26.34,322.3,178.11,500.41,35.59
2024-08-12,STR009,Phoenix Mall #9,Southwest,flagship,1,2,1083.22,1029.06,54.16,533.22,495.84,1029.06,48.18
2024-08-12,STR011,Los Angeles Mall #11,Northeast,express,1,1,23.14,23.14,0.0,10.6,12.54,23.14,54.19
2024-08-12,STR012,Seattle Mall #12,Southeast,online,1,4,1901.4,1806.33,95.07,1434.68,371.65,1806.33,20.57
2024-08-12,STR014,San Francisco Mall #14,Southwest,outlet,1,2,822.14,822.14,0.0,444.64,377.5,822.14,45.92
2024-08-12,STR015,Austin Mall #15,West,express,3,11,5544.29,5255.99,288.3,3632.86,1623.13,1752.0,30.88
2024-08-12,STR019,Philadelphia Downtown #19,Southwest,express,2,6,459.92,436.62,23.3,313.76,122.86000000000001,218.31,28.14
2024-08-12,STR020,San Diego Mall #20,West,online,2,4,915.86,915.86,0.0,590.28,325.58000000000004,457.93,35.55
2024-08-12,STR021,Las Vegas Mall #21,Northeast,flagship,1,5,472.35,448.73,23.62,237.9,210.83,448.73,46.98
2024-08-12,STR023,Kansas City Mall #23,Midwest,express,1,5,2025.65,2025.65,0.0,1264.25,761.4,2025.65,37.59
2024-08-13,STR002,Boston Mall #2,Southeast,outlet,1,3,2158.56,2158.56,0.0,1028.79,1129.77,2158.56,52.34
2024-08-13,STR003,Atlanta Mall #3,Midwest,express,1,1,249.34,236.87,12.47,175.81,61.06,236.87,25.78
2024-08-13,STR007,Dallas Downtown #7,Southeast,express,1,3,1374.57,1374.57,0.0,591.9,782.67,1374.57,56.94
2024-08-13,STR011,Los Angeles Mall #11,Northeast,express,1,5,403.3,403.3,0.0,288.1,115.2,403.3,28.56
2024-08-13,STR013,Portland Downtown #13,Midwest,flagship,2,6,2681.2,2681.2,0.0,1586.1399999999999,1095.06,1340.6,40.84
2024-08-13,STR017,Charlotte Mall #17,Southeast,flagship,1,2,52.04,52.04,0.0,22.16,29.88,52.04,57.42
2024-08-13,STR021,Las Vegas Mall #21,Northeast,flagship,2,6,2178.02,2178.02,0.0,1145.46,1032.56,1089.01,47.41
2024-08-13,STR022,Orlando Downtown #22,Southeast,outlet,1,5,1430.45,1215.88,214.57,1112.55,103.33,1215.88,8.5
2024-08-14,STR001,New York Downtown #1,Northeast,flagship,1,1,399.84,399.84,0.0,229.55,170.29,399.84,42.59
2024-08-14,STR003,Atlanta Mall #3,Midwest,express,1,1,410.67,410.67,0.0,203.52,207.15,410.67,50.44
2024-08-14,STR008,Houston Mall #8,Midwest,online,1,1,355.41,355.41,0.0,209.23,146.18,355.41,41.13
2024-08-14,STR010,Denver Downtown #10,West,outlet,1,1,541.61,541.61,0.0,266.61,275.0,541.61,50.77
2024-08-14,STR011,Los Angeles Mall #11,Northeast,express,2,4,1430.05,1430.05,0.0,1129.47,300.58,715.02,21.02
2024-08-14,STR013,Portland Downtown #13,Midwest,flagship,2,6,434.6,434.6,0.0,224.86,209.74,217.3,48.26
2024-08-14,STR016,Nashville Downtown #16,Northeast,online,1,2,821.34,821.34,0.0,407.04,414.3,821.34,50.44
2024-08-14,STR019,Philadelphia Downtown #19,Southwest,express,1,1,658.33,658.33,0.0,322.04,336.29,658.33,51.08
2024-08-14,STR020,San Diego Mall #20,West,online,1,4,1275.16,1275.16,0.0,930.12,345.04,1275.16,27.06
2024-08-14,STR022,Orlando Downtown #22,Southeast,outlet,2,4,1393.3,1393.3,0.0,1039.02,354.28,696.65,25.43
2024-08-14,STR023,Kansas City Mall #23,Midwest,express,2,4,1963.98,1963.98,0.0,1212.04,751.94,981.99,38.29
2024-08-15,STR002,Boston Mall #2,Southeast,outlet,1,4,805.32,805.32,0.0,669.96,135.36,805.32,16.81
2024-08-15,STR003,Atlanta Mall #3,Midwest,express,1,5,2450.4,2450.4,0.0,1327.2,1123.2,2450.4,45.84
2024-08-15,STR005,Chicago Mall #5,West,flagship,1,3,2469.96,2346.46,123.5,1163.19,1183.27,2346.46,50.43
2024-08-15,STR008,Houston Mall #8,Midwest,online,2,6,2180.9,2133.98,46.92,1337.08,796.9000000000001,1066.99,37.34
2024-08-15,STR011,Los Angeles Mall #11,Northeast,express,1,2,292.3,292.3,0.0,245.94,46.36,292.3,15.86
2024-08-15,STR015,Austin Mall #15,West,express,1,2,467.72,444.33,23.39,233.5,210.83,444.33,47.45
2024-08-15,STR019,Philadelphia Downtown #19,Southwest,express,1,3,1247.31,1247.31,0.0,841.44,405.87,1247.31,32.54
2024-08-15,STR022,Orlando Downtown #22,Southeast,outlet,2,4,1835.28,1835.28,0.0,1035.49,799.79,917.64,43.58
2024-08-15,STR023,Kansas City Mall #23,Midwest,express,1,1,274.3,274.3,0.0,191.33,82.97,274.3,30.25
2024-08-16,STR002,Boston Mall #2,Southeast,outlet,2,4,2164.53,1996.93,167.6,1316.5,680.4300000000001,998.46,34.07
2024-08-16,STR003,Atlanta Mall #3,Midwest,express,2,3,1414.01,1408.19,5.82,692.9300000000001,715.26,704.1,50.79
2024-08-16,STR005,Chicago Mall #5,West,flagship,1,2,117.04,117.04,0.0,88.3,28.74,117.04,24.56
2024-08-16,STR009,Phoenix Mall #9,Southwest,flagship,1,4,1839.2,1747.24,91.96,1276.52,470.72,1747.24,26.94
2024-08-16,STR012,Seattle Mall #12,Southeast,online,2,2,815.8,815.8,0.0,456.37,359.43,407.9,44.06
2024-08-16,STR015,Austin Mall #15,West,express,1,5,1344.35,1344.35,0.0,831.0,513.35,1344.35,38.19
2024-08-16,STR017,Charlotte Mall #17,Southeast,flagship,1,4,406.36,386.04,20.32,309.64,76.4,386.04,19.79
2024-08-16,STR018,Minneapolis Mall #18,Midwest,outlet,1,5,581.55,581.55,0.0,475.55,106.0,581.55,18.23
2024-08-16,STR023,Kansas City Mall #23,Midwest,express,3,9,1023.25,972.65,50.6,723.19,249.45999999999998,324.22,25.65
2024-08-17,STR004,Miami Downtown #4,Southwest,online,3,6,1751.0,1751.0,0.0,1000.95,750.05,583.67,42.84
2024-08-17,STR005,Chicago Mall #5,West,flagship,3,11,2887.9500000000003,2887.9500000000003,0.0,2075.95,812.0,962.65,28.12
2024-08-17,STR010,Denver Downtown #10,West,outlet,1,1,490.08,490.08,0.0,265.44,224.64,490.08,45.84
2024-08-17,STR013,Portland Downtown #13,Midwest,flagship,2,6,1514.6100000000001,1514.6100000000001,0.0,1120.8,393.81,757.3,26.0
2024-08-17,STR014,San Francisco Mall #14,Southwest,outlet,1,3,1808.34,1808.34,0.0,1161.21,647.13,1808.34,35.79
2024-08-17,STR015,Austin Mall #15,West,express,1,2,1797.96,1618.16,179.8,793.94,824.22,1618.16,50.94
2024-08-17,STR017,Charlotte Mall #17,Southeast,flagship,1,5,2365.85,2247.56,118.29,1258.35,989.21,2247.56,44.01
2024-08-17,STR018,Minneapolis Mall #18,Midwest,outlet,1,5,130.1,110.59,19.51,55.4,55.19,110.59,49.91
2024-08-17,STR020,San Diego Mall #20,West,online,1,1,406.78,386.44,20.34,213.25,173.19,386.44,44.82
2024-08-17,STR022,Orlando Downtown #22,Southeast,outlet,2,7,1872.5700000000002,1872.5700000000002,0.0,1309.3500000000001,563.22,936.29,30.08
2024-08-18,STR002,Boston Mall #2,Southeast,outlet,1,4,1554.84,1554.84,0.0,785.84,769.0,1554.84,49.46
2024-08-18,STR004,Miami Downtown #4,Southwest,online,1,2,502.34,502.34,0.0,371.66,130.68,502.34,26.01
2024-08-18,STR008,Houston Mall #8,Midwest,online,1,4,234.08,234.08,0.0,176.6,57.48,234.08,24.56
2024-08-18,STR010,Denver Downtown #10,West,outlet,2,6,2019.62,2019.62,0.0,1164.41,855.21,1009.81,42.35
2024-08-18,STR011,Los Angeles Mall #11,Northeast,express,1,1,500.55,500.55,0.0,323.68,176.87,500.55,35.34
2024-08-18,STR019,Philadelphia Downtown #19,Southwest,express,2,8,686.12,686.12,0.0,446.88,239.23999999999998,343.06,34.87
2024-08-18,STR021,Las Vegas Mall #21,Northeast,flagship,1,2,548.6,548.6,0.0,382.66,165.94,548.6,30.25
2024-08-18,STR022,Orlando Downtown #22,Southeast,outlet,1,4,560.8,532.76,28.04,441.4,91.36,532.76,17.15
2024-08-19,STR002,Boston Mall #2,Southeast,outlet,2,6,2369.46,2369.46,0.0,1476.74,892.72,1184.73,37.68
2024-08-19,STR003,Atlanta Mall #3,Midwest,express,1,3,809.94,809.94,0.0,604.26,205.68,809.94,25.39
2024-08-19,STR004,Miami Downtown #4,Southwest,online,1,3,1215.39,1215.39,0.0,758.55,456.84,1215.39,37.59
2024-08-19,STR005,Chicago Mall #5,West,flagship,1,3,2158.56,2158.56,0.0,1028.79,1129.77,2158.56,52.34
2024-08-19,STR006,Detroit Mall #6,Northeast,outlet,1,3,283.41,283.41,0.0,142.74,140.67,283.41,49.63
2024-08-19,STR007,Dallas Downtown #7,Southeast,express,1,5,388.4,388.4,0.0,189.2,199.2,388.4,51.29
2024-08-19,STR008,Houston Mall #8,Midwest,online,1,3,1374.57,1237.11,137.46,591.9,645.21,1237.11,52.15
2024-08-19,STR009,Phoenix Mall #9,Southwest,flagship,2,5,1636.3999999999999,1636.3999999999999,0.0,748.15,888.25,818.2,54.28
2024-08-19,STR011,Los Angeles Mall #11,Northeast,express,1,4,322.68,306.55,16.13,273.84,32.71,306.55,10.67
2024-08-19,STR012,Seattle Mall #12,Southeast,online,1,4,2778.48,2778.48,0.0,1480.8,1297.68,2778.48,46.7
2024-08-19,STR013,Portland Downtown #13,Midwest,flagship,2,7,2412.94,2354.4700000000003,58.47,1211.73,1142.74,1177.24,48.53
2024-08-19,STR015,Austin Mall #15,West,express,1,2,255.24,255.24,0.0,195.82,59.42,255.24,23.28
2024-08-19,STR017,Charlotte Mall #17,Southeast,flagship,2,8,568.55,568.55,0.0,424.31,144.24,284.27,25.37
2024-08-19,STR020,San Diego Mall #20,West,online,2,4,966.42,961.01,5.41,618.4799999999999,342.53,480.5,35.64
2024-08-20,STR001,New York Downtown #1,Northeast,flagship,2,4,591.06,591.06,0.0,325.05,266.01,295.53,45.01
2024-08-20,STR005,Chicago Mall #5,West,flagship,2,7,3939.55,3810.92,128.63,2236.13,1574.79,1905.46,41.32
2024-08-20,STR010,Denver Downtown #10,West,outlet,1,1,621.23,621.23,0.0,361.24,259.99,621.23,41.85
2024-08-20,STR011,Los Angeles Mall #11,Northeast,express,2,4,2302.78,1905.98,396.8,1274.61,631.37,952.99,33.13
2024-08-20,STR012,Seattle Mall #12,Southeast,online,1,3,241.98,241.98,0.0,172.86,69.12,241.98,28.56
2024-08-20,STR013,Portland Downtown #13,Midwest,flagship,1,4,2385.48,2385.48,0.0,1389.04,996.44,2385.48,41.77
2024-08-20,STR015,Austin Mall #15,West,express,2,4,358.32,358.32,0.0,300.49,57.83,179.16,16.14
2024-08-20,STR017,Charlotte Mall #17,Southeast,flagship,1,5,2633.75,2633.75,0.0,1611.5,1022.25,2633.75,38.81
2024-08-20,STR020,San Diego Mall #20,West,online,3,9,4844.12,4844.12,0.0,2669.7,2174.42,1614.71,44.89
2024-08-20,STR021,Las Vegas Mall #21,Northeast,flagship,1,5,2365.85,2365.85,0.0,1258.35,1107.5,2365.85,46.81
2024-08-21,STR001,New York Downtown #1,Northeast,flagship,1,4,935.44,935.44,0.0,467.0,468.44,935.44,50.08
2024-08-21,STR004,Miami Downtown #4,Southwest,online,5,14,5135.8,5135.8,0.0,2680.74,2455.06,1027.16,47.8
2024-08-21,STR005,Chicago Mall #5,West,flagship,1,1,459.8,459.8,0.0,319.13,140.67,459.8,30.59
2024-08-21,STR007,Dallas Downtown #7,Southeast,express,1,2,825.66,825.66,0.0,387.92,437.74,825.66,53.02
2024-08-21,STR010,Denver Downtown #10,West,outlet,2,6,3668.66,3549.54,119.12,1941.06,1608.48,1774.77,45.32
2024-08-21,STR019,Philadelphia Downtown #19,Southwest,express,1,1,410.67,369.6,41.07,203.52,166.08,369.6,44.94
2024-08-21,STR020,San Diego Mall #20,West,online,2,5,1094.67,1016.27,78.4,566.24,450.03,508.14,44.28
2024-08-21,STR023,Kansas City Mall #23,Midwest,express,1,3,93.42,93.42,0.0,50.67,42.75,93.42,45.76
2024-08-22,STR002,Boston Mall #2,Southeast,outlet,1,4,1901.4,1521.12,380.28,1434.68,86.44,1521.12,5.68
2024-08-22,STR003,Atlanta Mall #3,Midwest,express,2,8,587.93,587.93,0.0,469.21000000000004,118.72,293.96,20.19
2024-08-22,STR006,Detroit Mall #6,Northeast,outlet,1,5,412.55,391.92,20.63,198.0,193.92,391.92,49.48
2024-08-22,STR007,Dallas Downtown #7,Southeast,express,1,4,677.48,643.61,33.87,433.04,210.57,643.61,32.72
2024-08-22,STR011,Los Angeles Mall #11,Northeast,express,1,2,1139.74,1139.74,0.0,547.7,592.04,1139.74,51.95
2024-08-22,STR012,Seattle Mall #12,Southeast,online,1,1,33.66,28.61,5.05,19.87,8.74,28.61,30.55
2024-08-22,STR014,San Francisco Mall #14,Southwest,outlet,1,1,569.87,569.87,0.0,273.85,296.02,569.87,51.95
2024-08-22,STR015,Austin Mall #15,West,express,1,4,1058.0,952.2,105.8,560.2,392.0,952.2,41.17
2024-08-22,STR019,Philadelphia Downtown #19,Southwest,express,1,3,2036.79,2036.79,0.0,899.85,1136.94,2036.79,55.82
2024-08-22,STR021,Las Vegas Mall #21,Northeast,flagship,1,4,3595.92,3595.92,0.0,1587.88,2008.04,3595.92,55.84
2024-08-22,STR022,Orlando Downtown #22,Southeast,outlet,2,2,1149.88,1125.45,24.43,697.44,428.01000000000005,562.72,38.03
2024-08-23,STR001,New York Downtown #1,Northeast,flagship,1,1,139.31,139.31,0.0,73.35,65.96,139.31,47.35
2024-08-23,STR002,Boston Mall #2,Southeast,outlet,2,4,410.62,410.62,0.0,266.0,144.62,205.31,35.22
2024-08-23,STR004,Miami Downtown #4,Southwest,online,1,3,1786.77,1786.77,0.0,919.41,867.36,1786.77,48.54
2024-08-23,STR005,Chicago Mall #5,West,flagship,1,3,1167.15,1167.15,0.0,888.36,278.79,1167.15,23.89
2024-08-23,STR006,Detroit Mall #6,Northeast,outlet,1,5,3106.15,3106.15,0.0,1806.2,1299.95,3106.15,41.85
2024-08-23,STR009,Phoenix Mall #9,Southwest,flagship,1,2,502.34,502.34,0.0,371.66,130.68,502.34,26.01
2024-08-23,STR013,Portland Downtown #13,Midwest,flagship,1,2,275.5,247.95,27.55,158.94,89.01,247.95,35.9
2024-08-23,STR015,Austin Mall #15,West,express,2,4,525.62,525.62,0.0,370.59000000000003,155.03,262.81,29.49
2024-08-23,STR016,Nashville Downtown #16,Northeast,online,2,4,1068.26,1068.26,0.0,663.46,404.79999999999995,534.13,37.89
2024-08-23,STR017,Charlotte Mall #17,Southeast,flagship,1,5,1990.1,1990.1,0.0,844.05,1146.05,1990.1,57.59
2024-08-23,STR018,Minneapolis Mall #18,Midwest,outlet,2,3,1110.07,1110.07,0.0,796.6800000000001,313.39,555.04,28.23
2024-08-23,STR022,Orlando Downtown #22,Southeast,outlet,1,2,799.68,759.7,39.98,459.1,300.6,759.7,39.57
2024-08-23,STR023,Kansas City Mall #23,Midwest,express,2,8,4472.8,4472.8,0.0,2595.8,1877.0,2236.4,41.96
2024-08-24,STR001,New York Downtown #1,Northeast,flagship,1,4,2382.36,2382.36,0.0,1225.88,1156.48,2382.36,48.54
2024-08-24,STR004,Miami Downtown #4,Southwest,online,1,2,252.98,252.98,0.0,165.08,87.9,252.98,34.75
2024-08-24,STR006,Detroit Mall #6,Northeast,outlet,1,4,191.4,191.4,0.0,147.52,43.88,191.4,22.93
2024-08-24,STR008,Houston Mall #8,Midwest,online,1,4,2234.64,2122.91,111.73,1288.56,834.35,2122.91,39.3
2024-08-24,STR010,Denver Downtown #10,West,outlet,2,9,1405.6100000000001,1214.3400000000001,191.27,1027.27,187.07,607.17,15.41
2024-08-24,STR011,Los Angeles Mall #11,Northeast,express,1,4,978.24,929.33,48.91,640.96,288.37,929.33,31.03
2024-08-24,STR013,Portland Downtown #13,Midwest,flagship,1,4,1080.68,1080.68,0.0,510.96,569.72,1080.68,52.72
2024-08-24,STR015,Austin Mall #15,West,express,1,2,1380.92,1311.87,69.05,777.58,534.29,1311.87,40.73
2024-08-24,STR017,Charlotte Mall #17,Southeast,flagship,2,8,1290.06,1189.39,100.67,980.19,209.2,594.7,17.59
2024-08-24,STR019,Philadelphia Downtown #19,Southwest,express,2,9,2294.13,2294.13,0.0,1526.9099999999999,767.22,1147.06,33.44
2024-08-24,STR020,San Diego Mall #20,West,online,1,5,1169.3,1110.83,58.47,583.75,527.08,1110.83,47.45
2024-08-24,STR021,Las Vegas Mall #21,Northeast,flagship,1,3,1729.77,1729.77,0.0,1147.02,582.75,1729.77,33.69
2024-08-25,STR002,Boston Mall #2,Southeast,outlet,2,6,2385.4199999999996,2385.4199999999996,0.0,1034.08,1351.3400000000001,1192.71,56.65
2024-08-25,STR007,Dallas Downtown #7,Southeast,express,1,5,3215.75,3215.75,0.0,1787.95,1427.8,3215.75,44.4
2024-08-25,STR013,Portland Downtown #13,Midwest,flagship,1,3,1462.05,1315.84,146.21,865.05,450.79,1315.84,34.26
2024-08-25,STR014,San Francisco Mall #14,Southwest,outlet,1,1,326.53,310.2,16.33,233.28,76.92,310.2,24.8
2024-08-25,STR016,Nashville Downtown #16,Northeast,online,1,4,677.48,677.48,0.0,433.04,244.44,677.48,36.08
2024-08-25,STR017,Charlotte Mall #17,Southeast,flagship,1,2,796.04,676.63,119.41,337.62,339.01,676.63,50.1
2024-08-25,STR019,Philadelphia Downtown #19,Southwest,express,1,3,409.11,327.29,81.82,177.78,149.51,327.29,45.68
2024-08-26,STR004,Miami Downtown #4,Southwest,online,1,2,1153.18,1153.18,0.0,764.68,388.5,1153.18,33.69
2024-08-26,STR010,Denver Downtown #10,West,outlet,1,2,673.96,673.96,0.0,343.0,330.96,673.96,49.11
2024-08-26,STR014,San Francisco Mall #14,Southwest,outlet,1,2,635.92,572.33,63.59,477.16,95.17,572.33,16.63
2024-08-26,STR015,Austin Mall #15,West,express,3,4,1536.5,1536.5,0.0,860.1500000000001,676.3499999999999,512.17,44.02
2024-08-26,STR016,Nashville Downtown #16,Northeast,online,2,4,2335.6,2277.24,58.36,1192.85,1084.3899999999999,1138.62,47.62
2024-08-26,STR019,Philadelphia Downtown #19,Southwest,express,1,3,981.75,981.75,0.0,781.92,199.83,981.75,20.35
2024-08-26,STR021,Las Vegas Mall #21,Northeast,flagship,3,8,3105.7799999999997,3105.7799999999997,0.0,1766.22,1339.56,1035.26,43.13
2024-08-26,STR022,Orlando Downtown #22,Southeast,outlet,1,3,1624.83,1543.59,81.24,799.83,743.76,1543.59,48.18
2024-08-27,STR002,Boston Mall #2,Southeast,outlet,1,5,2770.5,2770.5,0.0,1196.1,1574.4,2770.5,56.83
2024-08-27,STR003,Atlanta Mall #3,Midwest,express,1,5,2145.35,2038.08,107.27,1326.7,711.38,2038.08,34.9
2024-08-27,STR008,Houston Mall #8,Midwest,online,2,5,2408.59,2101.79,306.8,1311.8600000000001,789.9300000000001,1050.9,37.58
2024-08-27,STR014,San Francisco Mall #14,Southwest,outlet,2,6,3373.6,3218.14,155.46,1710.0,1508.14,1609.07,46.86
2024-08-27,STR016,Nashville Downtown #16,Northeast,online,2,8,3900.15,3900.15,0.0,2917.0,983.15,1950.08,25.21
2024-08-27,STR019,Philadelphia Downtown #19,Southwest,express,1,2,608.54,578.11,30.43,413.98,164.13,578.11,28.39
2024-08-27,STR022,Orlando Downtown #22,Southeast,outlet,1,4,2234.64,2234.64,0.0,1288.56,946.08,2234.64,42.34
2024-08-27,STR023,Kansas City Mall #23,Midwest,express,2,5,1219.99,1219.99,0.0,584.31,635.6800000000001,610.0,52.11
2024-08-28,STR002,Boston Mall #2,Southeast,outlet,1,1,276.68,276.68,0.0,126.32,150.36,276.68,54.34
2024-08-28,STR004,Miami Downtown #4,Southwest,online,2,9,2860.67,2860.67,0.0,1781.56,1079.1100000000001,1430.34,37.72
2024-08-28,STR005,Chicago Mall #5,West,flagship,1,2,1242.46,1242.46,0.0,722.48,519.98,1242.46,41.85
2024-08-28,STR006,Detroit Mall #6,Northeast,outlet,2,6,2816.64,2816.64,0.0,1626.8400000000001,1189.8,1408.32,42.24
2024-08-28,STR009,Phoenix Mall #9,Southwest,flagship,1,1,475.35,475.35,0.0,358.67,116.68,475.35,24.55
2024-08-28,STR010,Denver Downtown #10,West,outlet,1,5,681.85,613.66,68.19,296.3,317.36,613.66,51.72
2024-08-28,STR011,Los Angeles Mall #11,Northeast,express,2,3,1437.9,1236.23,201.67,708.1700000000001,528.0600000000001,618.12,42.72
2024-08-28,STR013,Portland Downtown #13,Midwest,flagship,1,1,389.05,389.05,0.0,296.12,92.93,389.05,23.89
2024-08-28,STR014,San Francisco Mall #14,Southwest,outlet,1,3,1929.45,1832.98,96.47,1072.77,760.21,1832.98,41.47
2024-08-28,STR017,Charlotte Mall #17,Southeast,flagship,1,4,491.2,491.2,0.0,373.6,117.6,491.2,23.94
2024-08-28,STR020,San Diego Mall #20,West,online,1,1,122.8,122.8,0.0,93.4,29.4,122.8,23.94
2024-08-28,STR021,Las Vegas Mall #21,Northeast,flagship,2,7,1576.71,1576.71,0.0,1019.33,557.38,788.36,35.35
2024-08-29,STR002,Boston Mall #2,Southeast,outlet,2,7,1284.2,1238.13,46.07,874.81,363.32,619.07,29.34
2024-08-29,STR003,Atlanta Mall #3,Midwest,express,2,6,3112.09,3096.15,15.94,1843.23,1252.9199999999998,1548.08,40.47
2024-08-29,STR005,Chicago Mall #5,West,flagship,1,4,330.04,330.04,0.0,158.4,171.64,330.04,52.01
2024-08-29,STR006,Detroit Mall #6,Northeast,outlet,1,4,276.76,276.76,0.0,237.08,39.68,276.76,14.34
2024-08-29,STR007,Dallas Downtown #7,Southeast,express,2,7,2040.33,1948.6899999999998,91.64,967.01,981.68,974.34,50.38
2024-08-29,STR008,Houston Mall #8,Midwest,online,1,2,532.6,479.34,53.26,251.02,228.32,479.34,47.63
2024-08-29,STR009,Phoenix Mall #9,Southwest,flagship,1,1,410.67,390.14,20.53,203.52,186.62,390.14,47.83
2024-08-29,STR010,Denver Downtown #10,West,outlet,1,4,1967.24,1967.24,0.0,1149.28,817.96,1967.24,41.58
2024-08-29,STR014,San Francisco Mall #14,Southwest,outlet,1,4,1419.64,1419.64,0.0,654.96,764.68,1419.64,53.86
2024-08-29,STR015,Austin Mall #15,West,express,1,1,500.55,500.55,0.0,323.68,176.87,500.55,35.34
2024-08-29,STR016,Nashville Downtown #16,Northeast,online,2,4,2244.7599999999998,2155.3,89.46,1310.37,844.9300000000001,1077.65,39.2
2024-08-29,STR017,Charlotte Mall #17,Southeast,flagship,1,1,399.84,339.86,59.98,229.55,110.31,339.86,32.46
2024-08-29,STR018,Minneapolis Mall #18,Midwest,outlet,2,7,4000.2699999999995,3367.8100000000004,632.46,2555.98,811.83,1683.91,24.11
2024-08-29,STR019,Philadelphia Downtown #19,Southwest,express,1,5,632.45,632.45,0.0,412.7,219.75,632.45,34.75
2024-08-29,STR020,San Diego Mall #20,West,online,1,2,52.04,52.04,0.0,22.16,29.88,52.04,57.42
2024-08-29,STR022,Orlando Downtown #22,Southeast,outlet,1,1,507.8,507.8,0.0,374.55,133.25,507.8,26.24
2024-08-30,STR001,New York Downtown #1,Northeast,flagship,1,3,2083.86,2083.86,0.0,1110.6,973.26,2083.86,46.7
2024-08-30,STR002,Boston Mall #2,Southeast,outlet,1,2,539.96,539.96,0.0,402.84,137.12,539.96,25.39
2024-08-30,STR009,Phoenix Mall #9,Southwest,flagship,1,4,935.44,795.12,140.32,467.0,328.12,795.12,41.27
2024-08-30,STR010,Denver Downtown #10,West,outlet,3,3,994.24,965.4100000000001,28.83,622.3,343.11,321.8,35.54
2024-08-30,STR011,Los Angeles Mall #11,Northeast,express,1,4,505.96,505.96,0.0,330.16,175.8,505.96,34.75
2024-08-30,STR016,Nashville Downtown #16,Northeast,online,1,2,919.6,919.6,0.0,638.26,281.34,919.6,30.59
2024-08-30,STR017,Charlotte Mall #17,Southeast,flagship,2,6,983.98,914.81,69.17,701.9,212.91000000000003,457.4,23.27
2024-08-30,STR018,Minneapolis Mall #18,Midwest,outlet,1,5,307.1,307.1,0.0,174.65,132.45,307.1,43.13
2024-08-31,STR001,New York Downtown #1,Northeast,flagship,1,4,397.48,397.48,0.0,181.76,215.72,397.48,54.27
2024-08-31,STR004,Miami Downtown #4,Southwest,online,3,11,4147.219999999999,4147.219999999999,0.0,1960.3600000000001,2186.86,1382.41,52.73
2024-08-31,STR008,Houston Mall #8,Midwest,online,1,5,472.35,472.35,0.0,237.9,234.45,472.35,49.63
2024-08-31,STR010,Denver Downtown #10,West,outlet,2,4,1877.53,1877.53,0.0,1220.48,657.05,938.76,35.0
2024-08-31,STR011,Los Angeles Mall #11,Northeast,express,2,6,2428.44,2226.0699999999997,202.37,1617.3,608.77,1113.03,27.35
2024-08-31,STR013,Portland Downtown #13,Midwest,flagship,1,2,1389.24,1389.24,0.0,740.4,648.84,1389.24,46.7
2024-08-31,STR014,San Francisco Mall #14,Southwest,outlet,1,3,1215.39,1154.62,60.77,758.55,396.07,1154.62,34.3
2024-08-31,STR015,Austin Mall #15,West,express,1,3,1233.21,986.57,246.64,666.96,319.61,986.57,32.4
2024-08-31,STR019,Philadelphia Downtown #19,Southwest,express,2,5,3475.04,3475.04,0.0,1580.48,1894.56,1737.52,54.52
2024-08-31,STR021,Las Vegas Mall #21,Northeast,flagship,1,4,988.4,938.98,49.42,425.84,513.14,938.98,54.65
2024-08-31,STR022,Orlando Downtown #22,Southeast,outlet,1,4,1286.24,1286.24,0.0,943.52,342.72,1286.24,26.65
2024-08-31,STR023,Kansas City Mall #23,Midwest,express,1,1,69.19,62.27,6.92,59.27,3.0,62.27,4.82
2024-09-01,STR004,Miami Downtown #4,Southwest,online,1,4,397.48,377.61,19.87,181.76,195.85,377.61,51.87
2024-09-01,STR006,Detroit Mall #6,Northeast,outlet,1,3,964.68,916.45,48.23,707.64,208.81,916.45,22.78
2024-09-01,STR010,Denver Downtown #10,West,outlet,2,7,3756.0499999999997,3458.25,297.8,2124.59,1333.6599999999999,1729.12,38.56
2024-09-01,STR015,Austin Mall #15,West,express,2,4,1054.5,1042.27,12.23,764.5,277.77,521.14,26.65
2024-09-01,STR017,Charlotte Mall #17,Southeast,flagship,1,3,2036.79,1934.95,101.84,899.85,1035.1,1934.95,53.49
2024-09-01,STR019,Philadelphia Downtown #19,Southwest,express,1,2,46.28,46.28,0.0,21.2,25.08,46.28,54.19
2024-09-01,STR020,San Diego Mall #20,West,online,1,3,368.4,368.4,0.0,280.2,88.2,368.4,23.94
2024-09-01,STR021,Las Vegas Mall #21,Northeast,flagship,1,3,93.42,93.42,0.0,50.67,42.75,93.42,45.76
2024-09-01,STR022,Orlando Downtown #22,Southeast,outlet,1,4,92.56,87.93,4.63,42.4,45.53,87.93,51.78
2024-09-02,STR005,Chicago Mall #5,West,flagship,1,2,1054.08,1054.08,0.0,733.14,320.94,1054.08,30.45
2024-09-02,STR007,Dallas Downtown #7,Southeast,express,1,4,234.08,234.08,0.0,176.6,57.48,234.08,24.56
2024-09-02,STR008,Houston Mall #8,Midwest,online,2,7,2326.2000000000003,2224.5,101.7,1312.19,912.3100000000001,1112.25,41.01
2024-09-02,STR012,Seattle Mall #12,Southeast,online,1,5,2695.2,2695.2,0.0,1563.65,1131.55,2695.2,41.98
2024-09-02,STR013,Portland Downtown #13,Midwest,flagship,1,4,397.48,397.48,0.0,181.76,215.72,397.48,54.27
2024-09-02,STR015,Austin Mall #15,West,express,2,5,1948.72,1948.72,0.0,1084.94,863.78,974.36,44.33
2024-09-02,STR017,Charlotte Mall #17,Southeast,flagship,1,2,1242.46,1242.46,0.0,722.48,519.98,1242.46,41.85
2024-09-02,STR018,Minneapolis Mall #18,Midwest,outlet,1,1,678.93,678.93,0.0,299.95,378.98,678.93,55.82
2024-09-02,STR021,Las Vegas Mall #21,Northeast,flagship,1,5,3106.15,3106.15,0.0,1806.2,1299.95,3106.15,41.85
2024-09-03,STR004,Miami Downtown #4,Southwest,online,1,1,500.55,475.52,25.03,323.68,151.84,475.52,31.93
2024-09-03,STR011,Los Angeles Mall #11,Northeast,express,3,8,2908.09,2908.09,0.0,1701.19,1206.9,969.36,41.5
2024-09-03,STR014,San Francisco Mall #14,Southwest,outlet,1,1,621.23,621.23,0.0,361.24,259.99,621.23,41.85
2024-09-03,STR015,Austin Mall #15,West,express,1,3,1167.15,1167.15,0.0,888.36,278.79,1167.15,23.89
2024-09-03,STR017,Charlotte Mall #17,Southeast,flagship,1,1,475.35,475.35,0.0,358.67,116.68,475.35,24.55
2024-09-03,STR020,San Diego Mall #20,West,online,1,3,1470.24,1323.22,147.02,796.32,526.9,1323.22,39.82
2024-09-03,STR021,Las Vegas Mall #21,Northeast,flagship,2,2,784.48,784.48,0.0,500.87,283.61,392.24,36.15
2024-09-04,STR001,New York Downtown #1,Northeast,flagship,1,3,1662.3,1579.18,83.12,717.66,861.52,1579.18,54.55
2024-09-04,STR003,Atlanta Mall #3,Midwest,express,1,4,1554.84,1554.84,0.0,785.84,769.0,1554.84,49.46
2024-09-04,STR004,Miami Downtown #4,Southwest,online,1,1,415.77,374.19,41.58,280.48,93.71,374.19,25.04
2024-09-04,STR007,Dallas Downtown #7,Southeast,express,1,1,455.65,455.65,0.0,268.59,187.06,455.65,41.05
2024-09-04,STR008,Houston Mall #8,Midwest,online,4,15,4173.71,4173.71,0.0,2445.0,1728.71,1043.43,41.42
2024-09-04,STR009,Phoenix Mall #9,Southwest,flagship,1,2,825.66,701.81,123.85,387.92,313.89,701.81,44.73
2024-09-04,STR011,Los Angeles Mall #11,Northeast,express,2,6,2859.36,2708.27,151.09,1322.6100000000001,1385.66,1354.14,51.16
2024-09-04,STR012,Seattle Mall #12,Southeast,online,1,3,1166.13,1166.13,0.0,589.38,576.75,1166.13,49.46
2024-09-04,STR016,Nashville Downtown #16,Northeast,online,2,5,1243.1,1243.1,0.0,839.0400000000001,404.06,621.55,32.5
2024-09-04,STR018,Minneapolis Mall #18,Midwest,outlet,3,8,1731.77,1621.22,110.55,1116.69,504.53000000000003,540.41,31.12
2024-09-04,STR019,Philadelphia Downtown #19,Southwest,express,2,3,1774.02,1650.52,123.5,1105.0700000000002,545.45,825.26,33.05
2024-09-04,STR020,San Diego Mall #20,West,online,1,4,551.0,523.45,27.55,317.88,205.57,523.45,39.27
2024-09-05,STR001,New York Downtown #1,Northeast,flagship,1,5,701.0,701.0,0.0,551.75,149.25,701.0,21.29
2024-09-05,STR003,Atlanta Mall #3,Midwest,express,1,3,1066.23,1066.23,0.0,627.69,438.54,1066.23,41.13
2024-09-05,STR004,Miami Downtown #4,Southwest,online,1,3,2036.79,2036.79,0.0,899.85,1136.94,2036.79,55.82
2024-09-05,STR006,Detroit Mall #6,Northeast,outlet,1,3,1233.21,1233.21,0.0,666.96,566.25,1233.21,45.92
2024-09-05,STR008,Houston Mall #8,Midwest,online,1,2,203.18,203.18,0.0,154.82,48.36,203.18,23.8
2024-09-05,STR009,Phoenix Mall #9,Southwest,flagship,1,4,1217.08,1217.08,0.0,827.96,389.12,1217.08,31.97
2024-09-05,STR012,Seattle Mall #12,Southeast,online,2,5,2310.62,2309.06,1.56,1112.2900000000002,1196.77,1154.53,51.83
2024-09-05,STR013,Portland Downtown #13,Midwest,flagship,1,4,397.48,397.48,0.0,181.76,215.72,397.48,54.27
2024-09-05,STR016,Nashville Downtown #16,Northeast,online,2,8,4393.360000000001,3772.13,621.23,2602.2200000000003,1169.91,1886.06,31.01
2024-09-05,STR017,Charlotte Mall #17,Southeast,flagship,1,5,2365.85,2365.85,0.0,1258.35,1107.5,2365.85,46.81
2024-09-05,STR020,San Diego Mall #20,West,online,1,4,1663.08,1496.77,166.31,1121.92,374.85,1496.77,25.04
2024-09-06,STR002,Boston Mall #2,Southeast,outlet,1,2,1797.96,1797.96,0.0,793.94,1004.02,1797.96,55.84
2024-09-06,STR003,Atlanta Mall #3,Midwest,express,1,3,1166.13,1166.13,0.0,589.38,576.75,1166.13,49.46
2024-09-06,STR004,Miami Downtown #4,Southwest,online,2,9,3363.19,3363.19,0.0,1637.26,1725.9299999999998,1681.6,51.32
2024-09-06,STR006,Detroit Mall #6,Northeast,outlet,1,4,491.2,466.64,24.56,373.6,93.04,466.64,19.94
2024-09-06,STR008,Houston Mall #8,Midwest,online,1,2,52.04,44.23,7.81,22.16,22.07,44.23,49.9
2024-09-06,STR012,Seattle Mall #12,Southeast,online,2,8,1679.3999999999999,1679.3999999999999,0.0,853.4000000000001,826.0,839.7,49.18
2024-09-06,STR014,San Francisco Mall #14,Southwest,outlet,2,6,1287.8200000000002,1225.68,62.14,851.52,374.15999999999997,612.84,30.53
2024-09-06,STR016,Nashville Downtown #16,Northeast,online,1,4,1620.52,1458.47,162.05,1011.4,447.07,1458.47,30.65
2024-09-06,STR017,Charlotte Mall #17,Southeast,flagship,1,4,2411.12,2049.45,361.67,1548.28,501.17,2049.45,24.45
2024-09-06,STR018,Minneapolis Mall #18,Midwest,outlet,1,2,108.28,108.28,0.0,87.8,20.48,108.28,18.91
2024-09-06,STR022,Orlando Downtown #22,Southeast,outlet,1,5,1636.4,1554.58,81.82,748.15,806.43,1554.58,51.87
2024-09-06,STR023,Kansas City Mall #23,Midwest,express,1,3,912.81,912.81,0.0,620.97,291.84,912.81,31.97
2024-09-07,STR001,New York Downtown #1,Northeast,flagship,1,1,459.8,459.8,0.0,319.13,140.67,459.8,30.59
2024-09-07,STR002,Boston Mall #2,Southeast,outlet,2,6,1373.99,1373.99,0.0,649.3000000000001,724.6899999999999,687.0,52.74
2024-09-07,STR004,Miami Downtown #4,Southwest,online,2,6,779.1199999999999,766.66,12.46,366.82,399.84000000000003,383.33,52.15
2024-09-07,STR005,Chicago Mall #5,West,flagship,1,2,1646.64,1399.64,247.0,775.46,624.18,1399.64,44.6
2024-09-07,STR006,Detroit Mall #6,Northeast,outlet,1,1,126.49,126.49,0.0,82.54,43.95,126.49,34.75
2024-09-07,STR008,Houston Mall #8,Midwest,online,1,5,681.85,613.66,68.19,296.3,317.36,613.66,51.72
2024-09-07,STR013,Portland Downtown #13,Midwest,flagship,1,3,1105.5,1105.5,0.0,943.02,162.48,1105.5,14.7
2024-09-07,STR014,San Francisco Mall #14,Southwest,outlet,1,3,830.04,830.04,0.0,378.96,451.08,830.04,54.34
2024-09-07,STR017,Charlotte Mall #17,Southeast,flagship,1,3,2025.81,2025.81,0.0,1000.23,1025.58,2025.81,50.63
2024-09-07,STR018,Minneapolis Mall #18,Midwest,outlet,1,3,438.45,438.45,0.0,368.91,69.54,438.45,15.86
2024-09-07,STR020,San Diego Mall #20,West,online,1,5,2502.75,2502.75,0.0,1618.4,884.35,2502.75,35.34
2024-09-08,STR004,Miami Downtown #4,Southwest,online,1,1,621.82,621.82,0.0,313.99,307.83,621.82,49.5
2024-09-08,STR005,Chicago Mall #5,West,flagship,1,1,268.87,268.87,0.0,166.2,102.67,268.87,38.19
2024-09-08,STR006,Detroit Mall #6,Northeast,outlet,1,2,122.84,110.56,12.28,69.86,40.7,110.56,36.81
2024-09-08,STR008,Houston Mall #8,Midwest,online,1,3,1789.11,1431.29,357.82,1041.78,389.51,1431.29,27.21
2024-09-08,STR009,Phoenix Mall #9,Southwest,flagship,1,4,805.32,765.05,40.27,669.96,95.09,765.05,12.43
2024-09-08,STR010,Denver Downtown #10,West,outlet,2,5,2733.51,2698.12,35.39,1543.65,1154.4699999999998,1349.06,42.79
2024-09-08,STR014,San Francisco Mall #14,Southwest,outlet,1,1,118.36,118.36,0.0,51.25,67.11,118.36,56.7
2024-09-08,STR017,Charlotte Mall #17,Southeast,flagship,1,3,1470.24,1396.73,73.51,796.32,600.41,1396.73,42.99
2024-09-08,STR018,Minneapolis Mall #18,Midwest,outlet,2,4,663.29,663.29,0.0,324.52000000000004,338.77,331.64,51.07
2024-09-08,STR020,San Diego Mall #20,West,online,1,4,1554.84,1554.84,0.0,785.84,769.0,1554.84,49.46
2024-09-08,STR023,Kansas City Mall #23,Midwest,express,1,3,241.98,205.68,36.3,172.86,32.82,205.68,15.96
2024-09-09,STR001,New York Downtown #1,Northeast,flagship,2,5,755.04,755.04,0.0,551.88,203.16,377.52,26.91
2024-09-09,STR004,Miami Downtown #4,Southwest,online,2,6,2143.9,2143.9,0.0,1432.1200000000001,711.78,1071.95,33.2
2024-09-09,STR005,Chicago Mall #5,West,flagship,1,2,280.4,224.32,56.08,220.7,3.62,224.32,1.61
2024-09-09,STR006,Detroit Mall #6,Northeast,outlet,1,3,2025.81,2025.81,0.0,1000.23,1025.58,2025.81,50.63
2024-09-09,STR007,Dallas Downtown #7,Southeast,express,1,2,1357.86,1357.86,0.0,599.9,757.96,1357.86,55.82
2024-09-09,STR010,Denver Downtown #10,West,outlet,1,1,437.08,437.08,0.0,370.07,67.01,437.08,15.33
2024-09-09,STR014,San Francisco Mall #14,Southwest,outlet,1,4,691.68,691.68,0.0,455.96,235.72,691.68,34.08
2024-09-09,STR015,Austin Mall #15,West,express,2,6,3024.88,3024.88,0.0,1847.8,1177.08,1512.44,38.91
2024-09-09,STR016,Nashville Downtown #16,Northeast,online,1,4,584.6,584.6,0.0,491.88,92.72,584.6,15.86
2024-09-09,STR017,Charlotte Mall #17,Southeast,flagship,3,10,3564.2799999999997,3453.73,110.55,2446.3599999999997,1007.37,1151.24,29.17
2024-09-09,STR023,Kansas City Mall #23,Midwest,express,1,4,322.68,322.68,0.0,273.84,48.84,322.68,15.14
2024-09-10,STR004,Miami Downtown #4,Southwest,online,1,5,4398.2,4398.2,0.0,1924.2,2474.0,4398.2,56.25
2024-09-10,STR007,Dallas Downtown #7,Southeast,express,1,1,355.41,337.64,17.77,209.23,128.41,337.64,38.03
2024-09-10,STR008,Houston Mall #8,Midwest,online,1,4,510.48,510.48,0.0,391.64,118.84,510.48,23.28
2024-09-10,STR011,Los Angeles Mall #11,Northeast,express,1,2,1108.2,1108.2,0.0,478.44,629.76,1108.2,56.83
2024-09-10,STR013,Portland Downtown #13,Midwest,flagship,1,2,198.74,198.74,0.0,90.88,107.86,198.74,54.27
2024-09-10,STR014,San Francisco Mall #14,Southwest,outlet,1,2,489.12,489.12,0.0,320.48,168.64,489.12,34.48
2024-09-10,STR015,Austin Mall #15,West,express,2,6,1170.6399999999999,1170.6399999999999,0.0,667.86,502.78,585.32,42.95
2024-09-10,STR017,Charlotte Mall #17,Southeast,flagship,1,2,709.82,709.82,0.0,327.48,382.34,709.82,53.86
2024-09-10,STR021,Las Vegas Mall #21,Northeast,flagship,3,9,5234.82,5118.1,116.72,3017.88,2100.22,1706.03,41.04
2024-09-10,STR022,Orlando Downtown #22,Southeast,outlet,1,3,979.59,930.61,48.98,699.84,230.77,930.61,24.8
2024-09-10,STR023,Kansas City Mall #23,Midwest,express,1,5,3394.65,3394.65,0.0,1499.75,1894.9,3394.65,55.82
2024-09-11,STR002,Boston Mall #2,Southeast,outlet,1,4,1097.2,1097.2,0.0,765.32,331.88,1097.2,30.25
2024-09-11,STR005,Chicago Mall #5,West,flagship,1,1,201.33,181.2,20.13,167.49,13.71,181.2,7.57
2024-09-11,STR006,Detroit Mall #6,Northeast,outlet,1,3,233.04,233.04,0.0,113.52,119.52,233.04,51.29
2024-09-11,STR009,Phoenix Mall #9,Southwest,flagship,1,4,938.44,938.44,0.0,614.6,323.84,938.44,34.51
2024-09-11,STR012,Seattle Mall #12,Southeast,online,1,1,326.53,326.53,0.0,233.28,93.25,326.53,28.56
2024-09-11,STR013,Portland Downtown #13,Midwest,flagship,1,4,1407.28,1407.28,0.0,758.0,649.28,1407.28,46.14
2024-09-11,STR015,Austin Mall #15,West,express,1,3,2036.79,2036.79,0.0,899.85,1136.94,2036.79,55.82
2024-09-11,STR017,Charlotte Mall #17,Southeast,flagship,1,3,1789.11,1789.11,0.0,1041.78,747.33,1789.11,41.77
2024-09-11,STR020,San Diego Mall #20,West,online,1,4,691.68,691.68,0.0,455.96,235.72,691.68,34.08
2024-09-11,STR023,Kansas City Mall #23,Midwest,express,2,6,2394.69,2394.69,0.0,1502.51,892.18,1197.34,37.26
2024-09-12,STR001,New York Downtown #1,Northeast,flagship,1,1,31.14,31.14,0.0,16.89,14.25,31.14,45.76
2024-09-12,STR002,Boston Mall #2,Southeast,outlet,2,10,4741.950000000001,4741.950000000001,0.0,2399.3,2342.65,2370.98,49.4
2024-09-12,STR003,Atlanta Mall #3,Midwest,express,2,6,2179.26,2179.26,0.0,1322.91,856.35,1089.63,39.3
2024-09-12,STR005,Chicago Mall #5,West,flagship,1,4,1421.64,1421.64,0.0,836.92,584.72,1421.64,41.13
2024-09-12,STR006,Detroit Mall #6,Northeast,outlet,1,5,3473.1,3473.1,0.0,1851.0,1622.1,3473.1,46.7
2024-09-12,STR011,Los Angeles Mall #11,Northeast,express,1,3,1470.24,1470.24,0.0,796.32,673.92,1470.24,45.84
2024-09-12,STR013,Portland Downtown #13,Midwest,flagship,1,5,1297.85,1297.85,0.0,747.2,550.65,1297.85,42.43
2024-09-12,STR014,San Francisco Mall #14,Southwest,outlet,1,5,403.3,322.64,80.66,288.1,34.54,322.64,10.71
2024-09-12,STR015,Austin Mall #15,West,express,2,8,2337.98,2337.98,0.0,1098.4,1239.58,1168.99,53.02
2024-09-12,STR019,Philadelphia Downtown #19,Southwest,express,1,4,1309.12,1112.75,196.37,598.52,514.23,1112.75,46.21
2024-09-12,STR020,San Diego Mall #20,West,online,1,3,1786.77,1697.43,89.34,919.41,778.02,1697.43,45.84
2024-09-12,STR022,Orlando Downtown #22,Southeast,outlet,1,2,653.06,653.06,0.0,466.56,186.5,653.06,28.56
2024-09-12,STR023,Kansas City Mall #23,Midwest,express,2,6,2146.58,2146.58,0.0,1648.09,498.49,1073.29,23.22
2024-09-13,STR001,New York Downtown #1,Northeast,flagship,2,7,2632.7,2277.47,355.23,1696.67,580.8,1138.73,25.5
2024-09-13,STR004,Miami Downtown #4,Southwest,online,1,5,270.7,230.1,40.6,219.5,10.6,230.1,4.61
2024-09-13,STR009,Phoenix Mall #9,Southwest,flagship,1,2,1297.7,1297.7,0.0,597.82,699.88,1297.7,53.93
2024-09-13,STR011,Los Angeles Mall #11,Northeast,express,1,1,26.09,26.09,0.0,19.43,6.66,26.09,25.53
2024-09-13,STR012,Seattle Mall #12,Southeast,online,1,4,1967.24,1967.24,0.0,1149.28,817.96,1967.24,41.58
2024-09-13,STR014,San Francisco Mall #14,Southwest,outlet,1,5,1331.5,1331.5,0.0,627.55,703.95,1331.5,52.87
2024-09-13,STR015,Austin Mall #15,West,express,2,10,4357.1,4357.1,0.0,2745.3500000000004,1611.75,2178.55,36.99
2024-09-13,STR017,Charlotte Mall #17,Southeast,flagship,1,2,278.62,250.76,27.86,146.7,104.06,250.76,41.5
2024-09-13,STR023,Kansas City Mall #23,Midwest,express,1,1,569.87,569.87,0.0,273.85,296.02,569.87,51.95
2024-09-14,STR004,Miami Downtown #4,Southwest,online,1,3,806.61,806.61,0.0,498.6,308.01,806.61,38.19
2024-09-14,STR006,Detroit Mall #6,Northeast,outlet,1,2,469.22,469.22,0.0,307.3,161.92,469.22,34.51
2024-09-14,STR008,Houston Mall #8,Midwest,online,2,6,1477.01,1410.43,66.58,728.1899999999999,682.24,705.22,48.37
2024-09-14,STR009,Phoenix Mall #9,Southwest,flagship,1,3,1214.22,1214.22,0.0,808.65,405.57,1214.22,33.4
2024-09-14,STR011,Los Angeles Mall #11,Northeast,express,1,2,278.62,264.69,13.93,146.7,117.99,264.69,44.58
2024-09-14,STR013,Portland Downtown #13,Midwest,flagship,1,5,3109.1,3109.1,0.0,1569.95,1539.15,3109.1,49.5
2024-09-14,STR022,Orlando Downtown #22,Southeast,outlet,1,4,1822.6,1822.6,0.0,1074.36,748.24,1822.6,41.05
2024-09-14,STR023,Kansas City Mall #23,Midwest,express,1,2,62.28,62.28,0.0,33.78,28.5,62.28,45.76
2024-09-15,STR001,New York Downtown #1,Northeast,flagship,4,14,2972.71,2797.53,175.18,1895.67,901.86,699.38,32.24
2024-09-15,STR002,Boston Mall #2,Southeast,outlet,1,5,1593.95,1593.95,0.0,1162.65,431.3,1593.95,27.06
2024-09-15,STR003,Atlanta Mall #3,Midwest,express,1,2,831.54,831.54,0.0,560.96,270.58,831.54,32.54
2024-09-15,STR005,Chicago Mall #5,West,flagship,1,1,404.74,404.74,0.0,269.55,135.19,404.74,33.4
2024-09-15,STR007,Dallas Downtown #7,Southeast,express,1,2,502.34,502.34,0.0,371.66,130.68,502.34,26.01
2024-09-15,STR009,Phoenix Mall #9,Southwest,flagship,1,3,1617.12,1617.12,0.0,938.19,678.93,1617.12,41.98
2024-09-15,STR010,Denver Downtown #10,West,outlet,1,4,997.36,997.36,0.0,703.24,294.12,997.36,29.49
2024-09-15,STR011,Los Angeles Mall #11,Northeast,express,1,1,690.46,690.46,0.0,388.79,301.67,690.46,43.69
2024-09-15,STR012,Seattle Mall #12,Southeast,online,1,4,1618.96,1618.96,0.0,1078.2,540.76,1618.96,33.4
2024-09-15,STR014,San Francisco Mall #14,Southwest,outlet,1,5,632.45,632.45,0.0,412.7,219.75,632.45,34.75
2024-09-15,STR016,Nashville Downtown #16,Northeast,online,1,4,2216.4,1994.76,221.64,956.88,1037.88,1994.76,52.03
2024-09-15,STR017,Charlotte Mall #17,Southeast,flagship,2,4,938.76,938.76,0.0,529.84,408.92,469.38,43.56
2024-09-15,STR019,Philadelphia Downtown #19,Southwest,express,1,4,978.24,880.42,97.82,640.96,239.46,880.42,27.2
2024-09-15,STR021,Las Vegas Mall #21,Northeast,flagship,1,1,389.05,389.05,0.0,296.12,92.93,389.05,23.89
2024-09-15,STR023,Kansas City Mall #23,Midwest,express,2,4,1390.66,1390.66,0.0,922.1600000000001,468.5,695.33,33.69
2024-09-16,STR002,Boston Mall #2,Southeast,outlet,1,5,2793.3,2513.97,279.33,1610.7,903.27,2513.97,35.93
2024-09-16,STR004,Miami Downtown #4,Southwest,online,3,5,1834.32,1830.29,4.03,1061.8799999999999,768.41,610.1,41.98
2024-09-16,STR005,Chicago Mall #5,West,flagship,1,3,242.01,229.91,12.1,205.38,24.53,229.91,10.67
2024-09-16,STR007,Dallas Downtown #7,Southeast,express,2,9,3585.65,3324.5600000000004,261.09000000000003,2456.6000000000004,867.96,1662.28,26.11
2024-09-16,STR008,Houston Mall #8,Midwest,online,1,3,162.42,162.42,0.0,131.7,30.72,162.42,18.91
2024-09-16,STR009,Phoenix Mall #9,Southwest,flagship,1,5,307.1,307.1,0.0,174.65,132.45,307.1,43.13
2024-09-16,STR011,Los Angeles Mall #11,Northeast,express,2,4,1239.4199999999998,1239.4199999999998,0.0,762.38,477.04,619.71,38.49
2024-09-16,STR013,Portland Downtown #13,Midwest,flagship,1,3,753.51,753.51,0.0,557.49,196.02,753.51,26.01
2024-09-16,STR015,Austin Mall #15,West,express,1,2,236.72,236.72,0.0,102.5,134.22,236.72,56.7
2024-09-16,STR017,Charlotte Mall #17,Southeast,flagship,1,4,1901.4,1901.4,0.0,1434.68,466.72,1901.4,24.55
2024-09-16,STR022,Orlando Downtown #22,Southeast,outlet,3,11,5028.49,5028.49,0.0,3491.6000000000004,1536.89,1676.16,30.56
2024-09-17,STR001,New York Downtown #1,Northeast,flagship,2,9,3931.17,3931.17,0.0,2035.3600000000001,1895.81,1965.58,48.23
2024-09-17,STR002,Boston Mall #2,Southeast,outlet,1,2,122.84,122.84,0.0,69.86,52.98,122.84,43.13
2024-09-17,STR005,Chicago Mall #5,West,flagship,1,2,777.42,699.68,77.74,392.92,306.76,699.68,43.84
2024-09-17,STR006,Detroit Mall #6,Northeast,outlet,1,1,355.41,355.41,0.0,209.23,146.18,355.41,41.13
2024-09-17,STR010,Denver Downtown #10,West,outlet,2,6,2876.56,2802.4300000000003,74.13,1438.8000000000002,1363.63,1401.22,48.66
2024-09-17,STR014,San Francisco Mall #14,Southwest,outlet,1,1,527.04,527.04,0.0,366.57,160.47,527.04,30.45
2024-09-17,STR016,Nashville Downtown #16,Northeast,online,1,2,252.98,252.98,0.0,165.08,87.9,252.98,34.75
2024-09-17,STR017,Charlotte Mall #17,Southeast,flagship,1,5,1222.8,1222.8,0.0,801.2,421.6,1222.8,34.48
2024-09-17,STR019,Philadelphia Downtown #19,Southwest,express,1,1,621.23,621.23,0.0,361.24,259.99,621.23,41.85
2024-09-18,STR003,Atlanta Mall #3,Midwest,express,1,4,124.56,124.56,0.0,67.56,57.0,124.56,45.76
2024-09-18,STR004,Miami Downtown #4,Southwest,online,1,2,707.7,707.7,0.0,543.42,164.28,707.7,23.21
2024-09-18,STR009,Phoenix Mall #9,Southwest,flagship,1,4,1419.64,1419.64,0.0,654.96,764.68,1419.64,53.86
2024-09-18,STR011,Los Angeles Mall #11,Northeast,express,1,3,1462.05,1462.05,0.0,865.05,597.0,1462.05,40.83
2024-09-18,STR015,Austin Mall #15,West,express,2,4,1112.53,1061.98,50.55,591.91,470.07,530.99,44.26
2024-09-18,STR019,Philadelphia Downtown #19,Southwest,express,2,9,5060.67,4772.37,288.3,2969.5,1802.8700000000001,2386.18,37.78
2024-09-18,STR020,San Diego Mall #20,West,online,2,6,1714.9199999999998,1555.7099999999998,159.21,745.1,810.61,777.85,52.11
2024-09-18,STR021,Las Vegas Mall #21,Northeast,flagship,2,6,2204.6400000000003,2204.6400000000003,0.0,1349.22,855.42,1102.32,38.8
2024-09-18,STR023,Kansas City Mall #23,Midwest,express,1,5,2365.85,2365.85,0.0,1258.35,1107.5,2365.85,46.81
2024-09-19,STR001,New York Downtown #1,Northeast,flagship,3,9,2469.77,2469.77,0.0,1343.99,1125.78,823.26,45.58
2024-09-19,STR003,Atlanta Mall #3,Midwest,express,1,5,1759.1,1759.1,0.0,947.5,811.6,1759.1,46.14
2024-09-19,STR006,Detroit Mall #6,Northeast,outlet,1,3,143.55,143.55,0.0,110.64,32.91,143.55,22.93
2024-09-19,STR009,Phoenix Mall #9,Southwest,flagship,1,4,677.48,677.48,0.0,433.04,244.44,677.48,36.08
2024-09-19,STR010,Denver Downtown #10,West,outlet,1,1,327.25,327.25,0.0,260.64,66.61,327.25,20.35
2024-09-19,STR013,Portland Downtown #13,Midwest,flagship,1,1,249.34,249.34,0.0,175.81,73.53,249.34,29.49
2024-09-19,STR015,Austin Mall #15,West,express,1,4,2234.64,2234.64,0.0,1288.56,946.08,2234.64,42.34
2024-09-19,STR017,Charlotte Mall #17,Southeast,flagship,1,2,737.0,737.0,0.0,628.68,108.32,737.0,14.7
2024-09-19,STR018,Minneapolis Mall #18,Midwest,outlet,1,5,155.7,155.7,0.0,84.45,71.25,155.7,45.76
2024-09-19,STR019,Philadelphia Downtown #19,Southwest,express,1,3,741.3,741.3,0.0,319.38,421.92,741.3,56.92
2024-09-19,STR023,Kansas City Mall #23,Midwest,express,1,5,3109.1,3109.1,0.0,1569.95,1539.15,3109.1,49.5
2024-09-20,STR002,Boston Mall #2,Southeast,outlet,1,3,2696.94,2696.94,0.0,1190.91,1506.03,2696.94,55.84
2024-09-20,STR004,Miami Downtown #4,Southwest,online,1,4,1097.2,1097.2,0.0,765.32,331.88,1097.2,30.25
2024-09-20,STR005,Chicago Mall #5,West,flagship,1,1,146.15,146.15,0.0,122.97,23.18,146.15,15.86
2024-09-20,STR006,Detroit Mall #6,Northeast,outlet,1,4,1347.92,1213.13,134.79,686.0,527.13,1213.13,43.45
2024-09-20,STR008,Houston Mall #8,Midwest,online,2,3,640.83,640.83,0.0,469.12,171.71,320.42,26.79
2024-09-20,STR011,Los Angeles Mall #11,Northeast,express,3,12,2840.7,2573.3,267.4,1805.69,767.61,857.77,29.83
2024-09-20,STR013,Portland Downtown #13,Midwest,flagship,1,2,519.14,493.18,25.96,298.88,194.3,493.18,39.4
2024-09-20,STR014,San Francisco Mall #14,Southwest,outlet,1,2,1191.18,1191.18,0.0,612.94,578.24,1191.18,48.54
2024-09-20,STR019,Philadelphia Downtown #19,Southwest,express,2,6,2463.31,2463.31,0.0,1565.28,898.03,1231.66,36.46
2024-09-20,STR021,Las Vegas Mall #21,Northeast,flagship,2,9,2612.48,2612.48,0.0,1922.7200000000003,689.76,1306.24,26.4
2024-09-20,STR022,Orlando Downtown #22,Southeast,outlet,1,1,719.52,719.52,0.0,342.93,376.59,719.52,52.34
2024-09-20,STR023,Kansas City Mall #23,Midwest,express,1,3,355.08,337.33,17.75,153.75,183.58,337.33,54.42
2024-09-21,STR001,New York Downtown #1,Northeast,flagship,1,1,26.09,26.09,0.0,19.43,6.66,26.09,25.53
2024-09-21,STR005,Chicago Mall #5,West,flagship,1,5,2185.4,2185.4,0.0,1850.35,335.05,2185.4,15.33
2024-09-21,STR006,Detroit Mall #6,Northeast,outlet,1,5,1371.5,1371.5,0.0,956.65,414.85,1371.5,30.25
2024-09-21,STR012,Seattle Mall #12,Southeast,online,1,3,368.4,368.4,0.0,280.2,88.2,368.4,23.94
2024-09-21,STR015,Austin Mall #15,West,express,3,12,4073.69,4073.69,0.0,2522.34,1551.35,1357.9,38.08
2024-09-21,STR017,Charlotte Mall #17,Southeast,flagship,1,5,638.1,638.1,0.0,489.55,148.55,638.1,23.28
2024-09-21,STR019,Philadelphia Downtown #19,Southwest,express,1,1,354.91,337.16,17.75,163.74,173.42,337.16,51.44
2024-09-21,STR020,San Diego Mall #20,West,online,1,5,496.85,496.85,0.0,227.2,269.65,496.85,54.27
2024-09-21,STR022,Orlando Downtown #22,Southeast,outlet,1,5,632.45,632.45,0.0,412.7,219.75,632.45,34.75
2024-09-22,STR003,Atlanta Mall #3,Midwest,express,2,7,2127.79,2040.3700000000001,87.42,1727.9,312.47,1020.18,15.31
2024-09-22,STR004,Miami Downtown #4,Southwest,online,1,4,1306.12,1306.12,0.0,933.12,373.0,1306.12,28.56
2024-09-22,STR006,Detroit Mall #6,Northeast,outlet,1,1,336.98,336.98,0.0,171.5,165.48,336.98,49.11
2024-09-22,STR008,Houston Mall #8,Midwest,online,1,5,2145.35,2145.35,0.0,1326.7,818.65,2145.35,38.16
2024-09-22,STR010,Denver Downtown #10,West,outlet,1,2,980.16,980.16,0.0,530.88,449.28,980.16,45.84
2024-09-22,STR011,Los Angeles Mall #11,Northeast,express,1,5,864.6,864.6,0.0,569.95,294.65,864.6,34.08
2024-09-22,STR012,Seattle Mall #12,Southeast,online,1,1,507.8,507.8,0.0,374.55,133.25,507.8,26.24
2024-09-22,STR013,Portland Downtown #13,Midwest,flagship,2,8,3726.87,3588.3399999999997,138.53,1893.69,1694.6499999999999,1794.17,47.23
2024-09-22,STR019,Philadelphia Downtown #19,Southwest,express,1,3,981.84,932.75,49.09,448.89,483.86,932.75,51.87
2024-09-22,STR020,San Diego Mall #20,West,online,1,3,436.53,436.53,0.0,301.92,134.61,436.53,30.84
2024-09-22,STR021,Las Vegas Mall #21,Northeast,flagship,1,1,487.35,487.35,0.0,288.35,199.0,487.35,40.83
2024-09-22,STR022,Orlando Downtown #22,Southeast,outlet,1,3,93.42,93.42,0.0,50.67,42.75,93.42,45.76
2024-09-23,STR003,Atlanta Mall #3,Midwest,express,3,9,1946.3400000000001,1894.43,51.91,1000.1899999999999,894.24,631.48,47.2
2024-09-23,STR005,Chicago Mall #5,West,flagship,2,4,1395.3600000000001,1395.3600000000001,0.0,980.32,415.03999999999996,697.68,29.74
2024-09-23,STR006,Detroit Mall #6,Northeast,outlet,1,3,1929.45,1929.45,0.0,1072.77,856.68,1929.45,44.4
2024-09-23,STR008,Houston Mall #8,Midwest,online,1,5,1331.5,1331.5,0.0,627.55,703.95,1331.5,52.87
2024-09-23,STR011,Los Angeles Mall #11,Northeast,express,1,4,1618.96,1538.01,80.95,1078.2,459.81,1538.01,29.9
2024-09-23,STR014,San Francisco Mall #14,Southwest,outlet,1,4,2031.2,2031.2,0.0,1498.2,533.0,2031.2,26.24
2024-09-23,STR017,Charlotte Mall #17,Southeast,flagship,1,1,473.17,473.17,0.0,251.67,221.5,473.17,46.81
2024-09-23,STR020,San Diego Mall #20,West,online,1,3,1061.55,1061.55,0.0,815.13,246.42,1061.55,23.21
2024-09-23,STR021,Las Vegas Mall #21,Northeast,flagship,1,1,412.83,392.19,20.64,193.96,198.23,392.19,50.54
2024-09-24,STR003,Atlanta Mall #3,Midwest,express,1,3,810.51,810.51,0.0,383.22,427.29,810.51,52.72
2024-09-24,STR009,Phoenix Mall #9,Southwest,flagship,1,1,648.85,648.85,0.0,298.91,349.94,648.85,53.93
2024-09-24,STR013,Portland Downtown #13,Midwest,flagship,2,6,3017.6,3005.24,12.36,1302.56,1702.68,1502.62,56.66
2024-09-24,STR015,Austin Mall #15,West,express,2,6,2178.15,2125.0699999999997,53.08,1094.66,1030.41,1062.53,48.49
2024-09-24,STR016,Nashville Downtown #16,Northeast,online,2,4,1550.68,1550.68,0.0,762.9000000000001,787.78,775.34,50.8
2024-09-24,STR019,Philadelphia Downtown #19,Southwest,express,2,3,902.64,756.6999999999999,145.94,443.17,313.53,378.35,41.43
2024-09-24,STR021,Las Vegas Mall #21,Northeast,flagship,2,7,518.63,518.63,0.0,259.1,259.53,259.32,50.04
2024-09-24,STR022,Orlando Downtown #22,Southeast,outlet,2,3,1093.1200000000001,1052.85,40.27,723.77,329.08000000000004,526.42,31.26
2024-09-25,STR006,Detroit Mall #6,Northeast,outlet,2,8,3139.28,3139.28,0.0,1618.3200000000002,1520.96,1569.64,48.45
2024-09-25,STR008,Houston Mall #8,Midwest,online,2,7,3174.37,2960.46,213.91,2556.29,404.17,1480.23,13.65
2024-09-25,STR013,Portland Downtown #13,Midwest,flagship,1,4,124.56,99.65,24.91,67.56,32.09,99.65,32.2
2024-09-25,STR014,San Francisco Mall #14,Southwest,outlet,1,2,539.96,539.96,0.0,402.84,137.12,539.96,25.39
2024-09-25,STR015,Austin Mall #15,West,express,1,2,1154.16,1096.45,57.71,762.5,333.95,1096.45,30.46
2024-09-25,STR018,Minneapolis Mall #18,Midwest,outlet,2,10,6611.5,6611.5,0.0,3650.0,2961.5,3305.75,44.79
2024-09-25,STR022,Orlando Downtown #22,Southeast,outlet,1,2,232.62,232.62,0.0,190.22,42.4,232.62,18.23
2024-09-25,STR023,Kansas City Mall #23,Midwest,express,1,2,467.72,467.72,0.0,233.5,234.22,467.72,50.08
2024-09-26,STR003,Atlanta Mall #3,Midwest,express,2,5,2392.88,2392.88,0.0,1230.8100000000002,1162.07,1196.44,48.56
2024-09-26,STR004,Miami Downtown #4,Southwest,online,1,5,1607.8,1527.41,80.39,1179.4,348.01,1527.41,22.78
2024-09-26,STR006,Detroit Mall #6,Northeast,outlet,1,4,104.36,104.36,0.0,77.72,26.64,104.36,25.53
2024-09-26,STR010,Denver Downtown #10,West,outlet,1,4,42.08,42.08,0.0,19.72,22.36,42.08,53.14
2024-09-26,STR011,Los Angeles Mall #11,Northeast,express,3,11,4083.27,4048.69,34.58,2229.92,1818.77,1349.56,44.92
2024-09-26,STR016,Nashville Downtown #16,Northeast,online,1,1,351.82,334.23,17.59,189.5,144.73,334.23,43.3
2024-09-26,STR017,Charlotte Mall #17,Southeast,flagship,1,4,310.72,310.72,0.0,151.36,159.36,310.72,51.29
2024-09-26,STR018,Minneapolis Mall #18,Midwest,outlet,1,1,507.8,507.8,0.0,374.55,133.25,507.8,26.24
2024-09-26,STR022,Orlando Downtown #22,Southeast,outlet,1,2,1001.1,1001.1,0.0,647.36,353.74,1001.1,35.34
2024-09-27,STR002,Boston Mall #2,Southeast,outlet,1,4,2156.16,2156.16,0.0,1250.92,905.24,2156.16,41.98
2024-09-27,STR003,Atlanta Mall #3,Midwest,express,1,1,61.42,61.42,0.0,34.93,26.49,61.42,43.13
2024-09-27,STR004,Miami Downtown #4,Southwest,online,1,2,1191.18,1131.62,59.56,612.94,518.68,1131.62,45.84
2024-09-27,STR005,Chicago Mall #5,West,flagship,1,2,117.04,117.04,0.0,88.3,28.74,117.04,24.56
2024-09-27,STR007,Dallas Downtown #7,Southeast,express,1,1,353.85,353.85,0.0,271.71,82.14,353.85,23.21
2024-09-27,STR013,Portland Downtown #13,Midwest,flagship,3,11,3617.9900000000002,3510.0,107.99,2714.2699999999995,795.73,1170.0,22.67
2024-09-27,STR014,San Francisco Mall #14,Southwest,outlet,1,3,241.98,241.98,0.0,172.86,69.12,241.98,28.56
2024-09-27,STR015,Austin Mall #15,West,express,1,5,1777.05,1777.05,0.0,1046.15,730.9,1777.05,41.13
2024-09-27,STR017,Charlotte Mall #17,Southeast,flagship,1,2,1054.08,1054.08,0.0,733.14,320.94,1054.08,30.45
2024-09-27,STR018,Minneapolis Mall #18,Midwest,outlet,2,3,1040.96,1040.96,0.0,500.08,540.88,520.48,51.96
2024-09-27,STR019,Philadelphia Downtown #19,Southwest,express,1,4,551.0,551.0,0.0,317.88,233.12,551.0,42.31
2024-09-27,STR021,Las Vegas Mall #21,Northeast,flagship,1,1,116.31,116.31,0.0,95.11,21.2,116.31,18.23
2024-09-27,STR022,Orlando Downtown #22,Southeast,outlet,1,3,810.51,810.51,0.0,383.22,427.29,810.51,52.72
2024-09-28,STR003,Atlanta Mall #3,Midwest,express,1,1,412.83,412.83,0.0,193.96,218.87,412.83,53.02
2024-09-28,STR005,Chicago Mall #5,West,flagship,2,6,1891.4,1753.31,138.09,1169.22,584.09,876.66,33.31
2024-09-28,STR007,Dallas Downtown #7,Southeast,express,2,5,1222.97,1222.97,0.0,759.8299999999999,463.14,611.48,37.87
2024-09-28,STR008,Houston Mall #8,Midwest,online,1,4,1038.28,830.62,207.66,597.76,232.86,830.62,28.03
2024-09-28,STR009,Phoenix Mall #9,Southwest,flagship,1,4,3293.28,3293.28,0.0,1550.92,1742.36,3293.28,52.91
2024-09-28,STR011,Los Angeles Mall #11,Northeast,express,1,1,429.07,429.07,0.0,265.34,163.73,429.07,38.16
2024-09-28,STR012,Seattle Mall #12,Southeast,online,2,3,920.71,920.71,0.0,452.48,468.23,460.36,50.86
2024-09-28,STR014,San Francisco Mall #14,Southwest,outlet,1,4,322.68,322.68,0.0,273.84,48.84,322.68,15.14
2024-09-28,STR017,Charlotte Mall #17,Southeast,flagship,2,3,959.1600000000001,852.69,106.47,503.29,349.4,426.34,40.98
2024-09-28,STR019,Philadelphia Downtown #19,Southwest,express,1,4,2595.4,2595.4,0.0,1195.64,1399.76,2595.4,53.93
2024-09-28,STR020,San Diego Mall #20,West,online,1,1,244.56,244.56,0.0,160.24,84.32,244.56,34.48
2024-09-29,STR001,New York Downtown #1,Northeast,flagship,1,1,429.07,429.07,0.0,265.34,163.73,429.07,38.16
2024-09-29,STR007,Dallas Downtown #7,Southeast,express,2,9,4926.66,4372.5599999999995,554.1,2447.02,1925.54,2186.28,44.04
2024-09-29,STR010,Denver Downtown #10,West,outlet,1,4,997.36,997.36,0.0,703.24,294.12,997.36,29.49
2024-09-29,STR012,Seattle Mall #12,Southeast,online,2,7,4513.62,4513.62,0.0,2190.67,2322.95,2256.81,51.47
2024-09-29,STR014,San Francisco Mall #14,Southwest,outlet,1,5,2981.85,2981.85,0.0,1736.3,1245.55,2981.85,41.77
2024-09-29,STR015,Austin Mall #15,West,express,2,7,2224.51,1981.43,243.08,1513.87,467.56,990.72,23.6
2024-09-29,STR016,Nashville Downtown #16,Northeast,online,1,2,709.82,709.82,0.0,327.48,382.34,709.82,53.86
2024-09-29,STR019,Philadelphia Downtown #19,Southwest,express,1,5,472.35,472.35,0.0,237.9,234.45,472.35,49.63
2024-09-29,STR021,Las Vegas Mall #21,Northeast,flagship,2,9,3845.98,3845.98,0.0,1860.8999999999999,1985.0800000000002,1922.99,51.61
2024-09-29,STR022,Orlando Downtown #22,Southeast,outlet,1,3,912.81,912.81,0.0,620.97,291.84,912.81,31.97
2024-09-30,STR001,New York Downtown #1,Northeast,flagship,1,4,2216.4,1883.94,332.46,956.88,927.06,1883.94,49.21
2024-09-30,STR002,Boston Mall #2,Southeast,outlet,1,5,2502.75,2502.75,0.0,1618.4,884.35,2502.75,35.34
2024-09-30,STR003,Atlanta Mall #3,Midwest,express,2,7,2712.03,2712.03,0.0,1601.6799999999998,1110.3500000000001,1356.02,40.94
2024-09-30,STR006,Detroit Mall #6,Northeast,outlet,1,2,203.18,203.18,0.0,154.82,48.36,203.18,23.8
2024-09-30,STR007,Dallas Downtown #7,Southeast,express,2,5,1775.69,1600.62,175.07,1302.3400000000001,298.28,800.31,18.64
2024-09-30,STR010,Denver Downtown #10,West,outlet,3,9,1654.47,1446.68,207.79,968.0999999999999,478.58000000000004,482.23,33.08
2024-09-30,STR012,Seattle Mall #12,Southeast,online,1,3,438.45,438.45,0.0,368.91,69.54,438.45,15.86
2024-09-30,STR013,Portland Downtown #13,Midwest,flagship,1,2,1357.86,1222.07,135.79,599.9,622.17,1222.07,50.91
2024-09-30,STR016,Nashville Downtown #16,Northeast,online,2,5,1219.92,1123.45,96.47,903.46,219.99,561.72,19.58
2024-09-30,STR019,Philadelphia Downtown #19,Southwest,express,1,4,216.56,216.56,0.0,175.6,40.96,216.56,18.91
2024-09-30,STR020,San Diego Mall #20,West,online,2,8,3223.83,2913.54,310.29,1909.1599999999999,1004.38,1456.77,34.47
2024-09-30,STR021,Las Vegas Mall #21,Northeast,flagship,1,5,130.1,130.1,0.0,55.4,74.7,130.1,57.42
2024-10-01,STR002,Boston Mall #2,Southeast,outlet,1,5,4116.6,3499.11,617.49,1938.65,1560.46,3499.11,44.6
2024-10-01,STR003,Atlanta Mall #3,Midwest,express,1,4,1839.2,1839.2,0.0,1276.52,562.68,1839.2,30.59
2024-10-01,STR004,Miami Downtown #4,Southwest,online,1,4,2177.72,2068.83,108.89,1057.8,1011.03,2068.83,48.87
2024-10-01,STR006,Detroit Mall #6,Northeast,outlet,1,5,1945.25,1945.25,0.0,1480.6,464.65,1945.25,23.89
2024-10-01,STR008,Houston Mall #8,Midwest,online,1,2,467.72,444.33,23.39,233.5,210.83,444.33,47.45
2024-10-01,STR010,Denver Downtown #10,West,outlet,3,8,918.43,845.06,73.37,593.5,251.56,281.69,29.77
2024-10-01,STR014,San Francisco Mall #14,Southwest,outlet,2,9,1387.02,1387.02,0.0,980.3299999999999,406.69,693.51,29.32
2024-10-01,STR015,Austin Mall #15,West,express,1,4,2595.4,2595.4,0.0,1195.64,1399.76,2595.4,53.93
2024-10-01,STR020,San Diego Mall #20,West,online,1,2,1078.08,916.37,161.71,625.46,290.91,916.37,31.75
2024-10-01,STR021,Las Vegas Mall #21,Northeast,flagship,1,3,1580.25,1580.25,0.0,966.9,613.35,1580.25,38.81
2024-10-02,STR002,Boston Mall #2,Southeast,outlet,2,8,2946.71,2901.07,45.64,1687.22,1213.85,1450.54,41.84
2024-10-02,STR007,Dallas Downtown #7,Southeast,express,2,3,786.4200000000001,744.63,41.79,521.25,223.38,372.32,30.0
2024-10-02,STR013,Portland Downtown #13,Midwest,flagship,1,2,203.18,203.18,0.0,154.82,48.36,203.18,23.8
2024-10-02,STR017,Charlotte Mall #17,Southeast,flagship,1,1,406.78,406.78,0.0,213.25,193.53,406.78,47.58
2024-10-02,STR018,Minneapolis Mall #18,Midwest,outlet,1,1,317.96,317.96,0.0,238.58,79.38,317.96,24.97
2024-10-02,STR020,San Diego Mall #20,West,online,2,7,2764.95,2764.95,0.0,1636.6599999999999,1128.29,1382.48,40.81
2024-10-02,STR023,Kansas City Mall #23,Midwest,express,3,5,1881.21,1881.21,0.0,1360.78,520.4300000000001,627.07,27.66
2024-10-03,STR003,Atlanta Mall #3,Midwest,express,1,4,1306.12,1240.81,65.31,933.12,307.69,1240.81,24.8
2024-10-03,STR006,Detroit Mall #6,Northeast,outlet,1,4,1892.68,1892.68,0.0,1006.68,886.0,1892.68,46.81
2024-10-03,STR008,Houston Mall #8,Midwest,online,1,5,403.35,403.35,0.0,342.3,61.05,403.35,15.14
2024-10-03,STR011,Los Angeles Mall #11,Northeast,express,1,3,304.77,304.77,0.0,232.23,72.54,304.77,23.8
2024-10-03,STR012,Seattle Mall #12,Southeast,online,1,2,1139.74,1139.74,0.0,547.7,592.04,1139.74,51.95
2024-10-03,STR013,Portland Downtown #13,Midwest,flagship,1,1,259.57,259.57,0.0,149.44,110.13,259.57,42.43
2024-10-03,STR018,Minneapolis Mall #18,Midwest,outlet,1,2,498.68,498.68,0.0,351.62,147.06,498.68,29.49
2024-10-03,STR019,Philadelphia Downtown #19,Southwest,express,1,3,207.57,207.57,0.0,177.81,29.76,207.57,14.34
2024-10-03,STR020,San Diego Mall #20,West,online,1,2,67.32,67.32,0.0,39.74,27.58,67.32,40.97
2024-10-03,STR022,Orlando Downtown #22,Southeast,outlet,1,1,259.57,259.57,0.0,149.44,110.13,259.57,42.43
2024-10-04,STR001,New York Downtown #1,Northeast,flagship,2,4,2364.38,2364.38,0.0,1340.6399999999999,1023.74,1182.19,43.3
2024-10-04,STR003,Atlanta Mall #3,Midwest,express,1,1,33.66,33.66,0.0,19.87,13.79,33.66,40.97
2024-10-04,STR004,Miami Downtown #4,Southwest,online,1,3,912.81,912.81,0.0,620.97,291.84,912.81,31.97
2024-10-04,STR006,Detroit Mall #6,Northeast,outlet,1,5,1593.95,1593.95,0.0,1162.65,431.3,1593.95,27.06
2024-10-04,STR008,Houston Mall #8,Midwest,online,1,3,603.99,573.79,30.2,502.47,71.32,573.79,12.43
2024-10-04,STR010,Denver Downtown #10,West,outlet,1,5,2708.05,2708.05,0.0,1333.05,1375.0,2708.05,50.77
2024-10-04,STR011,Los Angeles Mall #11,Northeast,express,1,5,1297.85,1297.85,0.0,747.2,550.65,1297.85,42.43
2024-10-04,STR013,Portland Downtown #13,Midwest,flagship,1,4,245.68,245.68,0.0,139.72,105.96,245.68,43.13
2024-10-04,STR014,San Francisco Mall #14,Southwest,outlet,1,3,1465.65,1465.65,0.0,1050.24,415.41,1465.65,28.34
2024-10-04,STR017,Charlotte Mall #17,Southeast,flagship,1,5,3244.25,3244.25,0.0,1494.55,1749.7,3244.25,53.93
2024-10-04,STR018,Minneapolis Mall #18,Midwest,outlet,2,5,1826.18,1592.75,233.43,1385.9,206.85,796.38,12.99
2024-10-04,STR020,San Diego Mall #20,West,online,2,10,1938.4,1723.8300000000002,214.57,1499.6,224.23000000000002,861.92,13.01
2024-10-05,STR003,Atlanta Mall #3,Midwest,express,2,7,2293.2,2293.2,0.0,1108.27,1184.93,1146.6,51.67
2024-10-05,STR006,Detroit Mall #6,Northeast,outlet,1,5,388.4,388.4,0.0,189.2,199.2,388.4,51.29
2024-10-05,STR007,Dallas Downtown #7,Southeast,express,1,1,643.15,643.15,0.0,357.59,285.56,643.15,44.4
2024-10-05,STR008,Houston Mall #8,Midwest,online,1,2,983.62,934.44,49.18,574.64,359.8,934.44,38.5
2024-10-05,STR009,Phoenix Mall #9,Southwest,flagship,1,3,298.11,298.11,0.0,136.32,161.79,298.11,54.27
2024-10-05,STR010,Denver Downtown #10,West,outlet,2,5,1315.77,1149.54,166.23,656.25,493.28999999999996,574.77,42.91
2024-10-05,STR011,Los Angeles Mall #11,Northeast,express,1,4,1644.28,1644.28,0.0,889.28,755.0,1644.28,45.92
2024-10-05,STR014,San Francisco Mall #14,Southwest,outlet,2,4,2157.54,2157.54,0.0,1059.0,1098.54,1078.77,50.92
2024-10-05,STR016,Nashville Downtown #16,Northeast,online,1,3,830.04,830.04,0.0,378.96,451.08,830.04,54.34
2024-10-05,STR018,Minneapolis Mall #18,Midwest,outlet,2,6,433.59000000000003,433.59000000000003,0.0,257.19,176.39999999999998,216.8,40.68
2024-10-05,STR020,San Diego Mall #20,West,online,1,2,1389.24,1389.24,0.0,740.4,648.84,1389.24,46.7
2024-10-05,STR021,Las Vegas Mall #21,Northeast,flagship,1,1,47.85,47.85,0.0,36.88,10.97,47.85,22.93
2024-10-05,STR022,Orlando Downtown #22,Southeast,outlet,3,10,3690.41,3690.41,0.0,2038.73,1651.68,1230.14,44.76
2024-10-05,STR023,Kansas City Mall #23,Midwest,express,1,5,4398.2,4398.2,0.0,1924.2,2474.0,4398.2,56.25
2024-10-06,STR004,Miami Downtown #4,Southwest,online,1,4,1554.84,1243.87,310.97,785.84,458.03,1243.87,36.82
2024-10-06,STR005,Chicago Mall #5,West,flagship,1,2,255.24,255.24,0.0,195.82,59.42,255.24,23.28
2024-10-06,STR009,Phoenix Mall #9,Southwest,flagship,2,4,1160.92,1160.92,0.0,860.5699999999999,300.34999999999997,580.46,25.87
2024-10-06,STR013,Portland Downtown #13,Midwest,flagship,1,2,278.62,278.62,0.0,146.7,131.92,278.62,47.35
2024-10-06,STR017,Charlotte Mall #17,Southeast,flagship,1,4,397.48,397.48,0.0,181.76,215.72,397.48,54.27
2024-10-06,STR019,Philadelphia Downtown #19,Southwest,express,1,4,322.64,306.51,16.13,230.48,76.03,306.51,24.81
2024-10-06,STR020,San Diego Mall #20,West,online,2,6,2722.74,2722.74,0.0,1703.4,1019.34,1361.37,37.44
2024-10-06,STR022,Orlando Downtown #22,Southeast,outlet,1,1,473.17,473.17,0.0,251.67,221.5,473.17,46.81
2024-10-07,STR004,Miami Downtown #4,Southwest,online,2,4,1909.62,1909.62,0.0,1186.42,723.2,954.81,37.87
2024-10-07,STR006,Detroit Mall #6,Northeast,outlet,1,2,122.84,116.7,6.14,69.86,46.84,116.7,40.14
2024-10-07,STR011,Los Angeles Mall #11,Northeast,express,1,2,548.6,548.6,0.0,382.66,165.94,548.6,30.25
2024-10-07,STR013,Portland Downtown #13,Midwest,flagship,1,4,104.08,104.08,0.0,44.32,59.76,104.08,57.42
2024-10-07,STR014,San Francisco Mall #14,Southwest,outlet,1,1,539.04,539.04,0.0,312.73,226.31,539.04,41.98
2024-10-07,STR015,Austin Mall #15,West,express,1,3,1729.77,1729.77,0.0,1147.02,582.75,1729.77,33.69
2024-10-07,STR016,Nashville Downtown #16,Northeast,online,1,2,643.12,643.12,0.0,471.76,171.36,643.12,26.65
2024-10-07,STR018,Minneapolis Mall #18,Midwest,outlet,1,2,825.66,825.66,0.0,387.92,437.74,825.66,53.02
2024-10-07,STR020,San Diego Mall #20,West,online,1,3,1808.34,1808.34,0.0,1161.21,647.13,1808.34,35.79
2024-10-08,STR001,New York Downtown #1,Northeast,flagship,2,3,1516.76,1412.57,104.19,814.8399999999999,597.73,706.28,42.32
2024-10-08,STR004,Miami Downtown #4,Southwest,online,1,5,2635.2,2635.2,0.0,1832.85,802.35,2635.2,30.45
2024-10-08,STR005,Chicago Mall #5,West,flagship,1,3,798.9,798.9,0.0,376.53,422.37,798.9,52.87
2024-10-08,STR006,Detroit Mall #6,Northeast,outlet,1,5,701.0,701.0,0.0,551.75,149.25,701.0,21.29
2024-10-08,STR007,Dallas Downtown #7,Southeast,express,1,5,3013.9,2863.2,150.7,1935.35,927.85,2863.2,32.41
2024-10-08,STR008,Houston Mall #8,Midwest,online,3,12,3894.49,3826.3,68.19,2841.19,985.11,1275.43,25.75
2024-10-08,STR012,Seattle Mall #12,Southeast,online,1,4,2411.12,2290.56,120.56,1548.28,742.28,2290.56,32.41
2024-10-08,STR015,Austin Mall #15,West,express,1,3,247.53,222.78,24.75,118.8,103.98,222.78,46.67
2024-10-08,STR017,Charlotte Mall #17,Southeast,flagship,1,4,3518.56,3518.56,0.0,1539.36,1979.2,3518.56,56.25
2024-10-08,STR020,San Diego Mall #20,West,online,2,8,3261.6400000000003,3261.6400000000003,0.0,1892.2800000000002,1369.3600000000001,1630.82,41.98
2024-10-09,STR004,Miami Downtown #4,Southwest,online,1,5,3013.9,2712.51,301.39,1935.35,777.16,2712.51,28.65
2024-10-09,STR006,Detroit Mall #6,Northeast,outlet,1,5,2793.3,2793.3,0.0,1610.7,1182.6,2793.3,42.34
2024-10-09,STR007,Dallas Downtown #7,Southeast,express,1,5,388.4,388.4,0.0,189.2,199.2,388.4,51.29
2024-10-09,STR009,Phoenix Mall #9,Southwest,flagship,2,6,2245.86,2245.86,0.0,1295.98,949.88,1122.93,42.29
2024-10-09,STR010,Denver Downtown #10,West,outlet,1,3,1709.61,1538.65,170.96,821.55,717.1,1538.65,46.61
2024-10-09,STR011,Los Angeles Mall #11,Northeast,express,2,8,3442.3999999999996,3442.3999999999996,0.0,2194.44,1247.96,1721.2,36.25
2024-10-09,STR012,Seattle Mall #12,Southeast,online,1,5,1173.05,1114.4,58.65,768.25,346.15,1114.4,31.06
2024-10-09,STR014,San Francisco Mall #14,Southwest,outlet,2,6,1056.9,1056.9,0.0,834.22,222.68,528.45,21.07
2024-10-09,STR015,Austin Mall #15,West,express,3,12,5140.63,4978.42,162.21,2388.81,2589.61,1659.47,52.02
2024-10-09,STR016,Nashville Downtown #16,Northeast,online,1,1,412.83,350.91,61.92,193.96,156.95,350.91,44.73
2024-10-09,STR021,Las Vegas Mall #21,Northeast,flagship,1,3,793.5,793.5,0.0,420.15,373.35,793.5,47.05
2024-10-09,STR022,Orlando Downtown #22,Southeast,outlet,3,11,3248.66,3248.66,0.0,2419.8,828.86,1082.89,25.51
2024-10-10,STR003,Atlanta Mall #3,Midwest,express,1,5,2033.9,2033.9,0.0,1066.25,967.65,2033.9,47.58
2024-10-10,STR004,Miami Downtown #4,Southwest,online,1,5,2459.05,2459.05,0.0,1436.6,1022.45,2459.05,41.58
2024-10-10,STR005,Chicago Mall #5,West,flagship,2,6,3310.43,3310.43,0.0,1737.44,1572.99,1655.22,47.52
2024-10-10,STR006,Detroit Mall #6,Northeast,outlet,1,5,2849.35,2849.35,0.0,1369.25,1480.1,2849.35,51.95
2024-10-10,STR014,San Francisco Mall #14,Southwest,outlet,1,3,382.86,382.86,0.0,293.73,89.13,382.86,23.28
2024-10-10,STR015,Austin Mall #15,West,express,1,2,95.7,95.7,0.0,73.76,21.94,95.7,22.93
2024-10-10,STR016,Nashville Downtown #16,Northeast,online,1,4,1892.68,1892.68,0.0,1006.68,886.0,1892.68,46.81
2024-10-10,STR017,Charlotte Mall #17,Southeast,flagship,1,3,793.5,793.5,0.0,420.15,373.35,793.5,47.05
2024-10-10,STR018,Minneapolis Mall #18,Midwest,outlet,2,7,655.6600000000001,638.3000000000001,17.36,455.84,182.46,319.15,28.59
2024-10-10,STR020,San Diego Mall #20,West,online,1,5,3109.1,3109.1,0.0,1569.95,1539.15,3109.1,49.5
2024-10-10,STR021,Las Vegas Mall #21,Northeast,flagship,1,5,2981.85,2832.76,149.09,1736.3,1096.46,2832.76,38.71
2024-10-10,STR023,Kansas City Mall #23,Midwest,express,1,3,1983.99,1983.99,0.0,1042.08,941.91,1983.99,47.48
2024-10-11,STR002,Boston Mall #2,Southeast,outlet,1,5,1777.05,1777.05,0.0,1046.15,730.9,1777.05,41.13
2024-10-11,STR004,Miami Downtown #4,Southwest,online,1,3,1426.05,1426.05,0.0,1076.01,350.04,1426.05,24.55
2024-10-11,STR005,Chicago Mall #5,West,flagship,2,5,2354.55,2354.55,0.0,1129.01,1225.54,1177.28,52.05
2024-10-11,STR006,Detroit Mall #6,Northeast,outlet,1,4,1271.84,1271.84,0.0,954.32,317.52,1271.84,24.97
2024-10-11,STR009,Phoenix Mall #9,Southwest,flagship,1,5,307.1,276.39,30.71,174.65,101.74,276.39,36.81
2024-10-11,STR010,Denver Downtown #10,West,outlet,1,4,1892.68,1892.68,0.0,1006.68,886.0,1892.68,46.81
2024-10-11,STR012,Seattle Mall #12,Southeast,online,1,5,1759.1,1671.15,87.95,947.5,723.65,1671.15,43.3
2024-10-11,STR017,Charlotte Mall #17,Southeast,flagship,1,1,247.1,222.39,24.71,106.46,115.93,222.39,52.13
2024-10-11,STR018,Minneapolis Mall #18,Midwest,outlet,1,5,2078.85,2078.85,0.0,1402.4,676.45,2078.85,32.54
2024-10-11,STR022,Orlando Downtown #22,Southeast,outlet,1,5,2290.95,2290.95,0.0,986.5,1304.45,2290.95,56.94
2024-10-11,STR023,Kansas City Mall #23,Midwest,express,1,2,1646.64,1646.64,0.0,775.46,871.18,1646.64,52.91
2024-10-12,STR001,New York Downtown #1,Northeast,flagship,3,12,5455.88,5265.1,190.78,3396.28,1868.8200000000002,1755.03,35.49
2024-10-12,STR002,Boston Mall #2,Southeast,outlet,1,5,1349.9,1349.9,0.0,1007.1,342.8,1349.9,25.39
2024-10-12,STR006,Detroit Mall #6,Northeast,outlet,1,3,348.93,348.93,0.0,285.33,63.6,348.93,18.23
2024-10-12,STR013,Portland Downtown #13,Midwest,flagship,1,5,507.95,482.55,25.4,387.05,95.5,482.55,19.79
2024-10-12,STR014,San Francisco Mall #14,Southwest,outlet,1,4,691.68,622.51,69.17,455.96,166.55,622.51,26.75
2024-10-12,STR015,Austin Mall #15,West,express,1,5,292.6,292.6,0.0,220.75,71.85,292.6,24.56
2024-10-12,STR020,San Diego Mall #20,West,online,3,9,5108.360000000001,4994.39,113.97,2987.17,2007.22,1664.8,40.19
2024-10-12,STR022,Orlando Downtown #22,Southeast,outlet,1,1,475.35,475.35,0.0,358.67,116.68,475.35,24.55
2024-10-13,STR002,Boston Mall #2,Southeast,outlet,1,5,2025.65,2025.65,0.0,1264.25,761.4,2025.65,37.59
2024-10-13,STR003,Atlanta Mall #3,Midwest,express,1,3,748.02,748.02,0.0,527.43,220.59,748.02,29.49
2024-10-13,STR008,Houston Mall #8,Midwest,online,1,2,519.14,493.18,25.96,298.88,194.3,493.18,39.4
2024-10-13,STR009,Phoenix Mall #9,Southwest,flagship,3,10,4363.09,4142.55,220.54,2304.56,1837.9900000000002,1380.85,44.37
2024-10-13,STR012,Seattle Mall #12,Southeast,online,1,5,2025.65,1924.37,101.28,1264.25,660.12,1924.37,34.3
2024-10-13,STR016,Nashville Downtown #16,Northeast,online,1,3,1419.51,1419.51,0.0,755.01,664.5,1419.51,46.81
2024-10-13,STR018,Minneapolis Mall #18,Midwest,outlet,1,3,1470.24,1470.24,0.0,796.32,673.92,1470.24,45.84
2024-10-13,STR019,Philadelphia Downtown #19,Southwest,express,2,8,2946.02,2946.02,0.0,1329.17,1616.8500000000001,1473.01,54.88
2024-10-13,STR020,San Diego Mall #20,West,online,1,3,981.75,981.75,0.0,781.92,199.83,981.75,20.35
2024-10-13,STR023,Kansas City Mall #23,Midwest,express,1,4,134.64,134.64,0.0,79.48,55.16,134.64,40.97
2024-10-14,STR004,Miami Downtown #4,Southwest,online,1,3,830.04,830.04,0.0,378.96,451.08,830.04,54.34
2024-10-14,STR007,Dallas Downtown #7,Southeast,express,1,1,507.8,507.8,0.0,374.55,133.25,507.8,26.24
2024-10-14,STR009,Phoenix Mall #9,Southwest,flagship,2,8,2856.5,2713.9,142.6,2188.56,525.3399999999999,1356.95,19.36
2024-10-14,STR011,Los Angeles Mall #11,Northeast,express,1,3,1729.77,1729.77,0.0,1147.02,582.75,1729.77,33.69
2024-10-14,STR014,San Francisco Mall #14,Southwest,outlet,2,9,3623.83,3033.49,590.3399999999999,1926.4,1107.09,1516.74,36.5
2024-10-14,STR015,Austin Mall #15,West,express,1,1,23.14,23.14,0.0,10.6,12.54,23.14,54.19
2024-10-14,STR017,Charlotte Mall #17,Southeast,flagship,1,4,2385.48,2385.48,0.0,1389.04,996.44,2385.48,41.77
2024-10-14,STR018,Minneapolis Mall #18,Midwest,outlet,2,2,847.14,847.14,0.0,440.84000000000003,406.29999999999995,423.57,47.96
2024-10-14,STR019,Philadelphia Downtown #19,Southwest,express,1,5,1777.05,1777.05,0.0,1046.15,730.9,1777.05,41.13
2024-10-14,STR021,Las Vegas Mall #21,Northeast,flagship,2,5,1940.52,1665.52,275.0,1314.08,351.44,832.76,21.1
2024-10-14,STR023,Kansas City Mall #23,Midwest,express,1,3,413.25,413.25,0.0,238.41,174.84,413.25,42.31
2024-10-15,STR002,Boston Mall #2,Southeast,outlet,1,3,953.88,953.88,0.0,715.74,238.14,953.88,24.97
2024-10-15,STR012,Seattle Mall #12,Southeast,online,2,7,809.44,794.0799999999999,15.36,546.3100000000001,247.77,397.04,31.2
2024-10-15,STR013,Portland Downtown #13,Midwest,flagship,2,7,1674.42,1674.42,0.0,832.88,841.54,837.21,50.26
2024-10-15,STR017,Charlotte Mall #17,Southeast,flagship,1,3,69.42,69.42,0.0,31.8,37.62,69.42,54.19
2024-10-15,STR020,San Diego Mall #20,West,online,2,7,3940.64,3940.64,0.0,2130.91,1809.73,1970.32,45.92
2024-10-15,STR021,Las Vegas Mall #21,Northeast,flagship,2,5,786.73,786.73,0.0,471.47999999999996,315.25,393.36,40.07
2024-10-15,STR023,Kansas City Mall #23,Midwest,express,1,5,1344.35,1344.35,0.0,831.0,513.35,1344.35,38.19
2024-10-16,STR003,Atlanta Mall #3,Midwest,express,1,4,1556.2,1400.58,155.62,1184.48,216.1,1400.58,15.43
2024-10-16,STR011,Los Angeles Mall #11,Northeast,express,2,6,1154.28,1117.6,36.68,811.77,305.83,558.8,27.36
2024-10-16,STR013,Portland Downtown #13,Midwest,flagship,1,5,1607.8,1607.8,0.0,1179.4,428.4,1607.8,26.65
2024-10-16,STR014,San Francisco Mall #14,Southwest,outlet,2,4,1173.82,1015.5,158.32,619.75,395.75,507.75,38.97
2024-10-16,STR015,Austin Mall #15,West,express,1,4,1144.36,1144.36,0.0,890.04,254.32,1144.36,22.22
2024-10-17,STR001,New York Downtown #1,Northeast,flagship,2,8,3421.84,3221.62,200.22,1949.68,1271.94,1610.81,39.48
2024-10-17,STR002,Boston Mall #2,Southeast,outlet,1,4,124.56,124.56,0.0,67.56,57.0,124.56,45.76
2024-10-17,STR004,Miami Downtown #4,Southwest,online,1,2,117.04,117.04,0.0,88.3,28.74,117.04,24.56
2024-10-17,STR005,Chicago Mall #5,West,flagship,1,1,389.05,389.05,0.0,296.12,92.93,389.05,23.89
2024-10-17,STR007,Dallas Downtown #7,Southeast,express,1,4,938.44,938.44,0.0,614.6,323.84,938.44,34.51
2024-10-17,STR008,Houston Mall #8,Midwest,online,2,6,1655.12,1655.12,0.0,845.69,809.43,827.56,48.9
2024-10-17,STR010,Denver Downtown #10,West,outlet,1,3,810.51,688.93,121.58,383.22,305.71,688.93,44.37
2024-10-17,STR011,Los Angeles Mall #11,Northeast,express,1,5,2053.35,1950.68,102.67,1017.6,933.08,1950.68,47.83
2024-10-17,STR012,Seattle Mall #12,Southeast,online,1,5,2695.2,2695.2,0.0,1563.65,1131.55,2695.2,41.98
2024-10-17,STR016,Nashville Downtown #16,Northeast,online,2,8,3029.6800000000003,3029.6800000000003,0.0,2065.12,964.56,1514.84,31.84
2024-10-17,STR017,Charlotte Mall #17,Southeast,flagship,1,2,1153.18,1153.18,0.0,764.68,388.5,1153.18,33.69
2024-10-17,STR018,Minneapolis Mall #18,Midwest,outlet,2,7,2640.49,2640.49,0.0,1424.96,1215.53,1320.24,46.03
2024-10-17,STR022,Orlando Downtown #22,Southeast,outlet,2,5,1018.9599999999999,1018.9599999999999,0.0,605.5899999999999,413.37,509.48,40.57
2024-10-17,STR023,Kansas City Mall #23,Midwest,express,2,6,2126.2799999999997,2126.2799999999997,0.0,1306.35,819.93,1063.14,38.56
2024-10-18,STR004,Miami Downtown #4,Southwest,online,2,6,3271.96,3271.96,0.0,2051.3,1220.6599999999999,1635.98,37.31
2024-10-18,STR006,Detroit Mall #6,Northeast,outlet,2,5,1746.17,1746.17,0.0,888.24,857.93,873.08,49.13
2024-10-18,STR008,Houston Mall #8,Midwest,online,1,4,104.36,104.36,0.0,77.72,26.64,104.36,25.53
2024-10-18,STR012,Seattle Mall #12,Southeast,online,1,4,560.8,476.68,84.12,441.4,35.28,476.68,7.4
2024-10-18,STR013,Portland Downtown #13,Midwest,flagship,1,5,507.95,507.95,0.0,387.05,120.9,507.95,23.8
2024-10-18,STR017,Charlotte Mall #17,Southeast,flagship,1,4,1065.2,1065.2,0.0,502.04,563.16,1065.2,52.87
2024-10-18,STR018,Minneapolis Mall #18,Midwest,outlet,1,1,558.66,558.66,0.0,322.14,236.52,558.66,42.34
2024-10-18,STR019,Philadelphia Downtown #19,Southwest,express,2,3,2084.05,1965.54,118.51,1016.45,949.09,982.77,48.29
2024-10-18,STR021,Las Vegas Mall #21,Northeast,flagship,1,1,661.33,628.26,33.07,347.36,280.9,628.26,44.71
2024-10-19,STR002,Boston Mall #2,Southeast,outlet,3,9,2706.47,2571.26,135.20999999999998,1470.12,1101.1399999999999,857.09,42.82
2024-10-19,STR003,Atlanta Mall #3,Midwest,express,1,2,1380.92,1380.92,0.0,777.58,603.34,1380.92,43.69
2024-10-19,STR004,Miami Downtown #4,Southwest,online,2,5,1528.62,1408.79,119.83,705.71,703.08,704.4,49.91
2024-10-19,STR006,Detroit Mall #6,Northeast,outlet,1,1,140.2,140.2,0.0,110.35,29.85,140.2,21.29
2024-10-19,STR007,Dallas Downtown #7,Southeast,express,1,2,152.28,152.28,0.0,119.04,33.24,152.28,21.83
2024-10-19,STR008,Houston Mall #8,Midwest,online,1,5,412.55,412.55,0.0,198.0,214.55,412.55,52.01
2024-10-19,STR012,Seattle Mall #12,Southeast,online,2,7,1987.4699999999998,1987.4699999999998,0.0,1302.76,684.71,993.73,34.45
2024-10-19,STR013,Portland Downtown #13,Midwest,flagship,1,1,80.66,80.66,0.0,57.62,23.04,80.66,28.56
2024-10-19,STR014,San Francisco Mall #14,Southwest,outlet,1,3,1983.99,1983.99,0.0,1042.08,941.91,1983.99,47.48
2024-10-19,STR017,Charlotte Mall #17,Southeast,flagship,2,3,917.4100000000001,917.4100000000001,0.0,665.59,251.82,458.71,27.45
2024-10-19,STR019,Philadelphia Downtown #19,Southwest,express,2,5,1234.14,1083.98,150.16,760.88,323.1,541.99,29.81
2024-10-19,STR020,San Diego Mall #20,West,online,1,5,270.7,270.7,0.0,219.5,51.2,270.7,18.91
2024-10-19,STR022,Orlando Downtown #22,Southeast,outlet,1,4,1075.48,1075.48,0.0,664.8,410.68,1075.48,38.19
2024-10-20,STR001,New York Downtown #1,Northeast,flagship,1,3,438.45,438.45,0.0,368.91,69.54,438.45,15.86
2024-10-20,STR007,Dallas Downtown #7,Southeast,express,1,5,2770.5,2770.5,0.0,1196.1,1574.4,2770.5,56.83
2024-10-20,STR008,Houston Mall #8,Midwest,online,2,7,2085.79,1981.31,104.48,1107.15,874.1600000000001,990.66,44.12
2024-10-20,STR011,Los Angeles Mall #11,Northeast,express,1,4,92.56,74.05,18.51,42.4,31.65,74.05,42.74
2024-10-20,STR012,Seattle Mall #12,Southeast,online,1,2,572.18,572.18,0.0,445.02,127.16,572.18,22.22
2024-10-20,STR015,Austin Mall #15,West,express,1,2,489.12,440.21,48.91,320.48,119.73,440.21,27.2
2024-10-20,STR018,Minneapolis Mall #18,Midwest,outlet,1,4,1967.24,1967.24,0.0,1149.28,817.96,1967.24,41.58
2024-10-20,STR019,Philadelphia Downtown #19,Southwest,express,2,5,1526.3300000000002,1398.8100000000002,127.52,1115.95,282.86,699.41,20.22
2024-10-20,STR020,San Diego Mall #20,West,online,1,4,1421.64,1421.64,0.0,836.92,584.72,1421.64,41.13
2024-10-20,STR021,Las Vegas Mall #21,Northeast,flagship,2,10,2337.25,2337.25,0.0,1854.95,482.3,1168.62,20.64
2024-10-20,STR022,Orlando Downtown #22,Southeast,outlet,2,7,2573.09,2533.29,39.8,1383.77,1149.52,1266.64,45.38
2024-10-21,STR011,Los Angeles Mall #11,Northeast,express,1,2,1439.04,1295.14,143.9,685.86,609.28,1295.14,47.04
2024-10-21,STR013,Portland Downtown #13,Midwest,flagship,1,4,397.48,397.48,0.0,181.76,215.72,397.48,54.27
2024-10-21,STR017,Charlotte Mall #17,Southeast,flagship,1,3,1374.57,1237.11,137.46,591.9,645.21,1237.11,52.15
2024-10-21,STR023,Kansas City Mall #23,Midwest,express,1,4,491.2,491.2,0.0,373.6,117.6,491.2,23.94
2024-10-22,STR001,New York Downtown #1,Northeast,flagship,1,5,1235.5,1235.5,0.0,532.3,703.2,1235.5,56.92
2024-10-22,STR006,Detroit Mall #6,Northeast,outlet,1,3,1061.55,1061.55,0.0,815.13,246.42,1061.55,23.21
2024-10-22,STR009,Phoenix Mall #9,Southwest,flagship,1,5,2145.35,2145.35,0.0,1326.7,818.65,2145.35,38.16
2024-10-22,STR010,Denver Downtown #10,West,outlet,1,5,2633.75,2633.75,0.0,1611.5,1022.25,2633.75,38.81
2024-10-22,STR011,Los Angeles Mall #11,Northeast,express,2,2,697.25,636.97,60.28,434.65,202.32,318.48,31.76
2024-10-22,STR013,Portland Downtown #13,Midwest,flagship,2,6,451.15000000000003,423.8,27.35,324.98,98.82000000000001,211.9,23.32
2024-10-22,STR016,Nashville Downtown #16,Northeast,online,1,4,1309.0,1309.0,0.0,1042.56,266.44,1309.0,20.35
2024-10-22,STR017,Charlotte Mall #17,Southeast,flagship,1,1,145.51,145.51,0.0,100.64,44.87,145.51,30.84
2024-10-22,STR018,Minneapolis Mall #18,Midwest,outlet,1,1,58.52,58.52,0.0,44.15,14.37,58.52,24.56
2024-10-22,STR020,San Diego Mall #20,West,online,2,4,1299.06,1299.06,0.0,733.3,565.76,649.53,43.55
2024-10-23,STR001,New York Downtown #1,Northeast,flagship,1,2,637.58,637.58,0.0,465.06,172.52,637.58,27.06
2024-10-23,STR002,Boston Mall #2,Southeast,outlet,1,5,2436.75,2436.75,0.0,1441.75,995.0,2436.75,40.83
2024-10-23,STR003,Atlanta Mall #3,Midwest,express,2,5,1213.43,1213.43,0.0,909.5600000000001,303.87,606.72,25.04
2024-10-23,STR004,Miami Downtown #4,Southwest,online,1,2,138.38,138.38,0.0,118.54,19.84,138.38,14.34
2024-10-23,STR005,Chicago Mall #5,West,flagship,1,2,280.4,280.4,0.0,220.7,59.7,280.4,21.29
2024-10-23,STR006,Detroit Mall #6,Northeast,outlet,2,6,2045.1599999999999,2045.1599999999999,0.0,1011.39,1033.77,1022.58,50.55
2024-10-23,STR010,Denver Downtown #10,West,outlet,1,1,77.68,77.68,0.0,37.84,39.84,77.68,51.29
2024-10-23,STR012,Seattle Mall #12,Southeast,online,1,4,2878.08,2878.08,0.0,1371.72,1506.36,2878.08,52.34
2024-10-23,STR015,Austin Mall #15,West,express,1,5,2981.85,2981.85,0.0,1736.3,1245.55,2981.85,41.77
2024-10-23,STR016,Nashville Downtown #16,Northeast,online,1,3,508.11,508.11,0.0,324.78,183.33,508.11,36.08
2024-10-23,STR018,Minneapolis Mall #18,Midwest,outlet,1,4,805.32,805.32,0.0,669.96,135.36,805.32,16.81
2024-10-23,STR019,Philadelphia Downtown #19,Southwest,express,3,8,2620.14,2333.74,286.4,1639.28,694.46,777.91,29.76
2024-10-23,STR021,Las Vegas Mall #21,Northeast,flagship,1,5,155.7,155.7,0.0,84.45,71.25,155.7,45.76
2024-10-24,STR001,New York Downtown #1,Northeast,flagship,1,3,793.5,793.5,0.0,420.15,373.35,793.5,47.05
2024-10-24,STR003,Atlanta Mall #3,Midwest,express,1,2,255.24,255.24,0.0,195.82,59.42,255.24,23.28
2024-10-24,STR004,Miami Downtown #4,Southwest,online,2,7,2223.87,2223.87,0.0,1627.3,596.5699999999999,1111.94,26.83
2024-10-24,STR006,Detroit Mall #6,Northeast,outlet,1,2,1191.18,1191.18,0.0,612.94,578.24,1191.18,48.54
2024-10-24,STR007,Dallas Downtown #7,Southeast,express,2,8,2780.12,2780.12,0.0,1525.6,1254.52,1390.06,45.12
2024-10-24,STR009,Phoenix Mall #9,Southwest,flagship,1,4,330.04,330.04,0.0,158.4,171.64,330.04,52.01
2024-10-24,STR011,Los Angeles Mall #11,Northeast,express,2,3,1257.98,1132.19,125.78999999999999,760.23,371.96000000000004,566.1,32.85
2024-10-24,STR012,Seattle Mall #12,Southeast,online,1,1,539.04,539.04,0.0,312.73,226.31,539.04,41.98
2024-10-24,STR013,Portland Downtown #13,Midwest,flagship,1,2,822.14,781.03,41.11,444.64,336.39,781.03,43.07
2024-10-24,STR017,Charlotte Mall #17,Southeast,flagship,1,3,793.5,714.15,79.35,420.15,294.0,714.15,41.17
2024-10-25,STR002,Boston Mall #2,Southeast,outlet,1,4,1144.36,1144.36,0.0,890.04,254.32,1144.36,22.22
2024-10-25,STR003,Atlanta Mall #3,Midwest,express,2,6,2674.02,2621.34,52.68,1656.0,965.34,1310.67,36.83
2024-10-25,STR005,Chicago Mall #5,West,flagship,2,8,4499.46,4068.66,430.8,2232.38,1836.28,2034.33,45.13
2024-10-25,STR006,Detroit Mall #6,Northeast,outlet,1,1,274.3,274.3,0.0,191.33,82.97,274.3,30.25
2024-10-25,STR009,Phoenix Mall #9,Southwest,flagship,2,2,1205.9699999999998,1205.9699999999998,0.0,666.52,539.45,602.98,44.73
2024-10-25,STR010,Denver Downtown #10,West,outlet,1,5,2442.75,2442.75,0.0,1750.4,692.35,2442.75,28.34
2024-10-25,STR013,Portland Downtown #13,Midwest,flagship,2,7,1387.21,1387.21,0.0,883.0899999999999,504.12,693.6,36.34
2024-10-25,STR014,San Francisco Mall #14,Southwest,outlet,1,2,1001.1,1001.1,0.0,647.36,353.74,1001.1,35.34
2024-10-25,STR015,Austin Mall #15,West,express,1,3,1470.24,1470.24,0.0,796.32,673.92,1470.24,45.84
2024-10-25,STR019,Philadelphia Downtown #19,Southwest,express,1,5,2055.35,2055.35,0.0,1111.6,943.75,2055.35,45.92
2024-10-25,STR020,San Diego Mall #20,West,online,1,2,252.98,252.98,0.0,165.08,87.9,252.98,34.75
2024-10-25,STR021,Las Vegas Mall #21,Northeast,flagship,1,5,1255.85,1255.85,0.0,929.15,326.7,1255.85,26.01
2024-10-26,STR001,New York Downtown #1,Northeast,flagship,1,3,1061.55,1061.55,0.0,815.13,246.42,1061.55,23.21
2024-10-26,STR004,Miami Downtown #4,Southwest,online,2,7,486.94,486.94,0.0,338.05,148.89,243.47,30.58
2024-10-26,STR006,Detroit Mall #6,Northeast,outlet,3,8,3849.24,3849.24,0.0,2446.3900000000003,1402.85,1283.08,36.44
2024-10-26,STR010,Denver Downtown #10,West,outlet,1,4,1967.24,1672.15,295.09,1149.28,522.87,1672.15,31.27
2024-10-26,STR013,Portland Downtown #13,Midwest,flagship,1,1,318.79,318.79,0.0,232.53,86.26,318.79,27.06
2024-10-26,STR014,San Francisco Mall #14,Southwest,outlet,1,1,621.23,621.23,0.0,361.24,259.99,621.23,41.85
2024-10-26,STR016,Nashville Downtown #16,Northeast,online,1,1,318.79,318.79,0.0,232.53,86.26,318.79,27.06
2024-10-26,STR017,Charlotte Mall #17,Southeast,flagship,1,2,916.38,824.74,91.64,394.6,430.14,824.74,52.15
2024-10-27,STR002,Boston Mall #2,Southeast,outlet,1,1,249.34,249.34,0.0,175.81,73.53,249.34,29.49
2024-10-27,STR003,Atlanta Mall #3,Midwest,express,1,2,810.26,810.26,0.0,505.7,304.56,810.26,37.59
2024-10-27,STR007,Dallas Downtown #7,Southeast,express,1,2,245.6,245.6,0.0,186.8,58.8,245.6,23.94
2024-10-27,STR008,Houston Mall #8,Midwest,online,1,1,99.37,94.4,4.97,45.44,48.96,94.4,51.86
2024-10-27,STR009,Phoenix Mall #9,Southwest,flagship,1,4,406.36,406.36,0.0,309.64,96.72,406.36,23.8
2024-10-27,STR012,Seattle Mall #12,Southeast,online,1,5,696.55,696.55,0.0,366.75,329.8,696.55,47.35
2024-10-27,STR014,San Francisco Mall #14,Southwest,outlet,1,2,1088.86,979.97,108.89,528.9,451.07,979.97,46.03
2024-10-28,STR002,Boston Mall #2,Southeast,outlet,1,1,247.1,222.39,24.71,106.46,115.93,222.39,52.13
2024-10-28,STR003,Atlanta Mall #3,Midwest,express,1,2,637.58,637.58,0.0,465.06,172.52,637.58,27.06
2024-10-28,STR004,Miami Downtown #4,Southwest,online,1,3,31.56,31.56,0.0,14.79,16.77,31.56,53.14
2024-10-28,STR009,Phoenix Mall #9,Southwest,flagship,1,4,2633.32,2633.32,0.0,1288.16,1345.16,2633.32,51.08
2024-10-28,STR011,Los Angeles Mall #11,Northeast,express,1,5,2450.4,2450.4,0.0,1327.2,1123.2,2450.4,45.84
2024-10-28,STR015,Austin Mall #15,West,express,1,3,1220.34,1220.34,0.0,639.75,580.59,1220.34,47.58
2024-10-28,STR016,Nashville Downtown #16,Northeast,online,2,7,3484.19,3484.19,0.0,2107.96,1376.23,1742.1,39.5
2024-10-28,STR017,Charlotte Mall #17,Southeast,flagship,1,1,77.68,77.68,0.0,37.84,39.84,77.68,51.29
2024-10-28,STR019,Philadelphia Downtown #19,Southwest,express,2,9,3801.23,3699.6400000000003,101.59,1937.97,1761.6699999999998,1849.82,47.62
2024-10-28,STR021,Las Vegas Mall #21,Northeast,flagship,1,4,1748.32,1748.32,0.0,1480.28,268.04,1748.32,15.33
2024-10-28,STR022,Orlando Downtown #22,Southeast,outlet,1,4,1892.68,1798.05,94.63,1006.68,791.37,1798.05,44.01
2024-10-29,STR002,Boston Mall #2,Southeast,outlet,1,1,410.67,410.67,0.0,203.52,207.15,410.67,50.44
2024-10-29,STR004,Miami Downtown #4,Southwest,online,1,4,2234.64,2122.91,111.73,1288.56,834.35,2122.91,39.3
2024-10-29,STR005,Chicago Mall #5,West,flagship,2,8,3206.8999999999996,3206.8999999999996,0.0,2141.83,1065.07,1603.45,33.21
2024-10-29,STR006,Detroit Mall #6,Northeast,outlet,3,11,3895.5200000000004,3895.5200000000004,0.0,2167.86,1727.66,1298.51,44.35
2024-10-29,STR009,Phoenix Mall #9,Southwest,flagship,1,5,2977.95,2977.95,0.0,1532.35,1445.6,2977.95,48.54
2024-10-29,STR014,San Francisco Mall #14,Southwest,outlet,1,3,143.55,143.55,0.0,110.64,32.91,143.55,22.93
2024-10-29,STR016,Nashville Downtown #16,Northeast,online,2,10,1873.6,1841.69,31.91,1021.8499999999999,819.84,920.84,44.52
2024-10-29,STR020,San Diego Mall #20,West,online,1,1,487.35,462.98,24.37,288.35,174.63,462.98,37.72
2024-10-29,STR023,Kansas City Mall #23,Midwest,express,2,10,7604.0,7379.25,224.75,3554.8,3824.4500000000003,3689.62,51.83
2024-10-30,STR001,New York Downtown #1,Northeast,flagship,1,4,330.04,330.04,0.0,158.4,171.64,330.04,52.01
2024-10-30,STR005,Chicago Mall #5,West,flagship,1,2,1001.1,800.88,200.22,647.36,153.52,800.88,19.17
2024-10-30,STR009,Phoenix Mall #9,Southwest,flagship,2,5,1990.13,1954.94,35.19,1176.1299999999999,778.81,977.47,39.84
2024-10-30,STR010,Denver Downtown #10,West,outlet,1,5,614.0,614.0,0.0,467.0,147.0,614.0,23.94
2024-10-30,STR011,Los Angeles Mall #11,Northeast,express,1,4,1644.28,1644.28,0.0,889.28,755.0,1644.28,45.92
2024-10-30,STR013,Portland Downtown #13,Midwest,flagship,1,5,2278.25,2164.34,113.91,1342.95,821.39,2164.34,37.95
2024-10-30,STR014,San Francisco Mall #14,Southwest,outlet,1,5,3215.75,2894.17,321.58,1787.95,1106.22,2894.17,38.22
2024-10-30,STR015,Austin Mall #15,West,express,1,4,2411.12,2411.12,0.0,1548.28,862.84,2411.12,35.79
2024-10-30,STR017,Charlotte Mall #17,Southeast,flagship,1,5,3394.65,3394.65,0.0,1499.75,1894.9,3394.65,55.82
2024-10-30,STR018,Minneapolis Mall #18,Midwest,outlet,1,5,1636.4,1636.4,0.0,748.15,888.25,1636.4,54.28
2024-10-30,STR019,Philadelphia Downtown #19,Southwest,express,1,2,138.38,138.38,0.0,118.54,19.84,138.38,14.34
2024-10-30,STR022,Orlando Downtown #22,Southeast,outlet,1,3,508.11,508.11,0.0,324.78,183.33,508.11,36.08
2024-10-30,STR023,Kansas City Mall #23,Midwest,express,1,1,661.33,661.33,0.0,347.36,313.97,661.33,47.48
2024-10-31,STR001,New York Downtown #1,Northeast,flagship,2,5,893.0999999999999,893.0999999999999,0.0,509.77000000000004,383.33,446.55,42.92
2024-10-31,STR002,Boston Mall #2,Southeast,outlet,1,1,274.3,274.3,0.0,191.33,82.97,274.3,30.25
2024-10-31,STR005,Chicago Mall #5,West,flagship,1,5,2033.9,2033.9,0.0,1066.25,967.65,2033.9,47.58
2024-10-31,STR006,Detroit Mall #6,Northeast,outlet,1,3,953.88,953.88,0.0,715.74,238.14,953.88,24.97
2024-10-31,STR008,Houston Mall #8,Midwest,online,2,3,804.26,804.26,0.0,508.94,295.32,402.13,36.72
2024-10-31,STR010,Denver Downtown #10,West,outlet,1,4,2002.2,2002.2,0.0,1294.72,707.48,2002.2,35.34
2024-10-31,STR011,Los Angeles Mall #11,Northeast,express,2,3,730.9300000000001,730.9300000000001,0.0,315.82,415.11,365.46,56.79
2024-10-31,STR012,Seattle Mall #12,Southeast,online,1,2,21.04,21.04,0.0,9.86,11.18,21.04,53.14
2024-10-31,STR015,Austin Mall #15,West,express,1,3,810.51,810.51,0.0,383.22,427.29,810.51,52.72
2024-10-31,STR018,Minneapolis Mall #18,Midwest,outlet,1,2,1380.92,1380.92,0.0,777.58,603.34,1380.92,43.69
2024-10-31,STR019,Philadelphia Downtown #19,Southwest,express,1,3,298.11,253.39,44.72,136.32,117.07,253.39,46.2
2024-10-31,STR021,Las Vegas Mall #21,Northeast,flagship,2,7,2733.3500000000004,2662.58,70.77,1807.67,854.91,1331.29,32.11
2024-10-31,STR022,Orlando Downtown #22,Southeast,outlet,1,1,94.47,94.47,0.0,47.58,46.89,94.47,49.63
2024-11-01,STR003,Atlanta Mall #3,Midwest,express,1,2,553.36,498.02,55.34,252.64,245.38,498.02,49.27
2024-11-01,STR006,Detroit Mall #6,Northeast,outlet,2,5,2550.06,2550.06,0.0,1355.47,1194.5900000000001,1275.03,46.85
2024-11-01,STR008,Houston Mall #8,Midwest,online,1,2,572.18,486.35,85.83,445.02,41.33,486.35,8.5
2024-11-01,STR009,Phoenix Mall #9,Southwest,flagship,1,3,1662.3,1662.3,0.0,717.66,944.64,1662.3,56.83
2024-11-01,STR010,Denver Downtown #10,West,outlet,2,6,1628.0700000000002,1628.0700000000002,0.0,1181.94,446.13,814.04,27.4
2024-11-01,STR011,Los Angeles Mall #11,Northeast,express,1,5,2635.2,2635.2,0.0,1832.85,802.35,2635.2,30.45
2024-11-01,STR014,San Francisco Mall #14,Southwest,outlet,1,1,491.81,442.63,49.18,287.32,155.31,442.63,35.09
2024-11-01,STR019,Philadelphia Downtown #19,Southwest,express,1,1,268.87,268.87,0.0,166.2,102.67,268.87,38.19
2024-11-01,STR021,Las Vegas Mall #21,Northeast,flagship,1,3,348.93,348.93,0.0,285.33,63.6,348.93,18.23
2024-11-02,STR001,New York Downtown #1,Northeast,flagship,1,4,1144.36,1144.36,0.0,890.04,254.32,1144.36,22.22
2024-11-02,STR002,Boston Mall #2,Southeast,outlet,1,3,1581.12,1581.12,0.0,1099.71,481.41,1581.12,30.45
2024-11-02,STR004,Miami Downtown #4,Southwest,online,2,6,4477.24,4477.24,0.0,2099.4900000000002,2377.75,2238.62,53.11
2024-11-02,STR005,Chicago Mall #5,West,flagship,1,5,2981.85,2981.85,0.0,1736.3,1245.55,2981.85,41.77
2024-11-02,STR007,Dallas Downtown #7,Southeast,express,2,2,1048.28,1048.28,0.0,610.4399999999999,437.84000000000003,524.14,41.77
2024-11-02,STR008,Houston Mall #8,Midwest,online,1,4,1065.2,1011.94,53.26,502.04,509.9,1011.94,50.39
2024-11-02,STR009,Phoenix Mall #9,Southwest,flagship,1,1,823.32,823.32,0.0,387.73,435.59,823.32,52.91
2024-11-02,STR012,Seattle Mall #12,Southeast,online,1,4,245.68,208.83,36.85,139.72,69.11,208.83,33.09
2024-11-02,STR015,Austin Mall #15,West,express,1,2,1380.92,1242.83,138.09,777.58,465.25,1242.83,37.43
2024-11-02,STR017,Charlotte Mall #17,Southeast,flagship,1,1,558.66,502.79,55.87,322.14,180.65,502.79,35.93
2024-11-02,STR018,Minneapolis Mall #18,Midwest,outlet,2,6,1189.32,1189.32,0.0,959.73,229.59,594.66,19.3
2024-11-02,STR019,Philadelphia Downtown #19,Southwest,express,1,3,2083.86,2083.86,0.0,1110.6,973.26,2083.86,46.7
2024-11-02,STR020,San Diego Mall #20,West,online,1,2,494.2,494.2,0.0,212.92,281.28,494.2,56.92
2024-11-02,STR021,Las Vegas Mall #21,Northeast,flagship,2,10,3914.5,3800.59,113.91,2646.15,1154.44,1900.3,30.38
2024-11-02,STR022,Orlando Downtown #22,Southeast,outlet,3,10,2552.74,2552.74,0.0,1202.02,1350.72,850.91,52.91
2024-11-02,STR023,Kansas City Mall #23,Midwest,express,1,5,380.7,380.7,0.0,297.6,83.1,380.7,21.83
2024-11-03,STR001,New York Downtown #1,Northeast,flagship,1,2,1108.2,1108.2,0.0,478.44,629.76,1108.2,56.83
2024-11-03,STR002,Boston Mall #2,Southeast,outlet,1,4,397.48,397.48,0.0,181.76,215.72,397.48,54.27
2024-11-03,STR003,Atlanta Mall #3,Midwest,express,1,1,269.98,269.98,0.0,201.42,68.56,269.98,25.39
2024-11-03,STR004,Miami Downtown #4,Southwest,online,1,5,1774.55,1774.55,0.0,818.7,955.85,1774.55,53.86
2024-11-03,STR007,Dallas Downtown #7,Southeast,express,1,2,161.34,161.34,0.0,136.92,24.42,161.34,15.14
2024-11-03,STR009,Phoenix Mall #9,Southwest,flagship,1,3,69.42,62.48,6.94,31.8,30.68,62.48,49.1
2024-11-03,STR010,Denver Downtown #10,West,outlet,1,2,519.14,519.14,0.0,298.88,220.26,519.14,42.43
2024-11-03,STR011,Los Angeles Mall #11,Northeast,express,1,4,545.48,545.48,0.0,237.04,308.44,545.48,56.54
2024-11-03,STR012,Seattle Mall #12,Southeast,online,2,4,2147.52,2143.71,3.81,1225.8899999999999,917.8199999999999,1071.86,42.81
2024-11-03,STR013,Portland Downtown #13,Midwest,flagship,1,4,2595.4,2465.63,129.77,1195.64,1269.99,2465.63,51.51
2024-11-03,STR014,San Francisco Mall #14,Southwest,outlet,2,6,2231.21,2231.21,0.0,1768.16,463.05,1115.6,20.75
2024-11-03,STR015,Austin Mall #15,West,express,1,1,336.98,320.13,16.85,171.5,148.63,320.13,46.43
2024-11-03,STR016,Nashville Downtown #16,Northeast,online,1,2,858.14,858.14,0.0,530.68,327.46,858.14,38.16
2024-11-03,STR019,Philadelphia Downtown #19,Southwest,express,1,2,255.24,242.48,12.76,195.82,46.66,242.48,19.24
2024-11-03,STR020,San Diego Mall #20,West,online,1,5,380.7,380.7,0.0,297.6,83.1,380.7,21.83
2024-11-03,STR023,Kansas City Mall #23,Midwest,express,1,2,1322.66,1124.26,198.4,694.72,429.54,1124.26,38.21
2024-11-04,STR001,New York Downtown #1,Northeast,flagship,3,3,920.72,880.04,40.68,576.28,303.76,293.35,34.52
2024-11-04,STR002,Boston Mall #2,Southeast,outlet,2,2,347.85,347.85,0.0,165.57999999999998,182.27,173.92,52.4
2024-11-04,STR003,Atlanta Mall #3,Midwest,express,1,4,1097.2,1097.2,0.0,765.32,331.88,1097.2,30.25
2024-11-04,STR004,Miami Downtown #4,Southwest,online,1,4,1097.2,1097.2,0.0,765.32,331.88,1097.2,30.25
2024-11-04,STR006,Detroit Mall #6,Northeast,outlet,1,4,1554.84,1399.36,155.48,785.84,613.52,1399.36,43.84
2024-11-04,STR016,Nashville Downtown #16,Northeast,online,2,5,1575.44,1572.8400000000001,2.6,1145.8100000000002,427.03,786.42,27.15
2024-11-04,STR018,Minneapolis Mall #18,Midwest,outlet,2,5,1033.6,885.3399999999999,148.26,565.3199999999999,320.02000000000004,442.67,36.15
2024-11-04,STR019,Philadelphia Downtown #19,Southwest,express,2,8,2026.76,1989.91,36.85,1676.49,313.42,994.96,15.75
2024-11-04,STR020,San Diego Mall #20,West,online,3,5,2861.98,2861.98,0.0,1443.47,1418.51,953.99,49.56
2024-11-04,STR021,Las Vegas Mall #21,Northeast,flagship,1,1,410.67,410.67,0.0,203.52,207.15,410.67,50.44
2024-11-05,STR001,New York Downtown #1,Northeast,flagship,1,4,582.04,465.63,116.41,402.56,63.07,465.63,13.55
2024-11-05,STR002,Boston Mall #2,Southeast,outlet,4,14,3608.25,3608.25,0.0,2630.8,977.4499999999999,902.06,27.09
2024-11-05,STR003,Atlanta Mall #3,Midwest,express,1,2,529.0,529.0,0.0,280.1,248.9,529.0,47.05
2024-11-05,STR004,Miami Downtown #4,Southwest,online,2,6,914.52,914.52,0.0,517.8100000000001,396.71000000000004,457.26,43.38
2024-11-05,STR006,Detroit Mall #6,Northeast,outlet,2,6,718.02,718.02,0.0,470.64,247.38,359.01,34.45
2024-11-05,STR007,Dallas Downtown #7,Southeast,express,1,3,1066.23,1066.23,0.0,627.69,438.54,1066.23,41.13
2024-11-05,STR008,Houston Mall #8,Midwest,online,1,2,1205.56,1205.56,0.0,774.14,431.42,1205.56,35.79
2024-11-05,STR012,Seattle Mall #12,Southeast,online,1,5,727.55,691.17,36.38,503.2,187.97,691.17,27.2
2024-11-05,STR014,San Francisco Mall #14,Southwest,outlet,4,16,3840.92,3840.92,0.0,2841.23,999.6899999999999,960.23,26.03
2024-11-05,STR017,Charlotte Mall #17,Southeast,flagship,1,4,234.08,210.67,23.41,176.6,34.07,210.67,16.17
2024-11-05,STR019,Philadelphia Downtown #19,Southwest,express,1,4,304.56,304.56,0.0,238.08,66.48,304.56,21.83
2024-11-05,STR022,Orlando Downtown #22,Southeast,outlet,1,2,467.72,444.33,23.39,233.5,210.83,444.33,47.45
2024-11-06,STR001,New York Downtown #1,Northeast,flagship,1,1,458.19,458.19,0.0,197.3,260.89,458.19,56.94
2024-11-06,STR002,Boston Mall #2,Southeast,outlet,1,3,417.93,417.93,0.0,220.05,197.88,417.93,47.35
2024-11-06,STR003,Atlanta Mall #3,Midwest,express,1,2,777.42,777.42,0.0,392.92,384.5,777.42,49.46
2024-11-06,STR011,Los Angeles Mall #11,Northeast,express,2,7,869.13,832.59,36.54,733.39,99.2,416.3,11.91
2024-11-06,STR013,Portland Downtown #13,Midwest,flagship,1,4,2645.32,2645.32,0.0,1389.44,1255.88,2645.32,47.48
2024-11-06,STR014,San Francisco Mall #14,Southwest,outlet,2,6,2327.65,2224.98,102.67,1208.93,1016.0500000000001,1112.49,45.67
2024-11-06,STR016,Nashville Downtown #16,Northeast,online,2,8,1836.69,1836.69,0.0,1216.41,620.28,918.34,33.77
2024-11-06,STR018,Minneapolis Mall #18,Midwest,outlet,1,5,1636.25,1636.25,0.0,1303.2,333.05,1636.25,20.35
2024-11-06,STR020,San Diego Mall #20,West,online,1,2,502.34,502.34,0.0,371.66,130.68,502.34,26.01
2024-11-06,STR021,Las Vegas Mall #21,Northeast,flagship,1,5,638.1,638.1,0.0,489.55,148.55,638.1,23.28
2024-11-07,STR006,Detroit Mall #6,Northeast,outlet,1,1,172.92,172.92,0.0,113.99,58.93,172.92,34.08
2024-11-07,STR009,Phoenix Mall #9,Southwest,flagship,2,8,4677.8,4517.01,160.79,2653.0,1864.01,2258.5,41.27
2024-11-07,STR014,San Francisco Mall #14,Southwest,outlet,1,3,233.04,233.04,0.0,113.52,119.52,233.04,51.29
2024-11-07,STR016,Nashville Downtown #16,Northeast,online,3,7,2244.75,2108.5800000000004,136.17,1551.1200000000001,557.46,702.86,26.44
2024-11-07,STR021,Las Vegas Mall #21,Northeast,flagship,2,5,1331.3,1331.3,0.0,596.27,735.03,665.65,55.21
2024-11-07,STR022,Orlando Downtown #22,Southeast,outlet,1,2,122.84,122.84,0.0,69.86,52.98,122.84,43.13
2024-11-08,STR001,New York Downtown #1,Northeast,flagship,1,4,1407.28,1407.28,0.0,758.0,649.28,1407.28,46.14
2024-11-08,STR003,Atlanta Mall #3,Midwest,express,1,5,2078.85,2078.85,0.0,1402.4,676.45,2078.85,32.54
2024-11-08,STR004,Miami Downtown #4,Southwest,online,1,1,621.23,621.23,0.0,361.24,259.99,621.23,41.85
2024-11-08,STR005,Chicago Mall #5,West,flagship,1,3,1863.69,1863.69,0.0,1083.72,779.97,1863.69,41.85
2024-11-08,STR006,Detroit Mall #6,Northeast,outlet,2,9,2879.64,2879.64,0.0,2133.7200000000003,745.92,1439.82,25.9
2024-11-08,STR009,Phoenix Mall #9,Southwest,flagship,1,2,1139.74,1139.74,0.0,547.7,592.04,1139.74,51.95
2024-11-08,STR012,Seattle Mall #12,Southeast,online,1,4,545.48,545.48,0.0,237.04,308.44,545.48,56.54
2024-11-08,STR015,Austin Mall #15,West,express,5,18,5229.07,5187.5599999999995,41.51,2886.17,2301.39,1037.51,44.36
2024-11-08,STR016,Nashville Downtown #16,Northeast,online,2,3,1877.79,1877.79,0.0,1090.48,787.3100000000001,938.9,41.93
2024-11-08,STR017,Charlotte Mall #17,Southeast,flagship,2,4,1182.55,1182.55,0.0,716.27,466.28000000000003,591.28,39.43
2024-11-08,STR018,Minneapolis Mall #18,Midwest,outlet,1,4,1892.68,1892.68,0.0,1006.68,886.0,1892.68,46.81
2024-11-08,STR020,San Diego Mall #20,West,online,1,3,1094.58,1094.58,0.0,493.77,600.81,1094.58,54.89
2024-11-08,STR022,Orlando Downtown #22,Southeast,outlet,1,1,31.14,31.14,0.0,16.89,14.25,31.14,45.76
2024-11-09,STR003,Atlanta Mall #3,Midwest,express,2,4,1290.56,1267.1,23.46,714.34,552.76,633.55,43.62
2024-11-09,STR004,Miami Downtown #4,Southwest,online,2,5,941.69,941.69,0.0,729.22,212.47000000000003,470.84,22.56
2024-11-09,STR007,Dallas Downtown #7,Southeast,express,1,2,1797.96,1797.96,0.0,793.94,1004.02,1797.96,55.84
2024-11-09,STR008,Houston Mall #8,Midwest,online,1,2,813.56,813.56,0.0,426.5,387.06,813.56,47.58
2024-11-09,STR009,Phoenix Mall #9,Southwest,flagship,1,3,1729.77,1729.77,0.0,1147.02,582.75,1729.77,33.69
2024-11-09,STR011,Los Angeles Mall #11,Northeast,express,1,4,491.2,442.08,49.12,373.6,68.48,442.08,15.49
2024-11-09,STR014,San Francisco Mall #14,Southwest,outlet,2,4,1088.44,1088.44,0.0,618.68,469.76,544.22,43.16
2024-11-09,STR022,Orlando Downtown #22,Southeast,outlet,1,5,1636.25,1636.25,0.0,1303.2,333.05,1636.25,20.35
2024-11-09,STR023,Kansas City Mall #23,Midwest,express,1,1,122.8,122.8,0.0,93.4,29.4,122.8,23.94
2024-11-10,STR003,Atlanta Mall #3,Midwest,express,1,5,4494.9,4270.15,224.75,1984.85,2285.3,4270.15,53.52
2024-11-10,STR004,Miami Downtown #4,Southwest,online,1,5,1297.85,1232.96,64.89,747.2,485.76,1232.96,39.4
2024-11-10,STR008,Houston Mall #8,Midwest,online,1,2,1054.08,1054.08,0.0,733.14,320.94,1054.08,30.45
2024-11-10,STR009,Phoenix Mall #9,Southwest,flagship,1,2,236.72,236.72,0.0,102.5,134.22,236.72,56.7
2024-11-10,STR011,Los Angeles Mall #11,Northeast,express,1,1,94.47,89.75,4.72,47.58,42.17,89.75,46.99
2024-11-10,STR013,Portland Downtown #13,Midwest,flagship,2,4,608.4599999999999,608.4599999999999,0.0,344.53000000000003,263.93,304.23,43.38
2024-11-10,STR014,San Francisco Mall #14,Southwest,outlet,1,2,345.84,345.84,0.0,227.98,117.86,345.84,34.08
2024-11-10,STR018,Minneapolis Mall #18,Midwest,outlet,1,2,553.36,553.36,0.0,252.64,300.72,553.36,54.34
2024-11-10,STR019,Philadelphia Downtown #19,Southwest,express,1,5,1173.05,1173.05,0.0,768.25,404.8,1173.05,34.51
2024-11-11,STR004,Miami Downtown #4,Southwest,online,2,3,905.46,905.46,0.0,564.87,340.59000000000003,452.73,37.62
2024-11-11,STR005,Chicago Mall #5,West,flagship,1,4,1556.2,1556.2,0.0,1184.48,371.72,1556.2,23.89
2024-11-11,STR006,Detroit Mall #6,Northeast,outlet,2,7,3622.44,3622.44,0.0,2349.33,1273.11,1811.22,35.15
2024-11-11,STR008,Houston Mall #8,Midwest,online,1,2,1053.5,1053.5,0.0,644.6,408.9,1053.5,38.81
2024-11-11,STR014,San Francisco Mall #14,Southwest,outlet,2,10,4908.6,4908.6,0.0,3175.95,1732.65,2454.3,35.3
2024-11-11,STR015,Austin Mall #15,West,express,2,6,1418.8999999999999,1418.8999999999999,0.0,687.3,731.6,709.45,51.56
2024-11-11,STR017,Charlotte Mall #17,Southeast,flagship,1,3,2638.92,2506.97,131.95,1154.52,1352.45,2506.97,53.95
2024-11-11,STR019,Philadelphia Downtown #19,Southwest,express,1,2,707.7,707.7,0.0,543.42,164.28,707.7,23.21
2024-11-11,STR020,San Diego Mall #20,West,online,1,1,233.86,222.17,11.69,116.75,105.42,222.17,47.45
2024-11-11,STR021,Las Vegas Mall #21,Northeast,flagship,1,4,2487.28,2487.28,0.0,1255.96,1231.32,2487.28,49.5
2024-11-11,STR022,Orlando Downtown #22,Southeast,outlet,2,7,3520.5299999999997,3520.5299999999997,0.0,2376.76,1143.77,1760.26,32.49
2024-11-12,STR004,Miami Downtown #4,Southwest,online,1,1,118.36,106.52,11.84,51.25,55.27,106.52,51.89
2024-11-12,STR005,Chicago Mall #5,West,flagship,2,3,690.06,690.06,0.0,535.15,154.91000000000003,345.03,22.45
2024-11-12,STR007,Dallas Downtown #7,Southeast,express,1,3,1662.3,1662.3,0.0,717.66,944.64,1662.3,56.83
2024-11-12,STR008,Houston Mall #8,Midwest,online,1,3,1786.77,1786.77,0.0,919.41,867.36,1786.77,48.54
2024-11-12,STR009,Phoenix Mall #9,Southwest,flagship,1,4,2878.08,2590.27,287.81,1371.72,1218.55,2590.27,47.04
2024-11-12,STR010,Denver Downtown #10,West,outlet,2,6,2420.78,2338.65,82.13,1406.3200000000002,932.33,1169.32,39.87
2024-11-12,STR012,Seattle Mall #12,Southeast,online,1,2,498.68,473.75,24.93,351.62,122.13,473.75,25.78
2024-11-12,STR014,San Francisco Mall #14,Southwest,outlet,1,2,1286.3,1286.3,0.0,715.18,571.12,1286.3,44.4
2024-11-12,STR017,Charlotte Mall #17,Southeast,flagship,1,4,2385.48,2385.48,0.0,1389.04,996.44,2385.48,41.77
2024-11-12,STR018,Minneapolis Mall #18,Midwest,outlet,1,3,1470.24,1470.24,0.0,796.32,673.92,1470.24,45.84
2024-11-13,STR001,New York Downtown #1,Northeast,flagship,1,1,488.55,439.69,48.86,350.08,89.61,439.69,20.38
2024-11-13,STR002,Boston Mall #2,Southeast,outlet,1,3,953.88,953.88,0.0,715.74,238.14,953.88,24.97
2024-11-13,STR004,Miami Downtown #4,Southwest,online,3,11,2746.2999999999997,2672.17,74.13,1362.7,1309.47,890.72,49.0
2024-11-13,STR006,Detroit Mall #6,Northeast,outlet,4,9,4933.47,4609.69,323.78,2592.97,2016.72,1152.42,43.75
2024-11-13,STR010,Denver Downtown #10,West,outlet,1,2,252.98,227.68,25.3,165.08,62.6,227.68,27.49
2024-11-13,STR013,Portland Downtown #13,Midwest,flagship,1,4,1217.08,1095.37,121.71,827.96,267.41,1095.37,24.41
2024-11-13,STR014,San Francisco Mall #14,Southwest,outlet,1,3,241.98,241.98,0.0,172.86,69.12,241.98,28.56
2024-11-13,STR016,Nashville Downtown #16,Northeast,online,1,3,348.93,348.93,0.0,285.33,63.6,348.93,18.23
2024-11-13,STR017,Charlotte Mall #17,Southeast,flagship,2,7,1145.7,1145.7,0.0,804.5,341.2,572.85,29.78
2024-11-13,STR018,Minneapolis Mall #18,Midwest,outlet,2,5,1362.8600000000001,1239.43,123.43,976.8299999999999,262.6,619.72,21.19
2024-11-13,STR021,Las Vegas Mall #21,Northeast,flagship,1,2,635.92,635.92,0.0,477.16,158.76,635.92,24.97
2024-11-13,STR023,Kansas City Mall #23,Midwest,express,2,8,2397.4,2237.27,160.13,1345.2,892.07,1118.64,39.87
2024-11-14,STR003,Atlanta Mall #3,Midwest,express,2,9,4195.03,4195.03,0.0,2360.31,1834.7199999999998,2097.52,43.74
2024-11-14,STR008,Houston Mall #8,Midwest,online,1,3,417.93,376.14,41.79,220.05,156.09,376.14,41.5
2024-11-14,STR009,Phoenix Mall #9,Southwest,flagship,1,2,821.34,821.34,0.0,407.04,414.3,821.34,50.44
2024-11-14,STR012,Seattle Mall #12,Southeast,online,1,5,507.95,507.95,0.0,387.05,120.9,507.95,23.8
2024-11-14,STR016,Nashville Downtown #16,Northeast,online,1,5,1169.3,935.44,233.86,583.75,351.69,935.44,37.6
2024-11-14,STR017,Charlotte Mall #17,Southeast,flagship,1,4,1554.84,1554.84,0.0,785.84,769.0,1554.84,49.46
2024-11-14,STR019,Philadelphia Downtown #19,Southwest,express,1,3,810.51,769.98,40.53,383.22,386.76,769.98,50.23
2024-11-14,STR022,Orlando Downtown #22,Southeast,outlet,3,5,1621.52,1621.52,0.0,1032.35,589.17,540.51,36.33
2024-11-14,STR023,Kansas City Mall #23,Midwest,express,1,5,1777.05,1777.05,0.0,1046.15,730.9,1777.05,41.13
2024-11-15,STR004,Miami Downtown #4,Southwest,online,1,3,417.93,376.14,41.79,220.05,156.09,376.14,41.5
2024-11-15,STR005,Chicago Mall #5,West,flagship,1,1,719.52,575.62,143.9,342.93,232.69,575.62,40.42
2024-11-15,STR010,Denver Downtown #10,West,outlet,1,2,236.72,236.72,0.0,102.5,134.22,236.72,56.7
2024-11-15,STR011,Los Angeles Mall #11,Northeast,express,4,9,2768.95,2695.85,73.1,1826.13,869.72,673.96,32.26
2024-11-15,STR014,San Francisco Mall #14,Southwest,outlet,1,4,1309.0,1243.55,65.45,1042.56,200.99,1243.55,16.16
2024-11-15,STR016,Nashville Downtown #16,Northeast,online,2,9,4568.74,4568.74,0.0,2721.19,1847.55,2284.37,40.44
2024-11-15,STR018,Minneapolis Mall #18,Midwest,outlet,1,4,2487.28,2487.28,0.0,1255.96,1231.32,2487.28,49.5
2024-11-15,STR019,Philadelphia Downtown #19,Southwest,express,1,3,207.57,207.57,0.0,177.81,29.76,207.57,14.34
2024-11-15,STR022,Orlando Downtown #22,Southeast,outlet,1,1,410.67,410.67,0.0,203.52,207.15,410.67,50.44
2024-11-16,STR001,New York Downtown #1,Northeast,flagship,1,2,232.62,232.62,0.0,190.22,42.4,232.62,18.23
2024-11-16,STR006,Detroit Mall #6,Northeast,outlet,1,4,1004.68,1004.68,0.0,743.32,261.36,1004.68,26.01
2024-11-16,STR008,Houston Mall #8,Midwest,online,2,7,2657.8,2657.8,0.0,1671.83,985.97,1328.9,37.1
2024-11-16,STR009,Phoenix Mall #9,Southwest,flagship,1,2,977.1,977.1,0.0,700.16,276.94,977.1,28.34
2024-11-16,STR010,Denver Downtown #10,West,outlet,1,5,638.1,638.1,0.0,489.55,148.55,638.1,23.28
2024-11-16,STR011,Los Angeles Mall #11,Northeast,express,1,2,1054.08,1054.08,0.0,733.14,320.94,1054.08,30.45
2024-11-16,STR012,Seattle Mall #12,Southeast,online,2,5,1582.22,1582.22,0.0,1195.56,386.66,791.11,24.44
2024-11-16,STR013,Portland Downtown #13,Midwest,flagship,1,2,489.12,489.12,0.0,320.48,168.64,489.12,34.48
2024-11-16,STR015,Austin Mall #15,West,express,1,4,2778.48,2639.56,138.92,1480.8,1158.76,2639.56,43.9
2024-11-16,STR018,Minneapolis Mall #18,Midwest,outlet,2,3,1543.21,1466.0500000000002,77.16,1058.62,407.43,733.03,27.79
2024-11-16,STR019,Philadelphia Downtown #19,Southwest,express,1,1,389.05,389.05,0.0,296.12,92.93,389.05,23.89
2024-11-16,STR020,San Diego Mall #20,West,online,1,4,1075.48,1075.48,0.0,664.8,410.68,1075.48,38.19
2024-11-16,STR023,Kansas City Mall #23,Midwest,express,2,6,381.58000000000004,381.58000000000004,0.0,254.8,126.78,190.79,33.23
2024-11-17,STR001,New York Downtown #1,Northeast,flagship,1,1,487.35,487.35,0.0,288.35,199.0,487.35,40.83
2024-11-17,STR006,Detroit Mall #6,Northeast,outlet,1,3,1617.12,1536.26,80.86,938.19,598.07,1536.26,38.93
2024-11-17,STR008,Houston Mall #8,Midwest,online,1,5,239.25,239.25,0.0,184.4,54.85,239.25,22.93
2024-11-17,STR012,Seattle Mall #12,Southeast,online,1,4,584.6,584.6,0.0,491.88,92.72,584.6,15.86
2024-11-17,STR013,Portland Downtown #13,Midwest,flagship,1,1,23.14,23.14,0.0,10.6,12.54,23.14,54.19
2024-11-17,STR015,Austin Mall #15,West,express,1,5,1344.35,1209.91,134.44,831.0,378.91,1209.91,31.32
2024-11-17,STR016,Nashville Downtown #16,Northeast,online,1,5,1589.8,1510.31,79.49,1192.9,317.41,1510.31,21.02
2024-11-17,STR019,Philadelphia Downtown #19,Southwest,express,3,5,1129.23,1050.22,79.01,623.02,427.2,350.07,40.68
2024-11-17,STR022,Orlando Downtown #22,Southeast,outlet,1,4,2107.0,2107.0,0.0,1289.2,817.8,2107.0,38.81
2024-11-18,STR001,New York Downtown #1,Northeast,flagship,1,1,234.61,211.15,23.46,153.65,57.5,211.15,27.23
2024-11-18,STR004,Miami Downtown #4,Southwest,online,1,1,266.3,266.3,0.0,125.51,140.79,266.3,52.87
2024-11-18,STR005,Chicago Mall #5,West,flagship,1,3,1581.12,1264.9,316.22,1099.71,165.19,1264.9,13.06
2024-11-18,STR007,Dallas Downtown #7,Southeast,express,1,1,690.46,621.41,69.05,388.79,232.62,621.41,37.43
2024-11-18,STR008,Houston Mall #8,Midwest,online,1,1,488.55,415.27,73.28,350.08,65.19,415.27,15.7
2024-11-18,STR009,Phoenix Mall #9,Southwest,flagship,1,5,1636.25,1636.25,0.0,1303.2,333.05,1636.25,20.35
2024-11-18,STR015,Austin Mall #15,West,express,1,2,122.84,122.84,0.0,69.86,52.98,122.84,43.13
2024-11-18,STR016,Nashville Downtown #16,Northeast,online,2,5,2226.92,1894.46,332.46,961.81,932.65,947.23,49.23
2024-11-18,STR017,Charlotte Mall #17,Southeast,flagship,1,1,364.86,364.86,0.0,164.59,200.27,364.86,54.89
2024-11-18,STR018,Minneapolis Mall #18,Midwest,outlet,3,6,1795.05,1780.43,14.62,1047.76,732.67,593.48,41.15
2024-11-18,STR022,Orlando Downtown #22,Southeast,outlet,1,1,354.91,354.91,0.0,163.74,191.17,354.91,53.86
2024-11-19,STR003,Atlanta Mall #3,Midwest,express,1,1,318.79,302.85,15.94,232.53,70.32,302.85,23.22
2024-11-19,STR007,Dallas Downtown #7,Southeast,express,1,2,21.04,21.04,0.0,9.86,11.18,21.04,53.14
2024-11-19,STR009,Phoenix Mall #9,Southwest,flagship,2,5,2708.71,2708.71,0.0,1680.04,1028.67,1354.36,37.98
2024-11-19,STR012,Seattle Mall #12,Southeast,online,2,10,4294.15,4224.49,69.66,2081.4,2143.09,2112.24,50.73
2024-11-19,STR014,San Francisco Mall #14,Southwest,outlet,2,5,778.3299999999999,778.3299999999999,0.0,542.43,235.9,389.16,30.31
2024-11-19,STR015,Austin Mall #15,West,express,2,8,1656.53,1597.35,59.18,747.47,849.88,798.68,53.21
2024-11-19,STR016,Nashville Downtown #16,Northeast,online,1,1,80.67,72.6,8.07,68.46,4.14,72.6,5.7
2024-11-19,STR017,Charlotte Mall #17,Southeast,flagship,1,5,1322.5,1256.38,66.12,700.25,556.13,1256.38,44.26
2024-11-19,STR022,Orlando Downtown #22,Southeast,outlet,1,4,2156.16,2048.35,107.81,1250.92,797.43,2048.35,38.93
2024-11-19,STR023,Kansas City Mall #23,Midwest,express,1,4,691.68,657.1,34.58,455.96,201.14,657.1,30.61
2024-11-20,STR001,New York Downtown #1,Northeast,flagship,1,5,1774.55,1774.55,0.0,818.7,955.85,1774.55,53.86
2024-11-20,STR003,Atlanta Mall #3,Midwest,express,2,5,1730.6100000000001,1508.6999999999998,221.91,1257.65,251.05,754.35,16.64
2024-11-20,STR005,Chicago Mall #5,West,flagship,2,6,2075.34,2075.34,0.0,1207.27,868.07,1037.67,41.83
2024-11-20,STR007,Dallas Downtown #7,Southeast,express,1,3,858.27,858.27,0.0,667.53,190.74,858.27,22.22
2024-11-20,STR011,Los Angeles Mall #11,Northeast,express,1,2,1054.08,1001.38,52.7,733.14,268.24,1001.38,26.79
2024-11-20,STR012,Seattle Mall #12,Southeast,online,1,1,678.93,678.93,0.0,299.95,378.98,678.93,55.82
2024-11-20,STR013,Portland Downtown #13,Midwest,flagship,1,5,581.55,581.55,0.0,475.55,106.0,581.55,18.23
2024-11-20,STR014,San Francisco Mall #14,Southwest,outlet,1,2,1001.1,1001.1,0.0,647.36,353.74,1001.1,35.34
2024-11-20,STR018,Minneapolis Mall #18,Midwest,outlet,2,4,854.46,854.46,0.0,535.48,318.98,427.23,37.33
2024-11-20,STR020,San Diego Mall #20,West,online,4,9,4711.610000000001,4579.34,132.27,2461.77,2117.57,1144.84,46.24
2024-11-20,STR023,Kansas City Mall #23,Midwest,express,1,4,2108.16,2108.16,0.0,1466.28,641.88,2108.16,30.45
2024-11-21,STR001,New York Downtown #1,Northeast,flagship,1,2,825.66,825.66,0.0,387.92,437.74,825.66,53.02
2024-11-21,STR002,Boston Mall #2,Southeast,outlet,1,1,80.66,80.66,0.0,57.62,23.04,80.66,28.56
2024-11-21,STR004,Miami Downtown #4,Southwest,online,1,3,69.42,69.42,0.0,31.8,37.62,69.42,54.19
2024-11-21,STR005,Chicago Mall #5,West,flagship,1,1,336.98,336.98,0.0,171.5,165.48,336.98,49.11
2024-11-21,STR006,Detroit Mall #6,Northeast,outlet,3,8,2870.72,2870.72,0.0,1434.76,1435.96,956.91,50.02
2024-11-21,STR010,Denver Downtown #10,West,outlet,1,1,269.98,269.98,0.0,201.42,68.56,269.98,25.39
2024-11-21,STR013,Portland Downtown #13,Midwest,flagship,1,3,368.4,349.98,18.42,280.2,69.78,349.98,19.94
2024-11-21,STR014,San Francisco Mall #14,Southwest,outlet,2,3,527.5,527.5,0.0,327.15999999999997,200.33999999999997,263.75,37.98
2024-11-21,STR015,Austin Mall #15,West,express,1,5,2450.4,2450.4,0.0,1327.2,1123.2,2450.4,45.84
2024-11-21,STR017,Charlotte Mall #17,Southeast,flagship,1,3,1094.58,1039.85,54.73,493.77,546.08,1039.85,52.52
2024-11-21,STR020,San Diego Mall #20,West,online,2,9,4030.4,4030.4,0.0,2645.95,1384.45,2015.2,34.35
2024-11-21,STR021,Las Vegas Mall #21,Northeast,flagship,1,3,417.93,417.93,0.0,220.05,197.88,417.93,47.35
2024-11-21,STR023,Kansas City Mall #23,Midwest,express,1,3,1374.57,1374.57,0.0,591.9,782.67,1374.57,56.94
2024-11-22,STR003,Atlanta Mall #3,Midwest,express,4,16,3918.73,3716.1000000000004,202.63,2274.09,1442.01,929.03,38.8
2024-11-22,STR011,Los Angeles Mall #11,Northeast,express,1,4,406.36,406.36,0.0,309.64,96.72,406.36,23.8
2024-11-22,STR013,Portland Downtown #13,Midwest,flagship,1,3,1465.65,1319.08,146.57,1050.24,268.84,1319.08,20.38
2024-11-22,STR014,San Francisco Mall #14,Southwest,outlet,1,3,703.83,703.83,0.0,460.95,242.88,703.83,34.51
2024-11-22,STR016,Nashville Downtown #16,Northeast,online,1,5,1297.85,1297.85,0.0,747.2,550.65,1297.85,42.43
2024-11-22,STR017,Charlotte Mall #17,Southeast,flagship,1,4,2761.84,2761.84,0.0,1555.16,1206.68,2761.84,43.69
2024-11-22,STR020,San Diego Mall #20,West,online,1,1,286.09,286.09,0.0,222.51,63.58,286.09,22.22
2024-11-22,STR022,Orlando Downtown #22,Southeast,outlet,1,3,778.71,778.71,0.0,448.32,330.39,778.71,42.43
2024-11-23,STR002,Boston Mall #2,Southeast,outlet,1,3,2638.92,2375.03,263.89,1154.52,1220.51,2375.03,51.39
2024-11-23,STR007,Dallas Downtown #7,Southeast,express,1,2,46.28,46.28,0.0,21.2,25.08,46.28,54.19
2024-11-23,STR011,Los Angeles Mall #11,Northeast,express,1,1,169.37,169.37,0.0,108.26,61.11,169.37,36.08
2024-11-23,STR012,Seattle Mall #12,Southeast,online,1,4,1832.76,1832.76,0.0,789.2,1043.56,1832.76,56.94
2024-11-23,STR015,Austin Mall #15,West,express,1,1,621.82,621.82,0.0,313.99,307.83,621.82,49.5
2024-11-23,STR018,Minneapolis Mall #18,Midwest,outlet,1,1,576.59,576.59,0.0,382.34,194.25,576.59,33.69
2024-11-23,STR019,Philadelphia Downtown #19,Southwest,express,1,1,544.43,517.21,27.22,264.45,252.76,517.21,48.87
2024-11-23,STR021,Las Vegas Mall #21,Northeast,flagship,1,1,69.19,69.19,0.0,59.27,9.92,69.19,14.34
2024-11-23,STR023,Kansas City Mall #23,Midwest,express,1,3,979.59,979.59,0.0,699.84,279.75,979.59,28.56
2024-11-24,STR008,Houston Mall #8,Midwest,online,2,4,854.88,810.55,44.33,402.52000000000004,408.03000000000003,405.28,50.34
2024-11-24,STR014,San Francisco Mall #14,Southwest,outlet,1,4,1839.2,1839.2,0.0,1276.52,562.68,1839.2,30.59
2024-11-24,STR015,Austin Mall #15,West,express,1,4,1038.28,882.54,155.74,597.76,284.78,882.54,32.27
2024-11-24,STR017,Charlotte Mall #17,Southeast,flagship,1,5,1636.4,1636.4,0.0,748.15,888.25,1636.4,54.28
2024-11-24,STR019,Philadelphia Downtown #19,Southwest,express,4,14,3589.5099999999998,3432.22,157.29,2049.3199999999997,1382.9,858.06,40.29
2024-11-24,STR021,Las Vegas Mall #21,Northeast,flagship,1,2,1243.64,1243.64,0.0,627.98,615.66,1243.64,49.5
2024-11-24,STR022,Orlando Downtown #22,Southeast,outlet,1,4,1949.4,1851.93,97.47,1153.4,698.53,1851.93,37.72
2024-11-25,STR002,Boston Mall #2,Southeast,outlet,1,5,1297.85,1297.85,0.0,747.2,550.65,1297.85,42.43
2024-11-25,STR003,Atlanta Mall #3,Midwest,express,1,2,654.56,654.56,0.0,299.26,355.3,654.56,54.28
2024-11-25,STR004,Miami Downtown #4,Southwest,online,1,2,21.04,21.04,0.0,9.86,11.18,21.04,53.14
2024-11-25,STR005,Chicago Mall #5,West,flagship,2,7,2027.57,2027.57,0.0,1076.38,951.19,1013.78,46.91
2024-11-25,STR006,Detroit Mall #6,Northeast,outlet,1,4,124.56,118.33,6.23,67.56,50.77,118.33,42.91
2024-11-25,STR007,Dallas Downtown #7,Southeast,express,2,6,2242.98,2160.8500000000004,82.13,1243.96,916.8900000000001,1080.43,42.43
2024-11-25,STR008,Houston Mall #8,Midwest,online,2,4,1771.46,1771.46,0.0,1002.58,768.88,885.73,43.4
2024-11-25,STR010,Denver Downtown #10,West,outlet,1,2,1108.2,1108.2,0.0,478.44,629.76,1108.2,56.83
2024-11-25,STR012,Seattle Mall #12,Southeast,online,2,9,1323.8400000000001,1230.3,93.54,656.2,574.0999999999999,615.15,46.66
2024-11-25,STR016,Nashville Downtown #16,Northeast,online,1,2,469.22,469.22,0.0,307.3,161.92,469.22,34.51
2024-11-25,STR020,San Diego Mall #20,West,online,1,2,338.74,338.74,0.0,216.52,122.22,338.74,36.08
2024-11-25,STR021,Las Vegas Mall #21,Northeast,flagship,2,8,3416.3999999999996,3416.3999999999996,0.0,1901.26,1515.1399999999999,1708.2,44.35
2024-11-25,STR022,Orlando Downtown #22,Southeast,outlet,1,4,2031.2,2031.2,0.0,1498.2,533.0,2031.2,26.24
2024-11-26,STR001,New York Downtown #1,Northeast,flagship,1,5,1589.8,1510.31,79.49,1192.9,317.41,1510.31,21.02
2024-11-26,STR002,Boston Mall #2,Southeast,outlet,1,1,621.82,621.82,0.0,313.99,307.83,621.82,49.5
2024-11-26,STR003,Atlanta Mall #3,Midwest,express,1,2,911.3,911.3,0.0,537.18,374.12,911.3,41.05
2024-11-26,STR006,Detroit Mall #6,Northeast,outlet,1,2,122.84,122.84,0.0,69.86,52.98,122.84,43.13
2024-11-26,STR009,Phoenix Mall #9,Southwest,flagship,1,3,830.04,830.04,0.0,378.96,451.08,830.04,54.34
2024-11-26,STR010,Denver Downtown #10,West,outlet,1,1,69.19,65.73,3.46,59.27,6.46,65.73,9.83
2024-11-26,STR011,Los Angeles Mall #11,Northeast,express,1,3,247.53,247.53,0.0,118.8,128.73,247.53,52.01
2024-11-26,STR013,Portland Downtown #13,Midwest,flagship,1,4,465.24,465.24,0.0,380.44,84.8,465.24,18.23
2024-11-26,STR014,San Francisco Mall #14,Southwest,outlet,1,5,1255.85,1255.85,0.0,929.15,326.7,1255.85,26.01
2024-11-26,STR017,Charlotte Mall #17,Southeast,flagship,1,5,1842.5,1566.12,276.38,1571.7,-5.58,1566.12,-0.36
2024-11-26,STR018,Minneapolis Mall #18,Midwest,outlet,2,8,2524.44,2524.44,0.0,1245.16,1279.28,1262.22,50.68
2024-11-26,STR019,Philadelphia Downtown #19,Southwest,express,1,5,1769.25,1769.25,0.0,1358.55,410.7,1769.25,23.21
2024-11-26,STR020,San Diego Mall #20,West,online,1,2,919.6,919.6,0.0,638.26,281.34,919.6,30.59
2024-11-27,STR001,New York Downtown #1,Northeast,flagship,1,3,1523.4,1523.4,0.0,1123.65,399.75,1523.4,26.24
2024-11-27,STR007,Dallas Downtown #7,Southeast,express,1,3,1166.13,991.21,174.92,589.38,401.83,991.21,40.54
2024-11-27,STR016,Nashville Downtown #16,Northeast,online,1,1,388.71,388.71,0.0,196.46,192.25,388.71,49.46
2024-11-27,STR017,Charlotte Mall #17,Southeast,flagship,1,3,78.06,78.06,0.0,33.24,44.82,78.06,57.42
2024-11-27,STR018,Minneapolis Mall #18,Midwest,outlet,1,5,1842.5,1750.38,92.12,1571.7,178.68,1750.38,10.21
2024-11-27,STR022,Orlando Downtown #22,Southeast,outlet,1,5,1344.35,1344.35,0.0,831.0,513.35,1344.35,38.19
2024-11-28,STR001,New York Downtown #1,Northeast,flagship,1,5,3452.3,3107.07,345.23,1943.95,1163.12,3107.07,37.43
2024-11-28,STR002,Boston Mall #2,Southeast,outlet,1,3,1215.39,1093.85,121.54,758.55,335.3,1093.85,30.65
2024-11-28,STR005,Chicago Mall #5,West,flagship,1,4,2166.44,2166.44,0.0,1066.44,1100.0,2166.44,50.77
2024-11-28,STR006,Detroit Mall #6,Northeast,outlet,2,10,5652.5,5652.5,0.0,3229.7,2422.8,2826.25,42.86
2024-11-28,STR008,Houston Mall #8,Midwest,online,1,3,518.76,518.76,0.0,341.97,176.79,518.76,34.08
2024-11-28,STR009,Phoenix Mall #9,Southwest,flagship,1,4,1106.72,1106.72,0.0,505.28,601.44,1106.72,54.34
2024-11-28,STR014,San Francisco Mall #14,Southwest,outlet,1,1,576.59,576.59,0.0,382.34,194.25,576.59,33.69
2024-11-28,STR019,Philadelphia Downtown #19,Southwest,express,1,3,1789.11,1789.11,0.0,1041.78,747.33,1789.11,41.77
2024-11-28,STR021,Las Vegas Mall #21,Northeast,flagship,1,2,874.16,874.16,0.0,740.14,134.02,874.16,15.33
2024-11-29,STR003,Atlanta Mall #3,Midwest,express,1,4,1058.0,1058.0,0.0,560.2,497.8,1058.0,47.05
2024-11-29,STR006,Detroit Mall #6,Northeast,outlet,1,5,701.0,595.85,105.15,551.75,44.1,595.85,7.4
2024-11-29,STR007,Dallas Downtown #7,Southeast,express,1,2,643.12,578.81,64.31,471.76,107.05,578.81,18.49
2024-11-29,STR009,Phoenix Mall #9,Southwest,flagship,1,2,519.14,519.14,0.0,298.88,220.26,519.14,42.43
2024-11-29,STR011,Los Angeles Mall #11,Northeast,express,1,1,410.67,410.67,0.0,203.52,207.15,410.67,50.44
2024-11-29,STR014,San Francisco Mall #14,Southwest,outlet,1,2,703.64,703.64,0.0,379.0,324.64,703.64,46.14
2024-11-29,STR017,Charlotte Mall #17,Southeast,flagship,1,3,793.5,793.5,0.0,420.15,373.35,793.5,47.05
2024-11-29,STR018,Minneapolis Mall #18,Midwest,outlet,1,4,1106.72,1106.72,0.0,505.28,601.44,1106.72,54.34
2024-11-29,STR020,San Diego Mall #20,West,online,1,5,2365.85,2365.85,0.0,1258.35,1107.5,2365.85,46.81
2024-11-29,STR021,Las Vegas Mall #21,Northeast,flagship,1,2,52.04,49.44,2.6,22.16,27.28,49.44,55.18
2024-11-30,STR002,Boston Mall #2,Southeast,outlet,1,5,239.25,239.25,0.0,184.4,54.85,239.25,22.93
2024-11-30,STR003,Atlanta Mall #3,Midwest,express,2,6,273.53999999999996,268.81,4.73,187.65,81.16,134.4,30.19
2024-11-30,STR009,Phoenix Mall #9,Southwest,flagship,2,4,481.39,444.26,37.13,235.55,208.70999999999998,222.13,46.98
2024-11-30,STR011,Los Angeles Mall #11,Northeast,express,1,1,678.93,678.93,0.0,299.95,378.98,678.93,55.82
2024-11-30,STR013,Portland Downtown #13,Midwest,flagship,1,5,292.6,292.6,0.0,220.75,71.85,292.6,24.56
2024-11-30,STR016,Nashville Downtown #16,Northeast,online,1,3,1419.51,1419.51,0.0,755.01,664.5,1419.51,46.81
2024-11-30,STR018,Minneapolis Mall #18,Midwest,outlet,1,2,345.84,293.96,51.88,227.98,65.98,293.96,22.45
2024-11-30,STR021,Las Vegas Mall #21,Northeast,flagship,1,2,813.56,813.56,0.0,426.5,387.06,813.56,47.58
2024-11-30,STR022,Orlando Downtown #22,Southeast,outlet,1,1,405.13,405.13,0.0,252.85,152.28,405.13,37.59
2024-12-01,STR004,Miami Downtown #4,Southwest,online,1,4,2177.72,1959.95,217.77,1057.8,902.15,1959.95,46.03
2024-12-01,STR005,Chicago Mall #5,West,flagship,1,2,275.5,275.5,0.0,158.94,116.56,275.5,42.31
2024-12-01,STR007,Dallas Downtown #7,Southeast,express,3,8,3039.7200000000003,3039.7200000000003,0.0,1950.0900000000001,1089.6299999999999,1013.24,35.85
2024-12-01,STR008,Houston Mall #8,Midwest,online,3,7,2381.91,2319.54,62.37,1670.22,649.3199999999999,773.18,27.99
2024-12-01,STR013,Portland Downtown #13,Midwest,flagship,1,2,52.04,52.04,0.0,22.16,29.88,52.04,57.42
2024-12-01,STR018,Minneapolis Mall #18,Midwest,outlet,2,7,1736.1000000000001,1653.97,82.13,864.75,789.22,826.98,47.72
2024-12-01,STR019,Philadelphia Downtown #19,Southwest,express,1,5,1593.95,1593.95,0.0,1162.65,431.3,1593.95,27.06
2024-12-02,STR002,Boston Mall #2,Southeast,outlet,1,1,354.91,354.91,0.0,163.74,191.17,354.91,53.86
2024-12-02,STR004,Miami Downtown #4,Southwest,online,1,5,1990.1,1592.08,398.02,844.05,748.03,1592.08,46.98
2024-12-02,STR005,Chicago Mall #5,West,flagship,1,3,1523.4,1523.4,0.0,1123.65,399.75,1523.4,26.24
2024-12-02,STR006,Detroit Mall #6,Northeast,outlet,1,5,3106.15,2484.92,621.23,1806.2,678.72,2484.92,27.31
2024-12-02,STR008,Houston Mall #8,Midwest,online,2,6,2076.15,1970.9099999999999,105.24,942.15,1028.76,985.46,52.2
2024-12-02,STR009,Phoenix Mall #9,Southwest,flagship,1,3,603.99,603.99,0.0,502.47,101.52,603.99,16.81
2024-12-02,STR014,San Francisco Mall #14,Southwest,outlet,2,7,1978.78,1699.9499999999998,278.83000000000004,1122.85,577.1,849.97,33.95
2024-12-02,STR015,Austin Mall #15,West,express,2,6,823.8,805.38,18.42,645.15,160.23,402.69,19.89
2024-12-02,STR016,Nashville Downtown #16,Northeast,online,1,5,1350.85,1350.85,0.0,638.7,712.15,1350.85,52.72
2024-12-02,STR017,Charlotte Mall #17,Southeast,flagship,1,4,1642.68,1642.68,0.0,814.08,828.6,1642.68,50.44
2024-12-02,STR018,Minneapolis Mall #18,Midwest,outlet,2,2,106.76,102.73,4.03,87.88999999999999,14.84,51.36,14.45
2024-12-02,STR019,Philadelphia Downtown #19,Southwest,express,1,3,379.47,379.47,0.0,247.62,131.85,379.47,34.75
2024-12-02,STR021,Las Vegas Mall #21,Northeast,flagship,1,5,496.85,496.85,0.0,227.2,269.65,496.85,54.27
2024-12-02,STR022,Orlando Downtown #22,Southeast,outlet,1,5,1759.1,1759.1,0.0,947.5,811.6,1759.1,46.14
2024-12-03,STR001,New York Downtown #1,Northeast,flagship,2,9,2535.31,2535.31,0.0,1792.8000000000002,742.51,1267.66,29.29
2024-12-03,STR004,Miami Downtown #4,Southwest,online,1,4,2108.16,2108.16,0.0,1466.28,641.88,2108.16,30.45
2024-12-03,STR005,Chicago Mall #5,West,flagship,1,4,2234.64,2122.91,111.73,1288.56,834.35,2122.91,39.3
2024-12-03,STR009,Phoenix Mall #9,Southwest,flagship,2,3,1233.17,1201.29,31.88,771.53,429.76,600.64,35.77
2024-12-03,STR011,Los Angeles Mall #11,Northeast,express,1,3,2469.96,2469.96,0.0,1163.19,1306.77,2469.96,52.91
2024-12-03,STR013,Portland Downtown #13,Midwest,flagship,2,5,1288.97,1288.97,0.0,659.24,629.73,644.48,48.86
2024-12-03,STR019,Philadelphia Downtown #19,Southwest,express,2,8,3469.07,3469.07,0.0,1868.5,1600.57,1734.54,46.14
2024-12-03,STR020,San Diego Mall #20,West,online,1,3,1863.69,1863.69,0.0,1083.72,779.97,1863.69,41.85
2024-12-04,STR001,New York Downtown #1,Northeast,flagship,2,7,4152.71,4152.71,0.0,2023.92,2128.79,2076.36,51.26
2024-12-04,STR002,Boston Mall #2,Southeast,outlet,1,5,3452.3,3452.3,0.0,1943.95,1508.35,3452.3,43.69
2024-12-04,STR005,Chicago Mall #5,West,flagship,1,4,1309.0,1047.2,261.8,1042.56,4.64,1047.2,0.44
2024-12-04,STR006,Detroit Mall #6,Northeast,outlet,2,3,1490.9099999999999,1383.1,107.81,819.4200000000001,563.6800000000001,691.55,40.75
2024-12-04,STR010,Denver Downtown #10,West,outlet,1,2,1243.64,1243.64,0.0,627.98,615.66,1243.64,49.5
2024-12-04,STR012,Seattle Mall #12,Southeast,online,1,1,274.3,233.15,41.15,191.33,41.82,233.15,17.94
2024-12-04,STR013,Portland Downtown #13,Midwest,flagship,1,1,80.67,80.67,0.0,68.46,12.21,80.67,15.14
2024-12-04,STR015,Austin Mall #15,West,express,1,5,2442.75,2198.47,244.28,1750.4,448.07,2198.47,20.38
2024-12-04,STR018,Minneapolis Mall #18,Midwest,outlet,2,6,1609.35,1564.63,44.72,1246.53,318.1,782.32,20.33
2024-12-05,STR007,Dallas Downtown #7,Southeast,express,1,1,354.91,354.91,0.0,163.74,191.17,354.91,53.86
2024-12-05,STR008,Houston Mall #8,Midwest,online,1,1,244.56,244.56,0.0,160.24,84.32,244.56,34.48
2024-12-05,STR009,Phoenix Mall #9,Southwest,flagship,1,2,67.32,53.86,13.46,39.74,14.12,53.86,26.22
2024-12-05,STR010,Denver Downtown #10,West,outlet,1,1,643.15,643.15,0.0,357.59,285.56,643.15,44.4
2024-12-05,STR011,Los Angeles Mall #11,Northeast,express,1,3,1055.46,1002.69,52.77,568.5,434.19,1002.69,43.3
2024-12-05,STR012,Seattle Mall #12,Southeast,online,1,2,643.12,610.96,32.16,471.76,139.2,610.96,22.78
2024-12-05,STR013,Portland Downtown #13,Midwest,flagship,1,4,1106.72,996.05,110.67,505.28,490.77,996.05,49.27
2024-12-05,STR014,San Francisco Mall #14,Southwest,outlet,1,3,298.11,298.11,0.0,136.32,161.79,298.11,54.27
2024-12-05,STR018,Minneapolis Mall #18,Midwest,outlet,1,5,2849.35,2564.41,284.94,1369.25,1195.16,2564.41,46.61
2024-12-05,STR021,Las Vegas Mall #21,Northeast,flagship,1,4,1832.76,1832.76,0.0,789.2,1043.56,1832.76,56.94
2024-12-05,STR023,Kansas City Mall #23,Midwest,express,3,7,725.6300000000001,701.0600000000001,24.57,453.90999999999997,247.14999999999998,233.69,35.25
2024-12-06,STR003,Atlanta Mall #3,Midwest,express,2,7,3842.42,3842.42,0.0,2032.8600000000001,1809.56,1921.21,47.09
2024-12-06,STR004,Miami Downtown #4,Southwest,online,1,4,2778.48,2639.56,138.92,1480.8,1158.76,2639.56,43.9
2024-12-06,STR007,Dallas Downtown #7,Southeast,express,2,10,3814.6,3814.6,0.0,2123.85,1690.75,1907.3,44.32
2024-12-06,STR009,Phoenix Mall #9,Southwest,flagship,2,3,967.36,953.72,13.64,488.71999999999997,465.0,476.86,48.76
2024-12-06,STR011,Los Angeles Mall #11,Northeast,express,2,6,2250.37,2250.37,0.0,1333.58,916.7900000000001,1125.18,40.74
2024-12-06,STR012,Seattle Mall #12,Southeast,online,1,5,2278.25,2278.25,0.0,1342.95,935.3,2278.25,41.05
2024-12-06,STR015,Austin Mall #15,West,express,1,1,399.84,399.84,0.0,229.55,170.29,399.84,42.59
2024-12-06,STR016,Nashville Downtown #16,Northeast,online,1,1,389.05,389.05,0.0,296.12,92.93,389.05,23.89
2024-12-06,STR017,Charlotte Mall #17,Southeast,flagship,1,4,1599.36,1599.36,0.0,918.2,681.16,1599.36,42.59
2024-12-06,STR019,Philadelphia Downtown #19,Southwest,express,1,3,1055.46,1002.69,52.77,568.5,434.19,1002.69,43.3
2024-12-06,STR020,San Diego Mall #20,West,online,2,6,1771.24,1690.29,80.95,1197.24,493.05,845.14,29.17
2024-12-06,STR021,Las Vegas Mall #21,Northeast,flagship,1,5,2033.9,1830.51,203.39,1066.25,764.26,1830.51,41.75
2024-12-06,STR022,Orlando Downtown #22,Southeast,outlet,1,1,541.61,487.45,54.16,266.61,220.84,487.45,45.31
2024-12-07,STR006,Detroit Mall #6,Northeast,outlet,3,14,7807.320000000001,7663.050000000001,144.27,4514.860000000001,3148.1899999999996,2554.35,41.08
2024-12-07,STR007,Dallas Downtown #7,Southeast,express,2,7,1388.91,1388.91,0.0,901.53,487.38,694.46,35.09
2024-12-07,STR009,Phoenix Mall #9,Southwest,flagship,2,6,741.22,727.78,13.44,404.1,323.68,363.89,44.47
2024-12-07,STR010,Denver Downtown #10,West,outlet,1,5,591.8,591.8,0.0,256.25,335.55,591.8,56.7
2024-12-07,STR012,Seattle Mall #12,Southeast,online,1,1,136.37,136.37,0.0,59.26,77.11,136.37,56.54
2024-12-07,STR013,Portland Downtown #13,Midwest,flagship,2,8,3695.3,3563.6099999999997,131.69,2426.63,1136.98,1781.8,31.91
2024-12-07,STR015,Austin Mall #15,West,express,1,4,1075.48,1075.48,0.0,664.8,410.68,1075.48,38.19
2024-12-07,STR016,Nashville Downtown #16,Northeast,online,1,1,286.09,286.09,0.0,222.51,63.58,286.09,22.22
2024-12-07,STR021,Las Vegas Mall #21,Northeast,flagship,1,4,1459.44,1459.44,0.0,658.36,801.08,1459.44,54.89
2024-12-08,STR001,New York Downtown #1,Northeast,flagship,1,5,1006.65,1006.65,0.0,837.45,169.2,1006.65,16.81
2024-12-08,STR002,Boston Mall #2,Southeast,outlet,1,1,539.04,539.04,0.0,312.73,226.31,539.04,41.98
2024-12-08,STR006,Detroit Mall #6,Northeast,outlet,1,2,21.04,18.94,2.1,9.86,9.08,18.94,47.94
2024-12-08,STR009,Phoenix Mall #9,Southwest,flagship,1,4,1144.36,1087.14,57.22,890.04,197.1,1087.14,18.13
2024-12-08,STR011,Los Angeles Mall #11,Northeast,express,1,3,368.4,368.4,0.0,280.2,88.2,368.4,23.94
2024-12-08,STR012,Seattle Mall #12,Southeast,online,1,5,3244.25,3244.25,0.0,1494.55,1749.7,3244.25,53.93
2024-12-08,STR015,Austin Mall #15,West,express,1,4,2308.32,2308.32,0.0,1525.0,783.32,2308.32,33.93
2024-12-08,STR018,Minneapolis Mall #18,Midwest,outlet,1,2,1191.18,1131.62,59.56,612.94,518.68,1131.62,45.84
2024-12-09,STR002,Boston Mall #2,Southeast,outlet,1,1,69.19,69.19,0.0,59.27,9.92,69.19,14.34
2024-12-09,STR008,Houston Mall #8,Midwest,online,1,2,188.94,188.94,0.0,95.16,93.78,188.94,49.63
2024-12-09,STR010,Denver Downtown #10,West,outlet,1,4,1421.64,1350.56,71.08,836.92,513.64,1350.56,38.03
2024-12-09,STR017,Charlotte Mall #17,Southeast,flagship,1,4,1419.64,1419.64,0.0,654.96,764.68,1419.64,53.86
2024-12-09,STR019,Philadelphia Downtown #19,Southwest,express,1,1,569.87,541.38,28.49,273.85,267.53,541.38,49.42
2024-12-09,STR020,San Diego Mall #20,West,online,2,5,2320.87,2320.87,0.0,1139.46,1181.41,1160.44,50.9
2024-12-09,STR021,Las Vegas Mall #21,Northeast,flagship,1,5,696.55,696.55,0.0,366.75,329.8,696.55,47.35
2024-12-09,STR023,Kansas City Mall #23,Midwest,express,1,3,1729.77,1729.77,0.0,1147.02,582.75,1729.77,33.69
2024-12-10,STR002,Boston Mall #2,Southeast,outlet,1,1,490.08,490.08,0.0,265.44,224.64,490.08,45.84
2024-12-10,STR005,Chicago Mall #5,West,flagship,2,6,2586.65,2485.09,101.56,1776.95,708.1400000000001,1242.54,28.5
2024-12-10,STR006,Detroit Mall #6,Northeast,outlet,2,8,4871.08,4871.08,0.0,2518.0,2353.08,2435.54,48.31
2024-12-10,STR011,Los Angeles Mall #11,Northeast,express,1,1,473.17,449.51,23.66,251.67,197.84,449.51,44.01
2024-12-10,STR012,Seattle Mall #12,Southeast,online,1,2,117.04,117.04,0.0,88.3,28.74,117.04,24.56
2024-12-10,STR018,Minneapolis Mall #18,Midwest,outlet,1,5,1824.3,1824.3,0.0,822.95,1001.35,1824.3,54.89
2024-12-10,STR019,Philadelphia Downtown #19,Southwest,express,1,1,126.49,126.49,0.0,82.54,43.95,126.49,34.75
2024-12-10,STR021,Las Vegas Mall #21,Northeast,flagship,1,3,1094.58,985.12,109.46,493.77,491.35,985.12,49.88
2024-12-11,STR001,New York Downtown #1,Northeast,flagship,1,1,576.59,547.76,28.83,382.34,165.42,547.76,30.2
2024-12-11,STR004,Miami Downtown #4,Southwest,online,1,5,155.7,155.7,0.0,84.45,71.25,155.7,45.76
2024-12-11,STR005,Chicago Mall #5,West,flagship,1,5,2849.35,2849.35,0.0,1369.25,1480.1,2849.35,51.95
2024-12-11,STR006,Detroit Mall #6,Northeast,outlet,1,3,753.51,753.51,0.0,557.49,196.02,753.51,26.01
2024-12-11,STR008,Houston Mall #8,Midwest,online,1,1,317.96,317.96,0.0,238.58,79.38,317.96,24.97
2024-12-11,STR015,Austin Mall #15,West,express,2,9,4065.1000000000004,3861.98,203.12,2564.45,1297.53,1930.99,33.6
2024-12-11,STR020,San Diego Mall #20,West,online,3,6,1453.72,1453.72,0.0,791.34,662.3800000000001,484.57,45.56
2024-12-11,STR023,Kansas City Mall #23,Midwest,express,3,10,1725.4,1627.23,98.17,1302.89,324.34000000000003,542.41,19.93
2024-12-12,STR001,New York Downtown #1,Northeast,flagship,1,2,737.0,737.0,0.0,628.68,108.32,737.0,14.7
2024-12-12,STR003,Atlanta Mall #3,Midwest,express,2,8,3680.7799999999997,3658.95,21.83,1796.47,1862.48,1829.48,50.9
2024-12-12,STR005,Chicago Mall #5,West,flagship,2,4,1418.49,1418.49,0.0,880.46,538.03,709.24,37.93
2024-12-12,STR009,Phoenix Mall #9,Southwest,flagship,1,3,810.51,810.51,0.0,383.22,427.29,810.51,52.72
2024-12-12,STR010,Denver Downtown #10,West,outlet,4,18,4916.62,4832.5,84.12,3163.51,1668.99,1208.12,34.54
2024-12-12,STR012,Seattle Mall #12,Southeast,online,2,5,2751.95,2751.95,0.0,1765.42,986.53,1375.98,35.85
2024-12-12,STR013,Portland Downtown #13,Midwest,flagship,1,2,707.7,707.7,0.0,543.42,164.28,707.7,23.21
2024-12-12,STR014,San Francisco Mall #14,Southwest,outlet,1,3,1863.69,1863.69,0.0,1083.72,779.97,1863.69,41.85
2024-12-12,STR016,Nashville Downtown #16,Northeast,online,1,5,307.1,307.1,0.0,174.65,132.45,307.1,43.13
2024-12-12,STR017,Charlotte Mall #17,Southeast,flagship,1,3,1094.58,1094.58,0.0,493.77,600.81,1094.58,54.89
2024-12-12,STR018,Minneapolis Mall #18,Midwest,outlet,1,4,322.64,322.64,0.0,230.48,92.16,322.64,28.56
2024-12-12,STR019,Philadelphia Downtown #19,Southwest,express,1,1,122.8,122.8,0.0,93.4,29.4,122.8,23.94
2024-12-12,STR020,San Diego Mall #20,West,online,1,4,1967.24,1967.24,0.0,1149.28,817.96,1967.24,41.58
2024-12-12,STR021,Las Vegas Mall #21,Northeast,flagship,1,2,203.18,203.18,0.0,154.82,48.36,203.18,23.8
2024-12-12,STR022,Orlando Downtown #22,Southeast,outlet,1,3,1247.31,1247.31,0.0,841.44,405.87,1247.31,32.54
2024-12-12,STR023,Kansas City Mall #23,Midwest,express,1,4,2715.72,2715.72,0.0,1199.8,1515.92,2715.72,55.82
2024-12-13,STR001,New York Downtown #1,Northeast,flagship,1,3,1379.4,1379.4,0.0,957.39,422.01,1379.4,30.59
2024-12-13,STR002,Boston Mall #2,Southeast,outlet,1,3,1055.46,1055.46,0.0,568.5,486.96,1055.46,46.14
2024-12-13,STR003,Atlanta Mall #3,Midwest,express,1,3,1215.39,1215.39,0.0,758.55,456.84,1215.39,37.59
2024-12-13,STR005,Chicago Mall #5,West,flagship,2,6,207.78,207.78,0.0,93.24000000000001,114.54,103.89,55.13
2024-12-13,STR007,Dallas Downtown #7,Southeast,express,1,3,93.42,93.42,0.0,50.67,42.75,93.42,45.76
2024-12-13,STR010,Denver Downtown #10,West,outlet,1,3,1426.05,1426.05,0.0,1076.01,350.04,1426.05,24.55
2024-12-13,STR012,Seattle Mall #12,Southeast,online,1,1,621.23,621.23,0.0,361.24,259.99,621.23,41.85
2024-12-13,STR013,Portland Downtown #13,Midwest,flagship,1,5,1331.5,1331.5,0.0,627.55,703.95,1331.5,52.87
2024-12-13,STR017,Charlotte Mall #17,Southeast,flagship,1,5,403.35,403.35,0.0,342.3,61.05,403.35,15.14
2024-12-13,STR018,Minneapolis Mall #18,Midwest,outlet,1,3,1633.29,1633.29,0.0,793.35,839.94,1633.29,51.43
2024-12-13,STR019,Philadelphia Downtown #19,Southwest,express,1,1,500.55,500.55,0.0,323.68,176.87,500.55,35.34
2024-12-13,STR021,Las Vegas Mall #21,Northeast,flagship,1,3,1220.34,1220.34,0.0,639.75,580.59,1220.34,47.58
2024-12-14,STR002,Boston Mall #2,Southeast,outlet,1,5,1371.5,1097.2,274.3,956.65,140.55,1097.2,12.81
2024-12-14,STR003,Atlanta Mall #3,Midwest,express,2,7,3621.95,3621.95,0.0,1853.85,1768.1,1810.98,48.82
2024-12-14,STR004,Miami Downtown #4,Southwest,online,1,5,345.95,345.95,0.0,296.35,49.6,345.95,14.34
2024-12-14,STR005,Chicago Mall #5,West,flagship,1,3,438.45,438.45,0.0,368.91,69.54,438.45,15.86
2024-12-14,STR011,Los Angeles Mall #11,Northeast,express,1,1,364.86,346.62,18.24,164.59,182.03,346.62,52.52
2024-12-14,STR012,Seattle Mall #12,Southeast,online,1,2,529.0,529.0,0.0,280.1,248.9,529.0,47.05
2024-12-14,STR013,Portland Downtown #13,Midwest,flagship,2,2,1027.44,993.74,33.7,560.29,433.45000000000005,496.87,43.62
2024-12-14,STR014,San Francisco Mall #14,Southwest,outlet,1,2,469.22,469.22,0.0,307.3,161.92,469.22,34.51
2024-12-14,STR015,Austin Mall #15,West,express,1,4,1415.4,1344.63,70.77,1086.84,257.79,1344.63,19.17
2024-12-14,STR016,Nashville Downtown #16,Northeast,online,1,2,1139.74,1139.74,0.0,547.7,592.04,1139.74,51.95
2024-12-14,STR018,Minneapolis Mall #18,Midwest,outlet,2,6,492.06,492.06,0.0,334.53999999999996,157.52,246.03,32.01
2024-12-14,STR022,Orlando Downtown #22,Southeast,outlet,1,4,1306.12,1240.81,65.31,933.12,307.69,1240.81,24.8
2024-12-15,STR001,New York Downtown #1,Northeast,flagship,1,3,1465.65,1465.65,0.0,1050.24,415.41,1465.65,28.34
2024-12-15,STR002,Boston Mall #2,Southeast,outlet,1,5,1842.5,1842.5,0.0,1571.7,270.8,1842.5,14.7
2024-12-15,STR004,Miami Downtown #4,Southwest,online,1,1,26.09,26.09,0.0,19.43,6.66,26.09,25.53
2024-12-15,STR006,Detroit Mall #6,Northeast,outlet,1,1,399.84,399.84,0.0,229.55,170.29,399.84,42.59
2024-12-15,STR009,Phoenix Mall #9,Southwest,flagship,2,5,2438.77,2377.1099999999997,61.66,1441.1,936.01,1188.55,39.38
2024-12-15,STR010,Denver Downtown #10,West,outlet,1,2,1191.18,1131.62,59.56,612.94,518.68,1131.62,45.84
2024-12-15,STR011,Los Angeles Mall #11,Northeast,express,2,6,1572.8400000000001,1572.8400000000001,0.0,1042.5,530.3399999999999,786.42,33.72
2024-12-15,STR017,Charlotte Mall #17,Southeast,flagship,1,5,2025.65,1924.37,101.28,1264.25,660.12,1924.37,34.3
2024-12-15,STR018,Minneapolis Mall #18,Midwest,outlet,1,5,1255.85,1255.85,0.0,929.15,326.7,1255.85,26.01
2024-12-15,STR020,San Diego Mall #20,West,online,3,11,2161.3199999999997,2161.3199999999997,0.0,1528.21,633.11,720.44,29.29
2024-12-15,STR023,Kansas City Mall #23,Midwest,express,1,3,298.11,298.11,0.0,136.32,161.79,298.11,54.27
2024-12-16,STR001,New York Downtown #1,Northeast,flagship,1,5,3109.1,3109.1,0.0,1569.95,1539.15,3109.1,49.5
2024-12-16,STR002,Boston Mall #2,Southeast,outlet,1,5,1297.85,1297.85,0.0,747.2,550.65,1297.85,42.43
2024-12-16,STR006,Detroit Mall #6,Northeast,outlet,1,3,809.94,809.94,0.0,604.26,205.68,809.94,25.39
2024-12-16,STR007,Dallas Downtown #7,Southeast,express,1,3,822.9,740.61,82.29,573.99,166.62,740.61,22.5
2024-12-16,STR008,Houston Mall #8,Midwest,online,2,7,1221.4,1221.4,0.0,936.84,284.56,610.7,23.3
2024-12-16,STR012,Seattle Mall #12,Southeast,online,3,10,5059.08,5059.08,0.0,2845.2400000000002,2213.84,1686.36,43.76
2024-12-16,STR013,Portland Downtown #13,Midwest,flagship,1,1,172.92,172.92,0.0,113.99,58.93,172.92,34.08
2024-12-16,STR016,Nashville Downtown #16,Northeast,online,3,10,6048.63,6048.63,0.0,3294.04,2754.5899999999997,2016.21,45.54
2024-12-16,STR018,Minneapolis Mall #18,Midwest,outlet,1,4,2002.2,2002.2,0.0,1294.72,707.48,2002.2,35.34
2024-12-16,STR020,San Diego Mall #20,West,online,1,2,911.3,911.3,0.0,537.18,374.12,911.3,41.05
2024-12-16,STR021,Las Vegas Mall #21,Northeast,flagship,2,7,3291.98,3291.98,0.0,1962.3200000000002,1329.6599999999999,1645.99,40.39
2024-12-16,STR023,Kansas City Mall #23,Midwest,express,2,6,750.17,712.66,37.51,432.28000000000003,280.38,356.33,39.34
2024-12-17,STR002,Boston Mall #2,Southeast,outlet,1,1,54.14,54.14,0.0,43.9,10.24,54.14,18.91
2024-12-17,STR003,Atlanta Mall #3,Midwest,express,1,3,1311.24,1311.24,0.0,1110.21,201.03,1311.24,15.33
2024-12-17,STR004,Miami Downtown #4,Southwest,online,1,3,822.9,822.9,0.0,573.99,248.91,822.9,30.25
2024-12-17,STR006,Detroit Mall #6,Northeast,outlet,1,5,1322.5,1322.5,0.0,700.25,622.25,1322.5,47.05
2024-12-17,STR007,Dallas Downtown #7,Southeast,express,1,5,2708.05,2572.65,135.4,1333.05,1239.6,2572.65,48.18
2024-12-17,STR008,Houston Mall #8,Midwest,online,1,1,621.82,528.55,93.27,313.99,214.56,528.55,40.59
2024-12-17,STR010,Denver Downtown #10,West,outlet,1,2,62.28,62.28,0.0,33.78,28.5,62.28,45.76
2024-12-17,STR012,Seattle Mall #12,Southeast,online,1,1,487.35,487.35,0.0,288.35,199.0,487.35,40.83
2024-12-17,STR014,San Francisco Mall #14,Southwest,outlet,1,1,69.19,69.19,0.0,59.27,9.92,69.19,14.34
2024-12-17,STR015,Austin Mall #15,West,express,2,8,984.4100000000001,984.4100000000001,0.0,694.49,289.91999999999996,492.21,29.45
2024-12-17,STR017,Charlotte Mall #17,Southeast,flagship,3,10,6443.96,6443.96,0.0,3293.81,3150.15,2147.99,48.89
2024-12-17,STR022,Orlando Downtown #22,Southeast,outlet,2,2,1244.44,1149.77,94.67,605.3800000000001,544.39,574.88,47.35
2024-12-17,STR023,Kansas City Mall #23,Midwest,express,2,5,2684.61,2550.38,134.23,1348.25,1202.1299999999999,1275.19,47.14
2024-12-18,STR002,Boston Mall #2,Southeast,outlet,1,5,239.25,239.25,0.0,184.4,54.85,239.25,22.93
2024-12-18,STR003,Atlanta Mall #3,Midwest,express,2,3,1328.92,1328.92,0.0,889.66,439.26,664.46,33.05
2024-12-18,STR004,Miami Downtown #4,Southwest,online,1,3,1946.55,1946.55,0.0,896.73,1049.82,1946.55,53.93
2024-12-18,STR010,Denver Downtown #10,West,outlet,2,8,2094.76,2076.25,18.51,1337.1200000000001,739.13,1038.12,35.6
2024-12-18,STR011,Los Angeles Mall #11,Northeast,express,1,3,1064.73,1064.73,0.0,491.22,573.51,1064.73,53.86
2024-12-18,STR012,Seattle Mall #12,Southeast,online,1,5,1589.8,1589.8,0.0,1192.9,396.9,1589.8,24.97
2024-12-18,STR015,Austin Mall #15,West,express,1,2,919.6,919.6,0.0,638.26,281.34,919.6,30.59
2024-12-18,STR018,Minneapolis Mall #18,Midwest,outlet,1,2,548.6,548.6,0.0,382.66,165.94,548.6,30.25
2024-12-18,STR020,San Diego Mall #20,West,online,1,3,1863.69,1677.32,186.37,1083.72,593.6,1677.32,35.39
2024-12-18,STR022,Orlando Downtown #22,Southeast,outlet,1,2,710.82,710.82,0.0,418.46,292.36,710.82,41.13
2024-12-19,STR003,Atlanta Mall #3,Midwest,express,1,5,270.7,270.7,0.0,219.5,51.2,270.7,18.91
2024-12-19,STR005,Chicago Mall #5,West,flagship,1,3,1633.29,1633.29,0.0,793.35,839.94,1633.29,51.43
2024-12-19,STR006,Detroit Mall #6,Northeast,outlet,1,5,1371.5,1302.92,68.58,956.65,346.27,1302.92,26.58
2024-12-19,STR011,Los Angeles Mall #11,Northeast,express,1,4,545.48,518.21,27.27,237.04,281.17,518.21,54.26
2024-12-19,STR013,Portland Downtown #13,Midwest,flagship,1,3,1786.77,1786.77,0.0,919.41,867.36,1786.77,48.54
2024-12-19,STR015,Austin Mall #15,West,express,1,1,327.28,327.28,0.0,149.63,177.65,327.28,54.28
2024-12-19,STR016,Nashville Downtown #16,Northeast,online,1,2,643.12,643.12,0.0,471.76,171.36,643.12,26.65
2024-12-19,STR020,San Diego Mall #20,West,online,2,5,900.66,900.66,0.0,518.71,381.95,450.33,42.41
2024-12-19,STR021,Las Vegas Mall #21,Northeast,flagship,1,1,47.85,47.85,0.0,36.88,10.97,47.85,22.93
2024-12-20,STR003,Atlanta Mall #3,Midwest,express,1,3,1465.65,1465.65,0.0,1050.24,415.41,1465.65,28.34
2024-12-20,STR004,Miami Downtown #4,Southwest,online,1,2,494.2,420.07,74.13,212.92,207.15,420.07,49.31
2024-12-20,STR005,Chicago Mall #5,West,flagship,1,2,831.54,831.54,0.0,560.96,270.58,831.54,32.54
2024-12-20,STR006,Detroit Mall #6,Northeast,outlet,1,4,1004.68,904.21,100.47,743.32,160.89,904.21,17.79
2024-12-20,STR007,Dallas Downtown #7,Southeast,express,2,3,1653.63,1507.42,146.21,876.6500000000001,630.77,753.71,41.84
2024-12-20,STR010,Denver Downtown #10,West,outlet,1,4,92.56,92.56,0.0,42.4,50.16,92.56,54.19
2024-12-20,STR013,Portland Downtown #13,Midwest,flagship,1,5,1589.8,1589.8,0.0,1192.9,396.9,1589.8,24.97
2024-12-20,STR014,San Francisco Mall #14,Southwest,outlet,1,1,527.04,527.04,0.0,366.57,160.47,527.04,30.45
2024-12-20,STR019,Philadelphia Downtown #19,Southwest,express,1,1,491.81,491.81,0.0,287.32,204.49,491.81,41.58
2024-12-20,STR021,Las Vegas Mall #21,Northeast,flagship,1,4,1618.96,1618.96,0.0,1078.2,540.76,1618.96,33.4
2024-12-20,STR023,Kansas City Mall #23,Midwest,express,1,2,1154.16,1096.45,57.71,762.5,333.95,1096.45,30.46
2024-12-21,STR005,Chicago Mall #5,West,flagship,2,5,1038.35,986.4300000000001,51.92,606.23,380.2,493.22,38.54
2024-12-21,STR006,Detroit Mall #6,Northeast,outlet,1,1,76.14,76.14,0.0,59.52,16.62,76.14,21.83
2024-12-21,STR007,Dallas Downtown #7,Southeast,express,1,1,898.98,764.13,134.85,396.97,367.16,764.13,48.05
2024-12-21,STR008,Houston Mall #8,Midwest,online,1,2,52.04,52.04,0.0,22.16,29.88,52.04,57.42
2024-12-21,STR009,Phoenix Mall #9,Southwest,flagship,1,2,519.14,519.14,0.0,298.88,220.26,519.14,42.43
2024-12-21,STR011,Los Angeles Mall #11,Northeast,express,1,5,2078.85,2078.85,0.0,1402.4,676.45,2078.85,32.54
2024-12-21,STR012,Seattle Mall #12,Southeast,online,1,1,437.08,437.08,0.0,370.07,67.01,437.08,15.33
2024-12-21,STR015,Austin Mall #15,West,express,1,3,741.3,704.24,37.06,319.38,384.86,704.24,54.65
2024-12-21,STR018,Minneapolis Mall #18,Midwest,outlet,1,1,558.66,558.66,0.0,322.14,236.52,558.66,42.34
2024-12-21,STR019,Philadelphia Downtown #19,Southwest,express,1,3,1167.15,1167.15,0.0,888.36,278.79,1167.15,23.89
2024-12-21,STR023,Kansas City Mall #23,Midwest,express,1,4,938.44,938.44,0.0,614.6,323.84,938.44,34.51
2024-12-22,STR002,Boston Mall #2,Southeast,outlet,1,2,810.26,810.26,0.0,505.7,304.56,810.26,37.59
2024-12-22,STR006,Detroit Mall #6,Northeast,outlet,1,1,389.05,389.05,0.0,296.12,92.93,389.05,23.89
2024-12-22,STR010,Denver Downtown #10,West,outlet,1,4,322.68,322.68,0.0,273.84,48.84,322.68,15.14
2024-12-22,STR014,San Francisco Mall #14,Southwest,outlet,1,4,2633.32,2633.32,0.0,1288.16,1345.16,2633.32,51.08
2024-12-22,STR015,Austin Mall #15,West,express,1,4,2308.32,2308.32,0.0,1525.0,783.32,2308.32,33.93
2024-12-22,STR016,Nashville Downtown #16,Northeast,online,2,3,1123.5,1111.03,12.47,915.95,195.08,555.52,17.56
2024-12-22,STR017,Charlotte Mall #17,Southeast,flagship,1,4,322.64,322.64,0.0,230.48,92.16,322.64,28.56
2024-12-22,STR018,Minneapolis Mall #18,Midwest,outlet,1,5,3376.35,3376.35,0.0,1667.05,1709.3,3376.35,50.63
2024-12-22,STR022,Orlando Downtown #22,Southeast,outlet,1,1,116.31,116.31,0.0,95.11,21.2,116.31,18.23
2024-12-23,STR001,New York Downtown #1,Northeast,flagship,1,5,1636.4,1636.4,0.0,748.15,888.25,1636.4,54.28
2024-12-23,STR003,Atlanta Mall #3,Midwest,express,1,4,2107.0,1790.95,316.05,1289.2,501.75,1790.95,28.02
2024-12-23,STR011,Los Angeles Mall #11,Northeast,express,2,7,2327.23,2327.23,0.0,1647.12,680.11,1163.62,29.22
2024-12-23,STR012,Seattle Mall #12,Southeast,online,1,2,345.84,345.84,0.0,227.98,117.86,345.84,34.08
2024-12-23,STR015,Austin Mall #15,West,express,1,3,93.42,84.08,9.34,50.67,33.41,84.08,39.74
2024-12-23,STR016,Nashville Downtown #16,Northeast,online,2,3,1808.48,1807.95,0.53,798.87,1009.0799999999999,903.98,55.81
2024-12-23,STR017,Charlotte Mall #17,Southeast,flagship,2,7,704.3,680.95,23.35,467.11,213.84,340.48,31.4
2024-12-23,STR018,Minneapolis Mall #18,Midwest,outlet,1,3,1729.77,1729.77,0.0,1147.02,582.75,1729.77,33.69
2024-12-23,STR020,San Diego Mall #20,West,online,1,5,681.85,681.85,0.0,296.3,385.55,681.85,56.54
2024-12-23,STR021,Las Vegas Mall #21,Northeast,flagship,1,4,1663.08,1579.93,83.15,1121.92,458.01,1579.93,28.99
2024-12-23,STR022,Orlando Downtown #22,Southeast,outlet,2,3,1368.3799999999999,1368.3799999999999,0.0,604.8299999999999,763.5500000000001,684.19,55.8
2024-12-24,STR003,Atlanta Mall #3,Midwest,express,1,5,1006.65,1006.65,0.0,837.45,169.2,1006.65,16.81
2024-12-24,STR005,Chicago Mall #5,West,flagship,2,3,258.13,258.13,0.0,154.43,103.7,129.06,40.17
2024-12-24,STR006,Detroit Mall #6,Northeast,outlet,1,1,247.1,247.1,0.0,106.46,140.64,247.1,56.92
2024-12-24,STR007,Dallas Downtown #7,Southeast,express,1,2,858.14,858.14,0.0,530.68,327.46,858.14,38.16
2024-12-24,STR009,Phoenix Mall #9,Southwest,flagship,1,5,581.55,581.55,0.0,475.55,106.0,581.55,18.23
2024-12-24,STR010,Denver Downtown #10,West,outlet,1,4,1271.84,1081.06,190.78,954.32,126.74,1081.06,11.72
2024-12-24,STR011,Los Angeles Mall #11,Northeast,express,1,1,404.74,404.74,0.0,269.55,135.19,404.74,33.4
2024-12-24,STR014,San Francisco Mall #14,Southwest,outlet,1,3,368.4,349.98,18.42,280.2,69.78,349.98,19.94
2024-12-24,STR019,Philadelphia Downtown #19,Southwest,express,1,4,3518.56,3518.56,0.0,1539.36,1979.2,3518.56,56.25
2024-12-24,STR020,San Diego Mall #20,West,online,1,3,2696.94,2696.94,0.0,1190.91,1506.03,2696.94,55.84
2024-12-25,STR001,New York Downtown #1,Northeast,flagship,2,4,1101.96,1074.53,27.43,635.3,439.23,537.26,40.88
2024-12-25,STR002,Boston Mall #2,Southeast,outlet,1,5,3244.25,3244.25,0.0,1494.55,1749.7,3244.25,53.93
2024-12-25,STR003,Atlanta Mall #3,Midwest,express,1,5,2033.9,2033.9,0.0,1066.25,967.65,2033.9,47.58
2024-12-25,STR005,Chicago Mall #5,West,flagship,2,6,2329.36,2328.31,1.05,1534.86,793.45,1164.16,34.08
2024-12-25,STR006,Detroit Mall #6,Northeast,outlet,1,4,406.36,406.36,0.0,309.64,96.72,406.36,23.8
2024-12-25,STR008,Houston Mall #8,Midwest,online,1,1,488.55,488.55,0.0,350.08,138.47,488.55,28.34
2024-12-25,STR009,Phoenix Mall #9,Southwest,flagship,1,3,1675.98,1675.98,0.0,966.42,709.56,1675.98,42.34
2024-12-25,STR012,Seattle Mall #12,Southeast,online,3,11,2541.46,2524.0099999999998,17.45,1608.01,916.0,841.34,36.29
2024-12-25,STR013,Portland Downtown #13,Midwest,flagship,1,3,1581.12,1581.12,0.0,1099.71,481.41,1581.12,30.45
2024-12-25,STR019,Philadelphia Downtown #19,Southwest,express,1,3,1863.69,1584.14,279.55,1083.72,500.42,1584.14,31.59
2024-12-25,STR020,San Diego Mall #20,West,online,2,10,2120.5,1943.04,177.46,1115.0500000000002,827.99,971.52,42.61
2024-12-25,STR022,Orlando Downtown #22,Southeast,outlet,1,5,1945.25,1945.25,0.0,1480.6,464.65,1945.25,23.89
2024-12-26,STR006,Detroit Mall #6,Northeast,outlet,1,3,1374.57,1374.57,0.0,591.9,782.67,1374.57,56.94
2024-12-26,STR009,Phoenix Mall #9,Southwest,flagship,1,3,809.94,809.94,0.0,604.26,205.68,809.94,25.39
2024-12-26,STR010,Denver Downtown #10,West,outlet,2,6,2509.95,2471.01,38.94,1592.07,878.94,1235.51,35.57
2024-12-26,STR011,Los Angeles Mall #11,Northeast,express,2,6,983.31,983.31,0.0,524.76,458.55,491.66,46.63
2024-12-26,STR014,San Francisco Mall #14,Southwest,outlet,1,3,1426.05,1426.05,0.0,1076.01,350.04,1426.05,24.55
2024-12-26,STR015,Austin Mall #15,West,express,1,1,412.83,412.83,0.0,193.96,218.87,412.83,53.02
2024-12-26,STR018,Minneapolis Mall #18,Midwest,outlet,2,7,3803.6099999999997,3803.6099999999997,0.0,1920.27,1883.34,1901.8,49.51
2024-12-26,STR021,Las Vegas Mall #21,Northeast,flagship,3,12,4710.26,4644.14,66.12,2687.09,1957.05,1548.05,42.14
2024-12-26,STR023,Kansas City Mall #23,Midwest,express,1,4,1949.4,1851.93,97.47,1153.4,698.53,1851.93,37.72
2024-12-27,STR004,Miami Downtown #4,Southwest,online,1,3,1729.77,1556.79,172.98,1147.02,409.77,1556.79,26.32
2024-12-27,STR005,Chicago Mall #5,West,flagship,1,4,1716.28,1716.28,0.0,1061.36,654.92,1716.28,38.16
2024-12-27,STR007,Dallas Downtown #7,Southeast,express,1,3,1929.45,1929.45,0.0,1072.77,856.68,1929.45,44.4
2024-12-27,STR011,Los Angeles Mall #11,Northeast,express,1,3,741.3,630.11,111.19,319.38,310.73,630.11,49.31
2024-12-27,STR015,Austin Mall #15,West,express,1,2,1153.18,1153.18,0.0,764.68,388.5,1153.18,33.69
2024-12-27,STR020,San Diego Mall #20,West,online,1,5,2882.95,2882.95,0.0,1911.7,971.25,2882.95,33.69
2024-12-27,STR022,Orlando Downtown #22,Southeast,outlet,1,1,475.35,451.58,23.77,358.67,92.91,451.58,20.57
2024-12-27,STR023,Kansas City Mall #23,Midwest,express,1,2,255.24,255.24,0.0,195.82,59.42,255.24,23.28
2024-12-28,STR004,Miami Downtown #4,Southwest,online,1,1,269.98,229.48,40.5,201.42,28.06,229.48,12.23
2024-12-28,STR005,Chicago Mall #5,West,flagship,2,5,1932.45,1789.85,142.6,1499.26,290.59000000000003,894.92,16.24
2024-12-28,STR006,Detroit Mall #6,Northeast,outlet,1,4,1592.08,1592.08,0.0,675.24,916.84,1592.08,57.59
2024-12-28,STR008,Houston Mall #8,Midwest,online,2,6,896.2,896.2,0.0,563.75,332.45,448.1,37.1
2024-12-28,STR010,Denver Downtown #10,West,outlet,2,5,373.23,373.23,0.0,243.92,129.31,186.62,34.65
2024-12-28,STR011,Los Angeles Mall #11,Northeast,express,1,1,694.62,694.62,0.0,370.2,324.42,694.62,46.7
2024-12-28,STR012,Seattle Mall #12,Southeast,online,2,7,944.91,944.91,0.0,705.01,239.9,472.46,25.39
2024-12-28,STR015,Austin Mall #15,West,express,1,4,1097.2,1097.2,0.0,765.32,331.88,1097.2,30.25
2024-12-28,STR018,Minneapolis Mall #18,Midwest,outlet,1,5,688.75,688.75,0.0,397.35,291.4,688.75,42.31
2024-12-28,STR021,Las Vegas Mall #21,Northeast,flagship,1,4,1901.4,1616.19,285.21,1434.68,181.51,1616.19,11.23
2024-12-28,STR022,Orlando Downtown #22,Southeast,outlet,1,3,438.45,438.45,0.0,368.91,69.54,438.45,15.86
2024-12-29,STR002,Boston Mall #2,Southeast,outlet,1,3,1709.61,1709.61,0.0,821.55,888.06,1709.61,51.95
2024-12-29,STR004,Miami Downtown #4,Southwest,online,1,2,1139.74,1139.74,0.0,547.7,592.04,1139.74,51.95
2024-12-29,STR005,Chicago Mall #5,West,flagship,2,7,744.67,744.67,0.0,489.55,255.12,372.34,34.26
2024-12-29,STR006,Detroit Mall #6,Northeast,outlet,2,5,1322.5,1309.27,13.23,700.25,609.02,654.64,46.52
2024-12-29,STR007,Dallas Downtown #7,Southeast,express,2,3,1596.96,1530.83,66.13,886.0500000000001,644.78,765.42,42.12
2024-12-29,STR008,Houston Mall #8,Midwest,online,1,5,1344.35,1344.35,0.0,831.0,513.35,1344.35,38.19
2024-12-29,STR011,Los Angeles Mall #11,Northeast,express,1,3,304.77,304.77,0.0,232.23,72.54,304.77,23.8
2024-12-29,STR013,Portland Downtown #13,Midwest,flagship,1,5,3244.25,2919.82,324.43,1494.55,1425.27,2919.82,48.81
2024-12-29,STR019,Philadelphia Downtown #19,Southwest,express,1,5,3394.65,3394.65,0.0,1499.75,1894.9,3394.65,55.82
2024-12-29,STR020,San Diego Mall #20,West,online,2,4,815.95,815.95,0.0,388.86,427.09000000000003,407.98,52.34
2024-12-29,STR021,Las Vegas Mall #21,Northeast,flagship,2,6,1220.92,1086.9,134.01999999999998,702.78,384.12,543.45,35.34
2024-12-29,STR023,Kansas City Mall #23,Midwest,express,1,1,318.79,302.85,15.94,232.53,70.32,302.85,23.22
2024-12-30,STR001,New York Downtown #1,Northeast,flagship,2,7,3681.79,3592.33,89.46,2048.46,1543.87,1796.16,42.98
2024-12-30,STR002,Boston Mall #2,Southeast,outlet,2,5,1033.22,1033.22,0.0,533.78,499.44,516.61,48.34
2024-12-30,STR003,Atlanta Mall #3,Midwest,express,1,2,1759.28,1759.28,0.0,769.68,989.6,1759.28,56.25
2024-12-30,STR004,Miami Downtown #4,Southwest,online,1,4,1415.4,1415.4,0.0,1086.84,328.56,1415.4,23.21
2024-12-30,STR005,Chicago Mall #5,West,flagship,1,4,1644.28,1644.28,0.0,889.28,755.0,1644.28,45.92
2024-12-30,STR008,Houston Mall #8,Midwest,online,1,4,1271.84,1271.84,0.0,954.32,317.52,1271.84,24.97
2024-12-30,STR009,Phoenix Mall #9,Southwest,flagship,2,7,1821.43,1821.43,0.0,1397.4099999999999,424.02,910.72,23.28
2024-12-30,STR010,Denver Downtown #10,West,outlet,1,1,500.55,400.44,100.11,323.68,76.76,400.44,19.17
2024-12-30,STR011,Los Angeles Mall #11,Northeast,express,1,3,420.6,420.6,0.0,331.05,89.55,420.6,21.29
2024-12-30,STR012,Seattle Mall #12,Southeast,online,2,10,4778.9,4778.9,0.0,2221.8,2557.1,2389.45,53.51
2024-12-30,STR013,Portland Downtown #13,Midwest,flagship,1,3,31.56,31.56,0.0,14.79,16.77,31.56,53.14
2024-12-30,STR019,Philadelphia Downtown #19,Southwest,express,1,4,2487.28,2487.28,0.0,1255.96,1231.32,2487.28,49.5
2024-12-30,STR022,Orlando Downtown #22,Southeast,outlet,1,3,1166.13,1166.13,0.0,589.38,576.75,1166.13,49.46
