ticket_id,opened_at,resolved_at,sla_due_at,opened_date,status,priority,reason,channel,store_id,store_name,region,customer_id,csat,resolve_hours,age_hours,is_open,sla_breach,sla_status
TKT000001,2024-08-17 16:55:00,2024-08-18 20:43:40,2024-08-20 16:55:00,2024-08-17,resolved,medium,Staff conduct,social,STR007,Dallas Downtown #7,Southeast,CUS00152,4.0,27.81,27.81,0,False,within_sla
TKT000002,2024-06-24 16:09:00,2024-07-02 04:50:33,2024-06-27 16:09:00,2024-06-24,resolved,medium,Staff conduct,phone,STR014,San Francisco Mall #14,Southwest,CUS00126,3.0,180.69,180.69,0,True,beyond_sla
TKT000003,2024-10-17 15:23:00,2024-10-19 16:04:43,2024-10-20 15:23:00,2024-10-17,resolved,medium,Staff conduct,in_store,STR011,Los Angeles Mall #11,Northeast,CUS00155,4.0,48.7,48.7,0,False,within_sla
TKT000004,2024-06-26 16:39:00,2024-06-28 17:13:45,2024-07-03 16:39:00,2024-06-26,resolved,low,Pricing dispute,social,STR001,New York Downtown #1,Northeast,CUS00005,3.0,48.58,48.58,0,False,within_sla
TKT000005,2024-09-04 12:01:00,2024-09-12 18:28:38,2024-09-07 12:01:00,2024-09-04,closed_unresolved,medium,Online order issue,email,STR009,Phoenix Mall #9,Southwest,CUS00191,1.0,198.46,198.46,0,True,beyond_sla
TKT000006,2024-04-18 09:04:00,2024-04-19 05:26:08,2024-04-19 09:04:00,2024-04-18,resolved,high,Refund request,chat,STR022,Orlando Downtown #22,Southeast,CUS00075,5.0,20.37,20.37,0,False,within_sla
TKT000007,2024-11-16 20:29:00,,2024-11-19 20:29:00,2024-11-16,escalated,medium,Online order issue,in_store,STR016,Nashville Downtown #16,Northeast,CUS00048,,,1079.77,1,True,pending_beyond_sla
TKT000008,2024-10-19 19:32:00,2024-10-20 04:08:42,2024-10-19 23:32:00,2024-10-19,resolved,critical,Store experience,social,STR007,Dallas Downtown #7,Southeast,CUS00145,4.0,8.61,8.61,0,True,beyond_sla
TKT000009,2024-10-21 19:29:00,2024-10-25 09:21:36,2024-10-28 19:29:00,2024-10-21,resolved,low,Late delivery,phone,STR013,Portland Downtown #13,Midwest,CUS00436,4.0,85.88,85.88,0,False,within_sla
TKT000010,2024-03-06 12:45:00,2024-03-08 00:28:28,2024-03-13 12:45:00,2024-03-06,resolved,low,Refund request,social,STR022,Orlando Downtown #22,Southeast,CUS00441,4.0,35.72,35.72,0,False,within_sla
TKT000011,2024-03-02 20:02:00,2024-03-06 02:51:38,2024-03-09 20:02:00,2024-03-02,resolved,low,Late delivery,in_store,STR009,Phoenix Mall #9,Southwest,CUS00416,4.0,78.83,78.83,0,False,within_sla
TKT000012,2024-04-21 13:53:00,2024-04-26 14:36:33,2024-04-24 13:53:00,2024-04-21,resolved,medium,Staff conduct,in_store,STR013,Portland Downtown #13,Midwest,CUS00282,1.0,120.73,120.73,0,True,beyond_sla
TKT000013,2024-09-28 14:36:00,2024-10-01 03:00:51,2024-10-05 14:36:00,2024-09-28,resolved,low,Store experience,in_store,STR002,Boston Mall #2,Southeast,CUS00491,4.0,60.41,60.41,0,False,within_sla
TKT000014,2024-08-20 20:36:00,2024-08-21 07:51:33,2024-08-23 20:36:00,2024-08-20,resolved,medium,Refund request,chat,STR013,Portland Downtown #13,Midwest,CUS00291,5.0,11.26,11.26,0,False,within_sla
TKT000015,2024-06-05 19:09:00,2024-06-08 12:19:40,2024-06-12 19:09:00,2024-06-05,resolved,low,Product defect,chat,STR009,Phoenix Mall #9,Southwest,CUS00300,4.0,65.18,65.18,0,False,within_sla
TKT000016,2024-07-09 09:50:00,2024-07-11 19:53:54,2024-07-12 09:50:00,2024-07-09,resolved,medium,Pricing dispute,chat,STR009,Phoenix Mall #9,Southwest,CUS00021,3.0,58.07,58.06,0,False,within_sla
TKT000017,2024-04-07 11:02:00,2024-04-07 13:24:34,2024-04-08 11:02:00,2024-04-07,resolved,high,Late delivery,email,STR018,Minneapolis Mall #18,Midwest,CUS00137,3.0,2.38,2.38,0,False,within_sla
TKT000018,2024-05-15 11:31:00,,2024-05-18 11:31:00,2024-05-15,escalated,medium,Late delivery,social,STR003,Atlanta Mall #3,Midwest,CUS00086,,,5528.73,1,True,pending_beyond_sla
TKT000019,2024-12-25 17:49:00,2024-12-28 05:04:19,2025-01-01 17:49:00,2024-12-25,resolved,low,Refund request,email,STR007,Dallas Downtown #7,Southeast,CUS00226,5.0,59.26,59.26,0,False,within_sla
TKT000020,2024-03-04 07:13:00,2024-03-07 09:26:14,2024-03-11 07:13:00,2024-03-04,resolved,low,Wrong item,in_store,STR019,Philadelphia Downtown #19,Southwest,CUS00202,5.0,74.22,74.22,0,False,within_sla
TKT000021,2024-06-11 11:59:00,2024-06-11 18:51:41,2024-06-14 11:59:00,2024-06-11,resolved,medium,Pricing dispute,phone,STR019,Philadelphia Downtown #19,Southwest,CUS00240,4.0,6.88,6.88,0,False,within_sla
TKT000022,2024-03-27 14:13:00,2024-03-27 16:56:27,2024-03-28 14:13:00,2024-03-27,resolved,high,Late delivery,in_store,STR012,Seattle Mall #12,Southeast,CUS00067,3.0,2.72,2.72,0,False,within_sla
TKT000023,2024-07-29 11:31:00,2024-08-05 23:35:10,2024-08-05 11:31:00,2024-07-29,resolved,low,Staff conduct,chat,STR005,Chicago Mall #5,West,CUS00310,3.0,180.07,180.07,0,True,beyond_sla
TKT000024,2024-09-09 07:30:00,,2024-09-10 07:30:00,2024-09-09,escalated,high,Refund request,in_store,STR021,Las Vegas Mall #21,Northeast,CUS00327,,,2724.75,1,True,pending_beyond_sla
TKT000025,2024-02-12 19:38:00,2024-02-12 22:50:00,2024-02-12 23:38:00,2024-02-12,resolved,critical,Late delivery,chat,STR012,Seattle Mall #12,Southeast,CUS00027,5.0,3.2,3.2,0,False,within_sla
TKT000026,2024-10-09 20:02:00,2024-10-09 20:45:36,2024-10-10 00:02:00,2024-10-09,resolved,critical,Wrong item,email,STR013,Portland Downtown #13,Midwest,CUS00129,4.0,0.73,0.73,0,False,within_sla
TKT000027,2024-01-24 16:38:00,2024-02-01 08:55:07,2024-01-27 16:38:00,2024-01-24,resolved,medium,Store experience,in_store,STR021,Las Vegas Mall #21,Northeast,CUS00243,2.0,184.29,184.29,0,True,beyond_sla
TKT000028,2024-05-28 18:09:00,2024-05-31 09:45:00,2024-05-31 18:09:00,2024-05-28,resolved,medium,Pricing dispute,phone,STR021,Las Vegas Mall #21,Northeast,CUS00030,5.0,63.6,63.6,0,False,within_sla
TKT000029,2024-04-12 07:45:00,2024-04-12 11:28:46,2024-04-13 07:45:00,2024-04-12,resolved,high,Late delivery,in_store,STR015,Austin Mall #15,West,CUS00397,4.0,3.73,3.73,0,False,within_sla
TKT000030,2024-06-26 15:06:00,2024-06-27 01:46:07,2024-06-29 15:06:00,2024-06-26,resolved,medium,Online order issue,email,STR017,Charlotte Mall #17,Southeast,CUS00058,5.0,10.67,10.67,0,False,within_sla
TKT000031,2024-05-25 09:43:00,2024-05-26 09:37:06,2024-06-01 09:43:00,2024-05-25,resolved,low,Online order issue,in_store,STR014,San Francisco Mall #14,Southwest,CUS00429,5.0,23.9,23.9,0,False,within_sla
TKT000032,2024-06-29 09:15:00,2024-06-30 11:13:21,2024-07-02 09:15:00,2024-06-29,resolved,medium,Refund request,in_store,STR006,Detroit Mall #6,Northeast,CUS00018,5.0,25.97,25.97,0,False,within_sla
TKT000033,2024-08-20 08:54:00,,2024-08-23 08:54:00,2024-08-20,pending,medium,Product defect,email,STR016,Nashville Downtown #16,Northeast,CUS00355,,,3203.35,1,True,pending_beyond_sla
TKT000034,2024-07-24 10:41:00,2024-07-24 19:05:28,2024-07-31 10:41:00,2024-07-24,resolved,low,Online order issue,in_store,STR006,Detroit Mall #6,Northeast,CUS00441,4.0,8.41,8.41,0,False,within_sla
TKT000035,2024-06-22 11:24:00,2024-06-28 20:44:02,2024-06-25 11:24:00,2024-06-22,resolved,medium,Refund request,chat,STR020,San Diego Mall #20,West,CUS00079,1.0,153.33,153.33,0,True,beyond_sla
TKT000036,2024-05-25 08:38:00,2024-06-04 06:35:09,2024-06-01 08:38:00,2024-05-25,resolved,low,Pricing dispute,chat,STR002,Boston Mall #2,Southeast,CUS00469,3.0,237.95,237.95,0,True,beyond_sla
TKT000037,2024-06-19 14:48:00,2024-06-21 20:44:02,2024-06-22 14:48:00,2024-06-19,resolved,medium,Wrong item,email,STR007,Dallas Downtown #7,Southeast,CUS00240,5.0,53.93,53.93,0,False,within_sla
TKT000038,2024-06-02 10:22:00,2024-06-04 18:25:10,2024-06-05 10:22:00,2024-06-02,resolved,medium,Pricing dispute,chat,STR013,Portland Downtown #13,Midwest,CUS00356,5.0,56.05,56.05,0,False,within_sla
TKT000039,2024-08-26 20:00:00,,2024-09-02 20:00:00,2024-08-26,pending,low,Product defect,chat,STR005,Chicago Mall #5,West,CUS00132,,,3048.25,1,True,pending_beyond_sla
TKT000040,2024-04-30 15:33:00,2024-04-30 18:00:43,2024-05-03 15:33:00,2024-04-30,resolved,medium,Wrong item,phone,STR007,Dallas Downtown #7,Southeast,CUS00056,4.0,2.46,2.46,0,False,within_sla
TKT000041,2024-11-18 07:42:00,2024-12-01 19:05:44,2024-11-25 07:42:00,2024-11-18,resolved,low,Refund request,phone,STR017,Charlotte Mall #17,Southeast,CUS00034,3.0,323.4,323.4,0,True,beyond_sla
TKT000042,2024-10-25 12:45:00,2024-10-27 03:45:48,2024-10-28 12:45:00,2024-10-25,resolved,medium,Store experience,social,STR013,Portland Downtown #13,Midwest,CUS00167,3.0,39.01,39.01,0,False,within_sla
TKT000043,2024-03-28 19:55:00,2024-04-03 04:24:35,2024-04-04 19:55:00,2024-03-28,resolved,low,Store experience,email,STR020,San Diego Mall #20,West,CUS00328,3.0,128.49,128.49,0,False,within_sla
TKT000044,2024-08-28 08:02:00,2024-09-01 01:14:52,2024-09-04 08:02:00,2024-08-28,resolved,low,Pricing dispute,in_store,STR007,Dallas Downtown #7,Southeast,CUS00273,4.0,89.21,89.21,0,False,within_sla
TKT000045,2024-09-13 12:07:00,2024-09-23 09:09:35,2024-09-20 12:07:00,2024-09-13,closed_unresolved,low,Staff conduct,phone,STR023,Kansas City Mall #23,Midwest,CUS00044,1.0,237.04,237.04,0,True,beyond_sla
TKT000046,2024-02-03 09:19:00,2024-02-03 12:27:08,2024-02-04 09:19:00,2024-02-03,resolved,high,Refund request,chat,STR018,Minneapolis Mall #18,Midwest,CUS00116,4.0,3.14,3.14,0,False,within_sla
TKT000047,2024-06-21 08:33:00,2024-06-21 09:56:30,2024-06-24 08:33:00,2024-06-21,resolved,medium,Online order issue,in_store,STR009,Phoenix Mall #9,Southwest,CUS00234,3.0,1.39,1.39,0,False,within_sla
TKT000048,2024-08-29 20:09:00,2024-08-30 03:03:49,2024-08-30 20:09:00,2024-08-29,resolved,high,Refund request,chat,STR002,Boston Mall #2,Southeast,CUS00119,5.0,6.91,6.91,0,False,within_sla
TKT000049,2024-09-01 14:15:00,2024-09-03 17:22:31,2024-09-02 14:15:00,2024-09-01,resolved,high,Refund request,social,STR005,Chicago Mall #5,West,CUS00300,2.0,51.13,51.13,0,True,beyond_sla
TKT000050,2024-02-22 11:15:00,2024-02-22 13:23:49,2024-02-22 15:15:00,2024-02-22,resolved,critical,Staff conduct,email,STR013,Portland Downtown #13,Midwest,CUS00015,3.0,2.15,2.15,0,False,within_sla
TKT000051,2024-01-26 11:51:00,2024-01-28 22:36:04,2024-01-27 11:51:00,2024-01-26,resolved,high,Store experience,chat,STR010,Denver Downtown #10,West,CUS00011,1.0,58.75,58.75,0,True,beyond_sla
TKT000052,2024-04-18 12:39:00,2024-04-19 14:48:57,2024-04-21 12:39:00,2024-04-18,resolved,medium,Pricing dispute,in_store,STR003,Atlanta Mall #3,Midwest,CUS00128,5.0,26.17,26.17,0,False,within_sla
TKT000053,2024-01-25 16:35:00,2024-02-04 15:15:02,2024-02-01 16:35:00,2024-01-25,resolved,low,Store experience,chat,STR013,Portland Downtown #13,Midwest,CUS00279,2.0,238.67,238.67,0,True,beyond_sla
TKT000054,2024-12-21 09:18:00,2024-12-22 03:01:44,2024-12-22 09:18:00,2024-12-21,resolved,high,Online order issue,email,STR019,Philadelphia Downtown #19,Southwest,CUS00304,5.0,17.73,17.73,0,False,within_sla
TKT000055,2024-07-13 09:56:00,2024-07-18 01:38:51,2024-07-20 09:56:00,2024-07-13,resolved,low,Store experience,phone,STR003,Atlanta Mall #3,Midwest,CUS00221,5.0,111.71,111.71,0,False,within_sla
TKT000056,2024-11-26 18:03:00,2024-11-28 05:34:26,2024-12-03 18:03:00,2024-11-26,resolved,low,Online order issue,chat,STR015,Austin Mall #15,West,CUS00407,5.0,35.52,35.52,0,False,within_sla
TKT000057,2024-12-09 09:39:00,2024-12-18 18:51:44,2024-12-16 09:39:00,2024-12-09,resolved,low,Late delivery,chat,STR006,Detroit Mall #6,Northeast,CUS00486,1.0,225.21,225.21,0,True,beyond_sla
TKT000058,2024-01-26 19:03:00,2024-01-31 03:11:16,2024-02-02 19:03:00,2024-01-26,resolved,low,Staff conduct,social,STR023,Kansas City Mall #23,Midwest,CUS00341,4.0,104.14,104.14,0,False,within_sla
TKT000059,2024-03-08 13:52:00,2024-03-10 11:34:32,2024-03-09 13:52:00,2024-03-08,resolved,high,Staff conduct,phone,STR016,Nashville Downtown #16,Northeast,CUS00404,2.0,45.71,45.71,0,True,beyond_sla
TKT000060,2024-04-19 18:21:00,2024-04-22 12:50:16,2024-04-22 18:21:00,2024-04-19,resolved,medium,Product defect,in_store,STR004,Miami Downtown #4,Southwest,CUS00333,3.0,66.49,66.49,0,False,within_sla
TKT000061,2024-02-29 14:29:00,,2024-03-01 14:29:00,2024-02-29,escalated,high,Online order issue,chat,STR012,Seattle Mall #12,Southeast,CUS00090,,,7349.77,1,True,pending_beyond_sla
TKT000062,2024-12-06 12:26:00,,2024-12-09 12:26:00,2024-12-06,pending,medium,Wrong item,phone,STR019,Philadelphia Downtown #19,Southwest,CUS00020,,,607.82,1,True,pending_beyond_sla
TKT000063,2024-12-11 15:31:00,2024-12-11 18:45:58,2024-12-11 19:31:00,2024-12-11,resolved,critical,Late delivery,in_store,STR014,San Francisco Mall #14,Southwest,CUS00423,4.0,3.25,3.25,0,False,within_sla
TKT000064,2024-04-06 16:45:00,,2024-04-07 16:45:00,2024-04-06,pending,high,Pricing dispute,chat,STR018,Minneapolis Mall #18,Midwest,CUS00270,,,6459.5,1,True,pending_beyond_sla
TKT000065,2024-08-23 11:19:00,2024-08-25 16:02:39,2024-08-26 11:19:00,2024-08-23,resolved,medium,Refund request,email,STR008,Houston Mall #8,Midwest,CUS00075,5.0,52.73,52.73,0,False,within_sla
TKT000066,2024-12-16 19:53:00,2024-12-16 20:57:25,2024-12-16 23:53:00,2024-12-16,resolved,critical,Online order issue,phone,STR023,Kansas City Mall #23,Midwest,CUS00371,5.0,1.07,1.07,0,False,within_sla
TKT000067,2024-11-09 14:33:00,,2024-11-12 14:33:00,2024-11-09,pending,medium,Online order issue,chat,STR009,Phoenix Mall #9,Southwest,CUS00478,,,1253.7,1,True,pending_beyond_sla
TKT000068,2024-09-04 14:45:00,2024-09-05 07:05:21,2024-09-07 14:45:00,2024-09-04,resolved,medium,Wrong item,chat,STR014,San Francisco Mall #14,Southwest,CUS00172,3.0,16.34,16.34,0,False,within_sla
TKT000069,2024-10-01 12:47:00,2024-10-01 22:55:34,2024-10-04 12:47:00,2024-10-01,resolved,medium,Late delivery,phone,STR011,Los Angeles Mall #11,Northeast,CUS00124,4.0,10.14,10.14,0,False,within_sla
TKT000070,2024-01-11 13:36:00,2024-01-11 18:46:48,2024-01-12 13:36:00,2024-01-11,resolved,high,Online order issue,email,STR016,Nashville Downtown #16,Northeast,CUS00287,3.0,5.18,5.18,0,False,within_sla
TKT000071,2024-12-22 16:24:00,2024-12-24 19:40:33,2024-12-25 16:24:00,2024-12-22,resolved,medium,Product defect,in_store,STR021,Las Vegas Mall #21,Northeast,CUS00403,4.0,51.28,51.28,0,False,within_sla
TKT000072,2024-06-25 11:19:00,2024-06-26 15:21:46,2024-06-28 11:19:00,2024-06-25,resolved,medium,Store experience,email,STR004,Miami Downtown #4,Southwest,CUS00308,5.0,28.05,28.05,0,False,within_sla
TKT000073,2024-07-26 17:45:00,,2024-07-29 17:45:00,2024-07-26,pending,medium,Pricing dispute,chat,STR007,Dallas Downtown #7,Southeast,CUS00236,,,3794.5,1,True,pending_beyond_sla
TKT000074,2024-09-08 16:10:00,2024-09-09 03:08:43,2024-09-09 16:10:00,2024-09-08,resolved,high,Pricing dispute,chat,STR019,Philadelphia Downtown #19,Southwest,CUS00061,5.0,10.98,10.98,0,False,within_sla
TKT000075,2024-03-30 19:10:00,2024-04-01 23:52:44,2024-04-02 19:10:00,2024-03-30,resolved,medium,Wrong item,social,STR016,Nashville Downtown #16,Northeast,CUS00360,4.0,52.71,52.71,0,False,within_sla
TKT000076,2024-04-10 11:47:00,2024-04-11 03:58:58,2024-04-11 11:47:00,2024-04-10,resolved,high,Product defect,email,STR019,Philadelphia Downtown #19,Southwest,CUS00281,4.0,16.2,16.2,0,False,within_sla
TKT000077,2024-05-31 14:25:00,,2024-06-03 14:25:00,2024-05-31,escalated,medium,Late delivery,chat,STR002,Boston Mall #2,Southeast,CUS00027,,,5141.83,1,True,pending_beyond_sla
TKT000078,2024-06-21 19:52:00,,2024-06-28 19:52:00,2024-06-21,escalated,low,Pricing dispute,in_store,STR007,Dallas Downtown #7,Southeast,CUS00231,,,4632.38,1,True,pending_beyond_sla
TKT000079,2024-10-28 09:25:00,2024-10-28 15:13:59,2024-10-29 09:25:00,2024-10-28,resolved,high,Online order issue,in_store,STR015,Austin Mall #15,West,CUS00442,5.0,5.82,5.82,0,False,within_sla
TKT000080,2024-12-23 16:06:00,2024-12-26 10:38:14,2024-12-26 16:06:00,2024-12-23,resolved,medium,Staff conduct,phone,STR003,Atlanta Mall #3,Midwest,CUS00213,4.0,66.54,66.54,0,False,within_sla
TKT000081,2024-08-25 18:19:00,2024-08-27 14:51:54,2024-09-01 18:19:00,2024-08-25,resolved,low,Product defect,in_store,STR021,Las Vegas Mall #21,Northeast,CUS00431,5.0,44.55,44.55,0,False,within_sla
TKT000082,2024-05-13 18:16:00,2024-05-15 12:19:05,2024-05-20 18:16:00,2024-05-13,resolved,low,Wrong item,in_store,STR013,Portland Downtown #13,Midwest,CUS00454,5.0,42.05,42.05,0,False,within_sla
TKT000083,2024-04-13 10:40:00,,2024-04-20 10:40:00,2024-04-13,pending,low,Wrong item,in_store,STR012,Seattle Mall #12,Southeast,CUS00261,,,6297.58,1,True,pending_beyond_sla
TKT000084,2024-05-03 20:20:00,2024-05-04 02:42:01,2024-05-06 20:20:00,2024-05-03,resolved,medium,Pricing dispute,chat,STR012,Seattle Mall #12,Southeast,CUS00497,4.0,6.37,6.37,0,False,within_sla
TKT000085,2024-11-29 09:38:00,2024-12-01 16:02:01,2024-12-02 09:38:00,2024-11-29,resolved,medium,Wrong item,email,STR008,Houston Mall #8,Midwest,CUS00303,5.0,54.4,54.4,0,False,within_sla
TKT000086,2024-10-09 14:34:00,2024-10-11 18:27:38,2024-10-16 14:34:00,2024-10-09,resolved,low,Staff conduct,in_store,STR009,Phoenix Mall #9,Southwest,CUS00410,5.0,51.89,51.89,0,False,within_sla
TKT000087,2024-01-29 14:25:00,2024-01-31 14:52:46,2024-02-05 14:25:00,2024-01-29,resolved,low,Late delivery,in_store,STR009,Phoenix Mall #9,Southwest,CUS00156,5.0,48.46,48.46,0,False,within_sla
TKT000088,2024-01-26 07:36:00,2024-01-31 07:06:57,2024-02-02 07:36:00,2024-01-26,resolved,low,Pricing dispute,social,STR013,Portland Downtown #13,Midwest,CUS00121,3.0,119.52,119.52,0,False,within_sla
TKT000089,2024-11-20 13:26:00,2024-11-23 23:04:56,2024-11-27 13:26:00,2024-11-20,resolved,low,Staff conduct,chat,STR023,Kansas City Mall #23,Midwest,CUS00348,4.0,81.65,81.65,0,False,within_sla
TKT000090,2024-08-21 13:58:00,2024-08-22 12:36:56,2024-08-22 13:58:00,2024-08-21,resolved,high,Product defect,social,STR011,Los Angeles Mall #11,Northeast,CUS00218,4.0,22.65,22.65,0,False,within_sla
TKT000091,2024-05-20 10:04:00,2024-05-21 19:27:28,2024-05-27 10:04:00,2024-05-20,resolved,low,Online order issue,chat,STR018,Minneapolis Mall #18,Midwest,CUS00495,5.0,33.39,33.39,0,False,within_sla
TKT000092,2024-04-28 14:44:00,2024-04-29 13:24:25,2024-04-29 14:44:00,2024-04-28,resolved,high,Late delivery,in_store,STR009,Phoenix Mall #9,Southwest,CUS00052,4.0,22.67,22.67,0,False,within_sla
TKT000093,2024-03-16 08:45:00,2024-03-16 11:59:51,2024-03-16 12:45:00,2024-03-16,resolved,critical,Online order issue,in_store,STR022,Orlando Downtown #22,Southeast,CUS00324,5.0,3.25,3.25,0,False,within_sla
TKT000094,2024-12-18 13:10:00,2024-12-19 19:15:05,2024-12-25 13:10:00,2024-12-18,resolved,low,Staff conduct,chat,STR023,Kansas City Mall #23,Midwest,CUS00247,4.0,30.08,30.08,0,False,within_sla
TKT000095,2024-05-01 19:27:00,2024-05-02 02:12:07,2024-05-04 19:27:00,2024-05-01,resolved,medium,Wrong item,chat,STR020,San Diego Mall #20,West,CUS00447,4.0,6.75,6.75,0,False,within_sla
TKT000096,2024-11-23 15:53:00,2024-11-23 18:57:53,2024-11-30 15:53:00,2024-11-23,resolved,low,Online order issue,phone,STR018,Minneapolis Mall #18,Midwest,CUS00179,4.0,3.08,3.08,0,False,within_sla
TKT000097,2024-05-23 16:23:00,2024-05-26 06:10:22,2024-05-26 16:23:00,2024-05-23,resolved,medium,Late delivery,phone,STR014,San Francisco Mall #14,Southwest,CUS00185,4.0,61.79,61.79,0,False,within_sla
TKT000098,2024-06-02 11:43:00,2024-06-04 03:47:10,2024-06-05 11:43:00,2024-06-02,resolved,medium,Pricing dispute,email,STR011,Los Angeles Mall #11,Northeast,CUS00319,5.0,40.07,40.07,0,False,within_sla
TKT000099,2024-08-25 16:51:00,2024-08-26 19:53:45,2024-08-28 16:51:00,2024-08-25,resolved,medium,Late delivery,chat,STR018,Minneapolis Mall #18,Midwest,CUS00122,4.0,27.05,27.05,0,False,within_sla
TKT000100,2024-01-10 16:44:00,,2024-01-13 16:44:00,2024-01-10,escalated,medium,Wrong item,social,STR014,San Francisco Mall #14,Southwest,CUS00306,,,8547.52,1,True,pending_beyond_sla
TKT000101,2024-02-10 14:07:00,2024-02-12 08:15:07,2024-02-13 14:07:00,2024-02-10,resolved,medium,Wrong item,email,STR017,Charlotte Mall #17,Southeast,CUS00477,4.0,42.14,42.14,0,False,within_sla
TKT000102,2024-12-10 19:51:00,,2024-12-17 19:51:00,2024-12-10,pending,low,Store experience,phone,STR019,Philadelphia Downtown #19,Southwest,CUS00085,,,504.4,1,True,pending_beyond_sla
TKT000103,2024-03-02 19:47:00,,2024-03-05 19:47:00,2024-03-02,pending,medium,Refund request,chat,STR007,Dallas Downtown #7,Southeast,CUS00491,,,7296.47,1,True,pending_beyond_sla
TKT000104,2024-03-09 09:25:00,2024-03-09 14:25:15,2024-03-10 09:25:00,2024-03-09,resolved,high,Wrong item,chat,STR020,San Diego Mall #20,West,CUS00341,5.0,5.0,5.0,0,False,within_sla
TKT000105,2024-06-04 17:30:00,2024-06-04 19:04:54,2024-06-05 17:30:00,2024-06-04,resolved,high,Product defect,phone,STR021,Las Vegas Mall #21,Northeast,CUS00204,5.0,1.58,1.58,0,False,within_sla
TKT000106,2024-10-19 18:57:00,2024-10-22 15:57:01,2024-10-26 18:57:00,2024-10-19,resolved,low,Late delivery,in_store,STR011,Los Angeles Mall #11,Northeast,CUS00445,4.0,69.0,69.0,0,False,within_sla
TKT000107,2024-12-05 16:40:00,2024-12-11 13:14:27,2024-12-12 16:40:00,2024-12-05,resolved,low,Wrong item,social,STR004,Miami Downtown #4,Southwest,CUS00275,4.0,140.57,140.57,0,False,within_sla
TKT000108,2024-10-08 14:53:00,2024-10-10 16:47:25,2024-10-11 14:53:00,2024-10-08,resolved,medium,Refund request,in_store,STR016,Nashville Downtown #16,Northeast,CUS00280,5.0,49.91,49.91,0,False,within_sla
TKT000109,2024-10-11 10:00:00,2024-10-17 02:58:17,2024-10-18 10:00:00,2024-10-11,resolved,low,Store experience,social,STR010,Denver Downtown #10,West,CUS00399,4.0,136.97,136.97,0,False,within_sla
TKT000110,2024-12-19 18:02:00,2024-12-25 11:53:13,2024-12-22 18:02:00,2024-12-19,resolved,medium,Staff conduct,chat,STR013,Portland Downtown #13,Midwest,CUS00040,2.0,137.85,137.85,0,True,beyond_sla
TKT000111,2024-01-26 12:02:00,2024-01-28 15:33:45,2024-02-02 12:02:00,2024-01-26,resolved,low,Refund request,phone,STR021,Las Vegas Mall #21,Northeast,CUS00213,3.0,51.53,51.53,0,False,within_sla
TKT000112,2024-12-19 18:40:00,2024-12-20 03:47:06,2024-12-22 18:40:00,2024-12-19,resolved,medium,Store experience,in_store,STR002,Boston Mall #2,Southeast,CUS00204,4.0,9.12,9.12,0,False,within_sla
TKT000113,2024-05-19 15:31:00,2024-05-19 20:41:01,2024-05-20 15:31:00,2024-05-19,resolved,high,Wrong item,email,STR006,Detroit Mall #6,Northeast,CUS00042,5.0,5.17,5.17,0,False,within_sla
TKT000114,2024-02-24 08:36:00,2024-02-25 00:23:52,2024-02-27 08:36:00,2024-02-24,resolved,medium,Staff conduct,social,STR011,Los Angeles Mall #11,Northeast,CUS00208,5.0,15.8,15.8,0,False,within_sla
TKT000115,2024-04-13 13:34:00,2024-04-15 04:37:54,2024-04-16 13:34:00,2024-04-13,resolved,medium,Pricing dispute,email,STR003,Atlanta Mall #3,Midwest,CUS00422,3.0,39.07,39.06,0,False,within_sla
TKT000116,2024-10-04 18:34:00,2024-10-07 06:29:42,2024-10-11 18:34:00,2024-10-04,resolved,low,Wrong item,in_store,STR011,Los Angeles Mall #11,Northeast,CUS00227,5.0,59.93,59.93,0,False,within_sla
TKT000117,2024-10-11 14:44:00,2024-10-12 06:04:59,2024-10-18 14:44:00,2024-10-11,resolved,low,Refund request,in_store,STR020,San Diego Mall #20,West,CUS00255,4.0,15.35,15.35,0,False,within_sla
TKT000118,2024-01-16 08:56:00,2024-01-17 08:22:14,2024-01-19 08:56:00,2024-01-16,resolved,medium,Refund request,in_store,STR006,Detroit Mall #6,Northeast,CUS00255,5.0,23.44,23.44,0,False,within_sla
TKT000119,2024-07-20 18:39:00,,2024-07-21 18:39:00,2024-07-20,pending,high,Staff conduct,in_store,STR015,Austin Mall #15,West,CUS00141,,,3937.6,1,True,pending_beyond_sla
TKT000120,2024-08-07 08:36:00,2024-08-11 17:07:45,2024-08-10 08:36:00,2024-08-07,resolved,medium,Late delivery,email,STR021,Las Vegas Mall #21,Northeast,CUS00329,1.0,104.53,104.53,0,True,beyond_sla
TKT000121,2024-11-18 12:15:00,2024-11-18 22:58:28,2024-11-19 12:15:00,2024-11-18,resolved,high,Wrong item,chat,STR009,Phoenix Mall #9,Southwest,CUS00034,4.0,10.72,10.72,0,False,within_sla
TKT000122,2024-05-29 08:00:00,2024-05-29 23:21:27,2024-05-30 08:00:00,2024-05-29,resolved,high,Wrong item,in_store,STR016,Nashville Downtown #16,Northeast,CUS00116,4.0,15.36,15.36,0,False,within_sla
TKT000123,2024-07-14 07:26:00,,2024-07-17 07:26:00,2024-07-14,pending,medium,Pricing dispute,social,STR012,Seattle Mall #12,Southeast,CUS00446,,,4092.82,1,True,pending_beyond_sla
TKT000124,2024-10-22 11:29:00,2024-10-22 23:31:32,2024-10-23 11:29:00,2024-10-22,resolved,high,Refund request,social,STR006,Detroit Mall #6,Northeast,CUS00486,4.0,12.04,12.04,0,False,within_sla
TKT000125,2024-01-20 11:31:00,2024-01-26 12:23:33,2024-01-27 11:31:00,2024-01-20,resolved,low,Refund request,in_store,STR005,Chicago Mall #5,West,CUS00491,3.0,144.88,144.88,0,False,within_sla
TKT000126,2024-04-17 10:14:00,,2024-04-24 10:14:00,2024-04-17,escalated,low,Product defect,chat,STR022,Orlando Downtown #22,Southeast,CUS00078,,,6202.02,1,True,pending_beyond_sla
TKT000127,2024-05-28 15:41:00,2024-06-04 04:07:45,2024-06-04 15:41:00,2024-05-28,resolved,low,Late delivery,email,STR014,San Francisco Mall #14,Southwest,CUS00195,4.0,156.45,156.45,0,False,within_sla
TKT000128,2024-12-21 11:56:00,2024-12-22 09:07:38,2024-12-22 11:56:00,2024-12-21,resolved,high,Late delivery,in_store,STR009,Phoenix Mall #9,Southwest,CUS00493,4.0,21.19,21.19,0,False,within_sla
TKT000129,2024-04-07 18:05:00,2024-04-12 09:22:41,2024-04-14 18:05:00,2024-04-07,resolved,low,Refund request,phone,STR002,Boston Mall #2,Southeast,CUS00425,3.0,111.29,111.29,0,False,within_sla
TKT000130,2024-09-29 20:58:00,,2024-10-02 20:58:00,2024-09-29,pending,medium,Late delivery,social,STR003,Atlanta Mall #3,Midwest,CUS00106,,,2231.28,1,True,pending_beyond_sla
TKT000131,2024-02-03 20:26:00,2024-02-03 21:00:55,2024-02-04 00:26:00,2024-02-03,resolved,critical,Late delivery,phone,STR010,Denver Downtown #10,West,CUS00022,5.0,0.58,0.58,0,False,within_sla
TKT000132,2024-11-08 10:24:00,2024-11-13 00:32:19,2024-11-15 10:24:00,2024-11-08,resolved,low,Wrong item,email,STR009,Phoenix Mall #9,Southwest,CUS00264,5.0,110.14,110.14,0,False,within_sla
TKT000133,2024-05-27 12:22:00,2024-05-29 05:19:19,2024-05-28 12:22:00,2024-05-27,resolved,high,Staff conduct,social,STR022,Orlando Downtown #22,Southeast,CUS00212,1.0,40.96,40.96,0,True,beyond_sla
TKT000134,2024-05-19 16:51:00,,2024-05-22 16:51:00,2024-05-19,pending,medium,Pricing dispute,in_store,STR001,New York Downtown #1,Northeast,CUS00297,,,5427.4,1,True,pending_beyond_sla
TKT000135,2024-03-31 13:57:00,2024-04-01 12:09:06,2024-04-03 13:57:00,2024-03-31,resolved,medium,Product defect,email,STR020,San Diego Mall #20,West,CUS00221,5.0,22.2,22.2,0,False,within_sla
TKT000136,2024-08-31 10:24:00,2024-09-04 15:48:40,2024-09-07 10:24:00,2024-08-31,resolved,low,Product defect,email,STR003,Atlanta Mall #3,Midwest,CUS00103,4.0,101.41,101.41,0,False,within_sla
TKT000137,2024-07-14 16:15:00,,2024-07-17 16:15:00,2024-07-14,pending,medium,Staff conduct,email,STR011,Los Angeles Mall #11,Northeast,CUS00375,,,4084.0,1,True,pending_beyond_sla
TKT000138,2024-09-01 09:53:00,2024-09-03 08:27:07,2024-09-04 09:53:00,2024-09-01,resolved,medium,Late delivery,social,STR002,Boston Mall #2,Southeast,CUS00357,5.0,46.57,46.57,0,False,within_sla
TKT000139,2024-05-13 10:27:00,,2024-05-20 10:27:00,2024-05-13,pending,low,Pricing dispute,email,STR001,New York Downtown #1,Northeast,CUS00379,,,5577.8,1,True,pending_beyond_sla
TKT000140,2024-02-16 19:05:00,,2024-02-23 19:05:00,2024-02-16,pending,low,Wrong item,chat,STR018,Minneapolis Mall #18,Midwest,CUS00412,,,7657.17,1,True,pending_beyond_sla
TKT000141,2024-04-05 14:17:00,2024-04-06 16:06:39,2024-04-08 14:17:00,2024-04-05,resolved,medium,Store experience,chat,STR002,Boston Mall #2,Southeast,CUS00200,4.0,25.83,25.83,0,False,within_sla
TKT000142,2024-09-11 16:28:00,,2024-09-18 16:28:00,2024-09-11,pending,low,Online order issue,in_store,STR014,San Francisco Mall #14,Southwest,CUS00348,,,2667.78,1,True,pending_beyond_sla
TKT000143,2024-04-09 16:11:00,,2024-04-12 16:11:00,2024-04-09,pending,medium,Late delivery,in_store,STR022,Orlando Downtown #22,Southeast,CUS00298,,,6388.07,1,True,pending_beyond_sla
TKT000144,2024-02-29 08:39:00,,2024-03-03 08:39:00,2024-02-29,pending,medium,Product defect,chat,STR004,Miami Downtown #4,Southwest,CUS00197,,,7355.6,1,True,pending_beyond_sla
TKT000145,2024-03-20 15:42:00,2024-04-06 14:35:51,2024-03-27 15:42:00,2024-03-20,resolved,low,Staff conduct,chat,STR004,Miami Downtown #4,Southwest,CUS00304,2.0,406.9,406.9,0,True,beyond_sla
TKT000146,2024-03-23 12:08:00,2024-03-23 13:07:02,2024-03-30 12:08:00,2024-03-23,resolved,low,Wrong item,chat,STR008,Houston Mall #8,Midwest,CUS00214,4.0,0.98,0.98,0,False,within_sla
TKT000147,2024-05-24 16:23:00,2024-05-26 13:47:28,2024-05-27 16:23:00,2024-05-24,resolved,medium,Late delivery,email,STR019,Philadelphia Downtown #19,Southwest,CUS00492,5.0,45.41,45.41,0,False,within_sla
TKT000148,2024-10-18 08:56:00,,2024-10-21 08:56:00,2024-10-18,escalated,medium,Wrong item,phone,STR017,Charlotte Mall #17,Southeast,CUS00340,,,1787.32,1,True,pending_beyond_sla
TKT000149,2024-03-20 19:10:00,2024-03-25 21:55:53,2024-03-27 19:10:00,2024-03-20,resolved,low,Late delivery,chat,STR001,New York Downtown #1,Northeast,CUS00213,4.0,122.76,122.76,0,False,within_sla
TKT000150,2024-08-10 10:30:00,,2024-08-13 10:30:00,2024-08-10,pending,medium,Product defect,email,STR016,Nashville Downtown #16,Northeast,CUS00415,,,3441.75,1,True,pending_beyond_sla
TKT000151,2024-02-06 13:04:00,2024-02-08 01:07:11,2024-02-09 13:04:00,2024-02-06,resolved,medium,Wrong item,social,STR007,Dallas Downtown #7,Southeast,CUS00293,3.0,36.05,36.05,0,False,within_sla
TKT000152,2024-07-24 14:48:00,2024-07-25 00:46:10,2024-07-27 14:48:00,2024-07-24,resolved,medium,Online order issue,social,STR004,Miami Downtown #4,Southwest,CUS00443,5.0,9.97,9.97,0,False,within_sla
TKT000153,2024-01-03 20:25:00,2024-01-06 02:05:08,2024-01-06 20:25:00,2024-01-03,resolved,medium,Store experience,chat,STR014,San Francisco Mall #14,Southwest,CUS00475,5.0,53.67,53.67,0,False,within_sla
TKT000154,2024-05-21 08:39:00,,2024-05-22 08:39:00,2024-05-21,escalated,high,Wrong item,phone,STR016,Nashville Downtown #16,Northeast,CUS00336,,,5387.6,1,True,pending_beyond_sla
TKT000155,2024-03-08 18:18:00,,2024-03-11 18:18:00,2024-03-08,pending,medium,Staff conduct,chat,STR015,Austin Mall #15,West,CUS00489,,,7153.95,1,True,pending_beyond_sla
TKT000156,2024-11-20 08:21:00,2024-11-21 12:19:59,2024-11-23 08:21:00,2024-11-20,resolved,medium,Refund request,phone,STR002,Boston Mall #2,Southeast,CUS00304,5.0,27.98,27.98,0,False,within_sla
TKT000157,2024-11-24 13:58:00,,2024-12-01 13:58:00,2024-11-24,escalated,low,Wrong item,chat,STR021,Las Vegas Mall #21,Northeast,CUS00105,,,894.28,1,True,pending_beyond_sla
TKT000158,2024-12-21 17:41:00,2024-12-24 11:08:05,2024-12-24 17:41:00,2024-12-21,resolved,medium,Staff conduct,in_store,STR001,New York Downtown #1,Northeast,CUS00406,4.0,65.45,65.45,0,False,within_sla
TKT000159,2024-02-17 16:21:00,,2024-02-24 16:21:00,2024-02-17,pending,low,Online order issue,social,STR006,Detroit Mall #6,Northeast,CUS00485,,,7635.9,1,True,pending_beyond_sla
TKT000160,2024-10-31 11:24:00,,2024-11-01 11:24:00,2024-10-31,escalated,high,Product defect,in_store,STR023,Kansas City Mall #23,Midwest,CUS00067,,,1472.85,1,True,pending_beyond_sla
TKT000161,2024-09-30 19:57:00,2024-10-04 03:25:55,2024-10-07 19:57:00,2024-09-30,resolved,low,Refund request,social,STR004,Miami Downtown #4,Southwest,CUS00059,4.0,79.48,79.48,0,False,within_sla
TKT000162,2024-12-16 12:17:00,2024-12-16 16:54:04,2024-12-16 16:17:00,2024-12-16,resolved,critical,Product defect,social,STR009,Phoenix Mall #9,Southwest,CUS00377,3.0,4.62,4.62,0,True,beyond_sla
TKT000163,2024-04-09 10:31:00,2024-04-11 23:25:32,2024-04-12 10:31:00,2024-04-09,resolved,medium,Online order issue,social,STR019,Philadelphia Downtown #19,Southwest,CUS00074,3.0,60.91,60.91,0,False,within_sla
TKT000164,2024-09-08 11:04:00,2024-09-12 09:06:00,2024-09-11 11:04:00,2024-09-08,resolved,medium,Store experience,social,STR010,Denver Downtown #10,West,CUS00081,1.0,94.03,94.03,0,True,beyond_sla
TKT000165,2024-03-09 07:06:00,2024-03-09 08:04:30,2024-03-09 11:06:00,2024-03-09,resolved,critical,Wrong item,chat,STR009,Phoenix Mall #9,Southwest,CUS00163,5.0,0.98,0.98,0,False,within_sla
TKT000166,2024-11-26 19:42:00,2024-11-28 10:32:33,2024-12-03 19:42:00,2024-11-26,resolved,low,Refund request,phone,STR021,Las Vegas Mall #21,Northeast,CUS00434,5.0,38.84,38.84,0,False,within_sla
TKT000167,2024-07-27 07:38:00,2024-07-28 03:40:06,2024-07-28 07:38:00,2024-07-27,resolved,high,Late delivery,email,STR021,Las Vegas Mall #21,Northeast,CUS00430,5.0,20.04,20.04,0,False,within_sla
TKT000168,2024-12-09 14:52:00,2024-12-12 22:38:04,2024-12-16 14:52:00,2024-12-09,resolved,low,Store experience,email,STR001,New York Downtown #1,Northeast,CUS00088,5.0,79.77,79.77,0,False,within_sla
TKT000169,2024-06-01 14:55:00,2024-06-02 10:05:47,2024-06-04 14:55:00,2024-06-01,resolved,medium,Late delivery,social,STR013,Portland Downtown #13,Midwest,CUS00160,4.0,19.18,19.18,0,False,within_sla
TKT000170,2024-04-28 08:26:00,2024-04-28 09:56:11,2024-04-28 12:26:00,2024-04-28,resolved,critical,Staff conduct,in_store,STR011,Los Angeles Mall #11,Northeast,CUS00206,5.0,1.5,1.5,0,False,within_sla
TKT000171,2024-11-03 07:19:00,2024-11-03 15:08:41,2024-11-06 07:19:00,2024-11-03,resolved,medium,Staff conduct,chat,STR009,Phoenix Mall #9,Southwest,CUS00067,4.0,7.83,7.83,0,False,within_sla
TKT000172,2024-06-13 12:00:00,2024-06-13 19:11:59,2024-06-13 16:00:00,2024-06-13,resolved,critical,Pricing dispute,email,STR018,Minneapolis Mall #18,Midwest,CUS00038,3.0,7.2,7.2,0,True,beyond_sla
TKT000173,2024-06-11 09:38:00,2024-06-13 10:37:24,2024-06-12 09:38:00,2024-06-11,resolved,high,Late delivery,phone,STR006,Detroit Mall #6,Northeast,CUS00455,2.0,48.99,48.99,0,True,beyond_sla
TKT000174,2024-11-24 08:16:00,2024-12-07 22:42:32,2024-12-01 08:16:00,2024-11-24,resolved,low,Product defect,in_store,STR016,Nashville Downtown #16,Northeast,CUS00303,3.0,326.44,326.44,0,True,beyond_sla
TKT000175,2024-06-09 15:06:00,,2024-06-12 15:06:00,2024-06-09,pending,medium,Refund request,email,STR005,Chicago Mall #5,West,CUS00470,,,4925.15,1,True,pending_beyond_sla
TKT000176,2024-08-14 10:17:00,2024-08-20 04:05:04,2024-08-21 10:17:00,2024-08-14,resolved,low,Refund request,social,STR007,Dallas Downtown #7,Southeast,CUS00204,5.0,137.8,137.8,0,False,within_sla
TKT000177,2024-08-31 15:04:00,2024-09-01 12:29:13,2024-09-03 15:04:00,2024-08-31,resolved,medium,Product defect,phone,STR019,Philadelphia Downtown #19,Southwest,CUS00082,5.0,21.42,21.42,0,False,within_sla
TKT000178,2024-12-07 15:20:00,2024-12-09 16:49:52,2024-12-10 15:20:00,2024-12-07,resolved,medium,Refund request,social,STR014,San Francisco Mall #14,Southwest,CUS00049,4.0,49.5,49.5,0,False,within_sla
TKT000179,2024-03-02 18:40:00,2024-03-11 07:40:16,2024-03-09 18:40:00,2024-03-02,closed_unresolved,low,Staff conduct,social,STR020,San Diego Mall #20,West,CUS00061,1.0,205.0,205.0,0,True,beyond_sla
TKT000180,2024-07-22 17:57:00,2024-08-07 19:17:30,2024-07-29 17:57:00,2024-07-22,resolved,low,Staff conduct,phone,STR010,Denver Downtown #10,West,CUS00024,3.0,385.34,385.34,0,True,beyond_sla
TKT000181,2024-06-22 08:43:00,2024-06-25 15:05:02,2024-06-29 08:43:00,2024-06-22,resolved,low,Refund request,social,STR005,Chicago Mall #5,West,CUS00098,3.0,78.37,78.37,0,False,within_sla
TKT000182,2024-01-04 17:04:00,,2024-01-05 17:04:00,2024-01-04,escalated,high,Store experience,email,STR012,Seattle Mall #12,Southeast,CUS00175,,,8691.18,1,True,pending_beyond_sla
TKT000183,2024-07-17 17:02:00,2024-07-23 06:34:33,2024-07-24 17:02:00,2024-07-17,resolved,low,Store experience,in_store,STR002,Boston Mall #2,Southeast,CUS00024,4.0,133.54,133.54,0,False,within_sla
TKT000184,2024-02-25 07:47:00,,2024-02-25 11:47:00,2024-02-25,pending,critical,Product defect,phone,STR011,Los Angeles Mall #11,Northeast,CUS00395,,,7452.47,1,True,pending_beyond_sla
TKT000185,2024-05-18 19:30:00,2024-05-21 15:20:24,2024-05-21 19:30:00,2024-05-18,resolved,medium,Product defect,social,STR015,Austin Mall #15,West,CUS00446,5.0,67.84,67.84,0,False,within_sla
TKT000186,2024-11-08 11:55:00,2024-11-10 21:33:39,2024-11-15 11:55:00,2024-11-08,resolved,low,Late delivery,in_store,STR006,Detroit Mall #6,Northeast,CUS00220,4.0,57.64,57.64,0,False,within_sla
TKT000187,2024-01-06 14:47:00,2024-01-08 06:43:06,2024-01-09 14:47:00,2024-01-06,resolved,medium,Product defect,in_store,STR004,Miami Downtown #4,Southwest,CUS00118,5.0,39.94,39.94,0,False,within_sla
TKT000188,2024-08-31 15:14:00,2024-09-03 04:28:07,2024-09-03 15:14:00,2024-08-31,resolved,medium,Online order issue,in_store,STR004,Miami Downtown #4,Southwest,CUS00016,3.0,61.24,61.24,0,False,within_sla
TKT000189,2024-04-04 17:37:00,2024-04-04 18:36:22,2024-04-05 17:37:00,2024-04-04,resolved,high,Wrong item,phone,STR007,Dallas Downtown #7,Southeast,CUS00263,5.0,0.99,0.99,0,False,within_sla
TKT000190,2024-01-06 10:58:00,,2024-01-09 10:58:00,2024-01-06,pending,medium,Refund request,in_store,STR015,Austin Mall #15,West,CUS00079,,,8649.28,1,True,pending_beyond_sla
TKT000191,2024-10-30 18:25:00,2024-11-03 07:51:31,2024-11-02 18:25:00,2024-10-30,resolved,medium,Staff conduct,social,STR001,New York Downtown #1,Northeast,CUS00187,2.0,85.44,85.44,0,True,beyond_sla
TKT000192,2024-03-19 07:51:00,2024-03-19 11:31:48,2024-03-19 11:51:00,2024-03-19,resolved,critical,Store experience,chat,STR017,Charlotte Mall #17,Southeast,CUS00422,4.0,3.68,3.68,0,False,within_sla
TKT000193,2024-01-07 11:10:00,2024-01-09 13:41:42,2024-01-10 11:10:00,2024-01-07,resolved,medium,Store experience,social,STR005,Chicago Mall #5,West,CUS00403,4.0,50.53,50.53,0,False,within_sla
TKT000194,2024-02-07 08:26:00,,2024-02-14 08:26:00,2024-02-07,escalated,low,Wrong item,social,STR008,Houston Mall #8,Midwest,CUS00451,,,7883.82,1,True,pending_beyond_sla
TKT000195,2024-03-03 12:30:00,2024-03-04 08:35:25,2024-03-06 12:30:00,2024-03-03,resolved,medium,Store experience,phone,STR007,Dallas Downtown #7,Southeast,CUS00447,4.0,20.09,20.09,0,False,within_sla
TKT000196,2024-05-12 14:10:00,2024-05-13 07:06:47,2024-05-15 14:10:00,2024-05-12,resolved,medium,Pricing dispute,chat,STR017,Charlotte Mall #17,Southeast,CUS00365,5.0,16.95,16.95,0,False,within_sla
TKT000197,2024-06-19 19:33:00,2024-06-26 15:50:29,2024-06-22 19:33:00,2024-06-19,resolved,medium,Wrong item,phone,STR016,Nashville Downtown #16,Northeast,CUS00339,3.0,164.29,164.29,0,True,beyond_sla
TKT000198,2024-07-09 17:05:00,2024-07-11 13:38:49,2024-07-12 17:05:00,2024-07-09,resolved,medium,Wrong item,phone,STR018,Minneapolis Mall #18,Midwest,CUS00241,4.0,44.56,44.56,0,False,within_sla
TKT000199,2024-01-04 14:38:00,2024-01-11 12:40:46,2024-01-07 14:38:00,2024-01-04,resolved,medium,Wrong item,social,STR022,Orlando Downtown #22,Southeast,CUS00164,2.0,166.05,166.05,0,True,beyond_sla
TKT000200,2024-06-08 15:15:00,2024-06-11 11:04:22,2024-06-11 15:15:00,2024-06-08,resolved,medium,Pricing dispute,email,STR023,Kansas City Mall #23,Midwest,CUS00444,5.0,67.82,67.82,0,False,within_sla
TKT000201,2024-08-18 18:13:00,2024-08-18 22:14:25,2024-08-19 18:13:00,2024-08-18,resolved,high,Pricing dispute,in_store,STR022,Orlando Downtown #22,Southeast,CUS00373,3.0,4.02,4.02,0,False,within_sla
TKT000202,2024-12-06 18:59:00,2024-12-07 05:33:43,2024-12-07 18:59:00,2024-12-06,resolved,high,Product defect,in_store,STR005,Chicago Mall #5,West,CUS00398,5.0,10.58,10.58,0,False,within_sla
TKT000203,2024-07-31 16:04:00,2024-08-08 05:11:19,2024-08-03 16:04:00,2024-07-31,resolved,medium,Wrong item,phone,STR004,Miami Downtown #4,Southwest,CUS00055,3.0,181.12,181.12,0,True,beyond_sla
TKT000204,2024-05-23 15:29:00,2024-05-24 08:25:25,2024-05-24 15:29:00,2024-05-23,resolved,high,Online order issue,social,STR021,Las Vegas Mall #21,Northeast,CUS00134,5.0,16.94,16.94,0,False,within_sla
TKT000205,2024-07-22 09:40:00,2024-07-23 08:22:03,2024-07-23 09:40:00,2024-07-22,resolved,high,Pricing dispute,in_store,STR012,Seattle Mall #12,Southeast,CUS00452,4.0,22.7,22.7,0,False,within_sla
TKT000206,2024-12-29 12:22:00,2024-12-30 14:45:10,2025-01-05 12:22:00,2024-12-29,resolved,low,Wrong item,chat,STR021,Las Vegas Mall #21,Northeast,CUS00271,4.0,26.39,26.39,0,False,within_sla
TKT000207,2024-04-11 18:03:00,2024-04-12 08:53:03,2024-04-12 18:03:00,2024-04-11,resolved,high,Staff conduct,chat,STR013,Portland Downtown #13,Midwest,CUS00176,3.0,14.83,14.83,0,False,within_sla
TKT000208,2024-04-07 15:30:00,2024-04-07 18:43:31,2024-04-07 19:30:00,2024-04-07,resolved,critical,Store experience,email,STR010,Denver Downtown #10,West,CUS00070,5.0,3.23,3.23,0,False,within_sla
TKT000209,2024-07-06 14:28:00,2024-07-11 00:19:03,2024-07-09 14:28:00,2024-07-06,closed_unresolved,medium,Pricing dispute,phone,STR010,Denver Downtown #10,West,CUS00418,1.0,105.85,105.85,0,True,beyond_sla
TKT000210,2024-10-29 18:27:00,2024-10-30 08:05:43,2024-11-01 18:27:00,2024-10-29,resolved,medium,Late delivery,in_store,STR014,San Francisco Mall #14,Southwest,CUS00497,5.0,13.65,13.65,0,False,within_sla
TKT000211,2024-08-18 18:54:00,2024-08-19 15:50:57,2024-08-19 18:54:00,2024-08-18,resolved,high,Pricing dispute,phone,STR020,San Diego Mall #20,West,CUS00123,4.0,20.95,20.95,0,False,within_sla
TKT000212,2024-08-05 16:06:00,2024-08-06 06:53:47,2024-08-08 16:06:00,2024-08-05,resolved,medium,Wrong item,email,STR003,Atlanta Mall #3,Midwest,CUS00073,3.0,14.8,14.8,0,False,within_sla
TKT000213,2024-01-19 14:00:00,2024-01-20 02:13:41,2024-01-22 14:00:00,2024-01-19,resolved,medium,Staff conduct,chat,STR019,Philadelphia Downtown #19,Southwest,CUS00061,5.0,12.23,12.23,0,False,within_sla
TKT000214,2024-04-21 10:39:00,,2024-04-24 10:39:00,2024-04-21,escalated,medium,Refund request,chat,STR019,Philadelphia Downtown #19,Southwest,CUS00145,,,6105.6,1,True,pending_beyond_sla
TKT000215,2024-02-01 17:43:00,2024-02-01 21:11:26,2024-02-02 17:43:00,2024-02-01,resolved,high,Late delivery,chat,STR002,Boston Mall #2,Southeast,CUS00296,5.0,3.47,3.47,0,False,within_sla
TKT000216,2024-10-07 13:52:00,2024-10-13 04:15:46,2024-10-14 13:52:00,2024-10-07,resolved,low,Online order issue,in_store,STR020,San Diego Mall #20,West,CUS00304,4.0,134.4,134.4,0,False,within_sla
TKT000217,2024-12-06 19:28:00,,2024-12-09 19:28:00,2024-12-06,escalated,medium,Staff conduct,social,STR002,Boston Mall #2,Southeast,CUS00300,,,600.78,1,True,pending_beyond_sla
TKT000218,2024-03-26 07:42:00,2024-03-31 12:35:45,2024-04-02 07:42:00,2024-03-26,resolved,low,Store experience,social,STR009,Phoenix Mall #9,Southwest,CUS00395,4.0,124.9,124.9,0,False,within_sla
TKT000219,2024-07-20 20:43:00,2024-07-22 08:03:52,2024-07-23 20:43:00,2024-07-20,resolved,medium,Online order issue,phone,STR016,Nashville Downtown #16,Northeast,CUS00060,5.0,35.35,35.35,0,False,within_sla
TKT000220,2024-02-16 13:36:00,2024-02-18 04:58:34,2024-02-17 13:36:00,2024-02-16,resolved,high,Refund request,email,STR004,Miami Downtown #4,Southwest,CUS00301,4.0,39.38,39.38,0,True,beyond_sla
TKT000221,2024-10-12 20:26:00,2024-10-19 06:35:54,2024-10-19 20:26:00,2024-10-12,resolved,low,Store experience,chat,STR007,Dallas Downtown #7,Southeast,CUS00187,5.0,154.17,154.16,0,False,within_sla
TKT000222,2024-06-21 14:28:00,2024-07-11 01:34:13,2024-06-28 14:28:00,2024-06-21,closed_unresolved,low,Product defect,social,STR006,Detroit Mall #6,Northeast,CUS00259,3.0,467.1,467.1,0,True,beyond_sla
TKT000223,2024-05-30 09:24:00,2024-05-30 16:09:36,2024-05-30 13:24:00,2024-05-30,resolved,critical,Online order issue,chat,STR015,Austin Mall #15,West,CUS00001,2.0,6.76,6.76,0,True,beyond_sla
TKT000224,2024-04-20 08:48:00,2024-04-25 02:10:06,2024-04-23 08:48:00,2024-04-20,resolved,medium,Online order issue,social,STR022,Orlando Downtown #22,Southeast,CUS00082,3.0,113.37,113.37,0,True,beyond_sla
TKT000225,2024-02-23 16:43:00,,2024-03-01 16:43:00,2024-02-23,escalated,low,Late delivery,chat,STR011,Los Angeles Mall #11,Northeast,CUS00257,,,7491.53,1,True,pending_beyond_sla
TKT000226,2024-05-01 14:40:00,,2024-05-08 14:40:00,2024-05-01,pending,low,Store experience,social,STR003,Atlanta Mall #3,Midwest,CUS00081,,,5861.58,1,True,pending_beyond_sla
TKT000227,2024-10-07 10:08:00,2024-10-22 17:41:52,2024-10-14 10:08:00,2024-10-07,resolved,low,Late delivery,social,STR006,Detroit Mall #6,Northeast,CUS00242,1.0,367.56,367.56,0,True,beyond_sla
TKT000228,2024-04-01 07:13:00,2024-04-03 15:01:19,2024-04-08 07:13:00,2024-04-01,resolved,low,Store experience,phone,STR021,Las Vegas Mall #21,Northeast,CUS00050,3.0,55.81,55.81,0,False,within_sla
TKT000229,2024-06-03 13:46:00,2024-06-08 01:22:00,2024-06-10 13:46:00,2024-06-03,resolved,low,Staff conduct,chat,STR020,San Diego Mall #20,West,CUS00349,4.0,107.6,107.6,0,False,within_sla
TKT000230,2024-06-02 15:29:00,2024-06-05 19:59:45,2024-06-09 15:29:00,2024-06-02,resolved,low,Pricing dispute,chat,STR007,Dallas Downtown #7,Southeast,CUS00316,4.0,76.51,76.51,0,False,within_sla
TKT000231,2024-06-06 20:29:00,,2024-06-09 20:29:00,2024-06-06,pending,medium,Staff conduct,in_store,STR015,Austin Mall #15,West,CUS00201,,,4991.77,1,True,pending_beyond_sla
TKT000232,2024-07-04 07:51:00,2024-07-04 16:45:05,2024-07-04 11:51:00,2024-07-04,resolved,critical,Wrong item,chat,STR017,Charlotte Mall #17,Southeast,CUS00401,2.0,8.9,8.9,0,True,beyond_sla
TKT000233,2024-06-16 07:59:00,2024-06-21 08:33:44,2024-06-23 07:59:00,2024-06-16,resolved,low,Wrong item,in_store,STR013,Portland Downtown #13,Midwest,CUS00219,5.0,120.58,120.58,0,False,within_sla
TKT000234,2024-09-03 09:56:00,2024-09-10 13:45:32,2024-09-06 09:56:00,2024-09-03,resolved,medium,Pricing dispute,social,STR022,Orlando Downtown #22,Southeast,CUS00325,3.0,171.83,171.83,0,True,beyond_sla
TKT000235,2024-02-01 16:29:00,2024-02-03 01:27:00,2024-02-08 16:29:00,2024-02-01,resolved,low,Online order issue,phone,STR013,Portland Downtown #13,Midwest,CUS00459,4.0,32.97,32.97,0,False,within_sla
TKT000236,2024-02-23 15:50:00,2024-02-24 11:43:39,2024-02-26 15:50:00,2024-02-23,resolved,medium,Product defect,social,STR003,Atlanta Mall #3,Midwest,CUS00016,3.0,19.89,19.89,0,False,within_sla
TKT000237,2024-04-06 14:20:00,2024-04-07 09:32:07,2024-04-07 14:20:00,2024-04-06,resolved,high,Store experience,email,STR003,Atlanta Mall #3,Midwest,CUS00472,4.0,19.2,19.2,0,False,within_sla
TKT000238,2024-07-26 18:40:00,2024-07-27 23:00:08,2024-07-29 18:40:00,2024-07-26,resolved,medium,Staff conduct,chat,STR018,Minneapolis Mall #18,Midwest,CUS00484,5.0,28.34,28.34,0,False,within_sla
TKT000239,2024-03-30 18:33:00,2024-03-31 22:41:34,2024-04-02 18:33:00,2024-03-30,resolved,medium,Staff conduct,in_store,STR012,Seattle Mall #12,Southeast,CUS00335,4.0,28.14,28.14,0,False,within_sla
TKT000240,2024-09-01 08:56:00,2024-09-04 21:20:55,2024-09-08 08:56:00,2024-09-01,resolved,low,Refund request,social,STR022,Orlando Downtown #22,Southeast,CUS00329,3.0,84.42,84.42,0,False,within_sla
TKT000241,2024-09-26 11:50:00,2024-10-04 03:36:01,2024-10-03 11:50:00,2024-09-26,resolved,low,Refund request,phone,STR015,Austin Mall #15,West,CUS00306,4.0,183.77,183.77,0,True,beyond_sla
TKT000242,2024-05-25 09:27:00,2024-05-28 01:48:14,2024-05-28 09:27:00,2024-05-25,resolved,medium,Refund request,phone,STR011,Los Angeles Mall #11,Northeast,CUS00482,4.0,64.35,64.35,0,False,within_sla
TKT000243,2024-07-26 08:54:00,2024-07-26 11:18:21,2024-07-26 12:54:00,2024-07-26,resolved,critical,Staff conduct,email,STR022,Orlando Downtown #22,Southeast,CUS00467,5.0,2.41,2.41,0,False,within_sla
TKT000244,2024-08-03 16:15:00,2024-08-11 21:09:19,2024-08-10 16:15:00,2024-08-03,resolved,low,Product defect,in_store,STR004,Miami Downtown #4,Southwest,CUS00316,3.0,196.91,196.91,0,True,beyond_sla
TKT000245,2024-05-13 17:35:00,,2024-05-14 17:35:00,2024-05-13,pending,high,Late delivery,email,STR010,Denver Downtown #10,West,CUS00089,,,5570.67,1,True,pending_beyond_sla
TKT000246,2024-10-21 20:05:00,2024-10-25 01:05:26,2024-10-28 20:05:00,2024-10-21,resolved,low,Wrong item,phone,STR011,Los Angeles Mall #11,Northeast,CUS00218,5.0,77.01,77.01,0,False,within_sla
TKT000247,2024-07-14 07:56:00,2024-07-16 13:32:48,2024-07-17 07:56:00,2024-07-14,resolved,medium,Pricing dispute,in_store,STR017,Charlotte Mall #17,Southeast,CUS00264,5.0,53.61,53.61,0,False,within_sla
TKT000248,2024-09-25 13:14:00,2024-09-26 23:07:08,2024-09-28 13:14:00,2024-09-25,resolved,medium,Refund request,social,STR015,Austin Mall #15,West,CUS00488,5.0,33.89,33.89,0,False,within_sla
TKT000249,2024-06-22 16:03:00,2024-06-23 07:37:10,2024-06-25 16:03:00,2024-06-22,resolved,medium,Wrong item,in_store,STR011,Los Angeles Mall #11,Northeast,CUS00451,4.0,15.57,15.57,0,False,within_sla
TKT000250,2024-05-10 15:16:00,2024-05-15 17:10:32,2024-05-17 15:16:00,2024-05-10,resolved,low,Wrong item,email,STR019,Philadelphia Downtown #19,Southwest,CUS00497,5.0,121.91,121.91,0,False,within_sla
TKT000251,2024-02-10 16:23:00,2024-02-10 22:05:22,2024-02-11 16:23:00,2024-02-10,resolved,high,Wrong item,phone,STR004,Miami Downtown #4,Southwest,CUS00485,5.0,5.71,5.71,0,False,within_sla
TKT000252,2024-06-01 19:49:00,2024-06-02 03:44:43,2024-06-02 19:49:00,2024-06-01,resolved,high,Staff conduct,in_store,STR005,Chicago Mall #5,West,CUS00406,5.0,7.93,7.93,0,False,within_sla
TKT000253,2024-10-24 07:13:00,2024-11-05 15:02:42,2024-10-31 07:13:00,2024-10-24,resolved,low,Product defect,social,STR022,Orlando Downtown #22,Southeast,CUS00415,3.0,295.83,295.83,0,True,beyond_sla
TKT000254,2024-02-26 15:05:00,2024-03-02 21:04:26,2024-02-29 15:05:00,2024-02-26,resolved,medium,Wrong item,email,STR009,Phoenix Mall #9,Southwest,CUS00012,2.0,125.99,125.99,0,True,beyond_sla
TKT000255,2024-11-15 10:26:00,2024-11-25 06:37:33,2024-11-22 10:26:00,2024-11-15,resolved,low,Late delivery,chat,STR004,Miami Downtown #4,Southwest,CUS00166,4.0,236.19,236.19,0,True,beyond_sla
TKT000256,2024-09-21 08:19:00,2024-09-24 10:13:10,2024-09-28 08:19:00,2024-09-21,resolved,low,Staff conduct,in_store,STR017,Charlotte Mall #17,Southeast,CUS00213,5.0,73.9,73.9,0,False,within_sla
TKT000257,2024-02-07 07:28:00,2024-02-07 09:38:11,2024-02-07 11:28:00,2024-02-07,resolved,critical,Refund request,social,STR021,Las Vegas Mall #21,Northeast,CUS00303,4.0,2.17,2.17,0,False,within_sla
TKT000258,2024-09-08 12:32:00,2024-09-10 09:52:38,2024-09-11 12:32:00,2024-09-08,resolved,medium,Late delivery,social,STR004,Miami Downtown #4,Southwest,CUS00078,3.0,45.34,45.34,0,False,within_sla
TKT000259,2024-08-21 11:32:00,2024-08-27 05:21:04,2024-08-28 11:32:00,2024-08-21,resolved,low,Online order issue,social,STR021,Las Vegas Mall #21,Northeast,CUS00356,5.0,137.82,137.82,0,False,within_sla
TKT000260,2024-09-11 10:44:00,2024-09-13 15:22:29,2024-09-14 10:44:00,2024-09-11,resolved,medium,Store experience,in_store,STR017,Charlotte Mall #17,Southeast,CUS00314,5.0,52.64,52.64,0,False,within_sla
TKT000261,2024-03-07 17:29:00,2024-03-13 19:07:47,2024-03-14 17:29:00,2024-03-07,resolved,low,Wrong item,phone,STR004,Miami Downtown #4,Southwest,CUS00423,4.0,145.65,145.65,0,False,within_sla
TKT000262,2024-08-30 10:11:00,2024-09-01 12:35:22,2024-09-02 10:11:00,2024-08-30,resolved,medium,Pricing dispute,chat,STR017,Charlotte Mall #17,Southeast,CUS00108,4.0,50.41,50.41,0,False,within_sla
TKT000263,2024-09-18 14:53:00,2024-09-24 18:55:23,2024-09-25 14:53:00,2024-09-18,resolved,low,Staff conduct,chat,STR010,Denver Downtown #10,West,CUS00004,5.0,148.04,148.04,0,False,within_sla
TKT000264,2024-01-16 13:45:00,2024-01-16 14:23:15,2024-01-19 13:45:00,2024-01-16,resolved,medium,Store experience,email,STR001,New York Downtown #1,Northeast,CUS00050,5.0,0.64,0.64,0,False,within_sla
TKT000265,2024-02-04 16:02:00,2024-02-04 17:25:36,2024-02-07 16:02:00,2024-02-04,resolved,medium,Product defect,social,STR013,Portland Downtown #13,Midwest,CUS00481,4.0,1.39,1.39,0,False,within_sla
TKT000266,2024-03-18 12:40:00,2024-03-18 13:22:34,2024-03-19 12:40:00,2024-03-18,resolved,high,Pricing dispute,email,STR004,Miami Downtown #4,Southwest,CUS00032,5.0,0.71,0.71,0,False,within_sla
TKT000267,2024-09-04 07:01:00,2024-09-04 23:10:45,2024-09-05 07:01:00,2024-09-04,resolved,high,Wrong item,social,STR019,Philadelphia Downtown #19,Southwest,CUS00246,3.0,16.16,16.16,0,False,within_sla
TKT000268,2024-04-03 10:11:00,,2024-04-10 10:11:00,2024-04-03,pending,low,Refund request,in_store,STR021,Las Vegas Mall #21,Northeast,CUS00358,,,6538.07,1,True,pending_beyond_sla
TKT000269,2024-05-07 13:06:00,2024-05-11 08:41:38,2024-05-14 13:06:00,2024-05-07,resolved,low,Refund request,social,STR016,Nashville Downtown #16,Northeast,CUS00163,4.0,91.59,91.59,0,False,within_sla
TKT000270,2024-02-02 19:05:00,2024-02-02 20:48:44,2024-02-09 19:05:00,2024-02-02,resolved,low,Wrong item,email,STR005,Chicago Mall #5,West,CUS00079,4.0,1.73,1.73,0,False,within_sla
TKT000271,2024-06-06 16:28:00,2024-06-13 06:28:55,2024-06-13 16:28:00,2024-06-06,resolved,low,Online order issue,email,STR015,Austin Mall #15,West,CUS00089,5.0,158.02,158.02,0,False,within_sla
TKT000272,2024-12-18 13:27:00,2024-12-20 03:08:55,2024-12-21 13:27:00,2024-12-18,resolved,medium,Online order issue,in_store,STR010,Denver Downtown #10,West,CUS00077,5.0,37.7,37.7,0,False,within_sla
TKT000273,2024-02-02 11:43:00,,2024-02-02 15:43:00,2024-02-02,pending,critical,Refund request,phone,STR010,Denver Downtown #10,West,CUS00296,,,8000.53,1,True,pending_beyond_sla
TKT000274,2024-06-07 19:10:00,2024-06-14 21:05:29,2024-06-10 19:10:00,2024-06-07,resolved,medium,Product defect,chat,STR001,New York Downtown #1,Northeast,CUS00291,3.0,169.92,169.92,0,True,beyond_sla
TKT000275,2024-03-06 15:01:00,2024-03-10 23:30:22,2024-03-13 15:01:00,2024-03-06,resolved,low,Staff conduct,phone,STR006,Detroit Mall #6,Northeast,CUS00011,4.0,104.49,104.49,0,False,within_sla
TKT000276,2024-12-22 09:06:00,2024-12-22 10:43:16,2024-12-22 13:06:00,2024-12-22,resolved,critical,Online order issue,chat,STR004,Miami Downtown #4,Southwest,CUS00361,5.0,1.62,1.62,0,False,within_sla
TKT000277,2024-05-15 16:55:00,2024-05-19 00:14:03,2024-05-22 16:55:00,2024-05-15,resolved,low,Online order issue,in_store,STR012,Seattle Mall #12,Southeast,CUS00298,4.0,79.32,79.32,0,False,within_sla
TKT000278,2024-09-25 18:37:00,2024-10-02 06:52:18,2024-10-02 18:37:00,2024-09-25,resolved,low,Online order issue,chat,STR021,Las Vegas Mall #21,Northeast,CUS00056,3.0,156.26,156.26,0,False,within_sla
TKT000279,2024-08-17 19:57:00,2024-08-18 12:44:49,2024-08-18 19:57:00,2024-08-17,resolved,high,Refund request,social,STR014,San Francisco Mall #14,Southwest,CUS00422,4.0,16.8,16.8,0,False,within_sla
TKT000280,2024-08-22 11:12:00,2024-09-08 13:50:43,2024-08-29 11:12:00,2024-08-22,resolved,low,Product defect,email,STR023,Kansas City Mall #23,Midwest,CUS00167,3.0,410.65,410.65,0,True,beyond_sla
TKT000281,2024-09-03 18:07:00,,2024-09-06 18:07:00,2024-09-03,pending,medium,Pricing dispute,phone,STR004,Miami Downtown #4,Southwest,CUS00476,,,2858.13,1,True,pending_beyond_sla
TKT000282,2024-02-23 09:06:00,2024-02-25 20:39:42,2024-02-26 09:06:00,2024-02-23,resolved,medium,Late delivery,phone,STR010,Denver Downtown #10,West,CUS00145,5.0,59.56,59.56,0,False,within_sla
TKT000283,2024-01-01 09:32:00,2024-01-01 21:29:26,2024-01-04 09:32:00,2024-01-01,resolved,medium,Online order issue,phone,STR019,Philadelphia Downtown #19,Southwest,CUS00275,5.0,11.96,11.96,0,False,within_sla
TKT000284,2024-07-14 07:36:00,,2024-07-17 07:36:00,2024-07-14,escalated,medium,Refund request,email,STR002,Boston Mall #2,Southeast,CUS00232,,,4092.65,1,True,pending_beyond_sla
TKT000285,2024-11-22 18:45:00,,2024-11-25 18:45:00,2024-11-22,escalated,medium,Wrong item,in_store,STR011,Los Angeles Mall #11,Northeast,CUS00395,,,937.5,1,True,pending_beyond_sla
TKT000286,2024-08-14 10:43:00,2024-08-19 05:05:05,2024-08-17 10:43:00,2024-08-14,resolved,medium,Staff conduct,phone,STR006,Detroit Mall #6,Northeast,CUS00487,4.0,114.37,114.37,0,True,beyond_sla
TKT000287,2024-07-10 13:21:00,2024-07-10 14:16:14,2024-07-17 13:21:00,2024-07-10,resolved,low,Wrong item,phone,STR023,Kansas City Mall #23,Midwest,CUS00118,4.0,0.92,0.92,0,False,within_sla
TKT000288,2024-01-23 11:56:00,2024-01-23 21:56:52,2024-01-23 15:56:00,2024-01-23,closed_unresolved,critical,Wrong item,phone,STR017,Charlotte Mall #17,Southeast,CUS00431,1.0,10.01,10.01,0,True,beyond_sla
TKT000289,2024-07-06 13:18:00,2024-07-08 16:36:05,2024-07-09 13:18:00,2024-07-06,resolved,medium,Online order issue,email,STR017,Charlotte Mall #17,Southeast,CUS00247,4.0,51.3,51.3,0,False,within_sla
TKT000290,2024-08-13 09:25:00,2024-08-16 02:25:03,2024-08-16 09:25:00,2024-08-13,resolved,medium,Online order issue,chat,STR016,Nashville Downtown #16,Northeast,CUS00425,4.0,65.0,65.0,0,False,within_sla
TKT000291,2024-02-12 19:12:00,2024-02-13 09:22:43,2024-02-15 19:12:00,2024-02-12,resolved,medium,Product defect,phone,STR018,Minneapolis Mall #18,Midwest,CUS00171,4.0,14.18,14.18,0,False,within_sla
TKT000292,2024-09-29 15:07:00,,2024-10-02 15:07:00,2024-09-29,escalated,medium,Product defect,email,STR006,Detroit Mall #6,Northeast,CUS00267,,,2237.13,1,True,pending_beyond_sla
TKT000293,2024-10-19 19:40:00,,2024-10-20 19:40:00,2024-10-19,pending,high,Refund request,chat,STR009,Phoenix Mall #9,Southwest,CUS00339,,,1752.58,1,True,pending_beyond_sla
TKT000294,2024-02-23 14:18:00,,2024-03-01 14:18:00,2024-02-23,pending,low,Staff conduct,social,STR020,San Diego Mall #20,West,CUS00328,,,7493.95,1,True,pending_beyond_sla
TKT000295,2024-12-23 09:00:00,2024-12-24 05:21:52,2024-12-26 09:00:00,2024-12-23,resolved,medium,Wrong item,chat,STR021,Las Vegas Mall #21,Northeast,CUS00300,5.0,20.36,20.36,0,False,within_sla
TKT000296,2024-02-19 15:12:00,2024-02-26 01:05:55,2024-02-26 15:12:00,2024-02-19,resolved,low,Wrong item,social,STR014,San Francisco Mall #14,Southwest,CUS00012,4.0,153.9,153.9,0,False,within_sla
TKT000297,2024-12-29 12:44:00,2024-12-29 16:10:13,2024-12-29 16:44:00,2024-12-29,resolved,critical,Product defect,phone,STR016,Nashville Downtown #16,Northeast,CUS00377,5.0,3.44,3.44,0,False,within_sla
TKT000298,2024-12-07 08:42:00,2024-12-08 03:01:12,2024-12-08 08:42:00,2024-12-07,resolved,high,Online order issue,in_store,STR014,San Francisco Mall #14,Southwest,CUS00077,4.0,18.32,18.32,0,False,within_sla
TKT000299,2024-03-12 11:16:00,2024-03-14 13:33:40,2024-03-15 11:16:00,2024-03-12,resolved,medium,Wrong item,email,STR017,Charlotte Mall #17,Southeast,CUS00429,5.0,50.29,50.29,0,False,within_sla
TKT000300,2024-08-13 08:32:00,2024-08-13 09:27:01,2024-08-14 08:32:00,2024-08-13,resolved,high,Wrong item,chat,STR006,Detroit Mall #6,Northeast,CUS00302,4.0,0.92,0.92,0,False,within_sla
TKT000301,2024-04-23 18:09:00,2024-04-24 23:51:57,2024-04-26 18:09:00,2024-04-23,resolved,medium,Wrong item,chat,STR023,Kansas City Mall #23,Midwest,CUS00454,5.0,29.72,29.72,0,False,within_sla
TKT000302,2024-06-14 15:54:00,,2024-06-17 15:54:00,2024-06-14,pending,medium,Pricing dispute,chat,STR020,San Diego Mall #20,West,CUS00477,,,4804.35,1,True,pending_beyond_sla
TKT000303,2024-05-15 08:40:00,2024-05-15 09:11:42,2024-05-15 12:40:00,2024-05-15,resolved,critical,Product defect,email,STR023,Kansas City Mall #23,Midwest,CUS00187,3.0,0.53,0.53,0,False,within_sla
TKT000304,2024-10-12 19:56:00,2024-10-15 08:56:22,2024-10-19 19:56:00,2024-10-12,resolved,low,Online order issue,social,STR016,Nashville Downtown #16,Northeast,CUS00220,4.0,61.01,61.01,0,False,within_sla
TKT000305,2024-03-15 08:21:00,2024-03-23 19:50:23,2024-03-22 08:21:00,2024-03-15,resolved,low,Online order issue,chat,STR016,Nashville Downtown #16,Northeast,CUS00325,3.0,203.49,203.49,0,True,beyond_sla
TKT000306,2024-06-23 15:58:00,2024-06-25 16:35:05,2024-06-30 15:58:00,2024-06-23,resolved,low,Staff conduct,in_store,STR003,Atlanta Mall #3,Midwest,CUS00307,5.0,48.62,48.62,0,False,within_sla
TKT000307,2024-11-02 08:00:00,2024-11-05 19:20:57,2024-11-09 08:00:00,2024-11-02,resolved,low,Staff conduct,email,STR020,San Diego Mall #20,West,CUS00015,5.0,83.35,83.35,0,False,within_sla
TKT000308,2024-07-03 17:24:00,2024-07-07 03:15:17,2024-07-06 17:24:00,2024-07-03,resolved,medium,Product defect,email,STR016,Nashville Downtown #16,Northeast,CUS00263,1.0,81.85,81.85,0,True,beyond_sla
TKT000309,2024-05-17 09:03:00,2024-05-20 07:17:55,2024-05-24 09:03:00,2024-05-17,resolved,low,Pricing dispute,phone,STR001,New York Downtown #1,Northeast,CUS00434,5.0,70.25,70.25,0,False,within_sla
TKT000310,2024-07-06 07:15:00,2024-07-08 14:32:50,2024-07-07 07:15:00,2024-07-06,resolved,high,Wrong item,in_store,STR022,Orlando Downtown #22,Southeast,CUS00011,3.0,55.3,55.3,0,True,beyond_sla
TKT000311,2024-06-01 19:14:00,,2024-06-08 19:14:00,2024-06-01,escalated,low,Refund request,email,STR019,Philadelphia Downtown #19,Southwest,CUS00448,,,5113.02,1,True,pending_beyond_sla
TKT000312,2024-10-05 09:30:00,,2024-10-08 09:30:00,2024-10-05,pending,medium,Online order issue,phone,STR014,San Francisco Mall #14,Southwest,CUS00083,,,2098.75,1,True,pending_beyond_sla
TKT000313,2024-03-09 11:53:00,2024-03-12 23:12:08,2024-03-12 11:53:00,2024-03-09,resolved,medium,Online order issue,email,STR022,Orlando Downtown #22,Southeast,CUS00371,1.0,83.32,83.32,0,True,beyond_sla
TKT000314,2024-09-15 19:31:00,2024-09-16 01:49:09,2024-09-18 19:31:00,2024-09-15,resolved,medium,Store experience,phone,STR005,Chicago Mall #5,West,CUS00238,4.0,6.3,6.3,0,False,within_sla
TKT000315,2024-06-05 20:06:00,2024-06-06 16:41:44,2024-06-06 20:06:00,2024-06-05,resolved,high,Late delivery,email,STR020,San Diego Mall #20,West,CUS00482,5.0,20.6,20.6,0,False,within_sla
TKT000316,2024-03-12 19:48:00,2024-03-18 01:38:13,2024-03-15 19:48:00,2024-03-12,resolved,medium,Refund request,in_store,STR023,Kansas City Mall #23,Midwest,CUS00328,1.0,125.84,125.84,0,True,beyond_sla
TKT000317,2024-08-06 11:18:00,2024-08-07 02:26:27,2024-08-09 11:18:00,2024-08-06,resolved,medium,Product defect,email,STR012,Seattle Mall #12,Southeast,CUS00029,5.0,15.14,15.14,0,False,within_sla
TKT000318,2024-01-06 20:25:00,2024-01-08 11:44:45,2024-01-09 20:25:00,2024-01-06,resolved,medium,Online order issue,social,STR020,San Diego Mall #20,West,CUS00320,5.0,39.33,39.33,0,False,within_sla
TKT000319,2024-10-18 16:57:00,2024-10-19 14:29:46,2024-10-21 16:57:00,2024-10-18,resolved,medium,Online order issue,social,STR003,Atlanta Mall #3,Midwest,CUS00428,5.0,21.55,21.55,0,False,within_sla
TKT000320,2024-01-22 08:52:00,2024-02-08 05:15:30,2024-01-29 08:52:00,2024-01-22,closed_unresolved,low,Online order issue,chat,STR001,New York Downtown #1,Northeast,CUS00257,3.0,404.39,404.39,0,True,beyond_sla
TKT000321,2024-09-03 13:57:00,2024-09-09 20:22:57,2024-09-10 13:57:00,2024-09-03,resolved,low,Product defect,phone,STR003,Atlanta Mall #3,Midwest,CUS00310,4.0,150.43,150.43,0,False,within_sla
TKT000322,2024-03-26 12:02:00,2024-03-31 19:59:52,2024-04-02 12:02:00,2024-03-26,resolved,low,Staff conduct,in_store,STR008,Houston Mall #8,Midwest,CUS00355,4.0,127.96,127.96,0,False,within_sla
TKT000323,2024-08-21 08:15:00,2024-08-21 23:54:49,2024-08-22 08:15:00,2024-08-21,resolved,high,Online order issue,phone,STR002,Boston Mall #2,Southeast,CUS00288,4.0,15.66,15.66,0,False,within_sla
TKT000324,2024-03-24 19:45:00,2024-03-25 02:32:29,2024-03-27 19:45:00,2024-03-24,resolved,medium,Refund request,chat,STR016,Nashville Downtown #16,Northeast,CUS00424,4.0,6.79,6.79,0,False,within_sla
TKT000325,2024-05-22 17:53:00,2024-06-05 09:56:32,2024-05-29 17:53:00,2024-05-22,resolved,low,Pricing dispute,chat,STR004,Miami Downtown #4,Southwest,CUS00082,2.0,328.06,328.06,0,True,beyond_sla
TKT000326,2024-08-05 07:37:00,2024-08-08 02:18:09,2024-08-08 07:37:00,2024-08-05,resolved,medium,Staff conduct,phone,STR019,Philadelphia Downtown #19,Southwest,CUS00473,4.0,66.69,66.69,0,False,within_sla
TKT000327,2024-03-14 14:11:00,2024-04-02 22:54:16,2024-03-21 14:11:00,2024-03-14,resolved,low,Store experience,email,STR012,Seattle Mall #12,Southeast,CUS00008,4.0,464.72,464.72,0,True,beyond_sla
TKT000328,2024-08-13 11:13:00,2024-08-19 21:09:08,2024-08-20 11:13:00,2024-08-13,resolved,low,Online order issue,chat,STR004,Miami Downtown #4,Southwest,CUS00231,4.0,153.94,153.94,0,False,within_sla
TKT000329,2024-06-04 08:43:00,2024-06-04 18:21:37,2024-06-05 08:43:00,2024-06-04,resolved,high,Refund request,in_store,STR006,Detroit Mall #6,Northeast,CUS00480,4.0,9.64,9.64,0,False,within_sla
TKT000330,2024-08-25 20:49:00,,2024-09-01 20:49:00,2024-08-25,pending,low,Late delivery,email,STR022,Orlando Downtown #22,Southeast,CUS00469,,,3071.43,1,True,pending_beyond_sla
TKT000331,2024-02-14 14:34:00,2024-02-14 15:28:29,2024-02-15 14:34:00,2024-02-14,resolved,high,Late delivery,in_store,STR006,Detroit Mall #6,Northeast,CUS00008,5.0,0.91,0.91,0,False,within_sla
TKT000332,2024-04-05 20:15:00,2024-04-07 22:07:43,2024-04-12 20:15:00,2024-04-05,resolved,low,Online order issue,in_store,STR020,San Diego Mall #20,West,CUS00231,4.0,49.88,49.88,0,False,within_sla
TKT000333,2024-06-03 12:21:00,2024-06-09 05:11:38,2024-06-06 12:21:00,2024-06-03,resolved,medium,Refund request,in_store,STR011,Los Angeles Mall #11,Northeast,CUS00131,2.0,136.84,136.84,0,True,beyond_sla
TKT000334,2024-08-27 11:21:00,2024-08-28 04:58:09,2024-08-30 11:21:00,2024-08-27,resolved,medium,Product defect,email,STR008,Houston Mall #8,Midwest,CUS00110,4.0,17.62,17.62,0,False,within_sla
TKT000335,2024-05-09 09:11:00,2024-05-11 22:04:28,2024-05-12 09:11:00,2024-05-09,resolved,medium,Store experience,in_store,STR017,Charlotte Mall #17,Southeast,CUS00422,5.0,60.89,60.89,0,False,within_sla
TKT000336,2024-08-28 18:47:00,2024-08-29 05:35:46,2024-08-31 18:47:00,2024-08-28,resolved,medium,Staff conduct,social,STR016,Nashville Downtown #16,Northeast,CUS00490,5.0,10.81,10.81,0,False,within_sla
TKT000337,2024-10-30 08:48:00,2024-11-03 13:51:06,2024-11-02 08:48:00,2024-10-30,closed_unresolved,medium,Wrong item,social,STR012,Seattle Mall #12,Southeast,CUS00025,3.0,101.05,101.05,0,True,beyond_sla
TKT000338,2024-08-11 14:49:00,2024-08-14 23:45:04,2024-08-18 14:49:00,2024-08-11,resolved,low,Staff conduct,social,STR018,Minneapolis Mall #18,Midwest,CUS00231,5.0,80.93,80.93,0,False,within_sla
TKT000339,2024-12-05 18:58:00,2024-12-07 15:01:39,2024-12-08 18:58:00,2024-12-05,resolved,medium,Late delivery,chat,STR013,Portland Downtown #13,Midwest,CUS00177,5.0,44.06,44.06,0,False,within_sla
TKT000340,2024-05-31 20:33:00,2024-06-02 23:40:15,2024-06-01 20:33:00,2024-05-31,resolved,high,Late delivery,social,STR017,Charlotte Mall #17,Southeast,CUS00076,2.0,51.12,51.12,0,True,beyond_sla
TKT000341,2024-09-11 10:03:00,2024-09-12 12:58:30,2024-09-14 10:03:00,2024-09-11,resolved,medium,Pricing dispute,social,STR017,Charlotte Mall #17,Southeast,CUS00126,5.0,26.93,26.92,0,False,within_sla
TKT000342,2024-10-06 08:17:00,2024-10-06 16:24:09,2024-10-07 08:17:00,2024-10-06,resolved,high,Staff conduct,phone,STR016,Nashville Downtown #16,Northeast,CUS00262,4.0,8.12,8.12,0,False,within_sla
TKT000343,2024-07-30 10:46:00,2024-07-31 04:59:27,2024-08-02 10:46:00,2024-07-30,resolved,medium,Late delivery,social,STR006,Detroit Mall #6,Northeast,CUS00433,5.0,18.22,18.22,0,False,within_sla
TKT000344,2024-03-05 17:31:00,2024-03-13 21:47:44,2024-03-08 17:31:00,2024-03-05,resolved,medium,Product defect,social,STR018,Minneapolis Mall #18,Midwest,CUS00309,2.0,196.28,196.28,0,True,beyond_sla
TKT000345,2024-09-30 07:57:00,2024-10-08 18:27:07,2024-10-07 07:57:00,2024-09-30,resolved,low,Staff conduct,phone,STR012,Seattle Mall #12,Southeast,CUS00209,3.0,202.5,202.5,0,True,beyond_sla
TKT000346,2024-12-02 16:37:00,2024-12-02 18:50:31,2024-12-05 16:37:00,2024-12-02,resolved,medium,Staff conduct,in_store,STR012,Seattle Mall #12,Southeast,CUS00461,4.0,2.23,2.23,0,False,within_sla
TKT000347,2024-03-06 13:05:00,2024-03-12 14:32:05,2024-03-13 13:05:00,2024-03-06,resolved,low,Staff conduct,phone,STR007,Dallas Downtown #7,Southeast,CUS00400,4.0,145.45,145.45,0,False,within_sla
TKT000348,2024-03-22 16:29:00,2024-03-23 11:43:13,2024-03-29 16:29:00,2024-03-22,resolved,low,Refund request,chat,STR006,Detroit Mall #6,Northeast,CUS00340,5.0,19.24,19.24,0,False,within_sla
TKT000349,2024-08-16 18:39:00,2024-08-17 22:29:16,2024-08-19 18:39:00,2024-08-16,resolved,medium,Pricing dispute,phone,STR023,Kansas City Mall #23,Midwest,CUS00344,4.0,27.84,27.84,0,False,within_sla
TKT000350,2024-03-31 13:59:00,,2024-04-01 13:59:00,2024-03-31,pending,high,Online order issue,chat,STR009,Phoenix Mall #9,Southwest,CUS00397,,,6606.27,1,True,pending_beyond_sla
TKT000351,2024-12-01 07:43:00,2024-12-01 14:14:39,2024-12-01 11:43:00,2024-12-01,resolved,critical,Store experience,chat,STR022,Orlando Downtown #22,Southeast,CUS00210,3.0,6.53,6.53,0,True,beyond_sla
TKT000352,2024-04-21 18:38:00,2024-04-22 05:03:58,2024-04-22 18:38:00,2024-04-21,resolved,high,Staff conduct,phone,STR020,San Diego Mall #20,West,CUS00121,3.0,10.43,10.43,0,False,within_sla
TKT000353,2024-01-23 20:38:00,2024-01-24 03:20:29,2024-01-26 20:38:00,2024-01-23,resolved,medium,Refund request,chat,STR015,Austin Mall #15,West,CUS00057,3.0,6.71,6.71,0,False,within_sla
TKT000354,2024-11-20 20:13:00,,2024-11-21 20:13:00,2024-11-20,pending,high,Wrong item,chat,STR018,Minneapolis Mall #18,Midwest,CUS00328,,,984.03,1,True,pending_beyond_sla
TKT000355,2024-07-29 18:47:00,2024-07-30 13:59:59,2024-08-01 18:47:00,2024-07-29,resolved,medium,Refund request,chat,STR022,Orlando Downtown #22,Southeast,CUS00201,5.0,19.22,19.22,0,False,within_sla
TKT000356,2024-05-05 16:14:00,2024-05-11 21:44:18,2024-05-12 16:14:00,2024-05-05,resolved,low,Store experience,chat,STR011,Los Angeles Mall #11,Northeast,CUS00065,4.0,149.51,149.5,0,False,within_sla
TKT000357,2024-11-13 09:41:00,2024-11-25 00:30:59,2024-11-20 09:41:00,2024-11-13,resolved,low,Product defect,in_store,STR007,Dallas Downtown #7,Southeast,CUS00130,3.0,278.83,278.83,0,True,beyond_sla
TKT000358,2024-02-07 16:20:00,2024-02-12 12:30:06,2024-02-14 16:20:00,2024-02-07,resolved,low,Wrong item,email,STR016,Nashville Downtown #16,Northeast,CUS00044,5.0,116.17,116.17,0,False,within_sla
TKT000359,2024-04-03 11:12:00,,2024-04-06 11:12:00,2024-04-03,pending,medium,Late delivery,phone,STR016,Nashville Downtown #16,Northeast,CUS00346,,,6537.05,1,True,pending_beyond_sla
TKT000360,2024-09-12 08:44:00,2024-09-12 20:05:07,2024-09-19 08:44:00,2024-09-12,resolved,low,Staff conduct,email,STR019,Philadelphia Downtown #19,Southwest,CUS00329,4.0,11.35,11.35,0,False,within_sla
TKT000361,2024-05-27 13:44:00,2024-05-28 23:29:00,2024-05-30 13:44:00,2024-05-27,resolved,medium,Online order issue,phone,STR007,Dallas Downtown #7,Southeast,CUS00021,4.0,33.75,33.75,0,False,within_sla
TKT000362,2024-04-15 13:07:00,2024-04-15 19:33:53,2024-04-18 13:07:00,2024-04-15,resolved,medium,Late delivery,phone,STR005,Chicago Mall #5,West,CUS00047,4.0,6.45,6.45,0,False,within_sla
TKT000363,2024-06-14 17:27:00,2024-06-20 20:17:35,2024-06-21 17:27:00,2024-06-14,resolved,low,Late delivery,chat,STR004,Miami Downtown #4,Southwest,CUS00229,5.0,146.84,146.84,0,False,within_sla
TKT000364,2024-03-14 12:29:00,2024-03-14 21:42:00,2024-03-17 12:29:00,2024-03-14,resolved,medium,Wrong item,social,STR006,Detroit Mall #6,Northeast,CUS00291,3.0,9.22,9.22,0,False,within_sla
TKT000365,2024-08-21 19:07:00,2024-08-22 10:06:30,2024-08-22 19:07:00,2024-08-21,resolved,high,Refund request,social,STR006,Detroit Mall #6,Northeast,CUS00360,4.0,14.99,14.99,0,False,within_sla
TKT000366,2024-12-06 14:06:00,2024-12-14 21:26:20,2024-12-13 14:06:00,2024-12-06,resolved,low,Pricing dispute,social,STR007,Dallas Downtown #7,Southeast,CUS00088,2.0,199.34,199.34,0,True,beyond_sla
TKT000367,2024-11-21 18:16:00,2024-11-25 07:16:36,2024-11-28 18:16:00,2024-11-21,resolved,low,Product defect,email,STR016,Nashville Downtown #16,Northeast,CUS00285,5.0,85.01,85.01,0,False,within_sla
TKT000368,2024-12-04 17:11:00,2024-12-05 15:15:32,2024-12-05 17:11:00,2024-12-04,resolved,high,Staff conduct,chat,STR014,San Francisco Mall #14,Southwest,CUS00005,4.0,22.08,22.08,0,False,within_sla
TKT000369,2024-11-25 10:39:00,2024-11-26 06:14:09,2024-11-26 10:39:00,2024-11-25,resolved,high,Online order issue,in_store,STR014,San Francisco Mall #14,Southwest,CUS00441,5.0,19.59,19.59,0,False,within_sla
TKT000370,2024-02-10 12:28:00,2024-02-12 20:38:04,2024-02-13 12:28:00,2024-02-10,resolved,medium,Pricing dispute,phone,STR002,Boston Mall #2,Southeast,CUS00397,5.0,56.17,56.17,0,False,within_sla
TKT000371,2024-02-16 14:46:00,2024-02-23 17:06:40,2024-02-19 14:46:00,2024-02-16,resolved,medium,Online order issue,social,STR015,Austin Mall #15,West,CUS00447,2.0,170.34,170.34,0,True,beyond_sla
TKT000372,2024-12-07 07:59:00,2024-12-09 11:30:46,2024-12-10 07:59:00,2024-12-07,resolved,medium,Store experience,email,STR014,San Francisco Mall #14,Southwest,CUS00006,4.0,51.53,51.53,0,False,within_sla
TKT000373,2024-11-06 20:51:00,2024-11-12 01:24:57,2024-11-13 20:51:00,2024-11-06,resolved,low,Staff conduct,chat,STR012,Seattle Mall #12,Southeast,CUS00312,5.0,124.57,124.57,0,False,within_sla
TKT000374,2024-01-30 10:51:00,2024-01-30 13:50:37,2024-01-30 14:51:00,2024-01-30,resolved,critical,Online order issue,email,STR008,Houston Mall #8,Midwest,CUS00032,4.0,2.99,2.99,0,False,within_sla
TKT000375,2024-12-25 08:29:00,2024-12-25 16:52:29,2024-12-26 08:29:00,2024-12-25,resolved,high,Online order issue,chat,STR005,Chicago Mall #5,West,CUS00265,5.0,8.39,8.39,0,False,within_sla
TKT000376,2024-02-18 19:46:00,2024-02-20 20:31:28,2024-02-21 19:46:00,2024-02-18,resolved,medium,Refund request,email,STR010,Denver Downtown #10,West,CUS00214,3.0,48.76,48.76,0,False,within_sla
TKT000377,2024-02-07 17:45:00,2024-02-09 03:38:29,2024-02-14 17:45:00,2024-02-07,resolved,low,Product defect,email,STR007,Dallas Downtown #7,Southeast,CUS00254,5.0,33.89,33.89,0,False,within_sla
TKT000378,2024-06-02 18:33:00,2024-06-04 22:26:20,2024-06-05 18:33:00,2024-06-02,resolved,medium,Wrong item,email,STR004,Miami Downtown #4,Southwest,CUS00101,4.0,51.89,51.89,0,False,within_sla
TKT000379,2024-07-18 13:27:00,2024-07-22 09:25:29,2024-07-25 13:27:00,2024-07-18,resolved,low,Refund request,phone,STR021,Las Vegas Mall #21,Northeast,CUS00040,5.0,91.97,91.97,0,False,within_sla
TKT000380,2024-11-16 16:43:00,2024-11-16 17:32:14,2024-11-17 16:43:00,2024-11-16,resolved,high,Late delivery,phone,STR015,Austin Mall #15,West,CUS00113,5.0,0.82,0.82,0,False,within_sla
TKT000381,2024-02-13 10:49:00,2024-02-19 09:16:37,2024-02-20 10:49:00,2024-02-13,resolved,low,Online order issue,chat,STR021,Las Vegas Mall #21,Northeast,CUS00274,5.0,142.46,142.46,0,False,within_sla
TKT000382,2024-01-01 09:09:00,2024-01-04 19:29:31,2024-01-08 09:09:00,2024-01-01,resolved,low,Staff conduct,email,STR009,Phoenix Mall #9,Southwest,CUS00027,4.0,82.34,82.34,0,False,within_sla
TKT000383,2024-10-13 20:15:00,2024-11-01 15:46:35,2024-10-20 20:15:00,2024-10-13,resolved,low,Store experience,social,STR020,San Diego Mall #20,West,CUS00011,1.0,451.53,451.53,0,True,beyond_sla
TKT000384,2024-08-26 19:41:00,2024-08-29 22:59:55,2024-09-02 19:41:00,2024-08-26,resolved,low,Wrong item,chat,STR007,Dallas Downtown #7,Southeast,CUS00215,5.0,75.32,75.32,0,False,within_sla
TKT000385,2024-08-05 16:24:00,2024-08-05 17:50:54,2024-08-05 20:24:00,2024-08-05,resolved,critical,Online order issue,phone,STR015,Austin Mall #15,West,CUS00357,4.0,1.45,1.45,0,False,within_sla
TKT000386,2024-08-02 17:23:00,2024-08-02 20:26:18,2024-08-05 17:23:00,2024-08-02,resolved,medium,Wrong item,social,STR009,Phoenix Mall #9,Southwest,CUS00453,5.0,3.06,3.06,0,False,within_sla
TKT000387,2024-02-03 14:40:00,2024-02-05 01:20:10,2024-02-04 14:40:00,2024-02-03,resolved,high,Online order issue,chat,STR018,Minneapolis Mall #18,Midwest,CUS00305,3.0,34.67,34.67,0,True,beyond_sla
TKT000388,2024-08-10 12:40:00,,2024-08-17 12:40:00,2024-08-10,escalated,low,Staff conduct,in_store,STR019,Philadelphia Downtown #19,Southwest,CUS00313,,,3439.58,1,True,pending_beyond_sla
TKT000389,2024-07-13 18:09:00,,2024-07-20 18:09:00,2024-07-13,pending,low,Late delivery,email,STR016,Nashville Downtown #16,Northeast,CUS00500,,,4106.1,1,True,pending_beyond_sla
TKT000390,2024-05-15 13:46:00,2024-05-16 09:52:09,2024-05-18 13:46:00,2024-05-15,resolved,medium,Late delivery,in_store,STR004,Miami Downtown #4,Southwest,CUS00030,4.0,20.1,20.1,0,False,within_sla
TKT000391,2024-05-19 13:23:00,2024-05-20 01:37:30,2024-05-26 13:23:00,2024-05-19,resolved,low,Online order issue,phone,STR010,Denver Downtown #10,West,CUS00255,5.0,12.24,12.24,0,False,within_sla
TKT000392,2024-07-07 08:37:00,2024-07-07 23:34:34,2024-07-10 08:37:00,2024-07-07,resolved,medium,Wrong item,social,STR008,Houston Mall #8,Midwest,CUS00076,4.0,14.96,14.96,0,False,within_sla
TKT000393,2024-07-05 13:05:00,2024-07-13 04:10:56,2024-07-08 13:05:00,2024-07-05,resolved,medium,Store experience,chat,STR005,Chicago Mall #5,West,CUS00170,4.0,183.1,183.1,0,True,beyond_sla
TKT000394,2024-09-16 15:46:00,2024-09-18 12:49:35,2024-09-17 15:46:00,2024-09-16,closed_unresolved,high,Product defect,social,STR014,San Francisco Mall #14,Southwest,CUS00091,1.0,45.06,45.06,0,True,beyond_sla
TKT000395,2024-04-04 14:39:00,2024-04-05 17:29:20,2024-04-11 14:39:00,2024-04-04,resolved,low,Late delivery,in_store,STR001,New York Downtown #1,Northeast,CUS00447,5.0,26.84,26.84,0,False,within_sla
TKT000396,2024-10-05 12:39:00,2024-10-17 10:51:52,2024-10-12 12:39:00,2024-10-05,resolved,low,Store experience,email,STR009,Phoenix Mall #9,Southwest,CUS00411,3.0,286.21,286.21,0,True,beyond_sla
TKT000397,2024-08-20 19:00:00,,2024-08-23 19:00:00,2024-08-20,escalated,medium,Product defect,phone,STR023,Kansas City Mall #23,Midwest,CUS00065,,,3193.25,1,True,pending_beyond_sla
TKT000398,2024-02-25 20:12:00,2024-03-04 05:51:00,2024-03-03 20:12:00,2024-02-25,resolved,low,Late delivery,phone,STR020,San Diego Mall #20,West,CUS00011,4.0,177.65,177.65,0,True,beyond_sla
TKT000399,2024-03-10 13:00:00,,2024-03-13 13:00:00,2024-03-10,pending,medium,Refund request,in_store,STR020,San Diego Mall #20,West,CUS00499,,,7111.25,1,True,pending_beyond_sla
TKT000400,2024-10-25 10:16:00,2024-10-27 23:58:44,2024-10-28 10:16:00,2024-10-25,resolved,medium,Store experience,email,STR007,Dallas Downtown #7,Southeast,CUS00352,4.0,61.71,61.71,0,False,within_sla
TKT000401,2024-06-29 10:22:00,2024-07-05 08:20:12,2024-07-06 10:22:00,2024-06-29,resolved,low,Product defect,email,STR017,Charlotte Mall #17,Southeast,CUS00025,5.0,141.97,141.97,0,False,within_sla
TKT000402,2024-06-22 13:58:00,,2024-06-25 13:58:00,2024-06-22,pending,medium,Refund request,phone,STR011,Los Angeles Mall #11,Northeast,CUS00211,,,4614.28,1,True,pending_beyond_sla
TKT000403,2024-04-02 11:12:00,2024-04-04 13:43:04,2024-04-05 11:12:00,2024-04-02,resolved,medium,Store experience,in_store,STR012,Seattle Mall #12,Southeast,CUS00357,4.0,50.52,50.52,0,False,within_sla
TKT000404,2024-02-11 10:24:00,2024-02-13 00:43:44,2024-02-14 10:24:00,2024-02-11,resolved,medium,Pricing dispute,in_store,STR023,Kansas City Mall #23,Midwest,CUS00353,4.0,38.33,38.33,0,False,within_sla
TKT000405,2024-10-24 16:32:00,2024-10-25 11:54:43,2024-10-25 16:32:00,2024-10-24,resolved,high,Store experience,in_store,STR018,Minneapolis Mall #18,Midwest,CUS00279,4.0,19.38,19.38,0,False,within_sla
TKT000406,2024-12-27 17:17:00,2025-01-09 07:12:08,2025-01-03 17:17:00,2024-12-27,resolved,low,Late delivery,chat,STR011,Los Angeles Mall #11,Northeast,CUS00032,1.0,301.92,301.92,0,True,beyond_sla
TKT000407,2024-03-18 18:10:00,2024-03-20 12:32:19,2024-03-19 18:10:00,2024-03-18,resolved,high,Staff conduct,chat,STR003,Atlanta Mall #3,Midwest,CUS00484,1.0,42.37,42.37,0,True,beyond_sla
TKT000408,2024-08-03 12:06:00,,2024-08-03 16:06:00,2024-08-03,pending,critical,Wrong item,in_store,STR021,Las Vegas Mall #21,Northeast,CUS00308,,,3608.15,1,True,pending_beyond_sla
TKT000409,2024-06-24 13:41:00,2024-06-24 14:33:56,2024-06-24 17:41:00,2024-06-24,resolved,critical,Pricing dispute,chat,STR006,Detroit Mall #6,Northeast,CUS00461,3.0,0.88,0.88,0,False,within_sla
TKT000410,2024-10-20 13:31:00,,2024-10-27 13:31:00,2024-10-20,pending,low,Online order issue,social,STR022,Orlando Downtown #22,Southeast,CUS00106,,,1734.73,1,True,pending_beyond_sla
TKT000411,2024-10-14 15:59:00,,2024-10-21 15:59:00,2024-10-14,escalated,low,Product defect,phone,STR001,New York Downtown #1,Northeast,CUS00484,,,1876.27,1,True,pending_beyond_sla
TKT000412,2024-07-12 08:23:00,,2024-07-13 08:23:00,2024-07-12,pending,high,Refund request,phone,STR018,Minneapolis Mall #18,Midwest,CUS00215,,,4139.87,1,True,pending_beyond_sla
TKT000413,2024-06-04 10:12:00,,2024-06-11 10:12:00,2024-06-04,pending,low,Store experience,email,STR003,Atlanta Mall #3,Midwest,CUS00492,,,5050.05,1,True,pending_beyond_sla
TKT000414,2024-01-20 11:23:00,2024-01-21 21:44:45,2024-01-23 11:23:00,2024-01-20,resolved,medium,Online order issue,in_store,STR011,Los Angeles Mall #11,Northeast,CUS00022,4.0,34.36,34.36,0,False,within_sla
TKT000415,2024-05-11 07:52:00,2024-05-25 04:53:20,2024-05-18 07:52:00,2024-05-11,resolved,low,Online order issue,email,STR019,Philadelphia Downtown #19,Southwest,CUS00233,1.0,333.02,333.02,0,True,beyond_sla
TKT000416,2024-04-04 19:45:00,2024-04-13 03:25:09,2024-04-07 19:45:00,2024-04-04,resolved,medium,Staff conduct,in_store,STR019,Philadelphia Downtown #19,Southwest,CUS00392,3.0,199.67,199.67,0,True,beyond_sla
TKT000417,2024-11-03 19:21:00,,2024-11-06 19:21:00,2024-11-03,pending,medium,Late delivery,chat,STR017,Charlotte Mall #17,Southeast,CUS00456,,,1392.9,1,True,pending_beyond_sla
TKT000418,2024-08-06 14:41:00,2024-08-09 08:51:51,2024-08-09 14:41:00,2024-08-06,resolved,medium,Store experience,social,STR009,Phoenix Mall #9,Southwest,CUS00304,4.0,66.18,66.18,0,False,within_sla
TKT000419,2024-10-10 13:51:00,2024-10-13 04:11:01,2024-10-13 13:51:00,2024-10-10,resolved,medium,Staff conduct,email,STR010,Denver Downtown #10,West,CUS00019,5.0,62.33,62.33,0,False,within_sla
TKT000420,2024-01-04 19:06:00,,2024-01-11 19:06:00,2024-01-04,pending,low,Product defect,in_store,STR015,Austin Mall #15,West,CUS00480,,,8689.15,1,True,pending_beyond_sla
TKT000421,2024-09-27 16:54:00,2024-10-02 05:30:29,2024-09-30 16:54:00,2024-09-27,resolved,medium,Staff conduct,social,STR019,Philadelphia Downtown #19,Southwest,CUS00163,4.0,108.61,108.61,0,True,beyond_sla
TKT000422,2024-06-11 09:51:00,2024-06-12 17:01:29,2024-06-14 09:51:00,2024-06-11,resolved,medium,Product defect,chat,STR012,Seattle Mall #12,Southeast,CUS00053,4.0,31.17,31.17,0,False,within_sla
TKT000423,2024-09-22 18:24:00,2024-09-24 16:33:42,2024-09-23 18:24:00,2024-09-22,resolved,high,Store experience,email,STR021,Las Vegas Mall #21,Northeast,CUS00284,2.0,46.16,46.16,0,True,beyond_sla
TKT000424,2024-08-11 14:26:00,,2024-08-11 18:26:00,2024-08-11,escalated,critical,Product defect,in_store,STR019,Philadelphia Downtown #19,Southwest,CUS00176,,,3413.82,1,True,pending_beyond_sla
TKT000425,2024-09-19 10:42:00,2024-09-20 17:57:58,2024-09-22 10:42:00,2024-09-19,resolved,medium,Refund request,email,STR023,Kansas City Mall #23,Midwest,CUS00278,4.0,31.27,31.27,0,False,within_sla
TKT000426,2024-04-14 19:38:00,2024-04-15 11:55:56,2024-04-15 19:38:00,2024-04-14,resolved,high,Refund request,chat,STR008,Houston Mall #8,Midwest,CUS00179,4.0,16.3,16.3,0,False,within_sla
TKT000427,2024-05-06 12:29:00,2024-05-09 03:42:57,2024-05-13 12:29:00,2024-05-06,resolved,low,Wrong item,email,STR011,Los Angeles Mall #11,Northeast,CUS00173,5.0,63.23,63.23,0,False,within_sla
TKT000428,2024-06-13 13:36:00,2024-06-14 15:44:28,2024-06-16 13:36:00,2024-06-13,resolved,medium,Pricing dispute,email,STR016,Nashville Downtown #16,Northeast,CUS00395,5.0,26.14,26.14,0,False,within_sla
TKT000429,2024-05-05 18:59:00,2024-05-06 02:33:07,2024-05-06 18:59:00,2024-05-05,resolved,high,Late delivery,in_store,STR001,New York Downtown #1,Northeast,CUS00337,5.0,7.57,7.57,0,False,within_sla
TKT000430,2024-04-03 18:18:00,2024-04-06 06:29:51,2024-04-06 18:18:00,2024-04-03,resolved,medium,Refund request,chat,STR018,Minneapolis Mall #18,Midwest,CUS00343,4.0,60.2,60.2,0,False,within_sla
TKT000431,2024-07-19 07:02:00,2024-07-19 13:34:48,2024-07-22 07:02:00,2024-07-19,resolved,medium,Product defect,email,STR004,Miami Downtown #4,Southwest,CUS00094,4.0,6.55,6.55,0,False,within_sla
TKT000432,2024-05-04 09:56:00,2024-05-04 23:30:55,2024-05-07 09:56:00,2024-05-04,resolved,medium,Staff conduct,phone,STR015,Austin Mall #15,West,CUS00405,5.0,13.58,13.58,0,False,within_sla
TKT000433,2024-09-17 12:20:00,2024-09-22 09:59:11,2024-09-20 12:20:00,2024-09-17,resolved,medium,Late delivery,in_store,STR014,San Francisco Mall #14,Southwest,CUS00112,1.0,117.65,117.65,0,True,beyond_sla
TKT000434,2024-10-15 18:24:00,2024-10-16 03:38:54,2024-10-15 22:24:00,2024-10-15,closed_unresolved,critical,Refund request,in_store,STR005,Chicago Mall #5,West,CUS00208,2.0,9.25,9.25,0,True,beyond_sla
TKT000435,2024-12-16 18:07:00,2024-12-17 09:26:38,2024-12-19 18:07:00,2024-12-16,resolved,medium,Product defect,in_store,STR020,San Diego Mall #20,West,CUS00140,3.0,15.33,15.33,0,False,within_sla
TKT000436,2024-09-01 17:39:00,2024-09-01 22:36:40,2024-09-04 17:39:00,2024-09-01,resolved,medium,Staff conduct,phone,STR018,Minneapolis Mall #18,Midwest,CUS00384,3.0,4.96,4.96,0,False,within_sla
TKT000437,2024-09-30 19:58:00,2024-10-01 12:39:06,2024-10-01 19:58:00,2024-09-30,resolved,high,Late delivery,email,STR002,Boston Mall #2,Southeast,CUS00222,5.0,16.69,16.68,0,False,within_sla
TKT000438,2024-08-17 10:15:00,,2024-08-24 10:15:00,2024-08-17,escalated,low,Product defect,phone,STR008,Houston Mall #8,Midwest,CUS00362,,,3274.0,1,True,pending_beyond_sla
TKT000439,2024-07-16 09:15:00,2024-07-16 12:31:27,2024-07-17 09:15:00,2024-07-16,resolved,high,Pricing dispute,phone,STR016,Nashville Downtown #16,Northeast,CUS00031,4.0,3.27,3.27,0,False,within_sla
TKT000440,2024-05-16 20:34:00,2024-05-19 07:51:57,2024-05-19 20:34:00,2024-05-16,resolved,medium,Staff conduct,phone,STR005,Chicago Mall #5,West,CUS00279,5.0,59.3,59.3,0,False,within_sla
TKT000441,2024-03-07 16:19:00,2024-03-07 21:45:59,2024-03-08 16:19:00,2024-03-07,resolved,high,Refund request,in_store,STR003,Atlanta Mall #3,Midwest,CUS00378,5.0,5.45,5.45,0,False,within_sla
TKT000442,2024-09-27 17:25:00,2024-09-29 03:47:55,2024-09-30 17:25:00,2024-09-27,resolved,medium,Staff conduct,social,STR015,Austin Mall #15,West,CUS00085,4.0,34.38,34.38,0,False,within_sla
TKT000443,2024-01-17 16:09:00,2024-01-21 06:53:23,2024-01-20 16:09:00,2024-01-17,resolved,medium,Refund request,social,STR004,Miami Downtown #4,Southwest,CUS00110,1.0,86.74,86.74,0,True,beyond_sla
TKT000444,2024-02-15 12:29:00,2024-02-19 11:29:53,2024-02-22 12:29:00,2024-02-15,resolved,low,Wrong item,social,STR011,Los Angeles Mall #11,Northeast,CUS00057,4.0,95.01,95.01,0,False,within_sla
TKT000445,2024-01-10 14:57:00,2024-01-10 16:23:46,2024-01-10 18:57:00,2024-01-10,resolved,critical,Refund request,social,STR001,New York Downtown #1,Northeast,CUS00256,4.0,1.45,1.45,0,False,within_sla
TKT000446,2024-10-03 20:38:00,,2024-10-04 20:38:00,2024-10-03,escalated,high,Online order issue,phone,STR003,Atlanta Mall #3,Midwest,CUS00227,,,2135.62,1,True,pending_beyond_sla
TKT000447,2024-12-25 19:50:00,2025-01-02 15:08:14,2025-01-01 19:50:00,2024-12-25,resolved,low,Staff conduct,email,STR017,Charlotte Mall #17,Southeast,CUS00126,3.0,187.3,187.3,0,True,beyond_sla
TKT000448,2024-04-26 20:44:00,2024-04-28 02:11:13,2024-04-27 20:44:00,2024-04-26,resolved,high,Refund request,email,STR011,Los Angeles Mall #11,Northeast,CUS00314,1.0,29.45,29.45,0,True,beyond_sla
TKT000449,2024-07-18 09:48:00,2024-07-20 03:26:58,2024-07-21 09:48:00,2024-07-18,resolved,medium,Pricing dispute,in_store,STR011,Los Angeles Mall #11,Northeast,CUS00166,5.0,41.65,41.65,0,False,within_sla
TKT000450,2024-11-27 20:57:00,,2024-11-28 20:57:00,2024-11-27,pending,high,Pricing dispute,chat,STR022,Orlando Downtown #22,Southeast,CUS00191,,,815.3,1,True,pending_beyond_sla
TKT000451,2024-11-07 08:23:00,2024-11-19 12:34:18,2024-11-14 08:23:00,2024-11-07,closed_unresolved,low,Late delivery,social,STR013,Portland Downtown #13,Midwest,CUS00223,2.0,292.19,292.19,0,True,beyond_sla
TKT000452,2024-02-10 09:56:00,2024-02-11 12:16:49,2024-02-17 09:56:00,2024-02-10,resolved,low,Staff conduct,phone,STR017,Charlotte Mall #17,Southeast,CUS00450,4.0,26.35,26.35,0,False,within_sla
TKT000453,2024-09-01 16:46:00,2024-09-07 18:30:40,2024-09-08 16:46:00,2024-09-01,resolved,low,Online order issue,email,STR017,Charlotte Mall #17,Southeast,CUS00168,5.0,145.74,145.74,0,False,within_sla
TKT000454,2024-05-05 12:40:00,2024-05-05 23:37:50,2024-05-05 16:40:00,2024-05-05,resolved,critical,Pricing dispute,chat,STR023,Kansas City Mall #23,Midwest,CUS00109,3.0,10.96,10.96,0,True,beyond_sla
TKT000455,2024-11-23 18:03:00,2024-11-29 14:06:21,2024-11-26 18:03:00,2024-11-23,resolved,medium,Refund request,social,STR007,Dallas Downtown #7,Southeast,CUS00027,1.0,140.06,140.06,0,True,beyond_sla
TKT000456,2024-05-26 18:34:00,2024-05-27 00:59:06,2024-05-27 18:34:00,2024-05-26,resolved,high,Wrong item,chat,STR009,Phoenix Mall #9,Southwest,CUS00170,5.0,6.42,6.42,0,False,within_sla
TKT000457,2024-10-21 10:41:00,2024-10-23 03:06:07,2024-10-24 10:41:00,2024-10-21,resolved,medium,Staff conduct,social,STR011,Los Angeles Mall #11,Northeast,CUS00489,4.0,40.42,40.42,0,False,within_sla
TKT000458,2024-07-05 09:49:00,2024-07-05 22:19:56,2024-07-08 09:49:00,2024-07-05,resolved,medium,Pricing dispute,in_store,STR001,New York Downtown #1,Northeast,CUS00052,5.0,12.52,12.52,0,False,within_sla
TKT000459,2024-08-31 12:36:00,2024-09-12 05:43:25,2024-09-07 12:36:00,2024-08-31,resolved,low,Refund request,in_store,STR017,Charlotte Mall #17,Southeast,CUS00255,1.0,281.12,281.12,0,True,beyond_sla
TKT000460,2024-07-22 09:38:00,,2024-07-22 13:38:00,2024-07-22,pending,critical,Late delivery,phone,STR011,Los Angeles Mall #11,Northeast,CUS00118,,,3898.62,1,True,pending_beyond_sla
TKT000461,2024-09-05 12:52:00,2024-09-08 03:36:08,2024-09-08 12:52:00,2024-09-05,resolved,medium,Staff conduct,chat,STR003,Atlanta Mall #3,Midwest,CUS00158,5.0,62.74,62.74,0,False,within_sla
TKT000462,2024-11-09 07:42:00,2024-11-10 17:51:44,2024-11-12 07:42:00,2024-11-09,resolved,medium,Pricing dispute,in_store,STR010,Denver Downtown #10,West,CUS00191,5.0,34.16,34.16,0,False,within_sla
TKT000463,2024-10-07 16:42:00,2024-10-14 01:27:01,2024-10-14 16:42:00,2024-10-07,resolved,low,Late delivery,phone,STR023,Kansas City Mall #23,Midwest,CUS00392,4.0,152.75,152.75,0,False,within_sla
TKT000464,2024-08-11 09:30:00,2024-08-11 10:50:00,2024-08-18 09:30:00,2024-08-11,resolved,low,Late delivery,social,STR016,Nashville Downtown #16,Northeast,CUS00001,5.0,1.33,1.33,0,False,within_sla
TKT000465,2024-07-05 12:41:00,2024-07-08 08:05:17,2024-07-08 12:41:00,2024-07-05,resolved,medium,Pricing dispute,chat,STR004,Miami Downtown #4,Southwest,CUS00101,4.0,67.4,67.4,0,False,within_sla
TKT000466,2024-04-17 08:50:00,,2024-04-24 08:50:00,2024-04-17,escalated,low,Online order issue,chat,STR022,Orlando Downtown #22,Southeast,CUS00091,,,6203.42,1,True,pending_beyond_sla
TKT000467,2024-02-21 19:26:00,,2024-02-22 19:26:00,2024-02-21,pending,high,Product defect,social,STR014,San Francisco Mall #14,Southwest,CUS00029,,,7536.82,1,True,pending_beyond_sla
TKT000468,2024-04-19 07:03:00,,2024-04-20 07:03:00,2024-04-19,escalated,high,Wrong item,in_store,STR006,Detroit Mall #6,Northeast,CUS00297,,,6157.2,1,True,pending_beyond_sla
TKT000469,2024-06-11 07:06:00,2024-06-13 09:04:27,2024-06-14 07:06:00,2024-06-11,resolved,medium,Online order issue,chat,STR005,Chicago Mall #5,West,CUS00375,4.0,49.97,49.97,0,False,within_sla
TKT000470,2024-04-09 18:20:00,2024-04-14 12:47:40,2024-04-16 18:20:00,2024-04-09,resolved,low,Product defect,email,STR001,New York Downtown #1,Northeast,CUS00143,3.0,114.46,114.46,0,False,within_sla
TKT000471,2024-02-12 13:35:00,2024-02-12 18:06:47,2024-02-15 13:35:00,2024-02-12,resolved,medium,Wrong item,in_store,STR016,Nashville Downtown #16,Northeast,CUS00227,5.0,4.53,4.53,0,False,within_sla
TKT000472,2024-01-25 16:05:00,2024-01-26 07:27:51,2024-01-28 16:05:00,2024-01-25,resolved,medium,Pricing dispute,chat,STR022,Orlando Downtown #22,Southeast,CUS00376,5.0,15.38,15.38,0,False,within_sla
TKT000473,2024-12-15 08:53:00,,2024-12-16 08:53:00,2024-12-15,pending,high,Wrong item,chat,STR015,Austin Mall #15,West,CUS00214,,,395.37,1,True,pending_beyond_sla
TKT000474,2024-03-31 16:28:00,2024-03-31 21:41:13,2024-04-01 16:28:00,2024-03-31,resolved,high,Pricing dispute,in_store,STR017,Charlotte Mall #17,Southeast,CUS00035,5.0,5.22,5.22,0,False,within_sla
TKT000475,2024-05-30 19:17:00,2024-05-31 09:51:11,2024-06-06 19:17:00,2024-05-30,resolved,low,Refund request,social,STR002,Boston Mall #2,Southeast,CUS00132,3.0,14.57,14.57,0,False,within_sla
TKT000476,2024-01-17 08:22:00,2024-01-23 06:07:37,2024-01-24 08:22:00,2024-01-17,resolved,low,Online order issue,email,STR009,Phoenix Mall #9,Southwest,CUS00360,5.0,141.76,141.76,0,False,within_sla
TKT000477,2024-10-01 11:36:00,2024-10-01 14:44:36,2024-10-04 11:36:00,2024-10-01,resolved,medium,Refund request,email,STR005,Chicago Mall #5,West,CUS00291,5.0,3.14,3.14,0,False,within_sla
TKT000478,2024-06-17 13:58:00,,2024-06-24 13:58:00,2024-06-17,pending,low,Late delivery,phone,STR013,Portland Downtown #13,Midwest,CUS00176,,,4734.28,1,True,pending_beyond_sla
TKT000479,2024-03-28 14:03:00,2024-03-28 20:52:42,2024-03-29 14:03:00,2024-03-28,resolved,high,Late delivery,chat,STR023,Kansas City Mall #23,Midwest,CUS00152,5.0,6.83,6.83,0,False,within_sla
TKT000480,2024-02-29 16:57:00,,2024-03-03 16:57:00,2024-02-29,escalated,medium,Staff conduct,chat,STR005,Chicago Mall #5,West,CUS00117,,,7347.3,1,True,pending_beyond_sla
TKT000481,2024-01-08 09:30:00,2024-01-09 12:18:39,2024-01-11 09:30:00,2024-01-08,resolved,medium,Wrong item,chat,STR007,Dallas Downtown #7,Southeast,CUS00141,4.0,26.81,26.81,0,False,within_sla
TKT000482,2024-06-16 08:04:00,2024-06-21 19:22:54,2024-06-23 08:04:00,2024-06-16,resolved,low,Late delivery,phone,STR003,Atlanta Mall #3,Midwest,CUS00001,4.0,131.32,131.32,0,False,within_sla
TKT000483,2024-06-01 15:49:00,2024-06-02 20:43:36,2024-06-04 15:49:00,2024-06-01,resolved,medium,Late delivery,email,STR008,Houston Mall #8,Midwest,CUS00376,5.0,28.91,28.91,0,False,within_sla
TKT000484,2024-07-12 10:32:00,2024-07-13 23:06:56,2024-07-19 10:32:00,2024-07-12,resolved,low,Online order issue,social,STR008,Houston Mall #8,Midwest,CUS00005,5.0,36.58,36.58,0,False,within_sla
TKT000485,2024-03-10 15:20:00,2024-03-13 09:31:38,2024-03-13 15:20:00,2024-03-10,resolved,medium,Store experience,phone,STR001,New York Downtown #1,Northeast,CUS00399,5.0,66.19,66.19,0,False,within_sla
TKT000486,2024-12-30 20:15:00,2025-01-05 02:06:26,2025-01-02 20:15:00,2024-12-30,resolved,medium,Refund request,in_store,STR001,New York Downtown #1,Northeast,CUS00458,3.0,125.86,125.86,0,True,beyond_sla
TKT000487,2024-05-08 10:42:00,2024-05-13 09:05:56,2024-05-11 10:42:00,2024-05-08,resolved,medium,Product defect,social,STR006,Detroit Mall #6,Northeast,CUS00221,3.0,118.4,118.4,0,True,beyond_sla
TKT000488,2024-09-08 12:05:00,2024-09-23 14:49:42,2024-09-15 12:05:00,2024-09-08,resolved,low,Refund request,in_store,STR007,Dallas Downtown #7,Southeast,CUS00217,2.0,362.75,362.74,0,True,beyond_sla
TKT000489,2024-04-20 07:34:00,2024-04-22 20:41:04,2024-04-23 07:34:00,2024-04-20,resolved,medium,Wrong item,in_store,STR001,New York Downtown #1,Northeast,CUS00031,4.0,61.12,61.12,0,False,within_sla
TKT000490,2024-10-14 07:50:00,2024-10-14 22:14:47,2024-10-15 07:50:00,2024-10-14,resolved,high,Refund request,email,STR017,Charlotte Mall #17,Southeast,CUS00336,5.0,14.41,14.41,0,False,within_sla
TKT000491,2024-12-24 09:55:00,2024-12-25 22:39:59,2024-12-31 09:55:00,2024-12-24,resolved,low,Wrong item,in_store,STR013,Portland Downtown #13,Midwest,CUS00076,4.0,36.75,36.75,0,False,within_sla
TKT000492,2024-11-27 17:00:00,2024-11-29 20:16:55,2024-12-04 17:00:00,2024-11-27,resolved,low,Store experience,chat,STR001,New York Downtown #1,Northeast,CUS00129,5.0,51.28,51.28,0,False,within_sla
TKT000493,2024-02-11 13:41:00,2024-02-11 17:27:24,2024-02-11 17:41:00,2024-02-11,resolved,critical,Product defect,in_store,STR001,New York Downtown #1,Northeast,CUS00290,4.0,3.77,3.77,0,False,within_sla
TKT000494,2024-10-07 20:49:00,2024-10-08 09:33:46,2024-10-10 20:49:00,2024-10-07,resolved,medium,Refund request,phone,STR017,Charlotte Mall #17,Southeast,CUS00273,5.0,12.75,12.75,0,False,within_sla
TKT000495,2024-01-10 07:09:00,2024-01-10 12:46:21,2024-01-13 07:09:00,2024-01-10,resolved,medium,Late delivery,social,STR012,Seattle Mall #12,Southeast,CUS00272,3.0,5.62,5.62,0,False,within_sla
TKT000496,2024-08-08 12:38:00,2024-08-09 00:47:49,2024-08-09 12:38:00,2024-08-08,resolved,high,Wrong item,social,STR004,Miami Downtown #4,Southwest,CUS00443,4.0,12.16,12.16,0,False,within_sla
TKT000497,2024-05-26 13:29:00,,2024-05-27 13:29:00,2024-05-26,pending,high,Wrong item,in_store,STR005,Chicago Mall #5,West,CUS00297,,,5262.77,1,True,pending_beyond_sla
TKT000498,2024-09-12 17:18:00,2024-09-18 14:52:21,2024-09-19 17:18:00,2024-09-12,resolved,low,Product defect,email,STR014,San Francisco Mall #14,Southwest,CUS00111,5.0,141.57,141.57,0,False,within_sla
TKT000499,2024-04-04 15:24:00,,2024-04-11 15:24:00,2024-04-04,escalated,low,Product defect,phone,STR017,Charlotte Mall #17,Southeast,CUS00026,,,6508.85,1,True,pending_beyond_sla
TKT000500,2024-05-04 18:40:00,,2024-05-04 22:40:00,2024-05-04,pending,critical,Pricing dispute,email,STR001,New York Downtown #1,Northeast,CUS00187,,,5785.58,1,True,pending_beyond_sla
TKT000501,2024-04-22 12:57:00,2024-04-26 19:34:10,2024-04-29 12:57:00,2024-04-22,resolved,low,Pricing dispute,chat,STR002,Boston Mall #2,Southeast,CUS00384,5.0,102.62,102.62,0,False,within_sla
TKT000502,2024-05-04 11:14:00,,2024-05-11 11:14:00,2024-05-04,escalated,low,Late delivery,chat,STR009,Phoenix Mall #9,Southwest,CUS00489,,,5793.02,1,True,pending_beyond_sla
TKT000503,2024-06-04 20:18:00,2024-06-06 16:43:11,2024-06-07 20:18:00,2024-06-04,resolved,medium,Online order issue,social,STR018,Minneapolis Mall #18,Midwest,CUS00467,4.0,44.42,44.42,0,False,within_sla
TKT000504,2024-10-03 10:14:00,2024-10-08 14:11:51,2024-10-06 10:14:00,2024-10-03,resolved,medium,Refund request,phone,STR007,Dallas Downtown #7,Southeast,CUS00114,2.0,123.96,123.96,0,True,beyond_sla
TKT000505,2024-06-01 07:25:00,2024-06-02 06:04:44,2024-06-04 07:25:00,2024-06-01,resolved,medium,Online order issue,in_store,STR010,Denver Downtown #10,West,CUS00454,4.0,22.66,22.66,0,False,within_sla
TKT000506,2024-06-24 08:33:00,,2024-07-01 08:33:00,2024-06-24,pending,low,Online order issue,email,STR015,Austin Mall #15,West,CUS00134,,,4571.7,1,True,pending_beyond_sla
TKT000507,2024-10-21 11:39:00,2024-10-23 22:14:43,2024-10-24 11:39:00,2024-10-21,resolved,medium,Online order issue,email,STR003,Atlanta Mall #3,Midwest,CUS00472,4.0,58.6,58.6,0,False,within_sla
TKT000508,2024-12-18 14:27:00,2024-12-19 12:18:03,2024-12-19 14:27:00,2024-12-18,resolved,high,Staff conduct,chat,STR006,Detroit Mall #6,Northeast,CUS00127,4.0,21.85,21.85,0,False,within_sla
TKT000509,2024-03-19 15:16:00,2024-03-22 14:14:59,2024-03-26 15:16:00,2024-03-19,resolved,low,Staff conduct,in_store,STR013,Portland Downtown #13,Midwest,CUS00002,3.0,70.98,70.98,0,False,within_sla
TKT000510,2024-06-17 13:33:00,2024-06-25 06:00:48,2024-06-20 13:33:00,2024-06-17,resolved,medium,Product defect,in_store,STR003,Atlanta Mall #3,Midwest,CUS00068,3.0,184.46,184.46,0,True,beyond_sla
TKT000511,2024-06-16 13:26:00,2024-06-19 06:44:00,2024-06-19 13:26:00,2024-06-16,resolved,medium,Late delivery,email,STR011,Los Angeles Mall #11,Northeast,CUS00096,4.0,65.3,65.3,0,False,within_sla
TKT000512,2024-01-28 18:11:00,,2024-01-28 22:11:00,2024-01-28,pending,critical,Late delivery,chat,STR006,Detroit Mall #6,Northeast,CUS00214,,,8114.07,1,True,pending_beyond_sla
TKT000513,2024-01-29 11:28:00,2024-01-29 14:13:13,2024-01-29 15:28:00,2024-01-29,resolved,critical,Store experience,email,STR013,Portland Downtown #13,Midwest,CUS00226,5.0,2.75,2.75,0,False,within_sla
TKT000514,2024-09-18 17:36:00,,2024-09-21 17:36:00,2024-09-18,pending,medium,Staff conduct,social,STR013,Portland Downtown #13,Midwest,CUS00395,,,2498.65,1,True,pending_beyond_sla
TKT000515,2024-04-05 16:40:00,2024-04-12 05:39:47,2024-04-12 16:40:00,2024-04-05,resolved,low,Store experience,email,STR005,Chicago Mall #5,West,CUS00332,4.0,157.0,157.0,0,False,within_sla
TKT000516,2024-10-07 14:44:00,2024-10-08 05:52:50,2024-10-10 14:44:00,2024-10-07,resolved,medium,Wrong item,in_store,STR013,Portland Downtown #13,Midwest,CUS00328,3.0,15.15,15.15,0,False,within_sla
TKT000517,2024-06-04 10:54:00,2024-06-05 21:03:25,2024-06-11 10:54:00,2024-06-04,resolved,low,Late delivery,social,STR021,Las Vegas Mall #21,Northeast,CUS00499,5.0,34.16,34.16,0,False,within_sla
TKT000518,2024-12-10 16:17:00,,2024-12-13 16:17:00,2024-12-10,escalated,medium,Refund request,chat,STR008,Houston Mall #8,Midwest,CUS00160,,,507.97,1,True,pending_beyond_sla
TKT000519,2024-09-23 20:28:00,2024-09-24 18:23:36,2024-09-30 20:28:00,2024-09-23,resolved,low,Store experience,chat,STR015,Austin Mall #15,West,CUS00172,5.0,21.93,21.93,0,False,within_sla
TKT000520,2024-05-26 18:11:00,,2024-06-02 18:11:00,2024-05-26,escalated,low,Store experience,in_store,STR011,Los Angeles Mall #11,Northeast,CUS00136,,,5258.07,1,True,pending_beyond_sla
TKT000521,2024-06-03 13:23:00,2024-06-04 00:11:50,2024-06-03 17:23:00,2024-06-03,resolved,critical,Late delivery,phone,STR023,Kansas City Mall #23,Midwest,CUS00481,2.0,10.81,10.81,0,True,beyond_sla
TKT000522,2024-03-17 11:26:00,2024-03-21 03:46:37,2024-03-24 11:26:00,2024-03-17,resolved,low,Wrong item,social,STR022,Orlando Downtown #22,Southeast,CUS00306,4.0,88.34,88.34,0,False,within_sla
TKT000523,2024-08-26 10:57:00,2024-09-03 19:22:22,2024-09-02 10:57:00,2024-08-26,resolved,low,Store experience,social,STR011,Los Angeles Mall #11,Northeast,CUS00080,4.0,200.42,200.42,0,True,beyond_sla
TKT000524,2024-10-29 12:33:00,,2024-11-05 12:33:00,2024-10-29,pending,low,Late delivery,social,STR011,Los Angeles Mall #11,Northeast,CUS00224,,,1519.7,1,True,pending_beyond_sla
TKT000525,2024-03-08 20:41:00,2024-03-09 00:22:24,2024-03-11 20:41:00,2024-03-08,resolved,medium,Wrong item,email,STR005,Chicago Mall #5,West,CUS00200,4.0,3.69,3.69,0,False,within_sla
TKT000526,2024-06-30 20:25:00,,2024-07-03 20:25:00,2024-06-30,escalated,medium,Staff conduct,email,STR016,Nashville Downtown #16,Northeast,CUS00107,,,4415.83,1,True,pending_beyond_sla
TKT000527,2024-06-27 13:58:00,2024-06-28 03:53:08,2024-06-28 13:58:00,2024-06-27,resolved,high,Late delivery,social,STR001,New York Downtown #1,Northeast,CUS00025,4.0,13.92,13.92,0,False,within_sla
TKT000528,2024-12-25 09:07:00,2024-12-25 11:57:24,2024-12-28 09:07:00,2024-12-25,resolved,medium,Store experience,chat,STR011,Los Angeles Mall #11,Northeast,CUS00195,4.0,2.84,2.84,0,False,within_sla
TKT000529,2024-08-16 18:49:00,2024-08-16 22:13:46,2024-08-17 18:49:00,2024-08-16,resolved,high,Staff conduct,in_store,STR004,Miami Downtown #4,Southwest,CUS00048,4.0,3.41,3.41,0,False,within_sla
TKT000530,2024-02-17 11:55:00,2024-02-17 22:04:55,2024-02-18 11:55:00,2024-02-17,resolved,high,Wrong item,social,STR015,Austin Mall #15,West,CUS00073,4.0,10.17,10.17,0,False,within_sla
TKT000531,2024-04-01 08:14:00,,2024-04-08 08:14:00,2024-04-01,escalated,low,Store experience,chat,STR016,Nashville Downtown #16,Northeast,CUS00182,,,6588.02,1,True,pending_beyond_sla
TKT000532,2024-09-13 08:46:00,2024-09-15 03:45:29,2024-09-16 08:46:00,2024-09-13,resolved,medium,Late delivery,social,STR023,Kansas City Mall #23,Midwest,CUS00464,4.0,42.99,42.99,0,False,within_sla
TKT000533,2024-06-05 08:24:00,2024-06-11 17:05:30,2024-06-12 08:24:00,2024-06-05,resolved,low,Product defect,in_store,STR007,Dallas Downtown #7,Southeast,CUS00461,5.0,152.69,152.69,0,False,within_sla
TKT000534,2024-03-05 07:20:00,2024-03-08 00:21:59,2024-03-06 07:20:00,2024-03-05,resolved,high,Pricing dispute,in_store,STR023,Kansas City Mall #23,Midwest,CUS00229,2.0,65.03,65.03,0,True,beyond_sla
TKT000535,2024-01-01 09:40:00,,2024-01-08 09:40:00,2024-01-01,pending,low,Pricing dispute,email,STR008,Houston Mall #8,Midwest,CUS00454,,,8770.58,1,True,pending_beyond_sla
TKT000536,2024-08-31 07:36:00,2024-09-01 14:07:07,2024-09-03 07:36:00,2024-08-31,resolved,medium,Product defect,email,STR019,Philadelphia Downtown #19,Southwest,CUS00291,4.0,30.52,30.52,0,False,within_sla
TKT000537,2024-03-29 17:03:00,2024-03-30 13:03:02,2024-03-30 17:03:00,2024-03-29,resolved,high,Online order issue,chat,STR007,Dallas Downtown #7,Southeast,CUS00458,5.0,20.0,20.0,0,False,within_sla
TKT000538,2024-08-15 15:06:00,2024-08-16 00:02:26,2024-08-18 15:06:00,2024-08-15,resolved,medium,Late delivery,email,STR018,Minneapolis Mall #18,Midwest,CUS00449,5.0,8.94,8.94,0,False,within_sla
TKT000539,2024-06-13 10:19:00,2024-06-14 10:28:32,2024-06-16 10:19:00,2024-06-13,resolved,medium,Refund request,in_store,STR010,Denver Downtown #10,West,CUS00196,4.0,24.16,24.16,0,False,within_sla
TKT000540,2024-05-24 12:32:00,2024-05-25 04:14:23,2024-05-27 12:32:00,2024-05-24,resolved,medium,Online order issue,social,STR010,Denver Downtown #10,West,CUS00014,5.0,15.71,15.71,0,False,within_sla
TKT000541,2024-07-26 09:59:00,2024-07-28 18:35:43,2024-08-02 09:59:00,2024-07-26,resolved,low,Refund request,social,STR023,Kansas City Mall #23,Midwest,CUS00287,4.0,56.61,56.61,0,False,within_sla
TKT000542,2024-07-25 12:40:00,2024-08-13 02:50:09,2024-08-01 12:40:00,2024-07-25,resolved,low,Store experience,phone,STR013,Portland Downtown #13,Midwest,CUS00010,1.0,446.17,446.17,0,True,beyond_sla
TKT000543,2024-10-26 15:31:00,2024-10-29 04:46:43,2024-10-29 15:31:00,2024-10-26,resolved,medium,Store experience,phone,STR016,Nashville Downtown #16,Northeast,CUS00494,4.0,61.26,61.26,0,False,within_sla
TKT000544,2024-08-17 13:13:00,2024-08-20 17:37:34,2024-08-24 13:13:00,2024-08-17,resolved,low,Store experience,phone,STR008,Houston Mall #8,Midwest,CUS00272,5.0,76.41,76.41,0,False,within_sla
TKT000545,2024-02-17 08:40:00,2024-02-19 06:32:32,2024-02-20 08:40:00,2024-02-17,resolved,medium,Product defect,social,STR016,Nashville Downtown #16,Northeast,CUS00282,4.0,45.88,45.88,0,False,within_sla
TKT000546,2024-10-11 18:22:00,,2024-10-11 22:22:00,2024-10-11,escalated,critical,Product defect,phone,STR014,San Francisco Mall #14,Southwest,CUS00382,,,1945.88,1,True,pending_beyond_sla
TKT000547,2024-02-02 15:27:00,,2024-02-09 15:27:00,2024-02-02,escalated,low,Pricing dispute,phone,STR003,Atlanta Mall #3,Midwest,CUS00445,,,7996.8,1,True,pending_beyond_sla
TKT000548,2024-06-17 07:03:00,2024-06-19 23:47:08,2024-06-20 07:03:00,2024-06-17,resolved,medium,Product defect,email,STR003,Atlanta Mall #3,Midwest,CUS00070,3.0,64.74,64.74,0,False,within_sla
TKT000549,2024-12-02 11:13:00,2024-12-12 21:03:06,2024-12-09 11:13:00,2024-12-02,resolved,low,Staff conduct,in_store,STR013,Portland Downtown #13,Midwest,CUS00379,3.0,249.84,249.84,0,True,beyond_sla
TKT000550,2024-01-16 15:37:00,2024-01-18 03:33:18,2024-01-23 15:37:00,2024-01-16,resolved,low,Pricing dispute,chat,STR021,Las Vegas Mall #21,Northeast,CUS00291,4.0,35.94,35.94,0,False,within_sla
TKT000551,2024-04-29 19:36:00,2024-04-30 00:22:35,2024-04-30 19:36:00,2024-04-29,resolved,high,Late delivery,chat,STR012,Seattle Mall #12,Southeast,CUS00455,4.0,4.78,4.78,0,False,within_sla
TKT000552,2024-01-25 10:02:00,2024-01-30 23:39:43,2024-02-01 10:02:00,2024-01-25,resolved,low,Staff conduct,chat,STR009,Phoenix Mall #9,Southwest,CUS00258,5.0,133.63,133.63,0,False,within_sla
TKT000553,2024-02-08 13:10:00,2024-02-09 06:54:57,2024-02-09 13:10:00,2024-02-08,resolved,high,Product defect,email,STR018,Minneapolis Mall #18,Midwest,CUS00180,4.0,17.75,17.75,0,False,within_sla
TKT000554,2024-04-18 11:03:00,2024-04-24 10:55:38,2024-04-25 11:03:00,2024-04-18,resolved,low,Product defect,in_store,STR018,Minneapolis Mall #18,Midwest,CUS00241,3.0,143.88,143.88,0,False,within_sla
TKT000555,2024-07-11 10:53:00,2024-07-15 03:48:20,2024-07-18 10:53:00,2024-07-11,resolved,low,Refund request,phone,STR003,Atlanta Mall #3,Midwest,CUS00043,3.0,88.92,88.92,0,False,within_sla
TKT000556,2024-01-10 18:06:00,2024-01-11 14:06:44,2024-01-11 18:06:00,2024-01-10,resolved,high,Store experience,social,STR012,Seattle Mall #12,Southeast,CUS00374,4.0,20.01,20.01,0,False,within_sla
TKT000557,2024-01-02 17:09:00,2024-01-07 03:17:32,2024-01-09 17:09:00,2024-01-02,resolved,low,Pricing dispute,phone,STR021,Las Vegas Mall #21,Northeast,CUS00122,4.0,106.14,106.14,0,False,within_sla
TKT000558,2024-12-21 07:27:00,,2024-12-28 07:27:00,2024-12-21,escalated,low,Pricing dispute,chat,STR017,Charlotte Mall #17,Southeast,CUS00074,,,252.8,1,True,pending_beyond_sla
TKT000559,2024-07-17 09:18:00,2024-07-18 20:18:28,2024-07-24 09:18:00,2024-07-17,resolved,low,Pricing dispute,chat,STR022,Orlando Downtown #22,Southeast,CUS00056,4.0,35.01,35.01,0,False,within_sla
TKT000560,2024-09-11 14:25:00,2024-09-12 03:48:07,2024-09-12 14:25:00,2024-09-11,resolved,high,Product defect,social,STR013,Portland Downtown #13,Midwest,CUS00256,5.0,13.39,13.39,0,False,within_sla
TKT000561,2024-02-14 08:01:00,,2024-02-14 12:01:00,2024-02-14,pending,critical,Wrong item,email,STR006,Detroit Mall #6,Northeast,CUS00225,,,7716.23,1,True,pending_beyond_sla
TKT000562,2024-02-26 10:34:00,2024-02-28 06:15:23,2024-02-27 10:34:00,2024-02-26,closed_unresolved,high,Late delivery,email,STR019,Philadelphia Downtown #19,Southwest,CUS00443,3.0,43.69,43.69,0,True,beyond_sla
TKT000563,2024-06-12 09:17:00,2024-06-29 02:38:04,2024-06-19 09:17:00,2024-06-12,resolved,low,Online order issue,email,STR012,Seattle Mall #12,Southeast,CUS00014,4.0,401.35,401.35,0,True,beyond_sla
TKT000564,2024-03-04 17:49:00,2024-03-06 15:33:41,2024-03-11 17:49:00,2024-03-04,resolved,low,Wrong item,in_store,STR018,Minneapolis Mall #18,Midwest,CUS00122,4.0,45.74,45.74,0,False,within_sla
TKT000565,2024-02-13 08:26:00,2024-02-13 10:45:57,2024-02-14 08:26:00,2024-02-13,resolved,high,Staff conduct,email,STR001,New York Downtown #1,Northeast,CUS00162,4.0,2.33,2.33,0,False,within_sla
TKT000566,2024-06-17 12:06:00,2024-06-17 14:56:23,2024-06-17 16:06:00,2024-06-17,resolved,critical,Product defect,email,STR022,Orlando Downtown #22,Southeast,CUS00189,4.0,2.84,2.84,0,False,within_sla
TKT000567,2024-05-07 14:03:00,2024-05-09 15:16:02,2024-05-10 14:03:00,2024-05-07,resolved,medium,Refund request,social,STR020,San Diego Mall #20,West,CUS00430,3.0,49.22,49.22,0,False,within_sla
TKT000568,2024-03-18 17:19:00,2024-03-19 08:47:19,2024-03-21 17:19:00,2024-03-18,resolved,medium,Store experience,phone,STR012,Seattle Mall #12,Southeast,CUS00332,5.0,15.47,15.47,0,False,within_sla
TKT000569,2024-02-07 12:12:00,,2024-02-07 16:12:00,2024-02-07,pending,critical,Refund request,in_store,STR010,Denver Downtown #10,West,CUS00246,,,7880.05,1,True,pending_beyond_sla
TKT000570,2024-08-07 14:58:00,2024-08-10 10:23:27,2024-08-10 14:58:00,2024-08-07,resolved,medium,Wrong item,email,STR001,New York Downtown #1,Northeast,CUS00173,5.0,67.42,67.42,0,False,within_sla
TKT000571,2024-06-08 17:25:00,,2024-06-15 17:25:00,2024-06-08,escalated,low,Product defect,phone,STR014,San Francisco Mall #14,Southwest,CUS00136,,,4946.83,1,True,pending_beyond_sla
TKT000572,2024-03-06 09:18:00,2024-03-06 11:48:15,2024-03-06 13:18:00,2024-03-06,resolved,critical,Store experience,phone,STR007,Dallas Downtown #7,Southeast,CUS00443,4.0,2.5,2.5,0,False,within_sla
TKT000573,2024-05-10 07:21:00,2024-05-26 20:45:19,2024-05-17 07:21:00,2024-05-10,resolved,low,Late delivery,phone,STR023,Kansas City Mall #23,Midwest,CUS00072,2.0,397.41,397.41,0,True,beyond_sla
TKT000574,2024-02-17 19:03:00,2024-02-20 15:10:38,2024-02-24 19:03:00,2024-02-17,resolved,low,Product defect,email,STR022,Orlando Downtown #22,Southeast,CUS00320,5.0,68.13,68.13,0,False,within_sla
TKT000575,2024-01-23 17:36:00,2024-01-25 04:40:49,2024-01-26 17:36:00,2024-01-23,resolved,medium,Online order issue,social,STR013,Portland Downtown #13,Midwest,CUS00256,5.0,35.08,35.08,0,False,within_sla
TKT000576,2024-05-14 08:24:00,2024-05-14 10:34:35,2024-05-15 08:24:00,2024-05-14,resolved,high,Pricing dispute,chat,STR017,Charlotte Mall #17,Southeast,CUS00410,3.0,2.18,2.18,0,False,within_sla
TKT000577,2024-11-04 11:48:00,2024-11-05 23:41:18,2024-11-05 11:48:00,2024-11-04,resolved,high,Store experience,email,STR023,Kansas City Mall #23,Midwest,CUS00072,1.0,35.89,35.89,0,True,beyond_sla
TKT000578,2024-01-14 07:45:00,2024-01-14 23:14:07,2024-01-15 07:45:00,2024-01-14,resolved,high,Online order issue,chat,STR015,Austin Mall #15,West,CUS00101,5.0,15.49,15.49,0,False,within_sla
TKT000579,2024-02-16 10:46:00,2024-02-19 13:09:50,2024-02-23 10:46:00,2024-02-16,resolved,low,Refund request,in_store,STR020,San Diego Mall #20,West,CUS00477,5.0,74.4,74.4,0,False,within_sla
TKT000580,2024-02-11 13:49:00,2024-02-14 03:39:00,2024-02-12 13:49:00,2024-02-11,resolved,high,Store experience,chat,STR011,Los Angeles Mall #11,Northeast,CUS00489,3.0,61.83,61.83,0,True,beyond_sla
TKT000581,2024-08-31 15:34:00,2024-09-10 13:47:54,2024-09-07 15:34:00,2024-08-31,closed_unresolved,low,Online order issue,chat,STR006,Detroit Mall #6,Northeast,CUS00133,1.0,238.23,238.23,0,True,beyond_sla
TKT000582,2024-11-27 09:57:00,2024-12-05 02:42:57,2024-11-30 09:57:00,2024-11-27,closed_unresolved,medium,Product defect,phone,STR021,Las Vegas Mall #21,Northeast,CUS00082,1.0,184.77,184.77,0,True,beyond_sla
TKT000583,2024-07-14 08:13:00,2024-07-15 07:09:33,2024-07-21 08:13:00,2024-07-14,resolved,low,Staff conduct,email,STR006,Detroit Mall #6,Northeast,CUS00499,4.0,22.94,22.94,0,False,within_sla
TKT000584,2024-02-04 18:40:00,2024-02-05 17:05:16,2024-02-05 18:40:00,2024-02-04,resolved,high,Product defect,in_store,STR004,Miami Downtown #4,Southwest,CUS00109,5.0,22.42,22.42,0,False,within_sla
TKT000585,2024-01-06 15:36:00,,2024-01-07 15:36:00,2024-01-06,escalated,high,Refund request,social,STR015,Austin Mall #15,West,CUS00361,,,8644.65,1,True,pending_beyond_sla
TKT000586,2024-07-07 20:55:00,2024-07-08 12:26:01,2024-07-10 20:55:00,2024-07-07,resolved,medium,Online order issue,phone,STR017,Charlotte Mall #17,Southeast,CUS00189,4.0,15.52,15.52,0,False,within_sla
TKT000587,2024-07-30 09:38:00,2024-08-01 21:21:01,2024-08-02 09:38:00,2024-07-30,resolved,medium,Store experience,social,STR009,Phoenix Mall #9,Southwest,CUS00151,4.0,59.72,59.72,0,False,within_sla
TKT000588,2024-01-18 17:39:00,,2024-01-21 17:39:00,2024-01-18,escalated,medium,Staff conduct,in_store,STR004,Miami Downtown #4,Southwest,CUS00194,,,8354.6,1,True,pending_beyond_sla
TKT000589,2024-06-06 12:02:00,,2024-06-06 16:02:00,2024-06-06,escalated,critical,Refund request,in_store,STR021,Las Vegas Mall #21,Northeast,CUS00087,,,5000.22,1,True,pending_beyond_sla
TKT000590,2024-02-26 20:02:00,2024-03-01 05:12:10,2024-03-04 20:02:00,2024-02-26,resolved,low,Store experience,phone,STR009,Phoenix Mall #9,Southwest,CUS00081,5.0,81.17,81.17,0,False,within_sla
TKT000591,2024-09-03 09:31:00,,2024-09-10 09:31:00,2024-09-03,pending,low,Online order issue,phone,STR014,San Francisco Mall #14,Southwest,CUS00416,,,2866.73,1,True,pending_beyond_sla
TKT000592,2024-05-28 10:31:00,2024-06-04 23:48:49,2024-05-31 10:31:00,2024-05-28,resolved,medium,Late delivery,in_store,STR006,Detroit Mall #6,Northeast,CUS00486,3.0,181.3,181.3,0,True,beyond_sla
TKT000593,2024-03-24 14:18:00,2024-03-28 03:18:48,2024-03-27 14:18:00,2024-03-24,resolved,medium,Refund request,chat,STR006,Detroit Mall #6,Northeast,CUS00313,4.0,85.01,85.01,0,True,beyond_sla
TKT000594,2024-04-23 10:36:00,,2024-04-26 10:36:00,2024-04-23,pending,medium,Wrong item,phone,STR003,Atlanta Mall #3,Midwest,CUS00154,,,6057.65,1,True,pending_beyond_sla
TKT000595,2024-06-01 10:32:00,2024-06-04 07:19:05,2024-06-08 10:32:00,2024-06-01,resolved,low,Online order issue,chat,STR009,Phoenix Mall #9,Southwest,CUS00068,4.0,68.78,68.78,0,False,within_sla
TKT000596,2024-03-06 13:57:00,2024-03-11 23:27:04,2024-03-13 13:57:00,2024-03-06,resolved,low,Store experience,chat,STR002,Boston Mall #2,Southeast,CUS00295,5.0,129.5,129.5,0,False,within_sla
TKT000597,2024-12-07 10:11:00,2024-12-21 21:15:39,2024-12-14 10:11:00,2024-12-07,resolved,low,Late delivery,phone,STR016,Nashville Downtown #16,Northeast,CUS00289,4.0,347.08,347.08,0,True,beyond_sla
TKT000598,2024-11-18 16:45:00,,2024-11-25 16:45:00,2024-11-18,pending,low,Online order issue,social,STR023,Kansas City Mall #23,Midwest,CUS00034,,,1035.5,1,True,pending_beyond_sla
TKT000599,2024-11-20 20:47:00,2024-11-21 23:46:03,2024-11-23 20:47:00,2024-11-20,resolved,medium,Product defect,email,STR010,Denver Downtown #10,West,CUS00176,5.0,26.98,26.98,0,False,within_sla
TKT000600,2024-01-13 11:49:00,2024-01-15 06:01:13,2024-01-16 11:49:00,2024-01-13,resolved,medium,Online order issue,in_store,STR003,Atlanta Mall #3,Midwest,CUS00224,4.0,42.2,42.2,0,False,within_sla
TKT000601,2024-07-27 19:52:00,2024-07-28 17:46:10,2024-07-30 19:52:00,2024-07-27,resolved,medium,Wrong item,email,STR019,Philadelphia Downtown #19,Southwest,CUS00088,5.0,21.9,21.9,0,False,within_sla
TKT000602,2024-02-06 19:31:00,2024-02-07 14:31:00,2024-02-13 19:31:00,2024-02-06,resolved,low,Late delivery,social,STR015,Austin Mall #15,West,CUS00296,3.0,19.0,19.0,0,False,within_sla
TKT000603,2024-12-10 20:16:00,2024-12-11 06:07:04,2024-12-13 20:16:00,2024-12-10,resolved,medium,Product defect,in_store,STR006,Detroit Mall #6,Northeast,CUS00165,5.0,9.85,9.85,0,False,within_sla
TKT000604,2024-09-05 11:00:00,,2024-09-06 11:00:00,2024-09-05,escalated,high,Pricing dispute,in_store,STR011,Los Angeles Mall #11,Northeast,CUS00389,,,2817.25,1,True,pending_beyond_sla
TKT000605,2024-11-20 15:56:00,2024-11-21 18:10:28,2024-11-23 15:56:00,2024-11-20,resolved,medium,Staff conduct,chat,STR019,Philadelphia Downtown #19,Southwest,CUS00103,4.0,26.24,26.24,0,False,within_sla
TKT000606,2024-09-09 20:33:00,,2024-09-12 20:33:00,2024-09-09,escalated,medium,Refund request,in_store,STR013,Portland Downtown #13,Midwest,CUS00457,,,2711.7,1,True,pending_beyond_sla
TKT000607,2024-10-12 10:18:00,2024-10-14 11:08:00,2024-10-15 10:18:00,2024-10-12,resolved,medium,Late delivery,social,STR004,Miami Downtown #4,Southwest,CUS00258,4.0,48.83,48.83,0,False,within_sla
TKT000608,2024-11-16 14:30:00,2024-11-16 17:12:42,2024-11-16 18:30:00,2024-11-16,resolved,critical,Wrong item,email,STR017,Charlotte Mall #17,Southeast,CUS00186,5.0,2.71,2.71,0,False,within_sla
TKT000609,2024-03-16 10:02:00,2024-03-22 06:11:52,2024-03-19 10:02:00,2024-03-16,resolved,medium,Pricing dispute,chat,STR006,Detroit Mall #6,Northeast,CUS00226,1.0,140.16,140.16,0,True,beyond_sla
TKT000610,2024-08-15 11:46:00,2024-08-19 01:43:41,2024-08-18 11:46:00,2024-08-15,closed_unresolved,medium,Online order issue,phone,STR004,Miami Downtown #4,Southwest,CUS00316,1.0,85.96,85.96,0,True,beyond_sla
TKT000611,2024-05-18 12:42:00,2024-05-23 20:34:40,2024-05-21 12:42:00,2024-05-18,resolved,medium,Store experience,chat,STR011,Los Angeles Mall #11,Northeast,CUS00385,2.0,127.88,127.88,0,True,beyond_sla
TKT000612,2024-03-29 13:49:00,2024-04-01 00:46:45,2024-04-01 13:49:00,2024-03-29,resolved,medium,Refund request,in_store,STR022,Orlando Downtown #22,Southeast,CUS00191,4.0,58.96,58.96,0,False,within_sla
TKT000613,2024-10-31 08:02:00,2024-11-03 01:21:14,2024-11-01 08:02:00,2024-10-31,resolved,high,Late delivery,phone,STR008,Houston Mall #8,Midwest,CUS00397,2.0,65.32,65.32,0,True,beyond_sla
TKT000614,2024-09-09 14:28:00,2024-09-11 02:00:05,2024-09-12 14:28:00,2024-09-09,resolved,medium,Online order issue,phone,STR019,Philadelphia Downtown #19,Southwest,CUS00316,5.0,35.53,35.53,0,False,within_sla
TKT000615,2024-01-03 07:03:00,2024-01-03 15:29:23,2024-01-04 07:03:00,2024-01-03,resolved,high,Pricing dispute,in_store,STR018,Minneapolis Mall #18,Midwest,CUS00146,4.0,8.44,8.44,0,False,within_sla
TKT000616,2024-11-15 20:06:00,2024-11-20 23:38:12,2024-11-22 20:06:00,2024-11-15,resolved,low,Store experience,phone,STR008,Houston Mall #8,Midwest,CUS00268,3.0,123.54,123.54,0,False,within_sla
TKT000617,2024-06-28 16:40:00,2024-06-29 07:21:39,2024-06-29 16:40:00,2024-06-28,resolved,high,Store experience,email,STR012,Seattle Mall #12,Southeast,CUS00482,4.0,14.69,14.69,0,False,within_sla
TKT000618,2024-11-29 15:43:00,2024-12-02 12:49:56,2024-12-06 15:43:00,2024-11-29,resolved,low,Product defect,in_store,STR012,Seattle Mall #12,Southeast,CUS00200,4.0,69.12,69.12,0,False,within_sla
TKT000619,2024-03-11 14:34:00,2024-03-15 13:03:19,2024-03-18 14:34:00,2024-03-11,resolved,low,Late delivery,chat,STR007,Dallas Downtown #7,Southeast,CUS00375,4.0,94.49,94.49,0,False,within_sla
TKT000620,2024-06-20 19:15:00,2024-06-22 01:11:24,2024-06-23 19:15:00,2024-06-20,resolved,medium,Pricing dispute,social,STR011,Los Angeles Mall #11,Northeast,CUS00480,4.0,29.94,29.94,0,False,within_sla
TKT000621,2024-09-14 13:24:00,2024-09-15 21:01:31,2024-09-17 13:24:00,2024-09-14,resolved,medium,Staff conduct,in_store,STR016,Nashville Downtown #16,Northeast,CUS00412,4.0,31.63,31.63,0,False,within_sla
TKT000622,2024-09-20 11:44:00,2024-09-22 23:20:09,2024-09-23 11:44:00,2024-09-20,resolved,medium,Product defect,social,STR012,Seattle Mall #12,Southeast,CUS00064,4.0,59.6,59.6,0,False,within_sla
TKT000623,2024-07-24 13:37:00,2024-07-25 10:15:57,2024-07-27 13:37:00,2024-07-24,resolved,medium,Staff conduct,in_store,STR010,Denver Downtown #10,West,CUS00482,5.0,20.65,20.65,0,False,within_sla
TKT000624,2024-11-13 09:01:00,2024-11-14 00:32:15,2024-11-14 09:01:00,2024-11-13,resolved,high,Staff conduct,chat,STR021,Las Vegas Mall #21,Northeast,CUS00400,4.0,15.52,15.52,0,False,within_sla
TKT000625,2024-09-24 13:58:00,2024-09-25 23:29:12,2024-09-27 13:58:00,2024-09-24,resolved,medium,Staff conduct,phone,STR001,New York Downtown #1,Northeast,CUS00369,5.0,33.52,33.52,0,False,within_sla
TKT000626,2024-02-27 15:15:00,2024-02-28 11:21:56,2024-02-28 15:15:00,2024-02-27,resolved,high,Wrong item,in_store,STR007,Dallas Downtown #7,Southeast,CUS00301,4.0,20.12,20.12,0,False,within_sla
TKT000627,2024-06-04 12:43:00,2024-06-05 03:07:42,2024-06-11 12:43:00,2024-06-04,resolved,low,Store experience,phone,STR013,Portland Downtown #13,Midwest,CUS00227,5.0,14.41,14.41,0,False,within_sla
TKT000628,2024-12-01 16:04:00,2024-12-01 21:43:31,2024-12-02 16:04:00,2024-12-01,resolved,high,Store experience,chat,STR015,Austin Mall #15,West,CUS00074,4.0,5.66,5.66,0,False,within_sla
TKT000629,2024-04-14 10:41:00,2024-04-16 01:06:19,2024-04-17 10:41:00,2024-04-14,resolved,medium,Late delivery,in_store,STR016,Nashville Downtown #16,Northeast,CUS00328,4.0,38.42,38.42,0,False,within_sla
TKT000630,2024-04-10 12:58:00,2024-04-18 21:42:19,2024-04-13 12:58:00,2024-04-10,resolved,medium,Store experience,social,STR021,Las Vegas Mall #21,Northeast,CUS00090,3.0,200.74,200.74,0,True,beyond_sla
TKT000631,2024-05-28 17:07:00,2024-05-30 18:16:58,2024-05-31 17:07:00,2024-05-28,resolved,medium,Wrong item,in_store,STR016,Nashville Downtown #16,Northeast,CUS00334,5.0,49.17,49.17,0,False,within_sla
TKT000632,2024-04-03 18:11:00,2024-04-06 03:54:11,2024-04-06 18:11:00,2024-04-03,resolved,medium,Online order issue,chat,STR014,San Francisco Mall #14,Southwest,CUS00374,4.0,57.72,57.72,0,False,within_sla
TKT000633,2024-09-17 20:20:00,2024-09-20 10:45:12,2024-09-20 20:20:00,2024-09-17,resolved,medium,Late delivery,email,STR005,Chicago Mall #5,West,CUS00157,5.0,62.42,62.42,0,False,within_sla
TKT000634,2024-06-03 07:43:00,2024-06-08 20:05:07,2024-06-10 07:43:00,2024-06-03,resolved,low,Late delivery,social,STR011,Los Angeles Mall #11,Northeast,CUS00212,5.0,132.37,132.37,0,False,within_sla
TKT000635,2024-01-03 16:19:00,,2024-01-06 16:19:00,2024-01-03,escalated,medium,Pricing dispute,in_store,STR019,Philadelphia Downtown #19,Southwest,CUS00462,,,8715.93,1,True,pending_beyond_sla
TKT000636,2024-04-17 13:24:00,,2024-04-17 17:24:00,2024-04-17,escalated,critical,Product defect,social,STR020,San Diego Mall #20,West,CUS00204,,,6198.85,1,True,pending_beyond_sla
TKT000637,2024-09-03 19:52:00,2024-09-04 20:58:41,2024-09-10 19:52:00,2024-09-03,resolved,low,Late delivery,social,STR004,Miami Downtown #4,Southwest,CUS00302,5.0,25.11,25.11,0,False,within_sla
TKT000638,2024-07-09 13:01:00,2024-07-11 17:06:10,2024-07-12 13:01:00,2024-07-09,resolved,medium,Product defect,email,STR008,Houston Mall #8,Midwest,CUS00066,3.0,52.09,52.09,0,False,within_sla
TKT000639,2024-08-28 07:12:00,2024-08-29 07:31:56,2024-08-31 07:12:00,2024-08-28,resolved,medium,Staff conduct,chat,STR006,Detroit Mall #6,Northeast,CUS00170,5.0,24.33,24.33,0,False,within_sla
TKT000640,2024-10-28 09:29:00,2024-11-03 03:27:46,2024-11-04 09:29:00,2024-10-28,resolved,low,Refund request,phone,STR016,Nashville Downtown #16,Northeast,CUS00225,4.0,137.98,137.98,0,False,within_sla
TKT000641,2024-02-15 07:43:00,,2024-02-15 11:43:00,2024-02-15,pending,critical,Refund request,email,STR003,Atlanta Mall #3,Midwest,CUS00311,,,7692.53,1,True,pending_beyond_sla
TKT000642,2024-09-09 08:25:00,,2024-09-09 12:25:00,2024-09-09,pending,critical,Store experience,social,STR015,Austin Mall #15,West,CUS00067,,,2723.83,1,True,pending_beyond_sla
TKT000643,2024-09-28 09:08:00,2024-09-28 18:35:26,2024-09-29 09:08:00,2024-09-28,resolved,high,Staff conduct,social,STR013,Portland Downtown #13,Midwest,CUS00375,3.0,9.46,9.46,0,False,within_sla
TKT000644,2024-11-30 13:40:00,2024-11-30 17:40:02,2024-12-03 13:40:00,2024-11-30,resolved,medium,Staff conduct,in_store,STR018,Minneapolis Mall #18,Midwest,CUS00425,4.0,4.0,4.0,0,False,within_sla
TKT000645,2024-04-18 12:20:00,2024-04-19 15:17:09,2024-04-19 12:20:00,2024-04-18,resolved,high,Wrong item,social,STR019,Philadelphia Downtown #19,Southwest,CUS00482,3.0,26.95,26.95,0,True,beyond_sla
TKT000646,2024-01-31 10:36:00,2024-01-31 19:54:18,2024-02-01 10:36:00,2024-01-31,resolved,high,Pricing dispute,email,STR014,San Francisco Mall #14,Southwest,CUS00031,4.0,9.31,9.3,0,False,within_sla
TKT000647,2024-03-21 17:44:00,,2024-03-22 17:44:00,2024-03-21,pending,high,Store experience,in_store,STR003,Atlanta Mall #3,Midwest,CUS00058,,,6842.52,1,True,pending_beyond_sla
TKT000648,2024-05-09 07:39:00,2024-05-09 08:46:27,2024-05-16 07:39:00,2024-05-09,resolved,low,Late delivery,phone,STR002,Boston Mall #2,Southeast,CUS00471,5.0,1.12,1.12,0,False,within_sla
TKT000649,2024-07-26 14:05:00,,2024-07-26 18:05:00,2024-07-26,escalated,critical,Product defect,social,STR001,New York Downtown #1,Northeast,CUS00265,,,3798.17,1,True,pending_beyond_sla
TKT000650,2024-04-30 07:34:00,,2024-05-01 07:34:00,2024-04-30,pending,high,Staff conduct,social,STR018,Minneapolis Mall #18,Midwest,CUS00075,,,5892.68,1,True,pending_beyond_sla
TKT000651,2024-11-10 17:45:00,,2024-11-17 17:45:00,2024-11-10,escalated,low,Late delivery,in_store,STR004,Miami Downtown #4,Southwest,CUS00464,,,1226.5,1,True,pending_beyond_sla
TKT000652,2024-12-25 08:58:00,2024-12-31 07:08:21,2024-12-28 08:58:00,2024-12-25,resolved,medium,Late delivery,chat,STR004,Miami Downtown #4,Southwest,CUS00417,3.0,142.17,142.17,0,True,beyond_sla
TKT000653,2024-05-08 12:57:00,,2024-05-09 12:57:00,2024-05-08,pending,high,Late delivery,social,STR007,Dallas Downtown #7,Southeast,CUS00406,,,5695.3,1,True,pending_beyond_sla
TKT000654,2024-12-12 13:36:00,,2024-12-15 13:36:00,2024-12-12,pending,medium,Refund request,social,STR020,San Diego Mall #20,West,CUS00443,,,462.65,1,True,pending_beyond_sla
TKT000655,2024-06-02 07:08:00,2024-06-02 12:03:34,2024-06-05 07:08:00,2024-06-02,resolved,medium,Refund request,social,STR007,Dallas Downtown #7,Southeast,CUS00195,4.0,4.93,4.93,0,False,within_sla
TKT000656,2024-03-11 20:17:00,2024-03-13 20:49:03,2024-03-18 20:17:00,2024-03-11,resolved,low,Product defect,phone,STR018,Minneapolis Mall #18,Midwest,CUS00477,4.0,48.53,48.53,0,False,within_sla
TKT000657,2024-03-01 19:07:00,,2024-03-04 19:07:00,2024-03-01,escalated,medium,Wrong item,chat,STR015,Austin Mall #15,West,CUS00180,,,7321.13,1,True,pending_beyond_sla
TKT000658,2024-03-28 07:38:00,2024-03-31 15:59:55,2024-04-04 07:38:00,2024-03-28,resolved,low,Wrong item,phone,STR008,Houston Mall #8,Midwest,CUS00225,4.0,80.37,80.37,0,False,within_sla
TKT000659,2024-07-02 13:26:00,,2024-07-09 13:26:00,2024-07-02,pending,low,Online order issue,chat,STR023,Kansas City Mall #23,Midwest,CUS00349,,,4374.82,1,True,pending_beyond_sla
TKT000660,2024-04-27 16:52:00,2024-04-28 23:16:32,2024-05-04 16:52:00,2024-04-27,resolved,low,Refund request,phone,STR006,Detroit Mall #6,Northeast,CUS00261,4.0,30.41,30.41,0,False,within_sla
TKT000661,2024-07-18 12:42:00,2024-07-20 23:33:59,2024-07-21 12:42:00,2024-07-18,resolved,medium,Staff conduct,chat,STR014,San Francisco Mall #14,Southwest,CUS00108,4.0,58.87,58.87,0,False,within_sla
TKT000662,2024-03-31 18:07:00,2024-04-02 05:12:34,2024-04-07 18:07:00,2024-03-31,resolved,low,Product defect,phone,STR016,Nashville Downtown #16,Northeast,CUS00079,5.0,35.09,35.09,0,False,within_sla
TKT000663,2024-10-25 11:31:00,,2024-11-01 11:31:00,2024-10-25,pending,low,Online order issue,chat,STR011,Los Angeles Mall #11,Northeast,CUS00132,,,1616.73,1,True,pending_beyond_sla
TKT000664,2024-05-30 17:24:00,2024-06-01 12:56:59,2024-06-06 17:24:00,2024-05-30,resolved,low,Pricing dispute,social,STR009,Phoenix Mall #9,Southwest,CUS00453,4.0,43.55,43.55,0,False,within_sla
TKT000665,2024-04-25 18:48:00,2024-04-28 23:18:10,2024-05-02 18:48:00,2024-04-25,resolved,low,Wrong item,chat,STR001,New York Downtown #1,Northeast,CUS00101,5.0,76.5,76.5,0,False,within_sla
TKT000666,2024-01-02 16:12:00,,2024-01-09 16:12:00,2024-01-02,escalated,low,Late delivery,social,STR006,Detroit Mall #6,Northeast,CUS00312,,,8740.05,1,True,pending_beyond_sla
TKT000667,2024-08-30 12:51:00,2024-09-01 05:44:09,2024-09-06 12:51:00,2024-08-30,resolved,low,Refund request,phone,STR002,Boston Mall #2,Southeast,CUS00265,5.0,40.89,40.89,0,False,within_sla
TKT000668,2024-03-13 17:04:00,2024-03-13 20:29:57,2024-03-13 21:04:00,2024-03-13,resolved,critical,Wrong item,chat,STR013,Portland Downtown #13,Midwest,CUS00237,5.0,3.43,3.43,0,False,within_sla
TKT000669,2024-01-13 13:10:00,,2024-01-14 13:10:00,2024-01-13,pending,high,Wrong item,phone,STR010,Denver Downtown #10,West,CUS00242,,,8479.08,1,True,pending_beyond_sla
TKT000670,2024-05-15 13:04:00,2024-05-15 15:34:21,2024-05-15 17:04:00,2024-05-15,resolved,critical,Refund request,chat,STR001,New York Downtown #1,Northeast,CUS00241,5.0,2.51,2.51,0,False,within_sla
TKT000671,2024-07-19 16:35:00,2024-07-27 12:27:30,2024-07-22 16:35:00,2024-07-19,closed_unresolved,medium,Late delivery,social,STR006,Detroit Mall #6,Northeast,CUS00254,1.0,187.88,187.88,0,True,beyond_sla
TKT000672,2024-09-03 07:22:00,2024-09-03 09:08:54,2024-09-04 07:22:00,2024-09-03,resolved,high,Online order issue,email,STR004,Miami Downtown #4,Southwest,CUS00492,4.0,1.78,1.78,0,False,within_sla
TKT000673,2024-05-07 10:27:00,,2024-05-10 10:27:00,2024-05-07,pending,medium,Late delivery,chat,STR007,Dallas Downtown #7,Southeast,CUS00244,,,5721.8,1,True,pending_beyond_sla
TKT000674,2024-12-19 17:17:00,2024-12-20 21:47:26,2024-12-22 17:17:00,2024-12-19,resolved,medium,Store experience,in_store,STR020,San Diego Mall #20,West,CUS00271,5.0,28.51,28.51,0,False,within_sla
TKT000675,2024-11-20 19:45:00,2024-11-20 20:30:03,2024-11-20 23:45:00,2024-11-20,resolved,critical,Late delivery,chat,STR003,Atlanta Mall #3,Midwest,CUS00235,4.0,0.75,0.75,0,False,within_sla
TKT000676,2024-12-08 13:45:00,2024-12-14 05:29:54,2024-12-15 13:45:00,2024-12-08,resolved,low,Late delivery,phone,STR011,Los Angeles Mall #11,Northeast,CUS00026,5.0,135.75,135.75,0,False,within_sla
TKT000677,2024-10-24 08:24:00,2024-11-05 14:58:27,2024-10-31 08:24:00,2024-10-24,closed_unresolved,low,Refund request,email,STR012,Seattle Mall #12,Southeast,CUS00136,2.0,294.57,294.57,0,True,beyond_sla
TKT000678,2024-01-03 19:31:00,2024-01-10 23:52:42,2024-01-06 19:31:00,2024-01-03,resolved,medium,Wrong item,in_store,STR015,Austin Mall #15,West,CUS00247,1.0,172.36,172.36,0,True,beyond_sla
TKT000679,2024-09-12 10:52:00,2024-09-14 04:40:08,2024-09-15 10:52:00,2024-09-12,resolved,medium,Staff conduct,chat,STR020,San Diego Mall #20,West,CUS00071,4.0,41.8,41.8,0,False,within_sla
TKT000680,2024-09-10 19:26:00,2024-09-10 22:37:41,2024-09-17 19:26:00,2024-09-10,resolved,low,Staff conduct,chat,STR019,Philadelphia Downtown #19,Southwest,CUS00112,4.0,3.19,3.19,0,False,within_sla
TKT000681,2024-06-24 20:59:00,2024-06-26 14:26:08,2024-06-27 20:59:00,2024-06-24,resolved,medium,Online order issue,in_store,STR004,Miami Downtown #4,Southwest,CUS00435,3.0,41.45,41.45,0,False,within_sla
TKT000682,2024-12-26 17:58:00,2024-12-31 14:48:08,2024-12-29 17:58:00,2024-12-26,resolved,medium,Online order issue,chat,STR019,Philadelphia Downtown #19,Southwest,CUS00432,1.0,116.84,116.84,0,True,beyond_sla
TKT000683,2024-05-09 14:58:00,,2024-05-09 18:58:00,2024-05-09,pending,critical,Online order issue,chat,STR009,Phoenix Mall #9,Southwest,CUS00145,,,5669.28,1,True,pending_beyond_sla
TKT000684,2024-06-26 13:22:00,2024-07-13 19:18:15,2024-07-03 13:22:00,2024-06-26,resolved,low,Staff conduct,in_store,STR003,Atlanta Mall #3,Midwest,CUS00252,3.0,413.94,413.94,0,True,beyond_sla
TKT000685,2024-02-28 16:37:00,2024-03-12 04:17:17,2024-03-06 16:37:00,2024-02-28,closed_unresolved,low,Product defect,phone,STR020,San Diego Mall #20,West,CUS00267,3.0,299.67,299.67,0,True,beyond_sla
TKT000686,2024-01-16 14:42:00,2024-01-17 03:13:30,2024-01-17 14:42:00,2024-01-16,resolved,high,Product defect,in_store,STR018,Minneapolis Mall #18,Midwest,CUS00109,4.0,12.53,12.52,0,False,within_sla
TKT000687,2024-11-12 18:26:00,2024-11-21 02:27:07,2024-11-15 18:26:00,2024-11-12,closed_unresolved,medium,Staff conduct,phone,STR002,Boston Mall #2,Southeast,CUS00222,2.0,200.02,200.02,0,True,beyond_sla
TKT000688,2024-04-11 18:28:00,,2024-04-18 18:28:00,2024-04-11,pending,low,Wrong item,email,STR012,Seattle Mall #12,Southeast,CUS00194,,,6337.78,1,True,pending_beyond_sla
TKT000689,2024-06-08 15:29:00,,2024-06-11 15:29:00,2024-06-08,pending,medium,Staff conduct,chat,STR022,Orlando Downtown #22,Southeast,CUS00199,,,4948.77,1,True,pending_beyond_sla
TKT000690,2024-05-10 14:54:00,2024-05-12 00:53:30,2024-05-13 14:54:00,2024-05-10,resolved,medium,Late delivery,chat,STR004,Miami Downtown #4,Southwest,CUS00188,5.0,33.99,33.99,0,False,within_sla
TKT000691,2024-02-09 07:37:00,,2024-02-16 07:37:00,2024-02-09,escalated,low,Store experience,chat,STR018,Minneapolis Mall #18,Midwest,CUS00181,,,7836.63,1,True,pending_beyond_sla
TKT000692,2024-07-30 09:18:00,2024-07-30 15:36:15,2024-07-30 13:18:00,2024-07-30,resolved,critical,Refund request,in_store,STR022,Orlando Downtown #22,Southeast,CUS00024,2.0,6.3,6.3,0,True,beyond_sla
TKT000693,2024-02-27 10:00:00,,2024-02-28 10:00:00,2024-02-27,pending,high,Wrong item,phone,STR020,San Diego Mall #20,West,CUS00152,,,7402.25,1,True,pending_beyond_sla
TKT000694,2024-02-07 09:38:00,2024-02-12 04:00:45,2024-02-14 09:38:00,2024-02-07,resolved,low,Product defect,social,STR013,Portland Downtown #13,Midwest,CUS00434,5.0,114.38,114.38,0,False,within_sla
TKT000695,2024-09-18 19:16:00,2024-09-25 00:14:25,2024-09-25 19:16:00,2024-09-18,resolved,low,Store experience,in_store,STR013,Portland Downtown #13,Midwest,CUS00376,4.0,148.97,148.97,0,False,within_sla
TKT000696,2024-08-10 07:17:00,2024-08-11 06:57:35,2024-08-13 07:17:00,2024-08-10,resolved,medium,Wrong item,email,STR023,Kansas City Mall #23,Midwest,CUS00430,5.0,23.68,23.68,0,False,within_sla
TKT000697,2024-07-29 09:32:00,,2024-08-01 09:32:00,2024-07-29,escalated,medium,Online order issue,phone,STR019,Philadelphia Downtown #19,Southwest,CUS00057,,,3730.72,1,True,pending_beyond_sla
TKT000698,2024-04-18 07:39:00,2024-04-21 00:49:42,2024-04-21 07:39:00,2024-04-18,resolved,medium,Staff conduct,phone,STR019,Philadelphia Downtown #19,Southwest,CUS00457,3.0,65.18,65.18,0,False,within_sla
TKT000699,2024-09-18 14:07:00,2024-09-22 18:52:54,2024-09-21 14:07:00,2024-09-18,resolved,medium,Online order issue,phone,STR023,Kansas City Mall #23,Midwest,CUS00124,3.0,100.77,100.76,0,True,beyond_sla
TKT000700,2024-06-15 09:46:00,2024-06-16 14:13:41,2024-06-22 09:46:00,2024-06-15,resolved,low,Product defect,in_store,STR018,Minneapolis Mall #18,Midwest,CUS00213,4.0,28.46,28.46,0,False,within_sla
TKT000701,2024-07-02 07:37:00,2024-07-02 13:42:21,2024-07-03 07:37:00,2024-07-02,resolved,high,Online order issue,in_store,STR022,Orlando Downtown #22,Southeast,CUS00337,3.0,6.09,6.09,0,False,within_sla
TKT000702,2024-07-28 10:32:00,2024-07-29 00:38:37,2024-07-29 10:32:00,2024-07-28,resolved,high,Pricing dispute,email,STR013,Portland Downtown #13,Midwest,CUS00076,4.0,14.11,14.11,0,False,within_sla
TKT000703,2024-11-23 11:09:00,2024-11-26 02:39:45,2024-11-30 11:09:00,2024-11-23,resolved,low,Store experience,email,STR006,Detroit Mall #6,Northeast,CUS00119,5.0,63.51,63.51,0,False,within_sla
TKT000704,2024-12-12 16:11:00,,2024-12-19 16:11:00,2024-12-12,escalated,low,Late delivery,in_store,STR009,Phoenix Mall #9,Southwest,CUS00079,,,460.07,1,True,pending_beyond_sla
TKT000705,2024-03-09 15:26:00,2024-03-12 12:07:42,2024-03-16 15:26:00,2024-03-09,resolved,low,Refund request,phone,STR005,Chicago Mall #5,West,CUS00156,4.0,68.7,68.69,0,False,within_sla
TKT000706,2024-09-23 10:42:00,2024-09-24 20:09:15,2024-09-26 10:42:00,2024-09-23,resolved,medium,Store experience,phone,STR009,Phoenix Mall #9,Southwest,CUS00171,5.0,33.45,33.45,0,False,within_sla
TKT000707,2024-03-29 16:12:00,2024-03-30 03:53:44,2024-04-01 16:12:00,2024-03-29,resolved,medium,Online order issue,email,STR012,Seattle Mall #12,Southeast,CUS00238,4.0,11.7,11.7,0,False,within_sla
TKT000708,2024-06-12 11:27:00,2024-06-14 06:55:46,2024-06-15 11:27:00,2024-06-12,resolved,medium,Late delivery,email,STR014,San Francisco Mall #14,Southwest,CUS00108,4.0,43.48,43.48,0,False,within_sla
TKT000709,2024-07-14 17:36:00,2024-07-20 21:08:19,2024-07-21 17:36:00,2024-07-14,resolved,low,Product defect,phone,STR003,Atlanta Mall #3,Midwest,CUS00270,5.0,147.54,147.54,0,False,within_sla
TKT000710,2024-07-16 16:02:00,2024-07-17 03:19:43,2024-07-17 16:02:00,2024-07-16,resolved,high,Online order issue,phone,STR011,Los Angeles Mall #11,Northeast,CUS00016,4.0,11.3,11.3,0,False,within_sla
TKT000711,2024-12-28 20:24:00,2025-01-03 19:23:51,2025-01-04 20:24:00,2024-12-28,resolved,low,Wrong item,chat,STR006,Detroit Mall #6,Northeast,CUS00106,4.0,143.0,143.0,0,False,within_sla
TKT000712,2024-03-16 12:56:00,2024-03-20 05:17:36,2024-03-19 12:56:00,2024-03-16,closed_unresolved,medium,Store experience,email,STR020,San Diego Mall #20,West,CUS00357,2.0,88.36,88.36,0,True,beyond_sla
TKT000713,2024-12-05 13:58:00,,2024-12-08 13:58:00,2024-12-05,pending,medium,Store experience,in_store,STR018,Minneapolis Mall #18,Midwest,CUS00470,,,630.28,1,True,pending_beyond_sla
TKT000714,2024-07-04 12:50:00,,2024-07-05 12:50:00,2024-07-04,escalated,high,Product defect,in_store,STR020,San Diego Mall #20,West,CUS00099,,,4327.42,1,True,pending_beyond_sla
TKT000715,2024-01-16 17:20:00,2024-01-18 04:13:33,2024-01-19 17:20:00,2024-01-16,resolved,medium,Late delivery,phone,STR021,Las Vegas Mall #21,Northeast,CUS00233,5.0,34.89,34.89,0,False,within_sla
TKT000716,2024-06-02 19:16:00,2024-06-05 21:25:27,2024-06-09 19:16:00,2024-06-02,resolved,low,Refund request,phone,STR021,Las Vegas Mall #21,Northeast,CUS00100,3.0,74.16,74.16,0,False,within_sla
TKT000717,2024-05-13 19:38:00,2024-05-14 11:37:18,2024-05-14 19:38:00,2024-05-13,resolved,high,Refund request,email,STR013,Portland Downtown #13,Midwest,CUS00078,3.0,15.99,15.99,0,False,within_sla
TKT000718,2024-07-18 14:46:00,2024-07-19 01:45:09,2024-07-19 14:46:00,2024-07-18,resolved,high,Online order issue,phone,STR015,Austin Mall #15,West,CUS00267,5.0,10.99,10.99,0,False,within_sla
TKT000719,2024-04-07 11:47:00,2024-04-10 03:54:50,2024-04-10 11:47:00,2024-04-07,resolved,medium,Store experience,in_store,STR019,Philadelphia Downtown #19,Southwest,CUS00451,3.0,64.13,64.13,0,False,within_sla
TKT000720,2024-05-06 10:40:00,2024-05-06 11:41:17,2024-05-06 14:40:00,2024-05-06,resolved,critical,Pricing dispute,phone,STR011,Los Angeles Mall #11,Northeast,CUS00216,4.0,1.02,1.02,0,False,within_sla
TKT000721,2024-04-24 08:38:00,,2024-04-27 08:38:00,2024-04-24,pending,medium,Store experience,phone,STR017,Charlotte Mall #17,Southeast,CUS00191,,,6035.62,1,True,pending_beyond_sla
TKT000722,2024-05-18 09:37:00,2024-05-19 04:51:32,2024-05-19 09:37:00,2024-05-18,resolved,high,Staff conduct,social,STR010,Denver Downtown #10,West,CUS00208,3.0,19.24,19.24,0,False,within_sla
TKT000723,2024-02-20 19:04:00,2024-02-22 16:40:35,2024-02-27 19:04:00,2024-02-20,resolved,low,Late delivery,chat,STR017,Charlotte Mall #17,Southeast,CUS00267,4.0,45.61,45.61,0,False,within_sla
TKT000724,2024-10-18 20:05:00,2024-10-20 07:50:36,2024-10-21 20:05:00,2024-10-18,resolved,medium,Staff conduct,email,STR013,Portland Downtown #13,Midwest,CUS00256,5.0,35.76,35.76,0,False,within_sla
TKT000725,2024-10-22 20:11:00,2024-10-24 07:07:47,2024-10-29 20:11:00,2024-10-22,resolved,low,Store experience,in_store,STR001,New York Downtown #1,Northeast,CUS00311,4.0,34.95,34.95,0,False,within_sla
TKT000726,2024-06-02 10:50:00,2024-06-02 13:38:15,2024-06-09 10:50:00,2024-06-02,resolved,low,Late delivery,phone,STR012,Seattle Mall #12,Southeast,CUS00348,5.0,2.8,2.8,0,False,within_sla
TKT000727,2024-11-01 16:09:00,2024-11-04 07:55:13,2024-11-04 16:09:00,2024-11-01,resolved,medium,Late delivery,chat,STR016,Nashville Downtown #16,Northeast,CUS00445,3.0,63.77,63.77,0,False,within_sla
TKT000728,2024-12-02 16:16:00,2024-12-03 19:30:23,2024-12-03 16:16:00,2024-12-02,resolved,high,Product defect,phone,STR017,Charlotte Mall #17,Southeast,CUS00346,1.0,27.24,27.24,0,True,beyond_sla
TKT000729,2024-04-09 17:15:00,2024-04-10 17:21:01,2024-04-12 17:15:00,2024-04-09,resolved,medium,Online order issue,in_store,STR017,Charlotte Mall #17,Southeast,CUS00064,5.0,24.1,24.1,0,False,within_sla
TKT000730,2024-03-14 14:26:00,2024-03-18 18:00:15,2024-03-21 14:26:00,2024-03-14,resolved,low,Online order issue,phone,STR020,San Diego Mall #20,West,CUS00217,5.0,99.57,99.57,0,False,within_sla
TKT000731,2024-04-28 19:07:00,2024-04-29 14:38:56,2024-05-05 19:07:00,2024-04-28,resolved,low,Wrong item,phone,STR016,Nashville Downtown #16,Northeast,CUS00158,4.0,19.53,19.53,0,False,within_sla
TKT000732,2024-10-31 18:21:00,2024-11-19 13:37:07,2024-11-07 18:21:00,2024-10-31,closed_unresolved,low,Wrong item,social,STR004,Miami Downtown #4,Southwest,CUS00254,3.0,451.27,451.27,0,True,beyond_sla
TKT000733,2024-03-20 12:19:00,2024-03-26 04:06:40,2024-03-27 12:19:00,2024-03-20,resolved,low,Refund request,social,STR022,Orlando Downtown #22,Southeast,CUS00394,4.0,135.79,135.79,0,False,within_sla
TKT000734,2024-12-04 15:10:00,2024-12-04 21:47:07,2024-12-05 15:10:00,2024-12-04,resolved,high,Wrong item,email,STR006,Detroit Mall #6,Northeast,CUS00371,5.0,6.62,6.62,0,False,within_sla
TKT000735,2024-05-05 17:13:00,,2024-05-12 17:13:00,2024-05-05,pending,low,Online order issue,email,STR010,Denver Downtown #10,West,CUS00266,,,5763.03,1,True,pending_beyond_sla
TKT000736,2024-12-14 13:23:00,2024-12-16 03:59:41,2024-12-17 13:23:00,2024-12-14,resolved,medium,Pricing dispute,chat,STR011,Los Angeles Mall #11,Northeast,CUS00056,5.0,38.61,38.61,0,False,within_sla
TKT000737,2024-04-21 17:19:00,2024-04-22 07:28:34,2024-04-22 17:19:00,2024-04-21,resolved,high,Refund request,social,STR021,Las Vegas Mall #21,Northeast,CUS00042,4.0,14.16,14.16,0,False,within_sla
TKT000738,2024-02-17 19:49:00,2024-02-25 04:02:19,2024-02-20 19:49:00,2024-02-17,resolved,medium,Late delivery,phone,STR010,Denver Downtown #10,West,CUS00056,3.0,176.22,176.22,0,True,beyond_sla
TKT000739,2024-04-07 14:32:00,2024-04-07 15:51:26,2024-04-07 18:32:00,2024-04-07,resolved,critical,Wrong item,in_store,STR023,Kansas City Mall #23,Midwest,CUS00254,4.0,1.32,1.32,0,False,within_sla
TKT000740,2024-10-13 17:44:00,2024-10-18 23:18:42,2024-10-20 17:44:00,2024-10-13,resolved,low,Refund request,in_store,STR005,Chicago Mall #5,West,CUS00290,4.0,125.58,125.58,0,False,within_sla
TKT000741,2024-11-06 07:17:00,2024-11-09 02:07:59,2024-11-09 07:17:00,2024-11-06,resolved,medium,Pricing dispute,email,STR009,Phoenix Mall #9,Southwest,CUS00116,3.0,66.85,66.85,0,False,within_sla
TKT000742,2024-09-06 11:35:00,,2024-09-06 15:35:00,2024-09-06,pending,critical,Online order issue,in_store,STR010,Denver Downtown #10,West,CUS00245,,,2792.67,1,True,pending_beyond_sla
TKT000743,2024-04-11 10:39:00,,2024-04-14 10:39:00,2024-04-11,escalated,medium,Wrong item,email,STR012,Seattle Mall #12,Southeast,CUS00244,,,6345.6,1,True,pending_beyond_sla
TKT000744,2024-04-15 18:33:00,,2024-04-22 18:33:00,2024-04-15,pending,low,Wrong item,phone,STR008,Houston Mall #8,Midwest,CUS00354,,,6241.7,1,True,pending_beyond_sla
TKT000745,2024-07-12 20:53:00,2024-07-13 04:50:15,2024-07-13 00:53:00,2024-07-12,resolved,critical,Staff conduct,chat,STR001,New York Downtown #1,Northeast,CUS00393,3.0,7.95,7.95,0,True,beyond_sla
TKT000746,2024-11-23 16:53:00,2024-11-25 16:11:38,2024-11-26 16:53:00,2024-11-23,resolved,medium,Staff conduct,email,STR020,San Diego Mall #20,West,CUS00031,5.0,47.31,47.31,0,False,within_sla
TKT000747,2024-01-13 20:46:00,2024-01-16 21:58:53,2024-01-20 20:46:00,2024-01-13,resolved,low,Wrong item,phone,STR008,Houston Mall #8,Midwest,CUS00309,3.0,73.21,73.21,0,False,within_sla
TKT000748,2024-01-02 19:10:00,2024-01-02 21:31:42,2024-01-02 23:10:00,2024-01-02,resolved,critical,Pricing dispute,email,STR012,Seattle Mall #12,Southeast,CUS00168,5.0,2.36,2.36,0,False,within_sla
TKT000749,2024-12-12 16:40:00,2024-12-13 16:40:49,2024-12-19 16:40:00,2024-12-12,resolved,low,Pricing dispute,in_store,STR004,Miami Downtown #4,Southwest,CUS00371,4.0,24.01,24.01,0,False,within_sla
TKT000750,2024-02-12 11:21:00,2024-02-13 05:22:16,2024-02-19 11:21:00,2024-02-12,resolved,low,Product defect,social,STR004,Miami Downtown #4,Southwest,CUS00486,4.0,18.02,18.02,0,False,within_sla
TKT000751,2024-07-05 15:09:00,2024-07-08 01:43:07,2024-07-12 15:09:00,2024-07-05,resolved,low,Refund request,chat,STR002,Boston Mall #2,Southeast,CUS00102,3.0,58.57,58.57,0,False,within_sla
TKT000752,2024-04-10 13:05:00,2024-04-10 20:04:17,2024-04-17 13:05:00,2024-04-10,resolved,low,Pricing dispute,email,STR007,Dallas Downtown #7,Southeast,CUS00262,3.0,6.99,6.99,0,False,within_sla
TKT000753,2024-09-09 16:31:00,2024-09-17 08:45:54,2024-09-12 16:31:00,2024-09-09,resolved,medium,Online order issue,phone,STR014,San Francisco Mall #14,Southwest,CUS00054,3.0,184.25,184.25,0,True,beyond_sla
TKT000754,2024-01-08 20:19:00,2024-01-09 12:34:08,2024-01-09 20:19:00,2024-01-08,resolved,high,Online order issue,phone,STR004,Miami Downtown #4,Southwest,CUS00043,3.0,16.25,16.25,0,False,within_sla
TKT000755,2024-10-19 20:26:00,2024-10-20 01:31:04,2024-10-26 20:26:00,2024-10-19,resolved,low,Product defect,in_store,STR004,Miami Downtown #4,Southwest,CUS00494,5.0,5.08,5.08,0,False,within_sla
TKT000756,2024-04-16 17:32:00,,2024-04-19 17:32:00,2024-04-16,escalated,medium,Refund request,social,STR006,Detroit Mall #6,Northeast,CUS00319,,,6218.72,1,True,pending_beyond_sla
TKT000757,2024-03-18 19:37:00,2024-03-21 01:41:19,2024-03-21 19:37:00,2024-03-18,resolved,medium,Pricing dispute,phone,STR010,Denver Downtown #10,West,CUS00454,4.0,54.07,54.07,0,False,within_sla
TKT000758,2024-11-15 20:36:00,2024-11-17 06:06:40,2024-11-18 20:36:00,2024-11-15,resolved,medium,Refund request,email,STR008,Houston Mall #8,Midwest,CUS00075,4.0,33.51,33.51,0,False,within_sla
TKT000759,2024-09-16 17:11:00,,2024-09-19 17:11:00,2024-09-16,pending,medium,Product defect,chat,STR011,Los Angeles Mall #11,Northeast,CUS00457,,,2547.07,1,True,pending_beyond_sla
TKT000760,2024-01-27 16:44:00,2024-02-01 13:24:41,2024-01-30 16:44:00,2024-01-27,resolved,medium,Pricing dispute,social,STR001,New York Downtown #1,Northeast,CUS00330,3.0,116.68,116.68,0,True,beyond_sla
TKT000761,2024-09-19 20:20:00,2024-09-27 18:50:15,2024-09-26 20:20:00,2024-09-19,resolved,low,Online order issue,in_store,STR017,Charlotte Mall #17,Southeast,CUS00140,4.0,190.5,190.5,0,True,beyond_sla
TKT000762,2024-02-12 18:44:00,2024-02-14 08:29:42,2024-02-15 18:44:00,2024-02-12,resolved,medium,Late delivery,phone,STR015,Austin Mall #15,West,CUS00206,3.0,37.76,37.76,0,False,within_sla
TKT000763,2024-04-16 17:21:00,,2024-04-17 17:21:00,2024-04-16,pending,high,Store experience,email,STR012,Seattle Mall #12,Southeast,CUS00359,,,6218.9,1,True,pending_beyond_sla
TKT000764,2024-08-06 17:39:00,2024-08-08 17:25:29,2024-08-09 17:39:00,2024-08-06,resolved,medium,Store experience,chat,STR015,Austin Mall #15,West,CUS00351,5.0,47.77,47.77,0,False,within_sla
TKT000765,2024-03-08 15:18:00,,2024-03-09 15:18:00,2024-03-08,pending,high,Product defect,email,STR018,Minneapolis Mall #18,Midwest,CUS00273,,,7156.95,1,True,pending_beyond_sla
TKT000766,2024-11-12 13:51:00,2024-11-16 22:37:33,2024-11-15 13:51:00,2024-11-12,resolved,medium,Pricing dispute,phone,STR021,Las Vegas Mall #21,Northeast,CUS00176,3.0,104.78,104.78,0,True,beyond_sla
TKT000767,2024-08-10 15:33:00,2024-08-16 19:34:32,2024-08-17 15:33:00,2024-08-10,resolved,low,Staff conduct,phone,STR017,Charlotte Mall #17,Southeast,CUS00293,5.0,148.03,148.03,0,False,within_sla
TKT000768,2024-07-26 14:48:00,2024-07-31 00:44:26,2024-08-02 14:48:00,2024-07-26,resolved,low,Wrong item,phone,STR017,Charlotte Mall #17,Southeast,CUS00154,3.0,105.94,105.94,0,False,within_sla
TKT000769,2024-12-06 12:55:00,2024-12-07 09:50:55,2024-12-09 12:55:00,2024-12-06,resolved,medium,Wrong item,social,STR003,Atlanta Mall #3,Midwest,CUS00124,4.0,20.93,20.93,0,False,within_sla
TKT000770,2024-02-17 14:37:00,2024-02-24 05:53:29,2024-02-20 14:37:00,2024-02-17,resolved,medium,Wrong item,email,STR008,Houston Mall #8,Midwest,CUS00139,1.0,159.27,159.27,0,True,beyond_sla
TKT000771,2024-09-10 13:09:00,2024-09-11 15:47:19,2024-09-13 13:09:00,2024-09-10,resolved,medium,Product defect,email,STR022,Orlando Downtown #22,Southeast,CUS00019,3.0,26.64,26.64,0,False,within_sla
TKT000772,2024-12-19 07:33:00,2024-12-19 11:07:05,2024-12-26 07:33:00,2024-12-19,resolved,low,Pricing dispute,chat,STR006,Detroit Mall #6,Northeast,CUS00246,5.0,3.57,3.57,0,False,within_sla
TKT000773,2024-11-07 17:33:00,2024-11-07 19:59:50,2024-11-14 17:33:00,2024-11-07,resolved,low,Product defect,in_store,STR005,Chicago Mall #5,West,CUS00468,5.0,2.45,2.45,0,False,within_sla
TKT000774,2024-02-11 12:53:00,2024-02-14 23:49:33,2024-02-18 12:53:00,2024-02-11,resolved,low,Product defect,social,STR023,Kansas City Mall #23,Midwest,CUS00454,5.0,82.94,82.94,0,False,within_sla
TKT000775,2024-05-19 09:13:00,,2024-05-26 09:13:00,2024-05-19,escalated,low,Store experience,phone,STR022,Orlando Downtown #22,Southeast,CUS00484,,,5435.03,1,True,pending_beyond_sla
TKT000776,2024-05-25 14:35:00,2024-05-27 01:43:11,2024-05-28 14:35:00,2024-05-25,resolved,medium,Staff conduct,social,STR019,Philadelphia Downtown #19,Southwest,CUS00455,4.0,35.14,35.14,0,False,within_sla
TKT000777,2024-08-04 11:35:00,2024-08-05 04:52:49,2024-08-11 11:35:00,2024-08-04,resolved,low,Wrong item,phone,STR009,Phoenix Mall #9,Southwest,CUS00231,5.0,17.3,17.3,0,False,within_sla
TKT000778,2024-03-04 19:04:00,2024-03-10 05:23:09,2024-03-07 19:04:00,2024-03-04,resolved,medium,Staff conduct,email,STR011,Los Angeles Mall #11,Northeast,CUS00341,3.0,130.32,130.32,0,True,beyond_sla
TKT000779,2024-10-26 13:39:00,2024-11-03 10:19:59,2024-11-02 13:39:00,2024-10-26,resolved,low,Product defect,phone,STR014,San Francisco Mall #14,Southwest,CUS00193,2.0,188.68,188.68,0,True,beyond_sla
TKT000780,2024-12-03 14:07:00,2024-12-03 21:59:08,2024-12-06 14:07:00,2024-12-03,resolved,medium,Late delivery,in_store,STR009,Phoenix Mall #9,Southwest,CUS00091,4.0,7.87,7.87,0,False,within_sla
TKT000781,2024-01-03 15:09:00,2024-01-04 06:03:50,2024-01-06 15:09:00,2024-01-03,resolved,medium,Pricing dispute,phone,STR004,Miami Downtown #4,Southwest,CUS00019,3.0,14.91,14.91,0,False,within_sla
TKT000782,2024-05-24 18:29:00,2024-05-29 07:22:11,2024-05-31 18:29:00,2024-05-24,resolved,low,Staff conduct,phone,STR023,Kansas City Mall #23,Midwest,CUS00275,4.0,108.89,108.89,0,False,within_sla
TKT000783,2024-09-27 12:41:00,2024-09-30 22:53:35,2024-10-04 12:41:00,2024-09-27,resolved,low,Pricing dispute,chat,STR015,Austin Mall #15,West,CUS00065,4.0,82.21,82.21,0,False,within_sla
TKT000784,2024-09-13 19:06:00,,2024-09-16 19:06:00,2024-09-13,pending,medium,Late delivery,phone,STR018,Minneapolis Mall #18,Midwest,CUS00095,,,2617.15,1,True,pending_beyond_sla
TKT000785,2024-07-11 15:27:00,2024-07-12 11:46:35,2024-07-12 15:27:00,2024-07-11,resolved,high,Pricing dispute,in_store,STR014,San Francisco Mall #14,Southwest,CUS00499,3.0,20.33,20.33,0,False,within_sla
TKT000786,2024-04-29 19:16:00,2024-04-30 05:13:57,2024-04-29 23:16:00,2024-04-29,closed_unresolved,critical,Pricing dispute,chat,STR006,Detroit Mall #6,Northeast,CUS00201,2.0,9.97,9.97,0,True,beyond_sla
TKT000787,2024-04-12 12:10:00,2024-04-17 12:24:36,2024-04-15 12:10:00,2024-04-12,resolved,medium,Pricing dispute,phone,STR020,San Diego Mall #20,West,CUS00441,2.0,120.24,120.24,0,True,beyond_sla
TKT000788,2024-08-04 10:28:00,,2024-08-05 10:28:00,2024-08-04,pending,high,Product defect,email,STR011,Los Angeles Mall #11,Northeast,CUS00430,,,3585.78,1,True,pending_beyond_sla
TKT000789,2024-08-26 13:30:00,2024-09-09 05:48:28,2024-09-02 13:30:00,2024-08-26,resolved,low,Refund request,social,STR012,Seattle Mall #12,Southeast,CUS00039,4.0,328.31,328.31,0,True,beyond_sla
TKT000790,2024-07-09 11:37:00,2024-07-11 09:33:03,2024-07-12 11:37:00,2024-07-09,resolved,medium,Store experience,email,STR015,Austin Mall #15,West,CUS00226,4.0,45.93,45.93,0,False,within_sla
TKT000791,2024-06-10 19:50:00,2024-06-10 22:19:28,2024-06-10 23:50:00,2024-06-10,resolved,critical,Staff conduct,phone,STR005,Chicago Mall #5,West,CUS00269,3.0,2.49,2.49,0,False,within_sla
TKT000792,2024-09-23 12:18:00,,2024-09-24 12:18:00,2024-09-23,escalated,high,Refund request,phone,STR007,Dallas Downtown #7,Southeast,CUS00194,,,2383.95,1,True,pending_beyond_sla
TKT000793,2024-03-31 13:42:00,2024-04-02 08:03:59,2024-04-03 13:42:00,2024-03-31,resolved,medium,Late delivery,email,STR010,Denver Downtown #10,West,CUS00135,4.0,42.37,42.37,0,False,within_sla
TKT000794,2024-03-18 14:53:00,2024-03-25 01:56:13,2024-03-25 14:53:00,2024-03-18,resolved,low,Pricing dispute,social,STR011,Los Angeles Mall #11,Northeast,CUS00150,4.0,155.05,155.05,0,False,within_sla
TKT000795,2024-09-04 20:17:00,,2024-09-07 20:17:00,2024-09-04,pending,medium,Pricing dispute,chat,STR007,Dallas Downtown #7,Southeast,CUS00009,,,2831.97,1,True,pending_beyond_sla
TKT000796,2024-09-27 14:28:00,2024-09-28 05:46:30,2024-09-30 14:28:00,2024-09-27,resolved,medium,Staff conduct,in_store,STR007,Dallas Downtown #7,Southeast,CUS00135,4.0,15.31,15.31,0,False,within_sla
TKT000797,2024-03-04 15:55:00,2024-03-04 19:05:40,2024-03-04 19:55:00,2024-03-04,resolved,critical,Online order issue,phone,STR004,Miami Downtown #4,Southwest,CUS00432,5.0,3.18,3.18,0,False,within_sla
TKT000798,2024-04-22 11:27:00,2024-04-23 10:33:00,2024-04-29 11:27:00,2024-04-22,resolved,low,Wrong item,social,STR013,Portland Downtown #13,Midwest,CUS00035,3.0,23.1,23.1,0,False,within_sla
TKT000799,2024-06-04 14:59:00,2024-06-10 14:24:44,2024-06-11 14:59:00,2024-06-04,resolved,low,Late delivery,chat,STR004,Miami Downtown #4,Southwest,CUS00131,5.0,143.43,143.43,0,False,within_sla
TKT000800,2024-10-17 16:09:00,2024-10-17 23:45:38,2024-10-20 16:09:00,2024-10-17,resolved,medium,Refund request,chat,STR006,Detroit Mall #6,Northeast,CUS00388,5.0,7.61,7.61,0,False,within_sla
TKT000801,2024-09-07 20:33:00,2024-09-11 10:38:58,2024-09-14 20:33:00,2024-09-07,resolved,low,Staff conduct,in_store,STR021,Las Vegas Mall #21,Northeast,CUS00052,4.0,86.1,86.1,0,False,within_sla
TKT000802,2024-11-27 17:18:00,2024-12-03 17:52:44,2024-12-04 17:18:00,2024-11-27,resolved,low,Refund request,phone,STR017,Charlotte Mall #17,Southeast,CUS00317,5.0,144.58,144.58,0,False,within_sla
TKT000803,2024-11-21 19:51:00,2024-11-28 01:30:10,2024-11-28 19:51:00,2024-11-21,resolved,low,Pricing dispute,email,STR008,Houston Mall #8,Midwest,CUS00197,4.0,149.65,149.65,0,False,within_sla
TKT000804,2024-12-11 14:04:00,,2024-12-18 14:04:00,2024-12-11,pending,low,Online order issue,phone,STR007,Dallas Downtown #7,Southeast,CUS00487,,,486.18,1,True,pending_beyond_sla
TKT000805,2024-04-16 12:56:00,,2024-04-19 12:56:00,2024-04-16,pending,medium,Wrong item,email,STR018,Minneapolis Mall #18,Midwest,CUS00237,,,6223.32,1,True,pending_beyond_sla
TKT000806,2024-11-20 14:09:00,2024-11-21 03:59:39,2024-11-23 14:09:00,2024-11-20,resolved,medium,Product defect,phone,STR015,Austin Mall #15,West,CUS00496,4.0,13.84,13.84,0,False,within_sla
TKT000807,2024-04-07 08:57:00,2024-04-12 07:05:57,2024-04-10 08:57:00,2024-04-07,resolved,medium,Product defect,social,STR010,Denver Downtown #10,West,CUS00168,3.0,118.15,118.15,0,True,beyond_sla
TKT000808,2024-10-26 18:13:00,2024-10-29 11:52:18,2024-10-27 18:13:00,2024-10-26,resolved,high,Wrong item,chat,STR004,Miami Downtown #4,Southwest,CUS00433,2.0,65.66,65.66,0,True,beyond_sla
TKT000809,2024-11-30 19:56:00,,2024-12-03 19:56:00,2024-11-30,escalated,medium,Wrong item,email,STR003,Atlanta Mall #3,Midwest,CUS00056,,,744.32,1,True,pending_beyond_sla
TKT000810,2024-05-19 14:18:00,,2024-05-22 14:18:00,2024-05-19,pending,medium,Pricing dispute,email,STR008,Houston Mall #8,Midwest,CUS00291,,,5429.95,1,True,pending_beyond_sla
TKT000811,2024-11-03 18:37:00,2024-11-06 18:39:07,2024-11-10 18:37:00,2024-11-03,resolved,low,Store experience,social,STR003,Atlanta Mall #3,Midwest,CUS00196,4.0,72.04,72.04,0,False,within_sla
TKT000812,2024-04-29 19:09:00,2024-04-29 22:28:44,2024-04-29 23:09:00,2024-04-29,resolved,critical,Store experience,chat,STR011,Los Angeles Mall #11,Northeast,CUS00315,4.0,3.33,3.33,0,False,within_sla
TKT000813,2024-07-06 13:57:00,,2024-07-07 13:57:00,2024-07-06,escalated,high,Store experience,in_store,STR022,Orlando Downtown #22,Southeast,CUS00429,,,4278.3,1,True,pending_beyond_sla
TKT000814,2024-10-15 20:32:00,2024-10-28 13:21:02,2024-10-22 20:32:00,2024-10-15,resolved,low,Product defect,email,STR022,Orlando Downtown #22,Southeast,CUS00040,3.0,304.82,304.82,0,True,beyond_sla
TKT000815,2024-11-06 09:39:00,,2024-11-07 09:39:00,2024-11-06,escalated,high,Staff conduct,email,STR002,Boston Mall #2,Southeast,CUS00365,,,1330.6,1,True,pending_beyond_sla
TKT000816,2024-07-15 18:53:00,2024-07-19 05:59:05,2024-07-22 18:53:00,2024-07-15,resolved,low,Product defect,chat,STR021,Las Vegas Mall #21,Northeast,CUS00434,5.0,83.1,83.1,0,False,within_sla
TKT000817,2024-02-29 15:00:00,2024-02-29 17:50:52,2024-02-29 19:00:00,2024-02-29,resolved,critical,Store experience,phone,STR020,San Diego Mall #20,West,CUS00197,5.0,2.85,2.85,0,False,within_sla
TKT000818,2024-04-08 18:10:00,2024-04-09 11:41:19,2024-04-09 18:10:00,2024-04-08,resolved,high,Store experience,email,STR020,San Diego Mall #20,West,CUS00114,5.0,17.52,17.52,0,False,within_sla
TKT000819,2024-06-07 10:43:00,2024-06-09 19:55:57,2024-06-08 10:43:00,2024-06-07,resolved,high,Product defect,chat,STR014,San Francisco Mall #14,Southwest,CUS00132,2.0,57.22,57.22,0,True,beyond_sla
TKT000820,2024-08-25 15:30:00,2024-09-04 22:33:09,2024-09-01 15:30:00,2024-08-25,resolved,low,Pricing dispute,social,STR020,San Diego Mall #20,West,CUS00351,2.0,247.05,247.05,0,True,beyond_sla
TKT000821,2024-03-16 09:57:00,2024-03-23 15:53:41,2024-03-19 09:57:00,2024-03-16,resolved,medium,Wrong item,chat,STR018,Minneapolis Mall #18,Midwest,CUS00042,1.0,173.94,173.94,0,True,beyond_sla
TKT000822,2024-04-30 20:15:00,2024-05-02 23:06:25,2024-05-03 20:15:00,2024-04-30,resolved,medium,Staff conduct,email,STR022,Orlando Downtown #22,Southeast,CUS00423,5.0,50.86,50.86,0,False,within_sla
TKT000823,2024-10-03 12:35:00,2024-10-03 14:14:41,2024-10-10 12:35:00,2024-10-03,resolved,low,Wrong item,phone,STR014,San Francisco Mall #14,Southwest,CUS00007,4.0,1.66,1.66,0,False,within_sla
TKT000824,2024-02-13 10:23:00,,2024-02-20 10:23:00,2024-02-13,escalated,low,Staff conduct,phone,STR016,Nashville Downtown #16,Northeast,CUS00326,,,7737.87,1,True,pending_beyond_sla
TKT000825,2024-11-27 20:03:00,2024-11-28 00:31:22,2024-11-28 20:03:00,2024-11-27,resolved,high,Wrong item,social,STR022,Orlando Downtown #22,Southeast,CUS00334,5.0,4.47,4.47,0,False,within_sla
TKT000826,2024-07-03 11:32:00,,2024-07-10 11:32:00,2024-07-03,escalated,low,Pricing dispute,social,STR021,Las Vegas Mall #21,Northeast,CUS00091,,,4352.72,1,True,pending_beyond_sla
TKT000827,2024-01-18 13:46:00,2024-01-18 23:53:52,2024-01-19 13:46:00,2024-01-18,resolved,high,Pricing dispute,chat,STR019,Philadelphia Downtown #19,Southwest,CUS00330,5.0,10.13,10.13,0,False,within_sla
TKT000828,2024-12-30 08:16:00,2025-01-01 22:22:35,2025-01-06 08:16:00,2024-12-30,resolved,low,Wrong item,phone,STR020,San Diego Mall #20,West,CUS00214,4.0,62.11,62.11,0,False,within_sla
TKT000829,2024-03-10 16:31:00,2024-03-10 17:32:28,2024-03-11 16:31:00,2024-03-10,resolved,high,Wrong item,phone,STR004,Miami Downtown #4,Southwest,CUS00127,3.0,1.02,1.02,0,False,within_sla
TKT000830,2024-08-22 17:56:00,2024-09-05 07:00:04,2024-08-29 17:56:00,2024-08-22,resolved,low,Product defect,phone,STR005,Chicago Mall #5,West,CUS00110,2.0,325.07,325.07,0,True,beyond_sla
TKT000831,2024-10-17 20:51:00,2024-10-18 19:45:41,2024-10-24 20:51:00,2024-10-17,resolved,low,Late delivery,in_store,STR015,Austin Mall #15,West,CUS00438,5.0,22.91,22.91,0,False,within_sla
TKT000832,2024-10-01 13:01:00,2024-10-07 08:29:13,2024-10-08 13:01:00,2024-10-01,resolved,low,Refund request,phone,STR011,Los Angeles Mall #11,Northeast,CUS00444,5.0,139.47,139.47,0,False,within_sla
TKT000833,2024-12-28 19:34:00,2024-12-29 04:53:25,2024-12-31 19:34:00,2024-12-28,resolved,medium,Wrong item,social,STR020,San Diego Mall #20,West,CUS00186,5.0,9.32,9.32,0,False,within_sla
TKT000834,2024-01-22 08:41:00,2024-01-22 09:13:57,2024-01-22 12:41:00,2024-01-22,resolved,critical,Online order issue,email,STR007,Dallas Downtown #7,Southeast,CUS00140,4.0,0.55,0.55,0,False,within_sla
TKT000835,2024-08-23 11:29:00,2024-08-25 13:37:40,2024-08-24 11:29:00,2024-08-23,closed_unresolved,high,Product defect,in_store,STR019,Philadelphia Downtown #19,Southwest,CUS00211,2.0,50.14,50.14,0,True,beyond_sla
TKT000836,2024-01-06 20:27:00,2024-01-08 21:47:38,2024-01-13 20:27:00,2024-01-06,resolved,low,Store experience,phone,STR013,Portland Downtown #13,Midwest,CUS00379,5.0,49.34,49.34,0,False,within_sla
TKT000837,2024-05-13 16:39:00,2024-05-25 07:57:59,2024-05-20 16:39:00,2024-05-13,resolved,low,Late delivery,chat,STR002,Boston Mall #2,Southeast,CUS00433,2.0,279.32,279.32,0,True,beyond_sla
TKT000838,2024-04-16 17:01:00,2024-04-17 16:48:11,2024-04-19 17:01:00,2024-04-16,resolved,medium,Wrong item,phone,STR001,New York Downtown #1,Northeast,CUS00312,4.0,23.79,23.79,0,False,within_sla
TKT000839,2024-06-16 10:36:00,2024-06-20 16:05:14,2024-06-23 10:36:00,2024-06-16,resolved,low,Online order issue,phone,STR022,Orlando Downtown #22,Southeast,CUS00240,5.0,101.49,101.49,0,False,within_sla
TKT000840,2024-05-18 08:07:00,2024-05-20 08:15:33,2024-05-21 08:07:00,2024-05-18,resolved,medium,Refund request,email,STR022,Orlando Downtown #22,Southeast,CUS00371,4.0,48.14,48.14,0,False,within_sla
TKT000841,2024-07-12 08:01:00,2024-07-21 15:02:51,2024-07-19 08:01:00,2024-07-12,resolved,low,Wrong item,email,STR003,Atlanta Mall #3,Midwest,CUS00241,1.0,223.03,223.03,0,True,beyond_sla
TKT000842,2024-05-14 14:11:00,,2024-05-21 14:11:00,2024-05-14,escalated,low,Store experience,email,STR007,Dallas Downtown #7,Southeast,CUS00261,,,5550.07,1,True,pending_beyond_sla
TKT000843,2024-09-04 17:35:00,2024-09-07 15:52:32,2024-09-11 17:35:00,2024-09-04,resolved,low,Online order issue,phone,STR005,Chicago Mall #5,West,CUS00272,4.0,70.29,70.29,0,False,within_sla
TKT000844,2024-07-20 17:33:00,2024-07-23 19:54:18,2024-07-27 17:33:00,2024-07-20,resolved,low,Staff conduct,email,STR016,Nashville Downtown #16,Northeast,CUS00141,5.0,74.36,74.36,0,False,within_sla
TKT000845,2024-06-22 10:01:00,2024-07-02 20:39:26,2024-06-29 10:01:00,2024-06-22,resolved,low,Online order issue,phone,STR017,Charlotte Mall #17,Southeast,CUS00189,1.0,250.64,250.64,0,True,beyond_sla
TKT000846,2024-12-16 11:45:00,2024-12-18 14:28:27,2024-12-19 11:45:00,2024-12-16,resolved,medium,Store experience,in_store,STR008,Houston Mall #8,Midwest,CUS00216,5.0,50.72,50.72,0,False,within_sla
TKT000847,2024-02-05 11:46:00,2024-02-06 08:09:23,2024-02-12 11:46:00,2024-02-05,resolved,low,Refund request,chat,STR021,Las Vegas Mall #21,Northeast,CUS00188,4.0,20.39,20.39,0,False,within_sla
TKT000848,2024-02-17 07:22:00,,2024-02-18 07:22:00,2024-02-17,pending,high,Pricing dispute,phone,STR018,Minneapolis Mall #18,Midwest,CUS00202,,,7644.88,1,True,pending_beyond_sla
TKT000849,2024-09-26 16:34:00,2024-09-26 19:58:07,2024-09-27 16:34:00,2024-09-26,resolved,high,Store experience,phone,STR012,Seattle Mall #12,Southeast,CUS00304,4.0,3.4,3.4,0,False,within_sla
TKT000850,2024-07-31 13:25:00,2024-07-31 15:13:55,2024-08-01 13:25:00,2024-07-31,resolved,high,Online order issue,social,STR011,Los Angeles Mall #11,Northeast,CUS00224,5.0,1.82,1.82,0,False,within_sla
TKT000851,2024-03-26 07:02:00,2024-03-29 05:59:04,2024-04-02 07:02:00,2024-03-26,resolved,low,Late delivery,phone,STR014,San Francisco Mall #14,Southwest,CUS00067,5.0,70.95,70.95,0,False,within_sla
TKT000852,2024-06-30 16:15:00,2024-07-06 11:41:22,2024-07-07 16:15:00,2024-06-30,resolved,low,Product defect,phone,STR015,Austin Mall #15,West,CUS00221,4.0,139.44,139.44,0,False,within_sla
TKT000853,2024-09-13 15:09:00,2024-09-14 13:31:34,2024-09-14 15:09:00,2024-09-13,resolved,high,Store experience,phone,STR018,Minneapolis Mall #18,Midwest,CUS00271,5.0,22.38,22.38,0,False,within_sla
TKT000854,2024-04-24 16:45:00,,2024-04-27 16:45:00,2024-04-24,pending,medium,Wrong item,social,STR018,Minneapolis Mall #18,Midwest,CUS00290,,,6027.5,1,True,pending_beyond_sla
TKT000855,2024-05-24 19:03:00,2024-05-24 23:57:18,2024-05-24 23:03:00,2024-05-24,resolved,critical,Product defect,social,STR020,San Diego Mall #20,West,CUS00009,4.0,4.91,4.9,0,True,beyond_sla
TKT000856,2024-08-27 07:08:00,2024-08-29 12:02:54,2024-09-03 07:08:00,2024-08-27,resolved,low,Product defect,in_store,STR013,Portland Downtown #13,Midwest,CUS00197,5.0,52.92,52.92,0,False,within_sla
TKT000857,2024-01-27 10:19:00,2024-01-30 08:03:20,2024-02-03 10:19:00,2024-01-27,resolved,low,Pricing dispute,social,STR001,New York Downtown #1,Northeast,CUS00308,4.0,69.74,69.74,0,False,within_sla
TKT000858,2024-06-29 19:38:00,2024-07-02 09:27:28,2024-07-02 19:38:00,2024-06-29,resolved,medium,Pricing dispute,email,STR001,New York Downtown #1,Northeast,CUS00280,4.0,61.82,61.82,0,False,within_sla
TKT000859,2024-03-27 18:59:00,2024-03-28 17:53:19,2024-03-30 18:59:00,2024-03-27,resolved,medium,Refund request,social,STR013,Portland Downtown #13,Midwest,CUS00237,5.0,22.91,22.91,0,False,within_sla
TKT000860,2024-02-20 09:19:00,2024-02-20 14:39:57,2024-02-21 09:19:00,2024-02-20,resolved,high,Refund request,phone,STR014,San Francisco Mall #14,Southwest,CUS00378,3.0,5.35,5.35,0,False,within_sla
TKT000861,2024-03-14 16:06:00,2024-03-15 20:06:37,2024-03-17 16:06:00,2024-03-14,resolved,medium,Store experience,social,STR001,New York Downtown #1,Northeast,CUS00463,5.0,28.01,28.01,0,False,within_sla
TKT000862,2024-09-12 20:30:00,2024-09-20 18:32:15,2024-09-15 20:30:00,2024-09-12,closed_unresolved,medium,Staff conduct,chat,STR008,Houston Mall #8,Midwest,CUS00200,2.0,190.04,190.04,0,True,beyond_sla
TKT000863,2024-01-25 07:13:00,2024-01-25 14:13:53,2024-01-25 11:13:00,2024-01-25,resolved,critical,Wrong item,chat,STR017,Charlotte Mall #17,Southeast,CUS00461,3.0,7.01,7.01,0,True,beyond_sla
TKT000864,2024-02-25 07:34:00,2024-03-12 13:53:53,2024-03-03 07:34:00,2024-02-25,resolved,low,Pricing dispute,in_store,STR002,Boston Mall #2,Southeast,CUS00363,2.0,390.33,390.33,0,True,beyond_sla
TKT000865,2024-12-02 09:57:00,,2024-12-03 09:57:00,2024-12-02,pending,high,Staff conduct,in_store,STR013,Portland Downtown #13,Midwest,CUS00045,,,706.3,1,True,pending_beyond_sla
TKT000866,2024-11-17 18:47:00,2024-11-17 20:51:25,2024-11-17 22:47:00,2024-11-17,resolved,critical,Product defect,in_store,STR008,Houston Mall #8,Midwest,CUS00320,3.0,2.07,2.07,0,False,within_sla
TKT000867,2024-11-07 10:48:00,,2024-11-08 10:48:00,2024-11-07,pending,high,Store experience,email,STR008,Houston Mall #8,Midwest,CUS00108,,,1305.45,1,True,pending_beyond_sla
TKT000868,2024-09-07 14:01:00,,2024-09-10 14:01:00,2024-09-07,pending,medium,Store experience,in_store,STR016,Nashville Downtown #16,Northeast,CUS00317,,,2766.23,1,True,pending_beyond_sla
TKT000869,2024-11-15 15:14:00,2024-11-15 21:58:55,2024-11-18 15:14:00,2024-11-15,resolved,medium,Product defect,phone,STR006,Detroit Mall #6,Northeast,CUS00172,3.0,6.75,6.75,0,False,within_sla
TKT000870,2024-03-19 18:07:00,2024-03-23 21:36:18,2024-03-26 18:07:00,2024-03-19,resolved,low,Product defect,chat,STR014,San Francisco Mall #14,Southwest,CUS00485,4.0,99.49,99.49,0,False,within_sla
TKT000871,2024-11-24 07:03:00,2024-11-26 11:28:31,2024-11-27 07:03:00,2024-11-24,resolved,medium,Staff conduct,chat,STR019,Philadelphia Downtown #19,Southwest,CUS00050,5.0,52.43,52.43,0,False,within_sla
TKT000872,2024-03-19 15:34:00,2024-03-21 08:08:30,2024-03-26 15:34:00,2024-03-19,resolved,low,Online order issue,phone,STR022,Orlando Downtown #22,Southeast,CUS00038,5.0,40.58,40.58,0,False,within_sla
TKT000873,2024-11-13 09:17:00,,2024-11-20 09:17:00,2024-11-13,pending,low,Wrong item,social,STR011,Los Angeles Mall #11,Northeast,CUS00063,,,1162.97,1,True,pending_beyond_sla
TKT000874,2024-01-17 13:14:00,,2024-01-20 13:14:00,2024-01-17,pending,medium,Store experience,chat,STR022,Orlando Downtown #22,Southeast,CUS00416,,,8383.02,1,True,pending_beyond_sla
TKT000875,2024-12-29 12:09:00,2024-12-29 21:24:01,2024-12-30 12:09:00,2024-12-29,resolved,high,Refund request,email,STR005,Chicago Mall #5,West,CUS00328,4.0,9.25,9.25,0,False,within_sla
TKT000876,2024-06-13 07:41:00,2024-06-15 11:21:37,2024-06-16 07:41:00,2024-06-13,resolved,medium,Late delivery,phone,STR016,Nashville Downtown #16,Northeast,CUS00351,5.0,51.68,51.68,0,False,within_sla
TKT000877,2024-01-27 18:25:00,2024-01-27 21:23:36,2024-01-28 18:25:00,2024-01-27,resolved,high,Wrong item,email,STR003,Atlanta Mall #3,Midwest,CUS00380,5.0,2.98,2.98,0,False,within_sla
TKT000878,2024-04-20 16:02:00,2024-04-21 18:55:30,2024-04-23 16:02:00,2024-04-20,resolved,medium,Refund request,phone,STR001,New York Downtown #1,Northeast,CUS00239,4.0,26.89,26.89,0,False,within_sla
TKT000879,2024-09-04 08:03:00,2024-09-09 15:45:10,2024-09-11 08:03:00,2024-09-04,resolved,low,Pricing dispute,phone,STR009,Phoenix Mall #9,Southwest,CUS00339,4.0,127.7,127.7,0,False,within_sla
TKT000880,2024-04-19 07:14:00,2024-04-20 10:54:00,2024-04-22 07:14:00,2024-04-19,resolved,medium,Refund request,social,STR004,Miami Downtown #4,Southwest,CUS00292,3.0,27.67,27.67,0,False,within_sla
TKT000881,2024-01-30 07:06:00,2024-02-01 06:12:03,2024-02-02 07:06:00,2024-01-30,resolved,medium,Refund request,social,STR002,Boston Mall #2,Southeast,CUS00337,3.0,47.1,47.1,0,False,within_sla
TKT000882,2024-10-10 13:23:00,2024-10-13 20:38:11,2024-10-13 13:23:00,2024-10-10,resolved,medium,Store experience,social,STR023,Kansas City Mall #23,Midwest,CUS00493,2.0,79.25,79.25,0,True,beyond_sla
TKT000883,2024-09-05 10:57:00,2024-09-07 03:03:08,2024-09-08 10:57:00,2024-09-05,resolved,medium,Wrong item,social,STR011,Los Angeles Mall #11,Northeast,CUS00008,5.0,40.1,40.1,0,False,within_sla
TKT000884,2024-09-21 09:36:00,,2024-09-28 09:36:00,2024-09-21,pending,low,Staff conduct,phone,STR008,Houston Mall #8,Midwest,CUS00313,,,2434.65,1,True,pending_beyond_sla
TKT000885,2024-06-19 18:38:00,2024-06-21 20:46:51,2024-06-26 18:38:00,2024-06-19,resolved,low,Late delivery,phone,STR011,Los Angeles Mall #11,Northeast,CUS00241,4.0,50.15,50.15,0,False,within_sla
TKT000886,2024-05-30 18:20:00,2024-05-30 21:19:09,2024-05-30 22:20:00,2024-05-30,resolved,critical,Online order issue,social,STR012,Seattle Mall #12,Southeast,CUS00305,4.0,2.99,2.99,0,False,within_sla
TKT000887,2024-03-18 09:35:00,2024-03-18 11:56:39,2024-03-18 13:35:00,2024-03-18,resolved,critical,Product defect,in_store,STR005,Chicago Mall #5,West,CUS00473,4.0,2.36,2.36,0,False,within_sla
TKT000888,2024-06-22 18:07:00,2024-06-28 04:03:08,2024-06-29 18:07:00,2024-06-22,resolved,low,Late delivery,phone,STR002,Boston Mall #2,Southeast,CUS00445,5.0,129.94,129.94,0,False,within_sla
TKT000889,2024-07-26 17:41:00,2024-08-11 00:41:55,2024-08-02 17:41:00,2024-07-26,resolved,low,Refund request,email,STR014,San Francisco Mall #14,Southwest,CUS00244,1.0,367.02,367.02,0,True,beyond_sla
TKT000890,2024-06-27 13:38:00,2024-06-27 20:24:21,2024-06-28 13:38:00,2024-06-27,resolved,high,Late delivery,chat,STR008,Houston Mall #8,Midwest,CUS00153,3.0,6.77,6.77,0,False,within_sla
TKT000891,2024-10-25 17:53:00,2024-10-26 10:14:04,2024-10-26 17:53:00,2024-10-25,resolved,high,Late delivery,phone,STR010,Denver Downtown #10,West,CUS00333,3.0,16.35,16.35,0,False,within_sla
TKT000892,2024-04-10 20:06:00,2024-04-12 11:40:00,2024-04-13 20:06:00,2024-04-10,resolved,medium,Store experience,phone,STR002,Boston Mall #2,Southeast,CUS00435,5.0,39.57,39.57,0,False,within_sla
TKT000893,2024-04-28 16:44:00,2024-05-01 00:21:02,2024-05-01 16:44:00,2024-04-28,resolved,medium,Pricing dispute,social,STR009,Phoenix Mall #9,Southwest,CUS00493,5.0,55.62,55.62,0,False,within_sla
TKT000894,2024-03-31 13:05:00,2024-04-05 13:52:55,2024-04-07 13:05:00,2024-03-31,resolved,low,Late delivery,email,STR001,New York Downtown #1,Northeast,CUS00182,5.0,120.8,120.8,0,False,within_sla
TKT000895,2024-09-02 18:03:00,2024-09-05 13:38:56,2024-09-05 18:03:00,2024-09-02,resolved,medium,Refund request,chat,STR006,Detroit Mall #6,Northeast,CUS00315,3.0,67.6,67.6,0,False,within_sla
TKT000896,2024-12-16 13:20:00,2024-12-16 19:21:32,2024-12-19 13:20:00,2024-12-16,resolved,medium,Product defect,email,STR018,Minneapolis Mall #18,Midwest,CUS00175,3.0,6.03,6.03,0,False,within_sla
TKT000897,2024-03-19 08:59:00,2024-03-19 12:19:25,2024-03-20 08:59:00,2024-03-19,resolved,high,Staff conduct,email,STR010,Denver Downtown #10,West,CUS00331,5.0,3.34,3.34,0,False,within_sla
TKT000898,2024-02-19 08:57:00,2024-02-19 18:56:18,2024-02-20 08:57:00,2024-02-19,resolved,high,Refund request,social,STR023,Kansas City Mall #23,Midwest,CUS00413,4.0,9.99,9.99,0,False,within_sla
TKT000899,2024-08-19 20:40:00,2024-08-20 13:58:10,2024-08-22 20:40:00,2024-08-19,resolved,medium,Staff conduct,phone,STR014,San Francisco Mall #14,Southwest,CUS00298,4.0,17.3,17.3,0,False,within_sla
TKT000900,2024-05-26 19:45:00,2024-05-27 19:39:15,2024-06-02 19:45:00,2024-05-26,resolved,low,Pricing dispute,in_store,STR020,San Diego Mall #20,West,CUS00413,5.0,23.9,23.9,0,False,within_sla
TKT000901,2024-03-25 16:44:00,2024-03-30 16:00:09,2024-04-01 16:44:00,2024-03-25,resolved,low,Refund request,phone,STR019,Philadelphia Downtown #19,Southwest,CUS00347,5.0,119.27,119.27,0,False,within_sla
TKT000902,2024-07-13 10:44:00,2024-07-21 14:17:33,2024-07-20 10:44:00,2024-07-13,resolved,low,Late delivery,chat,STR005,Chicago Mall #5,West,CUS00134,4.0,195.56,195.56,0,True,beyond_sla
TKT000903,2024-03-25 15:18:00,2024-03-26 01:52:34,2024-03-26 15:18:00,2024-03-25,resolved,high,Late delivery,chat,STR014,San Francisco Mall #14,Southwest,CUS00035,3.0,10.58,10.58,0,False,within_sla
TKT000904,2024-02-27 14:59:00,,2024-03-05 14:59:00,2024-02-27,pending,low,Store experience,phone,STR021,Las Vegas Mall #21,Northeast,CUS00051,,,7397.27,1,True,pending_beyond_sla
TKT000905,2024-07-16 12:41:00,2024-07-17 02:23:27,2024-07-17 12:41:00,2024-07-16,resolved,high,Product defect,phone,STR022,Orlando Downtown #22,Southeast,CUS00379,4.0,13.71,13.71,0,False,within_sla
TKT000906,2024-02-27 10:48:00,2024-03-02 10:40:10,2024-03-05 10:48:00,2024-02-27,resolved,low,Wrong item,email,STR018,Minneapolis Mall #18,Midwest,CUS00305,4.0,95.87,95.87,0,False,within_sla
TKT000907,2024-07-25 08:23:00,2024-07-27 22:08:26,2024-07-28 08:23:00,2024-07-25,resolved,medium,Product defect,email,STR020,San Diego Mall #20,West,CUS00294,4.0,61.76,61.76,0,False,within_sla
TKT000908,2024-10-18 18:00:00,2024-10-20 00:14:00,2024-10-21 18:00:00,2024-10-18,resolved,medium,Store experience,phone,STR012,Seattle Mall #12,Southeast,CUS00273,3.0,30.23,30.23,0,False,within_sla
TKT000909,2024-07-22 11:32:00,,2024-07-25 11:32:00,2024-07-22,pending,medium,Late delivery,in_store,STR017,Charlotte Mall #17,Southeast,CUS00245,,,3896.72,1,True,pending_beyond_sla
TKT000910,2024-12-19 18:13:00,2024-12-20 10:59:42,2024-12-20 18:13:00,2024-12-19,resolved,high,Store experience,in_store,STR012,Seattle Mall #12,Southeast,CUS00318,4.0,16.78,16.78,0,False,within_sla
TKT000911,2024-07-01 07:20:00,2024-07-08 18:30:06,2024-07-04 07:20:00,2024-07-01,resolved,medium,Staff conduct,phone,STR003,Atlanta Mall #3,Midwest,CUS00399,3.0,179.17,179.17,0,True,beyond_sla
TKT000912,2024-09-29 09:05:00,2024-10-15 21:57:34,2024-10-06 09:05:00,2024-09-29,resolved,low,Store experience,phone,STR002,Boston Mall #2,Southeast,CUS00303,4.0,396.88,396.88,0,True,beyond_sla
TKT000913,2024-04-01 08:13:00,2024-04-03 04:49:32,2024-04-08 08:13:00,2024-04-01,resolved,low,Late delivery,chat,STR008,Houston Mall #8,Midwest,CUS00328,4.0,44.61,44.61,0,False,within_sla
TKT000914,2024-11-04 11:07:00,2024-11-05 17:35:57,2024-11-07 11:07:00,2024-11-04,resolved,medium,Store experience,email,STR019,Philadelphia Downtown #19,Southwest,CUS00385,5.0,30.48,30.48,0,False,within_sla
TKT000915,2024-09-06 07:47:00,,2024-09-13 07:47:00,2024-09-06,pending,low,Pricing dispute,in_store,STR004,Miami Downtown #4,Southwest,CUS00268,,,2796.47,1,True,pending_beyond_sla
TKT000916,2024-04-07 11:43:00,2024-04-08 08:56:49,2024-04-10 11:43:00,2024-04-07,resolved,medium,Online order issue,social,STR018,Minneapolis Mall #18,Midwest,CUS00154,3.0,21.23,21.23,0,False,within_sla
TKT000917,2024-02-02 08:22:00,2024-02-07 00:19:53,2024-02-05 08:22:00,2024-02-02,resolved,medium,Late delivery,email,STR001,New York Downtown #1,Northeast,CUS00205,3.0,111.96,111.96,0,True,beyond_sla
TKT000918,2024-04-30 17:54:00,2024-05-05 06:55:36,2024-05-03 17:54:00,2024-04-30,resolved,medium,Product defect,in_store,STR018,Minneapolis Mall #18,Midwest,CUS00204,2.0,109.03,109.03,0,True,beyond_sla
TKT000919,2024-10-24 18:34:00,2024-10-25 15:37:14,2024-10-27 18:34:00,2024-10-24,resolved,medium,Product defect,chat,STR023,Kansas City Mall #23,Midwest,CUS00476,4.0,21.05,21.05,0,False,within_sla
TKT000920,2024-04-29 14:06:00,,2024-04-29 18:06:00,2024-04-29,escalated,critical,Staff conduct,phone,STR003,Atlanta Mall #3,Midwest,CUS00034,,,5910.15,1,True,pending_beyond_sla
TKT000921,2024-11-20 14:35:00,,2024-11-27 14:35:00,2024-11-20,pending,low,Wrong item,chat,STR016,Nashville Downtown #16,Northeast,CUS00472,,,989.67,1,True,pending_beyond_sla
TKT000922,2024-08-08 17:18:00,,2024-08-11 17:18:00,2024-08-08,pending,medium,Wrong item,in_store,STR020,San Diego Mall #20,West,CUS00442,,,3482.95,1,True,pending_beyond_sla
TKT000923,2024-08-11 09:15:00,2024-08-13 01:56:08,2024-08-14 09:15:00,2024-08-11,resolved,medium,Late delivery,phone,STR011,Los Angeles Mall #11,Northeast,CUS00448,5.0,40.69,40.69,0,False,within_sla
TKT000924,2024-01-12 14:50:00,,2024-01-15 14:50:00,2024-01-12,pending,medium,Pricing dispute,chat,STR003,Atlanta Mall #3,Midwest,CUS00189,,,8501.42,1,True,pending_beyond_sla
TKT000925,2024-04-16 08:07:00,2024-04-17 01:38:20,2024-04-23 08:07:00,2024-04-16,resolved,low,Online order issue,in_store,STR007,Dallas Downtown #7,Southeast,CUS00484,5.0,17.52,17.52,0,False,within_sla
TKT000926,2024-07-04 07:03:00,2024-07-06 08:28:20,2024-07-11 07:03:00,2024-07-04,resolved,low,Store experience,in_store,STR011,Los Angeles Mall #11,Northeast,CUS00456,5.0,49.42,49.42,0,False,within_sla
TKT000927,2024-08-09 12:05:00,2024-08-15 17:40:28,2024-08-16 12:05:00,2024-08-09,resolved,low,Refund request,in_store,STR023,Kansas City Mall #23,Midwest,CUS00122,5.0,149.59,149.59,0,False,within_sla
TKT000928,2024-08-08 14:12:00,,2024-08-11 14:12:00,2024-08-08,pending,medium,Staff conduct,social,STR003,Atlanta Mall #3,Midwest,CUS00058,,,3486.05,1,True,pending_beyond_sla
TKT000929,2024-01-10 10:02:00,2024-01-10 15:11:07,2024-01-11 10:02:00,2024-01-10,resolved,high,Wrong item,chat,STR006,Detroit Mall #6,Northeast,CUS00085,4.0,5.15,5.15,0,False,within_sla
TKT000930,2024-03-11 07:41:00,2024-03-12 11:04:32,2024-03-14 07:41:00,2024-03-11,resolved,medium,Online order issue,email,STR001,New York Downtown #1,Northeast,CUS00242,5.0,27.39,27.39,0,False,within_sla
TKT000931,2024-09-30 08:00:00,2024-10-01 20:35:04,2024-10-03 08:00:00,2024-09-30,resolved,medium,Late delivery,social,STR010,Denver Downtown #10,West,CUS00476,4.0,36.58,36.58,0,False,within_sla
TKT000932,2024-01-28 10:59:00,2024-01-28 21:51:54,2024-01-31 10:59:00,2024-01-28,resolved,medium,Product defect,phone,STR010,Denver Downtown #10,West,CUS00365,4.0,10.88,10.88,0,False,within_sla
TKT000933,2024-03-05 09:50:00,2024-03-06 06:17:46,2024-03-06 09:50:00,2024-03-05,resolved,high,Pricing dispute,phone,STR017,Charlotte Mall #17,Southeast,CUS00221,5.0,20.46,20.46,0,False,within_sla
TKT000934,2024-04-16 20:32:00,2024-04-29 18:09:52,2024-04-23 20:32:00,2024-04-16,resolved,low,Online order issue,phone,STR001,New York Downtown #1,Northeast,CUS00116,1.0,309.63,309.63,0,True,beyond_sla
TKT000935,2024-07-22 09:40:00,2024-07-24 00:49:45,2024-07-25 09:40:00,2024-07-22,resolved,medium,Refund request,chat,STR013,Portland Downtown #13,Midwest,CUS00390,3.0,39.16,39.16,0,False,within_sla
TKT000936,2024-09-20 15:22:00,2024-09-20 18:05:26,2024-09-20 19:22:00,2024-09-20,resolved,critical,Product defect,email,STR019,Philadelphia Downtown #19,Southwest,CUS00258,4.0,2.72,2.72,0,False,within_sla
TKT000937,2024-07-09 20:39:00,,2024-07-16 20:39:00,2024-07-09,pending,low,Late delivery,chat,STR010,Denver Downtown #10,West,CUS00003,,,4199.6,1,True,pending_beyond_sla
TKT000938,2024-03-08 19:50:00,2024-03-08 21:50:02,2024-03-08 23:50:00,2024-03-08,resolved,critical,Late delivery,email,STR013,Portland Downtown #13,Midwest,CUS00280,4.0,2.0,2.0,0,False,within_sla
TKT000939,2024-12-10 09:34:00,2024-12-12 00:31:03,2024-12-11 09:34:00,2024-12-10,closed_unresolved,high,Pricing dispute,phone,STR002,Boston Mall #2,Southeast,CUS00093,1.0,38.95,38.95,0,True,beyond_sla
TKT000940,2024-06-16 11:33:00,2024-06-19 02:35:24,2024-06-19 11:33:00,2024-06-16,resolved,medium,Staff conduct,social,STR014,San Francisco Mall #14,Southwest,CUS00465,3.0,63.04,63.04,0,False,within_sla
TKT000941,2024-09-09 14:10:00,,2024-09-12 14:10:00,2024-09-09,pending,medium,Wrong item,in_store,STR021,Las Vegas Mall #21,Northeast,CUS00237,,,2718.08,1,True,pending_beyond_sla
TKT000942,2024-08-27 14:00:00,,2024-08-30 14:00:00,2024-08-27,pending,medium,Wrong item,social,STR001,New York Downtown #1,Northeast,CUS00494,,,3030.25,1,True,pending_beyond_sla
TKT000943,2024-11-01 20:55:00,2024-11-02 20:23:10,2024-11-04 20:55:00,2024-11-01,resolved,medium,Product defect,chat,STR016,Nashville Downtown #16,Northeast,CUS00452,5.0,23.47,23.47,0,False,within_sla
TKT000944,2024-06-22 20:05:00,2024-06-23 03:57:29,2024-06-23 20:05:00,2024-06-22,resolved,high,Pricing dispute,social,STR009,Phoenix Mall #9,Southwest,CUS00314,4.0,7.87,7.87,0,False,within_sla
TKT000945,2024-01-10 15:25:00,2024-01-10 20:44:03,2024-01-10 19:25:00,2024-01-10,closed_unresolved,critical,Staff conduct,chat,STR002,Boston Mall #2,Southeast,CUS00075,2.0,5.32,5.32,0,True,beyond_sla
TKT000946,2024-01-09 11:15:00,2024-01-10 04:02:48,2024-01-10 11:15:00,2024-01-09,resolved,high,Refund request,email,STR021,Las Vegas Mall #21,Northeast,CUS00455,5.0,16.8,16.8,0,False,within_sla
TKT000947,2024-02-28 11:08:00,2024-03-01 17:55:25,2024-03-02 11:08:00,2024-02-28,resolved,medium,Product defect,phone,STR020,San Diego Mall #20,West,CUS00168,5.0,54.79,54.79,0,False,within_sla
TKT000948,2024-02-15 07:41:00,2024-02-17 11:31:03,2024-02-22 07:41:00,2024-02-15,resolved,low,Refund request,email,STR015,Austin Mall #15,West,CUS00285,3.0,51.83,51.83,0,False,within_sla
TKT000949,2024-01-15 15:27:00,2024-01-15 18:46:52,2024-01-18 15:27:00,2024-01-15,resolved,medium,Wrong item,in_store,STR002,Boston Mall #2,Southeast,CUS00236,4.0,3.33,3.33,0,False,within_sla
TKT000950,2024-02-15 16:57:00,2024-02-15 19:32:47,2024-02-15 20:57:00,2024-02-15,resolved,critical,Refund request,chat,STR016,Nashville Downtown #16,Northeast,CUS00491,4.0,2.6,2.6,0,False,within_sla
TKT000951,2024-04-12 08:42:00,,2024-04-15 08:42:00,2024-04-12,escalated,medium,Store experience,chat,STR014,San Francisco Mall #14,Southwest,CUS00403,,,6323.55,1,True,pending_beyond_sla
TKT000952,2024-11-30 09:06:00,2024-12-04 05:26:26,2024-12-07 09:06:00,2024-11-30,resolved,low,Store experience,email,STR007,Dallas Downtown #7,Southeast,CUS00490,4.0,92.34,92.34,0,False,within_sla
TKT000953,2024-12-06 09:34:00,,2024-12-09 09:34:00,2024-12-06,escalated,medium,Wrong item,email,STR019,Philadelphia Downtown #19,Southwest,CUS00143,,,610.68,1,True,pending_beyond_sla
TKT000954,2024-05-25 16:53:00,2024-05-25 21:43:45,2024-05-28 16:53:00,2024-05-25,resolved,medium,Store experience,chat,STR019,Philadelphia Downtown #19,Southwest,CUS00245,5.0,4.85,4.85,0,False,within_sla
TKT000955,2024-07-10 09:58:00,,2024-07-10 13:58:00,2024-07-10,pending,critical,Online order issue,email,STR001,New York Downtown #1,Northeast,CUS00130,,,4186.28,1,True,pending_beyond_sla
TKT000956,2024-09-06 12:56:00,2024-09-11 01:34:35,2024-09-13 12:56:00,2024-09-06,resolved,low,Store experience,email,STR013,Portland Downtown #13,Midwest,CUS00354,3.0,108.64,108.64,0,False,within_sla
TKT000957,2024-06-11 20:36:00,2024-06-11 23:12:35,2024-06-12 20:36:00,2024-06-11,resolved,high,Staff conduct,chat,STR012,Seattle Mall #12,Southeast,CUS00111,5.0,2.61,2.61,0,False,within_sla
TKT000958,2024-08-07 10:39:00,2024-08-07 22:45:46,2024-08-08 10:39:00,2024-08-07,resolved,high,Refund request,phone,STR006,Detroit Mall #6,Northeast,CUS00388,5.0,12.11,12.11,0,False,within_sla
TKT000959,2024-02-23 18:38:00,2024-03-13 08:33:27,2024-03-01 18:38:00,2024-02-23,resolved,low,Online order issue,email,STR012,Seattle Mall #12,Southeast,CUS00325,4.0,445.92,445.92,0,True,beyond_sla
TKT000960,2024-12-01 18:56:00,2024-12-02 21:09:35,2024-12-04 18:56:00,2024-12-01,resolved,medium,Product defect,phone,STR021,Las Vegas Mall #21,Northeast,CUS00108,5.0,26.23,26.23,0,False,within_sla
TKT000961,2024-02-07 09:56:00,2024-02-15 03:47:21,2024-02-10 09:56:00,2024-02-07,resolved,medium,Product defect,email,STR015,Austin Mall #15,West,CUS00361,4.0,185.86,185.86,0,True,beyond_sla
TKT000962,2024-09-21 19:04:00,2024-09-28 05:12:14,2024-09-28 19:04:00,2024-09-21,resolved,low,Online order issue,in_store,STR010,Denver Downtown #10,West,CUS00239,4.0,154.14,154.14,0,False,within_sla
TKT000963,2024-02-14 16:12:00,,2024-02-14 20:12:00,2024-02-14,pending,critical,Refund request,in_store,STR008,Houston Mall #8,Midwest,CUS00330,,,7708.05,1,True,pending_beyond_sla
TKT000964,2024-12-12 09:47:00,2024-12-12 13:19:12,2024-12-13 09:47:00,2024-12-12,resolved,high,Product defect,in_store,STR018,Minneapolis Mall #18,Midwest,CUS00390,4.0,3.54,3.54,0,False,within_sla
TKT000965,2024-02-18 20:43:00,2024-02-19 13:17:27,2024-02-19 20:43:00,2024-02-18,resolved,high,Product defect,chat,STR017,Charlotte Mall #17,Southeast,CUS00285,4.0,16.57,16.57,0,False,within_sla
TKT000966,2024-11-24 13:22:00,,2024-12-01 13:22:00,2024-11-24,pending,low,Staff conduct,phone,STR020,San Diego Mall #20,West,CUS00108,,,894.88,1,True,pending_beyond_sla
TKT000967,2024-11-01 15:28:00,2024-11-02 09:38:06,2024-11-02 15:28:00,2024-11-01,resolved,high,Refund request,phone,STR009,Phoenix Mall #9,Southwest,CUS00192,4.0,18.17,18.17,0,False,within_sla
TKT000968,2024-06-05 15:19:00,2024-06-05 20:28:07,2024-06-05 19:19:00,2024-06-05,resolved,critical,Product defect,phone,STR022,Orlando Downtown #22,Southeast,CUS00398,3.0,5.15,5.15,0,True,beyond_sla
TKT000969,2024-04-15 18:46:00,,2024-04-15 22:46:00,2024-04-15,pending,critical,Late delivery,social,STR022,Orlando Downtown #22,Southeast,CUS00146,,,6241.48,1,True,pending_beyond_sla
TKT000970,2024-12-11 19:41:00,2024-12-11 20:51:32,2024-12-18 19:41:00,2024-12-11,resolved,low,Online order issue,social,STR018,Minneapolis Mall #18,Midwest,CUS00461,5.0,1.18,1.18,0,False,within_sla
TKT000971,2024-05-28 10:41:00,2024-05-31 03:05:22,2024-05-31 10:41:00,2024-05-28,resolved,medium,Product defect,social,STR015,Austin Mall #15,West,CUS00038,5.0,64.41,64.41,0,False,within_sla
TKT000972,2024-01-13 11:24:00,2024-01-17 12:02:32,2024-01-16 11:24:00,2024-01-13,resolved,medium,Pricing dispute,phone,STR003,Atlanta Mall #3,Midwest,CUS00270,4.0,96.64,96.64,0,True,beyond_sla
TKT000973,2024-06-13 19:16:00,2024-06-15 02:19:35,2024-06-16 19:16:00,2024-06-13,resolved,medium,Product defect,chat,STR018,Minneapolis Mall #18,Midwest,CUS00390,5.0,31.06,31.06,0,False,within_sla
TKT000974,2024-01-10 12:20:00,2024-01-13 01:50:38,2024-01-13 12:20:00,2024-01-10,resolved,medium,Refund request,phone,STR008,Houston Mall #8,Midwest,CUS00332,4.0,61.51,61.51,0,False,within_sla
TKT000975,2024-02-18 17:22:00,2024-02-20 08:42:32,2024-02-25 17:22:00,2024-02-18,resolved,low,Refund request,chat,STR009,Phoenix Mall #9,Southwest,CUS00259,5.0,39.34,39.34,0,False,within_sla
TKT000976,2024-03-02 07:40:00,2024-03-06 06:06:07,2024-03-09 07:40:00,2024-03-02,resolved,low,Pricing dispute,email,STR010,Denver Downtown #10,West,CUS00214,4.0,94.44,94.44,0,False,within_sla
TKT000977,2024-09-21 20:49:00,2024-09-23 11:41:41,2024-09-24 20:49:00,2024-09-21,resolved,medium,Product defect,email,STR002,Boston Mall #2,Southeast,CUS00246,5.0,38.88,38.88,0,False,within_sla
TKT000978,2024-01-01 13:55:00,2024-01-01 17:42:27,2024-01-08 13:55:00,2024-01-01,resolved,low,Store experience,in_store,STR019,Philadelphia Downtown #19,Southwest,CUS00018,4.0,3.79,3.79,0,False,within_sla
TKT000979,2024-11-15 10:44:00,,2024-11-22 10:44:00,2024-11-15,pending,low,Online order issue,social,STR007,Dallas Downtown #7,Southeast,CUS00075,,,1113.52,1,True,pending_beyond_sla
TKT000980,2024-09-10 11:18:00,,2024-09-17 11:18:00,2024-09-10,pending,low,Wrong item,chat,STR009,Phoenix Mall #9,Southwest,CUS00151,,,2696.95,1,True,pending_beyond_sla
TKT000981,2024-08-30 19:40:00,2024-09-02 01:14:59,2024-09-02 19:40:00,2024-08-30,resolved,medium,Refund request,phone,STR006,Detroit Mall #6,Northeast,CUS00181,5.0,53.58,53.58,0,False,within_sla
TKT000982,2024-11-08 20:21:00,2024-11-09 08:08:51,2024-11-15 20:21:00,2024-11-08,resolved,low,Online order issue,phone,STR015,Austin Mall #15,West,CUS00335,4.0,11.8,11.8,0,False,within_sla
TKT000983,2024-03-07 14:26:00,2024-03-08 13:37:19,2024-03-10 14:26:00,2024-03-07,resolved,medium,Pricing dispute,in_store,STR012,Seattle Mall #12,Southeast,CUS00217,4.0,23.19,23.19,0,False,within_sla
TKT000984,2024-09-28 10:36:00,2024-10-06 09:39:59,2024-10-01 10:36:00,2024-09-28,resolved,medium,Online order issue,email,STR001,New York Downtown #1,Northeast,CUS00101,4.0,191.07,191.07,0,True,beyond_sla
TKT000985,2024-07-23 14:09:00,2024-07-24 01:36:11,2024-07-26 14:09:00,2024-07-23,resolved,medium,Store experience,phone,STR013,Portland Downtown #13,Midwest,CUS00188,4.0,11.45,11.45,0,False,within_sla
TKT000986,2024-05-27 08:07:00,2024-05-31 09:17:32,2024-06-03 08:07:00,2024-05-27,resolved,low,Online order issue,email,STR017,Charlotte Mall #17,Southeast,CUS00061,3.0,97.18,97.18,0,False,within_sla
TKT000987,2024-03-19 16:38:00,2024-03-20 11:35:41,2024-03-20 16:38:00,2024-03-19,resolved,high,Pricing dispute,in_store,STR021,Las Vegas Mall #21,Northeast,CUS00487,5.0,18.96,18.96,0,False,within_sla
TKT000988,2024-05-25 11:54:00,2024-05-27 08:08:48,2024-05-26 11:54:00,2024-05-25,resolved,high,Staff conduct,phone,STR012,Seattle Mall #12,Southeast,CUS00246,3.0,44.25,44.25,0,True,beyond_sla
TKT000989,2024-12-05 10:27:00,2024-12-14 19:50:11,2024-12-12 10:27:00,2024-12-05,resolved,low,Late delivery,chat,STR015,Austin Mall #15,West,CUS00191,1.0,225.39,225.39,0,True,beyond_sla
TKT000990,2024-12-05 20:04:00,2024-12-08 02:59:11,2024-12-12 20:04:00,2024-12-05,resolved,low,Product defect,in_store,STR010,Denver Downtown #10,West,CUS00095,4.0,54.92,54.92,0,False,within_sla
TKT000991,2024-09-08 18:46:00,2024-09-10 01:02:36,2024-09-11 18:46:00,2024-09-08,resolved,medium,Store experience,in_store,STR012,Seattle Mall #12,Southeast,CUS00212,5.0,30.28,30.28,0,False,within_sla
TKT000992,2024-07-21 20:31:00,2024-07-22 06:20:00,2024-07-22 20:31:00,2024-07-21,resolved,high,Online order issue,email,STR015,Austin Mall #15,West,CUS00327,4.0,9.82,9.82,0,False,within_sla
TKT000993,2024-04-22 12:24:00,2024-04-23 07:31:48,2024-04-23 12:24:00,2024-04-22,resolved,high,Late delivery,email,STR009,Phoenix Mall #9,Southwest,CUS00224,5.0,19.13,19.13,0,False,within_sla
TKT000994,2024-10-06 10:19:00,,2024-10-06 14:19:00,2024-10-06,pending,critical,Pricing dispute,chat,STR006,Detroit Mall #6,Northeast,CUS00256,,,2073.93,1,True,pending_beyond_sla
TKT000995,2024-01-23 19:49:00,2024-01-26 00:00:40,2024-01-30 19:49:00,2024-01-23,resolved,low,Store experience,social,STR005,Chicago Mall #5,West,CUS00457,3.0,52.19,52.19,0,False,within_sla
TKT000996,2024-08-19 20:41:00,2024-08-20 00:44:46,2024-08-20 20:41:00,2024-08-19,resolved,high,Staff conduct,phone,STR014,San Francisco Mall #14,Southwest,CUS00024,5.0,4.06,4.06,0,False,within_sla
TKT000997,2024-04-06 19:30:00,2024-04-10 20:34:54,2024-04-09 19:30:00,2024-04-06,resolved,medium,Product defect,social,STR008,Houston Mall #8,Midwest,CUS00390,3.0,97.08,97.08,0,True,beyond_sla
TKT000998,2024-06-09 14:23:00,2024-06-09 15:27:48,2024-06-09 18:23:00,2024-06-09,resolved,critical,Refund request,email,STR004,Miami Downtown #4,Southwest,CUS00005,5.0,1.08,1.08,0,False,within_sla
TKT000999,2024-03-08 13:05:00,2024-03-09 12:22:23,2024-03-11 13:05:00,2024-03-08,resolved,medium,Late delivery,in_store,STR022,Orlando Downtown #22,Southeast,CUS00392,5.0,23.29,23.29,0,False,within_sla
TKT001000,2024-04-10 18:44:00,2024-04-16 17:47:17,2024-04-17 18:44:00,2024-04-10,resolved,low,Refund request,email,STR009,Phoenix Mall #9,Southwest,CUS00204,5.0,143.05,143.05,0,False,within_sla
TKT001001,2024-07-07 19:47:00,2024-07-18 03:38:52,2024-07-14 19:47:00,2024-07-07,resolved,low,Wrong item,phone,STR005,Chicago Mall #5,West,CUS00418,3.0,247.86,247.86,0,True,beyond_sla
TKT001002,2024-08-15 19:42:00,2024-08-23 20:28:40,2024-08-18 19:42:00,2024-08-15,resolved,medium,Online order issue,in_store,STR005,Chicago Mall #5,West,CUS00225,2.0,192.78,192.78,0,True,beyond_sla
TKT001003,2024-12-27 08:31:00,,2025-01-03 08:31:00,2024-12-27,escalated,low,Pricing dispute,in_store,STR005,Chicago Mall #5,West,CUS00074,,,107.73,1,False,pending_within_sla
TKT001004,2024-01-06 17:24:00,,2024-01-07 17:24:00,2024-01-06,pending,high,Pricing dispute,email,STR008,Houston Mall #8,Midwest,CUS00468,,,8642.85,1,True,pending_beyond_sla
TKT001005,2024-08-16 08:20:00,2024-08-22 15:33:07,2024-08-23 08:20:00,2024-08-16,resolved,low,Wrong item,in_store,STR009,Phoenix Mall #9,Southwest,CUS00193,5.0,151.22,151.22,0,False,within_sla
TKT001006,2024-11-28 15:07:00,2024-11-29 05:50:44,2024-11-29 15:07:00,2024-11-28,resolved,high,Store experience,in_store,STR020,San Diego Mall #20,West,CUS00318,3.0,14.73,14.73,0,False,within_sla
TKT001007,2024-08-21 17:33:00,2024-08-21 18:19:27,2024-08-24 17:33:00,2024-08-21,resolved,medium,Product defect,email,STR021,Las Vegas Mall #21,Northeast,CUS00088,4.0,0.77,0.77,0,False,within_sla
TKT001008,2024-07-21 19:16:00,2024-07-23 00:18:06,2024-07-24 19:16:00,2024-07-21,resolved,medium,Store experience,in_store,STR003,Atlanta Mall #3,Midwest,CUS00406,5.0,29.04,29.04,0,False,within_sla
TKT001009,2024-07-19 09:25:00,2024-07-24 02:07:11,2024-07-26 09:25:00,2024-07-19,resolved,low,Wrong item,chat,STR016,Nashville Downtown #16,Northeast,CUS00386,3.0,112.7,112.7,0,False,within_sla
TKT001010,2024-08-24 12:18:00,2024-09-01 04:05:46,2024-08-27 12:18:00,2024-08-24,resolved,medium,Product defect,social,STR016,Nashville Downtown #16,Northeast,CUS00245,2.0,183.8,183.8,0,True,beyond_sla
TKT001011,2024-06-04 19:55:00,2024-06-07 12:44:26,2024-06-11 19:55:00,2024-06-04,resolved,low,Refund request,chat,STR006,Detroit Mall #6,Northeast,CUS00354,5.0,64.82,64.82,0,False,within_sla
TKT001012,2024-12-01 19:22:00,,2024-12-04 19:22:00,2024-12-01,pending,medium,Wrong item,chat,STR005,Chicago Mall #5,West,CUS00090,,,720.88,1,True,pending_beyond_sla
TKT001013,2024-03-06 07:54:00,2024-03-07 15:03:32,2024-03-09 07:54:00,2024-03-06,resolved,medium,Online order issue,phone,STR006,Detroit Mall #6,Northeast,CUS00367,3.0,31.16,31.16,0,False,within_sla
TKT001014,2024-12-16 09:28:00,,2024-12-17 09:28:00,2024-12-16,escalated,high,Refund request,email,STR008,Houston Mall #8,Midwest,CUS00045,,,370.78,1,True,pending_beyond_sla
TKT001015,2024-06-30 12:18:00,2024-07-01 05:09:22,2024-07-01 12:18:00,2024-06-30,resolved,high,Staff conduct,chat,STR020,San Diego Mall #20,West,CUS00189,5.0,16.86,16.86,0,False,within_sla
TKT001016,2024-06-22 09:29:00,2024-06-26 04:41:58,2024-06-29 09:29:00,2024-06-22,resolved,low,Refund request,chat,STR004,Miami Downtown #4,Southwest,CUS00163,4.0,91.22,91.22,0,False,within_sla
TKT001017,2024-01-19 15:12:00,2024-01-22 04:01:33,2024-01-26 15:12:00,2024-01-19,resolved,low,Staff conduct,email,STR012,Seattle Mall #12,Southeast,CUS00317,4.0,60.83,60.83,0,False,within_sla
TKT001018,2024-05-04 18:16:00,,2024-05-07 18:16:00,2024-05-04,pending,medium,Online order issue,phone,STR002,Boston Mall #2,Southeast,CUS00279,,,5785.98,1,True,pending_beyond_sla
TKT001019,2024-06-15 15:00:00,2024-06-16 07:24:16,2024-06-16 15:00:00,2024-06-15,resolved,high,Wrong item,social,STR005,Chicago Mall #5,West,CUS00063,4.0,16.4,16.4,0,False,within_sla
TKT001020,2024-03-02 10:49:00,2024-03-02 15:31:03,2024-03-02 14:49:00,2024-03-02,resolved,critical,Wrong item,phone,STR008,Houston Mall #8,Midwest,CUS00225,2.0,4.7,4.7,0,True,beyond_sla
TKT001021,2024-01-23 15:12:00,2024-01-27 20:20:13,2024-01-30 15:12:00,2024-01-23,resolved,low,Staff conduct,chat,STR015,Austin Mall #15,West,CUS00314,3.0,101.14,101.14,0,False,within_sla
TKT001022,2024-12-23 07:59:00,2024-12-24 17:38:59,2024-12-26 07:59:00,2024-12-23,resolved,medium,Online order issue,phone,STR022,Orlando Downtown #22,Southeast,CUS00164,3.0,33.67,33.67,0,False,within_sla
TKT001023,2024-12-24 12:37:00,2024-12-25 05:05:36,2024-12-25 12:37:00,2024-12-24,resolved,high,Late delivery,in_store,STR012,Seattle Mall #12,Southeast,CUS00012,5.0,16.48,16.48,0,False,within_sla
TKT001024,2024-02-20 15:32:00,2024-02-21 06:57:51,2024-02-21 15:32:00,2024-02-20,resolved,high,Product defect,in_store,STR008,Houston Mall #8,Midwest,CUS00139,5.0,15.43,15.43,0,False,within_sla
TKT001025,2024-10-10 14:26:00,2024-10-14 00:08:29,2024-10-17 14:26:00,2024-10-10,resolved,low,Late delivery,chat,STR005,Chicago Mall #5,West,CUS00199,5.0,81.71,81.71,0,False,within_sla
TKT001026,2024-04-10 19:15:00,2024-04-17 07:23:41,2024-04-13 19:15:00,2024-04-10,resolved,medium,Pricing dispute,social,STR015,Austin Mall #15,West,CUS00127,2.0,156.14,156.14,0,True,beyond_sla
TKT001027,2024-02-29 12:36:00,2024-03-04 23:50:53,2024-03-03 12:36:00,2024-02-29,closed_unresolved,medium,Refund request,in_store,STR007,Dallas Downtown #7,Southeast,CUS00250,2.0,107.25,107.25,0,True,beyond_sla
TKT001028,2024-08-11 16:49:00,,2024-08-14 16:49:00,2024-08-11,pending,medium,Refund request,in_store,STR017,Charlotte Mall #17,Southeast,CUS00470,,,3411.43,1,True,pending_beyond_sla
TKT001029,2024-02-17 13:05:00,2024-02-19 06:08:08,2024-02-18 13:05:00,2024-02-17,resolved,high,Wrong item,social,STR020,San Diego Mall #20,West,CUS00424,3.0,41.05,41.05,0,True,beyond_sla
TKT001030,2024-06-13 11:10:00,2024-06-14 11:49:29,2024-06-16 11:10:00,2024-06-13,resolved,medium,Pricing dispute,email,STR021,Las Vegas Mall #21,Northeast,CUS00097,4.0,24.66,24.66,0,False,within_sla
TKT001031,2024-01-11 18:13:00,2024-01-13 22:23:06,2024-01-14 18:13:00,2024-01-11,resolved,medium,Store experience,chat,STR003,Atlanta Mall #3,Midwest,CUS00119,4.0,52.17,52.17,0,False,within_sla
TKT001032,2024-09-17 19:53:00,2024-09-20 05:31:25,2024-09-20 19:53:00,2024-09-17,resolved,medium,Late delivery,phone,STR003,Atlanta Mall #3,Midwest,CUS00243,5.0,57.64,57.64,0,False,within_sla
TKT001033,2024-07-31 08:42:00,2024-08-01 04:51:08,2024-08-01 08:42:00,2024-07-31,resolved,high,Wrong item,social,STR003,Atlanta Mall #3,Midwest,CUS00017,5.0,20.15,20.15,0,False,within_sla
TKT001034,2024-09-29 11:57:00,2024-09-29 17:34:44,2024-10-06 11:57:00,2024-09-29,resolved,low,Late delivery,phone,STR008,Houston Mall #8,Midwest,CUS00390,3.0,5.63,5.63,0,False,within_sla
TKT001035,2024-11-16 19:50:00,2024-11-17 12:38:35,2024-11-17 19:50:00,2024-11-16,resolved,high,Online order issue,email,STR003,Atlanta Mall #3,Midwest,CUS00486,3.0,16.81,16.81,0,False,within_sla
TKT001036,2024-07-12 20:54:00,2024-07-17 19:09:59,2024-07-19 20:54:00,2024-07-12,resolved,low,Refund request,social,STR003,Atlanta Mall #3,Midwest,CUS00421,5.0,118.27,118.27,0,False,within_sla
TKT001037,2024-10-26 15:34:00,2024-10-27 11:23:13,2024-10-29 15:34:00,2024-10-26,resolved,medium,Wrong item,social,STR005,Chicago Mall #5,West,CUS00162,4.0,19.82,19.82,0,False,within_sla
TKT001038,2024-11-27 14:27:00,2024-11-28 04:28:02,2024-11-28 14:27:00,2024-11-27,resolved,high,Store experience,chat,STR012,Seattle Mall #12,Southeast,CUS00051,4.0,14.02,14.02,0,False,within_sla
TKT001039,2024-10-02 18:40:00,2024-10-05 10:11:21,2024-10-05 18:40:00,2024-10-02,resolved,medium,Online order issue,chat,STR005,Chicago Mall #5,West,CUS00157,4.0,63.52,63.52,0,False,within_sla
TKT001040,2024-09-25 07:07:00,2024-09-27 04:36:00,2024-09-28 07:07:00,2024-09-25,resolved,medium,Wrong item,social,STR015,Austin Mall #15,West,CUS00093,4.0,45.48,45.48,0,False,within_sla
TKT001041,2024-02-20 20:30:00,,2024-02-27 20:30:00,2024-02-20,pending,low,Pricing dispute,in_store,STR010,Denver Downtown #10,West,CUS00494,,,7559.75,1,True,pending_beyond_sla
TKT001042,2024-07-11 08:11:00,2024-07-13 08:56:38,2024-07-12 08:11:00,2024-07-11,resolved,high,Refund request,phone,STR002,Boston Mall #2,Southeast,CUS00307,1.0,48.76,48.76,0,True,beyond_sla
TKT001043,2024-04-11 10:06:00,2024-04-13 21:28:08,2024-04-14 10:06:00,2024-04-11,resolved,medium,Refund request,chat,STR011,Los Angeles Mall #11,Northeast,CUS00104,4.0,59.37,59.37,0,False,within_sla
TKT001044,2024-12-09 12:10:00,2024-12-11 05:52:27,2024-12-10 12:10:00,2024-12-09,resolved,high,Store experience,email,STR002,Boston Mall #2,Southeast,CUS00068,1.0,41.71,41.71,0,True,beyond_sla
TKT001045,2024-09-13 11:08:00,2024-09-14 06:04:18,2024-09-16 11:08:00,2024-09-13,resolved,medium,Staff conduct,phone,STR023,Kansas City Mall #23,Midwest,CUS00072,4.0,18.94,18.94,0,False,within_sla
TKT001046,2024-06-17 12:06:00,2024-06-18 10:45:41,2024-06-18 12:06:00,2024-06-17,resolved,high,Pricing dispute,email,STR012,Seattle Mall #12,Southeast,CUS00473,5.0,22.66,22.66,0,False,within_sla
TKT001047,2024-01-24 09:19:00,2024-01-25 03:54:59,2024-01-25 09:19:00,2024-01-24,resolved,high,Pricing dispute,phone,STR014,San Francisco Mall #14,Southwest,CUS00320,3.0,18.6,18.6,0,False,within_sla
TKT001048,2024-09-23 10:04:00,2024-09-26 13:17:16,2024-09-30 10:04:00,2024-09-23,resolved,low,Pricing dispute,chat,STR012,Seattle Mall #12,Southeast,CUS00357,5.0,75.22,75.22,0,False,within_sla
TKT001049,2024-04-21 07:25:00,2024-04-21 11:11:25,2024-04-21 11:25:00,2024-04-21,resolved,critical,Late delivery,chat,STR008,Houston Mall #8,Midwest,CUS00136,4.0,3.77,3.77,0,False,within_sla
TKT001050,2024-03-22 20:39:00,2024-03-27 04:56:47,2024-03-29 20:39:00,2024-03-22,resolved,low,Product defect,social,STR001,New York Downtown #1,Northeast,CUS00422,3.0,104.3,104.3,0,False,within_sla
TKT001051,2024-05-22 19:44:00,2024-05-30 17:51:55,2024-05-25 19:44:00,2024-05-22,resolved,medium,Online order issue,in_store,STR004,Miami Downtown #4,Southwest,CUS00129,1.0,190.13,190.13,0,True,beyond_sla
TKT001052,2024-11-09 11:21:00,,2024-11-12 11:21:00,2024-11-09,escalated,medium,Wrong item,social,STR023,Kansas City Mall #23,Midwest,CUS00435,,,1256.9,1,True,pending_beyond_sla
TKT001053,2024-07-18 08:34:00,2024-07-18 09:35:37,2024-07-25 08:34:00,2024-07-18,resolved,low,Refund request,email,STR018,Minneapolis Mall #18,Midwest,CUS00164,5.0,1.03,1.03,0,False,within_sla
TKT001054,2024-09-30 09:58:00,,2024-10-03 09:58:00,2024-09-30,pending,medium,Store experience,email,STR008,Houston Mall #8,Midwest,CUS00137,,,2218.28,1,True,pending_beyond_sla
TKT001055,2024-01-01 09:11:00,2024-01-06 03:02:07,2024-01-08 09:11:00,2024-01-01,resolved,low,Refund request,chat,STR021,Las Vegas Mall #21,Northeast,CUS00450,5.0,113.85,113.85,0,False,within_sla
TKT001056,2024-07-21 15:13:00,2024-08-07 12:18:36,2024-07-28 15:13:00,2024-07-21,resolved,low,Pricing dispute,email,STR008,Houston Mall #8,Midwest,CUS00347,2.0,405.09,405.09,0,True,beyond_sla
TKT001057,2024-11-12 07:37:00,2024-11-14 17:55:53,2024-11-19 07:37:00,2024-11-12,resolved,low,Online order issue,social,STR010,Denver Downtown #10,West,CUS00037,5.0,58.31,58.31,0,False,within_sla
TKT001058,2024-12-03 15:49:00,2024-12-04 07:11:27,2024-12-04 15:49:00,2024-12-03,resolved,high,Pricing dispute,phone,STR002,Boston Mall #2,Southeast,CUS00215,5.0,15.37,15.37,0,False,within_sla
TKT001059,2024-07-04 18:56:00,2024-07-08 23:55:29,2024-07-11 18:56:00,2024-07-04,resolved,low,Wrong item,in_store,STR018,Minneapolis Mall #18,Midwest,CUS00305,5.0,100.99,100.99,0,False,within_sla
TKT001060,2024-11-13 11:21:00,2024-11-19 00:25:53,2024-11-20 11:21:00,2024-11-13,resolved,low,Refund request,phone,STR016,Nashville Downtown #16,Northeast,CUS00232,5.0,133.08,133.08,0,False,within_sla
TKT001061,2024-01-19 20:05:00,2024-01-22 11:25:28,2024-01-26 20:05:00,2024-01-19,resolved,low,Pricing dispute,chat,STR004,Miami Downtown #4,Southwest,CUS00375,3.0,63.34,63.34,0,False,within_sla
TKT001062,2024-02-22 07:03:00,,2024-02-29 07:03:00,2024-02-22,escalated,low,Refund request,social,STR006,Detroit Mall #6,Northeast,CUS00381,,,7525.2,1,True,pending_beyond_sla
TKT001063,2024-11-06 07:34:00,,2024-11-09 07:34:00,2024-11-06,pending,medium,Online order issue,in_store,STR012,Seattle Mall #12,Southeast,CUS00464,,,1332.68,1,True,pending_beyond_sla
TKT001064,2024-02-02 07:55:00,2024-02-07 13:58:28,2024-02-05 07:55:00,2024-02-02,resolved,medium,Pricing dispute,in_store,STR011,Los Angeles Mall #11,Northeast,CUS00362,2.0,126.06,126.06,0,True,beyond_sla
TKT001065,2024-03-15 16:02:00,2024-03-15 20:58:48,2024-03-15 20:02:00,2024-03-15,closed_unresolved,critical,Wrong item,email,STR022,Orlando Downtown #22,Southeast,CUS00269,1.0,4.95,4.95,0,True,beyond_sla
TKT001066,2024-06-02 11:10:00,,2024-06-03 11:10:00,2024-06-02,escalated,high,Refund request,chat,STR006,Detroit Mall #6,Northeast,CUS00454,,,5097.08,1,True,pending_beyond_sla
TKT001067,2024-09-11 15:44:00,,2024-09-11 19:44:00,2024-09-11,pending,critical,Online order issue,email,STR014,San Francisco Mall #14,Southwest,CUS00134,,,2668.52,1,True,pending_beyond_sla
TKT001068,2024-02-15 17:11:00,2024-02-20 03:21:18,2024-02-22 17:11:00,2024-02-15,resolved,low,Refund request,chat,STR006,Detroit Mall #6,Northeast,CUS00268,5.0,106.17,106.17,0,False,within_sla
TKT001069,2024-10-29 08:13:00,2024-10-31 08:01:37,2024-11-01 08:13:00,2024-10-29,resolved,medium,Store experience,email,STR018,Minneapolis Mall #18,Midwest,CUS00474,4.0,47.81,47.81,0,False,within_sla
TKT001070,2024-06-08 14:38:00,2024-06-11 04:16:48,2024-06-11 14:38:00,2024-06-08,resolved,medium,Late delivery,chat,STR009,Phoenix Mall #9,Southwest,CUS00051,5.0,61.65,61.65,0,False,within_sla
TKT001071,2024-01-24 15:01:00,2024-01-25 22:25:50,2024-01-31 15:01:00,2024-01-24,resolved,low,Staff conduct,phone,STR002,Boston Mall #2,Southeast,CUS00280,5.0,31.41,31.41,0,False,within_sla
TKT001072,2024-02-26 07:09:00,2024-02-26 23:51:12,2024-02-27 07:09:00,2024-02-26,resolved,high,Product defect,phone,STR023,Kansas City Mall #23,Midwest,CUS00038,3.0,16.7,16.7,0,False,within_sla
TKT001073,2024-12-09 18:06:00,,2024-12-12 18:06:00,2024-12-09,pending,medium,Product defect,social,STR010,Denver Downtown #10,West,CUS00311,,,530.15,1,True,pending_beyond_sla
TKT001074,2024-12-24 19:14:00,2024-12-30 11:47:16,2024-12-27 19:14:00,2024-12-24,resolved,medium,Staff conduct,social,STR014,San Francisco Mall #14,Southwest,CUS00237,2.0,136.55,136.55,0,True,beyond_sla
TKT001075,2024-04-14 08:41:00,2024-04-14 20:08:43,2024-04-15 08:41:00,2024-04-14,resolved,high,Staff conduct,phone,STR019,Philadelphia Downtown #19,Southwest,CUS00266,4.0,11.46,11.46,0,False,within_sla
TKT001076,2024-06-07 11:26:00,,2024-06-07 15:26:00,2024-06-07,pending,critical,Wrong item,phone,STR009,Phoenix Mall #9,Southwest,CUS00248,,,4976.82,1,True,pending_beyond_sla
TKT001077,2024-07-08 18:41:00,2024-07-12 10:25:16,2024-07-15 18:41:00,2024-07-08,resolved,low,Wrong item,chat,STR011,Los Angeles Mall #11,Northeast,CUS00449,5.0,87.74,87.74,0,False,within_sla
TKT001078,2024-08-10 18:02:00,2024-08-13 01:02:14,2024-08-13 18:02:00,2024-08-10,resolved,medium,Staff conduct,chat,STR009,Phoenix Mall #9,Southwest,CUS00155,4.0,55.0,55.0,0,False,within_sla
TKT001079,2024-06-01 20:21:00,,2024-06-08 20:21:00,2024-06-01,pending,low,Pricing dispute,chat,STR005,Chicago Mall #5,West,CUS00399,,,5111.9,1,True,pending_beyond_sla
TKT001080,2024-08-13 09:38:00,2024-08-18 10:15:09,2024-08-20 09:38:00,2024-08-13,resolved,low,Refund request,social,STR016,Nashville Downtown #16,Northeast,CUS00183,4.0,120.62,120.62,0,False,within_sla
TKT001081,2024-11-21 12:04:00,2024-11-21 13:32:09,2024-11-21 16:04:00,2024-11-21,resolved,critical,Store experience,chat,STR017,Charlotte Mall #17,Southeast,CUS00019,5.0,1.47,1.47,0,False,within_sla
TKT001082,2024-10-09 19:36:00,2024-10-11 18:54:58,2024-10-12 19:36:00,2024-10-09,resolved,medium,Product defect,email,STR001,New York Downtown #1,Northeast,CUS00047,4.0,47.32,47.32,0,False,within_sla
TKT001083,2024-04-10 16:22:00,2024-04-11 07:35:14,2024-04-11 16:22:00,2024-04-10,resolved,high,Refund request,phone,STR004,Miami Downtown #4,Southwest,CUS00236,4.0,15.22,15.22,0,False,within_sla
TKT001084,2024-06-11 10:31:00,2024-06-13 20:26:20,2024-06-14 10:31:00,2024-06-11,resolved,medium,Store experience,phone,STR006,Detroit Mall #6,Northeast,CUS00032,4.0,57.92,57.92,0,False,within_sla
TKT001085,2024-08-09 13:10:00,,2024-08-12 13:10:00,2024-08-09,pending,medium,Staff conduct,phone,STR009,Phoenix Mall #9,Southwest,CUS00117,,,3463.08,1,True,pending_beyond_sla
TKT001086,2024-04-17 13:16:00,2024-04-19 07:48:42,2024-04-20 13:16:00,2024-04-17,resolved,medium,Product defect,email,STR020,San Diego Mall #20,West,CUS00122,4.0,42.55,42.54,0,False,within_sla
TKT001087,2024-01-16 14:03:00,2024-01-17 01:10:01,2024-01-17 14:03:00,2024-01-16,resolved,high,Store experience,in_store,STR014,San Francisco Mall #14,Southwest,CUS00274,5.0,11.12,11.12,0,False,within_sla
TKT001088,2024-02-18 15:57:00,2024-02-20 00:17:27,2024-02-21 15:57:00,2024-02-18,resolved,medium,Product defect,phone,STR002,Boston Mall #2,Southeast,CUS00358,5.0,32.34,32.34,0,False,within_sla
TKT001089,2024-12-03 08:54:00,2024-12-16 17:09:32,2024-12-10 08:54:00,2024-12-03,resolved,low,Online order issue,chat,STR004,Miami Downtown #4,Southwest,CUS00467,2.0,320.26,320.26,0,True,beyond_sla
TKT001090,2024-12-25 18:47:00,2024-12-28 12:54:44,2024-12-28 18:47:00,2024-12-25,resolved,medium,Pricing dispute,in_store,STR012,Seattle Mall #12,Southeast,CUS00080,5.0,66.13,66.13,0,False,within_sla
TKT001091,2024-04-12 20:40:00,,2024-04-19 20:40:00,2024-04-12,pending,low,Late delivery,chat,STR013,Portland Downtown #13,Midwest,CUS00481,,,6311.58,1,True,pending_beyond_sla
TKT001092,2024-10-31 13:56:00,2024-10-31 19:10:49,2024-10-31 17:56:00,2024-10-31,resolved,critical,Store experience,phone,STR018,Minneapolis Mall #18,Midwest,CUS00459,1.0,5.25,5.25,0,True,beyond_sla
TKT001093,2024-11-02 18:26:00,2024-11-04 22:59:02,2024-11-05 18:26:00,2024-11-02,resolved,medium,Pricing dispute,chat,STR022,Orlando Downtown #22,Southeast,CUS00316,5.0,52.55,52.55,0,False,within_sla
TKT001094,2024-01-16 18:15:00,2024-01-17 15:52:36,2024-01-17 18:15:00,2024-01-16,resolved,high,Wrong item,email,STR001,New York Downtown #1,Northeast,CUS00386,4.0,21.63,21.63,0,False,within_sla
TKT001095,2024-07-01 11:56:00,2024-07-01 13:28:41,2024-07-04 11:56:00,2024-07-01,resolved,medium,Staff conduct,chat,STR011,Los Angeles Mall #11,Northeast,CUS00447,5.0,1.54,1.54,0,False,within_sla
TKT001096,2024-11-06 13:37:00,2024-11-11 11:48:25,2024-11-13 13:37:00,2024-11-06,resolved,low,Staff conduct,social,STR016,Nashville Downtown #16,Northeast,CUS00377,4.0,118.19,118.19,0,False,within_sla
TKT001097,2024-06-18 10:52:00,2024-06-19 03:12:45,2024-06-21 10:52:00,2024-06-18,resolved,medium,Online order issue,email,STR021,Las Vegas Mall #21,Northeast,CUS00080,5.0,16.35,16.35,0,False,within_sla
TKT001098,2024-11-15 08:39:00,2024-11-23 11:16:28,2024-11-18 08:39:00,2024-11-15,resolved,medium,Online order issue,social,STR013,Portland Downtown #13,Midwest,CUS00051,3.0,194.62,194.62,0,True,beyond_sla
TKT001099,2024-10-16 11:35:00,2024-10-17 23:54:02,2024-10-19 11:35:00,2024-10-16,resolved,medium,Product defect,chat,STR022,Orlando Downtown #22,Southeast,CUS00258,4.0,36.32,36.32,0,False,within_sla
TKT001100,2024-11-30 18:41:00,2024-12-01 03:50:13,2024-11-30 22:41:00,2024-11-30,resolved,critical,Late delivery,chat,STR014,San Francisco Mall #14,Southwest,CUS00118,2.0,9.15,9.15,0,True,beyond_sla
TKT001101,2024-08-22 20:03:00,,2024-08-29 20:03:00,2024-08-22,escalated,low,Store experience,email,STR023,Kansas City Mall #23,Midwest,CUS00029,,,3144.2,1,True,pending_beyond_sla
TKT001102,2024-11-05 14:36:00,2024-11-10 04:56:58,2024-11-08 14:36:00,2024-11-05,resolved,medium,Online order issue,phone,STR009,Phoenix Mall #9,Southwest,CUS00356,3.0,110.35,110.35,0,True,beyond_sla
TKT001103,2024-08-11 19:48:00,2024-08-20 09:59:39,2024-08-18 19:48:00,2024-08-11,resolved,low,Refund request,social,STR021,Las Vegas Mall #21,Northeast,CUS00418,2.0,206.19,206.19,0,True,beyond_sla
TKT001104,2024-03-22 10:22:00,2024-03-23 02:09:51,2024-03-25 10:22:00,2024-03-22,resolved,medium,Online order issue,chat,STR021,Las Vegas Mall #21,Northeast,CUS00348,5.0,15.8,15.8,0,False,within_sla
TKT001105,2024-06-23 07:17:00,2024-06-23 19:02:03,2024-06-26 07:17:00,2024-06-23,resolved,medium,Product defect,in_store,STR018,Minneapolis Mall #18,Midwest,CUS00150,3.0,11.75,11.75,0,False,within_sla
TKT001106,2024-05-03 17:31:00,2024-05-05 05:15:43,2024-05-06 17:31:00,2024-05-03,resolved,medium,Product defect,social,STR023,Kansas City Mall #23,Midwest,CUS00288,4.0,35.75,35.75,0,False,within_sla
TKT001107,2024-05-03 12:04:00,,2024-05-06 12:04:00,2024-05-03,pending,medium,Staff conduct,phone,STR010,Denver Downtown #10,West,CUS00168,,,5816.18,1,True,pending_beyond_sla
TKT001108,2024-08-29 14:30:00,,2024-09-01 14:30:00,2024-08-29,escalated,medium,Store experience,chat,STR023,Kansas City Mall #23,Midwest,CUS00187,,,2981.75,1,True,pending_beyond_sla
TKT001109,2024-09-21 15:48:00,2024-09-21 21:22:41,2024-09-24 15:48:00,2024-09-21,resolved,medium,Pricing dispute,social,STR011,Los Angeles Mall #11,Northeast,CUS00353,3.0,5.58,5.58,0,False,within_sla
TKT001110,2024-12-04 09:42:00,,2024-12-07 09:42:00,2024-12-04,pending,medium,Store experience,email,STR015,Austin Mall #15,West,CUS00095,,,658.55,1,True,pending_beyond_sla
TKT001111,2024-01-04 10:49:00,2024-01-22 01:22:47,2024-01-11 10:49:00,2024-01-04,resolved,low,Store experience,in_store,STR020,San Diego Mall #20,West,CUS00249,2.0,422.56,422.56,0,True,beyond_sla
TKT001112,2024-10-29 13:44:00,2024-10-30 10:55:50,2024-10-30 13:44:00,2024-10-29,resolved,high,Online order issue,phone,STR004,Miami Downtown #4,Southwest,CUS00456,4.0,21.2,21.2,0,False,within_sla
TKT001113,2024-12-07 07:48:00,2024-12-08 20:07:36,2024-12-10 07:48:00,2024-12-07,resolved,medium,Online order issue,email,STR014,San Francisco Mall #14,Southwest,CUS00409,4.0,36.33,36.33,0,False,within_sla
TKT001114,2024-12-28 18:32:00,2024-12-29 14:33:31,2024-12-31 18:32:00,2024-12-28,resolved,medium,Online order issue,social,STR016,Nashville Downtown #16,Northeast,CUS00441,4.0,20.03,20.03,0,False,within_sla
TKT001115,2024-07-12 15:43:00,2024-07-13 09:35:40,2024-07-15 15:43:00,2024-07-12,resolved,medium,Staff conduct,social,STR008,Houston Mall #8,Midwest,CUS00342,3.0,17.88,17.88,0,False,within_sla
TKT001116,2024-08-21 17:08:00,2024-08-21 18:12:59,2024-08-21 21:08:00,2024-08-21,resolved,critical,Product defect,phone,STR022,Orlando Downtown #22,Southeast,CUS00478,5.0,1.08,1.08,0,False,within_sla
TKT001117,2024-08-19 17:34:00,2024-08-20 12:14:55,2024-08-26 17:34:00,2024-08-19,resolved,low,Wrong item,phone,STR006,Detroit Mall #6,Northeast,CUS00446,5.0,18.68,18.68,0,False,within_sla
TKT001118,2024-07-16 07:34:00,2024-07-22 17:53:53,2024-07-23 07:34:00,2024-07-16,resolved,low,Staff conduct,in_store,STR004,Miami Downtown #4,Southwest,CUS00337,4.0,154.33,154.33,0,False,within_sla
TKT001119,2024-06-29 17:44:00,2024-07-04 18:24:06,2024-07-06 17:44:00,2024-06-29,resolved,low,Late delivery,in_store,STR008,Houston Mall #8,Midwest,CUS00180,3.0,120.67,120.67,0,False,within_sla
TKT001120,2024-02-11 18:31:00,,2024-02-14 18:31:00,2024-02-11,escalated,medium,Online order issue,social,STR013,Portland Downtown #13,Midwest,CUS00319,,,7777.73,1,True,pending_beyond_sla
TKT001121,2024-02-29 10:18:00,2024-02-29 16:32:26,2024-03-01 10:18:00,2024-02-29,resolved,high,Online order issue,chat,STR002,Boston Mall #2,Southeast,CUS00382,5.0,6.24,6.24,0,False,within_sla
TKT001122,2024-05-05 18:25:00,2024-05-05 23:39:28,2024-05-08 18:25:00,2024-05-05,resolved,medium,Online order issue,phone,STR018,Minneapolis Mall #18,Midwest,CUS00028,3.0,5.24,5.24,0,False,within_sla
TKT001123,2024-03-17 07:16:00,2024-03-17 09:52:37,2024-03-17 11:16:00,2024-03-17,resolved,critical,Pricing dispute,in_store,STR021,Las Vegas Mall #21,Northeast,CUS00329,5.0,2.61,2.61,0,False,within_sla
TKT001124,2024-02-11 15:23:00,2024-02-15 00:50:13,2024-02-18 15:23:00,2024-02-11,resolved,low,Store experience,chat,STR001,New York Downtown #1,Northeast,CUS00462,5.0,81.45,81.45,0,False,within_sla
TKT001125,2024-03-21 16:01:00,2024-03-22 02:16:04,2024-03-22 16:01:00,2024-03-21,resolved,high,Wrong item,phone,STR004,Miami Downtown #4,Southwest,CUS00182,5.0,10.25,10.25,0,False,within_sla
TKT001126,2024-04-19 16:04:00,2024-04-20 22:44:36,2024-04-22 16:04:00,2024-04-19,resolved,medium,Refund request,social,STR015,Austin Mall #15,West,CUS00221,5.0,30.68,30.68,0,False,within_sla
TKT001127,2024-10-05 15:01:00,,2024-10-06 15:01:00,2024-10-05,pending,high,Product defect,social,STR017,Charlotte Mall #17,Southeast,CUS00238,,,2093.23,1,True,pending_beyond_sla
TKT001128,2024-06-13 15:54:00,2024-06-15 00:17:10,2024-06-16 15:54:00,2024-06-13,resolved,medium,Online order issue,social,STR010,Denver Downtown #10,West,CUS00444,4.0,32.39,32.39,0,False,within_sla
TKT001129,2024-08-05 13:25:00,2024-08-05 18:38:57,2024-08-06 13:25:00,2024-08-05,resolved,high,Staff conduct,chat,STR020,San Diego Mall #20,West,CUS00266,5.0,5.23,5.23,0,False,within_sla
TKT001130,2024-06-19 19:24:00,2024-06-23 11:36:52,2024-06-26 19:24:00,2024-06-19,resolved,low,Pricing dispute,phone,STR002,Boston Mall #2,Southeast,CUS00038,4.0,88.21,88.21,0,False,within_sla
TKT001131,2024-10-28 07:58:00,2024-10-30 16:28:07,2024-11-04 07:58:00,2024-10-28,resolved,low,Wrong item,in_store,STR011,Los Angeles Mall #11,Northeast,CUS00141,4.0,56.5,56.5,0,False,within_sla
TKT001132,2024-01-30 14:44:00,2024-02-03 09:47:13,2024-02-06 14:44:00,2024-01-30,resolved,low,Store experience,social,STR016,Nashville Downtown #16,Northeast,CUS00264,5.0,91.05,91.05,0,False,within_sla
TKT001133,2024-04-14 09:34:00,2024-04-15 14:19:58,2024-04-17 09:34:00,2024-04-14,resolved,medium,Pricing dispute,chat,STR017,Charlotte Mall #17,Southeast,CUS00148,5.0,28.77,28.77,0,False,within_sla
TKT001134,2024-11-12 18:44:00,2024-11-13 09:10:47,2024-11-15 18:44:00,2024-11-12,resolved,medium,Product defect,social,STR023,Kansas City Mall #23,Midwest,CUS00335,4.0,14.45,14.45,0,False,within_sla
TKT001135,2024-12-29 11:42:00,2025-01-01 01:28:05,2025-01-01 11:42:00,2024-12-29,resolved,medium,Refund request,social,STR001,New York Downtown #1,Northeast,CUS00325,5.0,61.77,61.77,0,False,within_sla
TKT001136,2024-08-31 16:48:00,2024-09-01 07:12:01,2024-09-03 16:48:00,2024-08-31,resolved,medium,Pricing dispute,chat,STR017,Charlotte Mall #17,Southeast,CUS00036,5.0,14.4,14.4,0,False,within_sla
TKT001137,2024-05-08 09:32:00,2024-05-08 11:24:59,2024-05-09 09:32:00,2024-05-08,resolved,high,Store experience,in_store,STR011,Los Angeles Mall #11,Northeast,CUS00124,3.0,1.88,1.88,0,False,within_sla
TKT001138,2024-07-13 14:44:00,,2024-07-16 14:44:00,2024-07-13,pending,medium,Wrong item,email,STR017,Charlotte Mall #17,Southeast,CUS00166,,,4109.52,1,True,pending_beyond_sla
TKT001139,2024-07-25 16:48:00,,2024-07-25 20:48:00,2024-07-25,escalated,critical,Store experience,social,STR014,San Francisco Mall #14,Southwest,CUS00146,,,3819.45,1,True,pending_beyond_sla
TKT001140,2024-03-21 11:20:00,2024-03-22 22:23:52,2024-03-28 11:20:00,2024-03-21,resolved,low,Store experience,phone,STR011,Los Angeles Mall #11,Northeast,CUS00373,5.0,35.06,35.06,0,False,within_sla
TKT001141,2024-05-31 18:57:00,,2024-05-31 22:57:00,2024-05-31,pending,critical,Late delivery,social,STR017,Charlotte Mall #17,Southeast,CUS00419,,,5137.3,1,True,pending_beyond_sla
TKT001142,2024-05-29 20:28:00,,2024-06-01 20:28:00,2024-05-29,pending,medium,Late delivery,email,STR023,Kansas City Mall #23,Midwest,CUS00223,,,5183.78,1,True,pending_beyond_sla
TKT001143,2024-10-02 17:37:00,2024-10-05 03:32:56,2024-10-09 17:37:00,2024-10-02,resolved,low,Online order issue,email,STR021,Las Vegas Mall #21,Northeast,CUS00237,4.0,57.93,57.93,0,False,within_sla
TKT001144,2024-09-13 10:11:00,,2024-09-20 10:11:00,2024-09-13,pending,low,Pricing dispute,email,STR009,Phoenix Mall #9,Southwest,CUS00125,,,2626.07,1,True,pending_beyond_sla
TKT001145,2024-08-07 14:47:00,2024-08-14 03:24:59,2024-08-14 14:47:00,2024-08-07,resolved,low,Product defect,social,STR021,Las Vegas Mall #21,Northeast,CUS00223,4.0,156.63,156.63,0,False,within_sla
TKT001146,2024-11-09 17:59:00,2024-11-10 15:57:08,2024-11-10 17:59:00,2024-11-09,resolved,high,Store experience,in_store,STR020,San Diego Mall #20,West,CUS00454,5.0,21.97,21.97,0,False,within_sla
TKT001147,2024-11-28 15:05:00,2024-11-30 10:36:01,2024-12-01 15:05:00,2024-11-28,resolved,medium,Product defect,social,STR016,Nashville Downtown #16,Northeast,CUS00421,5.0,43.52,43.52,0,False,within_sla
TKT001148,2024-03-17 18:50:00,2024-04-05 21:16:40,2024-03-24 18:50:00,2024-03-17,resolved,low,Refund request,phone,STR013,Portland Downtown #13,Midwest,CUS00362,3.0,458.44,458.44,0,True,beyond_sla
TKT001149,2024-04-21 10:22:00,,2024-04-22 10:22:00,2024-04-21,pending,high,Wrong item,in_store,STR001,New York Downtown #1,Northeast,CUS00467,,,6105.88,1,True,pending_beyond_sla
TKT001150,2024-06-08 20:02:00,,2024-06-15 20:02:00,2024-06-08,pending,low,Late delivery,email,STR023,Kansas City Mall #23,Midwest,CUS00318,,,4944.22,1,True,pending_beyond_sla
TKT001151,2024-01-19 14:17:00,2024-01-20 04:08:16,2024-01-20 14:17:00,2024-01-19,resolved,high,Wrong item,email,STR010,Denver Downtown #10,West,CUS00445,5.0,13.85,13.85,0,False,within_sla
TKT001152,2024-04-04 07:17:00,2024-04-07 15:56:55,2024-04-07 07:17:00,2024-04-04,resolved,medium,Store experience,phone,STR004,Miami Downtown #4,Southwest,CUS00240,1.0,80.67,80.67,0,True,beyond_sla
TKT001153,2024-01-17 15:44:00,2024-02-01 10:43:13,2024-01-24 15:44:00,2024-01-17,resolved,low,Staff conduct,in_store,STR014,San Francisco Mall #14,Southwest,CUS00098,3.0,354.99,354.99,0,True,beyond_sla
TKT001154,2024-11-29 16:07:00,2024-11-30 08:35:16,2024-11-30 16:07:00,2024-11-29,resolved,high,Late delivery,email,STR019,Philadelphia Downtown #19,Southwest,CUS00321,4.0,16.47,16.47,0,False,within_sla
TKT001155,2024-04-01 07:31:00,2024-04-01 09:34:22,2024-04-04 07:31:00,2024-04-01,resolved,medium,Store experience,phone,STR003,Atlanta Mall #3,Midwest,CUS00056,3.0,2.06,2.06,0,False,within_sla
TKT001156,2024-12-04 09:28:00,2024-12-10 01:32:16,2024-12-07 09:28:00,2024-12-04,closed_unresolved,medium,Online order issue,phone,STR005,Chicago Mall #5,West,CUS00248,2.0,136.07,136.07,0,True,beyond_sla
TKT001157,2024-09-12 19:16:00,2024-09-14 05:49:02,2024-09-15 19:16:00,2024-09-12,resolved,medium,Store experience,social,STR008,Houston Mall #8,Midwest,CUS00139,4.0,34.55,34.55,0,False,within_sla
TKT001158,2024-06-14 08:09:00,2024-06-15 07:14:54,2024-06-17 08:09:00,2024-06-14,resolved,medium,Store experience,in_store,STR005,Chicago Mall #5,West,CUS00155,5.0,23.1,23.1,0,False,within_sla
TKT001159,2024-08-23 11:03:00,2024-09-10 18:00:29,2024-08-30 11:03:00,2024-08-23,resolved,low,Pricing dispute,chat,STR017,Charlotte Mall #17,Southeast,CUS00487,1.0,438.96,438.96,0,True,beyond_sla
TKT001160,2024-03-10 17:15:00,2024-03-11 13:04:56,2024-03-13 17:15:00,2024-03-10,resolved,medium,Staff conduct,email,STR002,Boston Mall #2,Southeast,CUS00153,4.0,19.83,19.83,0,False,within_sla
TKT001161,2024-04-29 16:52:00,2024-05-03 14:58:15,2024-05-02 16:52:00,2024-04-29,resolved,medium,Pricing dispute,in_store,STR018,Minneapolis Mall #18,Midwest,CUS00122,3.0,94.1,94.1,0,True,beyond_sla
TKT001162,2024-01-26 12:57:00,2024-01-27 00:37:13,2024-01-27 12:57:00,2024-01-26,resolved,high,Wrong item,social,STR018,Minneapolis Mall #18,Midwest,CUS00113,4.0,11.67,11.67,0,False,within_sla
TKT001163,2024-04-25 08:52:00,2024-04-28 00:51:24,2024-04-28 08:52:00,2024-04-25,resolved,medium,Product defect,in_store,STR021,Las Vegas Mall #21,Northeast,CUS00126,5.0,63.99,63.99,0,False,within_sla
TKT001164,2024-04-27 12:13:00,2024-05-01 00:24:31,2024-04-30 12:13:00,2024-04-27,resolved,medium,Wrong item,in_store,STR021,Las Vegas Mall #21,Northeast,CUS00334,2.0,84.19,84.19,0,True,beyond_sla
TKT001165,2024-07-21 14:04:00,2024-07-27 00:31:08,2024-07-28 14:04:00,2024-07-21,resolved,low,Staff conduct,social,STR021,Las Vegas Mall #21,Northeast,CUS00001,5.0,130.45,130.45,0,False,within_sla
TKT001166,2024-07-08 15:14:00,2024-07-09 05:12:12,2024-07-11 15:14:00,2024-07-08,resolved,medium,Staff conduct,in_store,STR008,Houston Mall #8,Midwest,CUS00273,3.0,13.97,13.97,0,False,within_sla
TKT001167,2024-08-25 08:59:00,2024-08-27 02:37:07,2024-08-28 08:59:00,2024-08-25,resolved,medium,Late delivery,phone,STR005,Chicago Mall #5,West,CUS00266,3.0,41.64,41.64,0,False,within_sla
TKT001168,2024-04-05 15:17:00,,2024-04-12 15:17:00,2024-04-05,pending,low,Late delivery,social,STR021,Las Vegas Mall #21,Northeast,CUS00363,,,6484.97,1,True,pending_beyond_sla
TKT001169,2024-10-27 18:26:00,2024-11-01 07:55:05,2024-10-30 18:26:00,2024-10-27,resolved,medium,Wrong item,phone,STR005,Chicago Mall #5,West,CUS00247,2.0,109.48,109.48,0,True,beyond_sla
TKT001170,2024-03-13 18:20:00,,2024-03-16 18:20:00,2024-03-13,pending,medium,Wrong item,in_store,STR002,Boston Mall #2,Southeast,CUS00430,,,7033.92,1,True,pending_beyond_sla
TKT001171,2024-12-20 10:45:00,,2024-12-23 10:45:00,2024-12-20,pending,medium,Online order issue,social,STR004,Miami Downtown #4,Southwest,CUS00338,,,273.5,1,True,pending_beyond_sla
TKT001172,2024-03-22 08:07:00,2024-03-22 13:50:53,2024-03-23 08:07:00,2024-03-22,resolved,high,Online order issue,social,STR019,Philadelphia Downtown #19,Southwest,CUS00239,4.0,5.73,5.73,0,False,within_sla
TKT001173,2024-12-27 20:09:00,2024-12-30 09:11:25,2024-12-28 20:09:00,2024-12-27,resolved,high,Late delivery,in_store,STR016,Nashville Downtown #16,Northeast,CUS00192,4.0,61.04,61.04,0,True,beyond_sla
TKT001174,2024-07-29 16:38:00,2024-07-30 06:28:13,2024-07-30 16:38:00,2024-07-29,resolved,high,Product defect,in_store,STR002,Boston Mall #2,Southeast,CUS00359,5.0,13.84,13.84,0,False,within_sla
TKT001175,2024-07-23 14:02:00,2024-07-27 23:26:23,2024-07-30 14:02:00,2024-07-23,resolved,low,Wrong item,in_store,STR020,San Diego Mall #20,West,CUS00136,5.0,105.41,105.41,0,False,within_sla
TKT001176,2024-07-21 16:20:00,2024-07-21 18:23:30,2024-07-24 16:20:00,2024-07-21,resolved,medium,Staff conduct,in_store,STR017,Charlotte Mall #17,Southeast,CUS00252,4.0,2.06,2.06,0,False,within_sla
TKT001177,2024-01-03 15:56:00,,2024-01-04 15:56:00,2024-01-03,pending,high,Product defect,chat,STR021,Las Vegas Mall #21,Northeast,CUS00088,,,8716.32,1,True,pending_beyond_sla
TKT001178,2024-08-15 13:51:00,,2024-08-22 13:51:00,2024-08-15,escalated,low,Pricing dispute,in_store,STR011,Los Angeles Mall #11,Northeast,CUS00234,,,3318.4,1,True,pending_beyond_sla
TKT001179,2024-02-06 10:04:00,,2024-02-13 10:04:00,2024-02-06,pending,low,Refund request,phone,STR022,Orlando Downtown #22,Southeast,CUS00352,,,7906.18,1,True,pending_beyond_sla
TKT001180,2024-03-14 08:07:00,,2024-03-17 08:07:00,2024-03-14,pending,medium,Pricing dispute,email,STR006,Detroit Mall #6,Northeast,CUS00204,,,7020.13,1,True,pending_beyond_sla
TKT001181,2024-06-05 15:02:00,2024-06-05 17:46:56,2024-06-05 19:02:00,2024-06-05,resolved,critical,Online order issue,in_store,STR023,Kansas City Mall #23,Midwest,CUS00126,4.0,2.75,2.75,0,False,within_sla
TKT001182,2024-08-07 12:11:00,2024-08-09 12:53:12,2024-08-10 12:11:00,2024-08-07,resolved,medium,Refund request,chat,STR004,Miami Downtown #4,Southwest,CUS00148,5.0,48.7,48.7,0,False,within_sla
TKT001183,2024-04-22 15:24:00,,2024-04-25 15:24:00,2024-04-22,pending,medium,Refund request,social,STR003,Atlanta Mall #3,Midwest,CUS00132,,,6076.85,1,True,pending_beyond_sla
TKT001184,2024-09-28 11:10:00,2024-09-28 19:08:36,2024-09-29 11:10:00,2024-09-28,resolved,high,Pricing dispute,phone,STR016,Nashville Downtown #16,Northeast,CUS00189,4.0,7.98,7.98,0,False,within_sla
TKT001185,2024-02-03 14:44:00,2024-02-03 22:52:07,2024-02-04 14:44:00,2024-02-03,resolved,high,Late delivery,social,STR006,Detroit Mall #6,Northeast,CUS00049,4.0,8.14,8.14,0,False,within_sla
TKT001186,2024-02-29 18:47:00,2024-03-01 05:23:04,2024-03-01 18:47:00,2024-02-29,resolved,high,Online order issue,email,STR007,Dallas Downtown #7,Southeast,CUS00227,4.0,10.6,10.6,0,False,within_sla
TKT001187,2024-08-21 07:30:00,2024-08-23 06:04:40,2024-08-24 07:30:00,2024-08-21,resolved,medium,Late delivery,chat,STR015,Austin Mall #15,West,CUS00061,4.0,46.58,46.58,0,False,within_sla
TKT001188,2024-03-20 12:36:00,,2024-03-21 12:36:00,2024-03-20,pending,high,Product defect,phone,STR016,Nashville Downtown #16,Northeast,CUS00381,,,6871.65,1,True,pending_beyond_sla
TKT001189,2024-07-31 11:09:00,2024-08-02 15:17:00,2024-08-03 11:09:00,2024-07-31,resolved,medium,Store experience,social,STR008,Houston Mall #8,Midwest,CUS00251,4.0,52.13,52.13,0,False,within_sla
TKT001190,2024-10-05 07:10:00,2024-10-07 14:15:48,2024-10-06 07:10:00,2024-10-05,resolved,high,Staff conduct,email,STR011,Los Angeles Mall #11,Northeast,CUS00374,3.0,55.1,55.1,0,True,beyond_sla
TKT001191,2024-09-12 13:39:00,2024-09-12 20:07:24,2024-09-19 13:39:00,2024-09-12,resolved,low,Wrong item,social,STR020,San Diego Mall #20,West,CUS00070,4.0,6.47,6.47,0,False,within_sla
TKT001192,2024-10-15 12:26:00,2024-10-15 15:48:32,2024-10-16 12:26:00,2024-10-15,resolved,high,Pricing dispute,email,STR023,Kansas City Mall #23,Midwest,CUS00073,4.0,3.38,3.38,0,False,within_sla
TKT001193,2024-10-04 08:03:00,2024-10-05 10:24:04,2024-10-11 08:03:00,2024-10-04,resolved,low,Online order issue,in_store,STR009,Phoenix Mall #9,Southwest,CUS00402,3.0,26.35,26.35,0,False,within_sla
TKT001194,2024-10-09 07:29:00,2024-10-10 06:38:56,2024-10-12 07:29:00,2024-10-09,resolved,medium,Pricing dispute,email,STR001,New York Downtown #1,Northeast,CUS00262,5.0,23.17,23.17,0,False,within_sla
TKT001195,2024-10-22 16:47:00,,2024-10-23 16:47:00,2024-10-22,escalated,high,Staff conduct,chat,STR010,Denver Downtown #10,West,CUS00239,,,1683.47,1,True,pending_beyond_sla
TKT001196,2024-01-24 09:42:00,2024-02-03 00:52:04,2024-01-31 09:42:00,2024-01-24,resolved,low,Refund request,chat,STR021,Las Vegas Mall #21,Northeast,CUS00028,3.0,231.17,231.17,0,True,beyond_sla
TKT001197,2024-10-28 11:45:00,2024-10-31 18:08:58,2024-11-04 11:45:00,2024-10-28,resolved,low,Pricing dispute,social,STR006,Detroit Mall #6,Northeast,CUS00039,4.0,78.4,78.4,0,False,within_sla
TKT001198,2024-10-09 16:25:00,2024-10-10 22:08:56,2024-10-12 16:25:00,2024-10-09,resolved,medium,Wrong item,chat,STR021,Las Vegas Mall #21,Northeast,CUS00201,5.0,29.73,29.73,0,False,within_sla
TKT001199,2024-09-21 17:14:00,2024-09-22 05:36:54,2024-09-22 17:14:00,2024-09-21,resolved,high,Staff conduct,in_store,STR021,Las Vegas Mall #21,Northeast,CUS00234,4.0,12.38,12.38,0,False,within_sla
TKT001200,2024-02-10 08:53:00,2024-02-15 18:31:38,2024-02-17 08:53:00,2024-02-10,resolved,low,Pricing dispute,in_store,STR023,Kansas City Mall #23,Midwest,CUS00172,4.0,129.64,129.64,0,False,within_sla
TKT001201,2024-08-30 16:35:00,2024-08-30 17:44:21,2024-08-30 20:35:00,2024-08-30,resolved,critical,Store experience,social,STR014,San Francisco Mall #14,Southwest,CUS00269,4.0,1.16,1.16,0,False,within_sla
TKT001202,2024-03-18 08:57:00,2024-03-24 09:28:32,2024-03-25 08:57:00,2024-03-18,resolved,low,Staff conduct,phone,STR011,Los Angeles Mall #11,Northeast,CUS00025,4.0,144.53,144.53,0,False,within_sla
TKT001203,2024-07-31 12:10:00,2024-08-02 20:49:38,2024-08-07 12:10:00,2024-07-31,resolved,low,Staff conduct,phone,STR018,Minneapolis Mall #18,Midwest,CUS00125,5.0,56.66,56.66,0,False,within_sla
TKT001204,2024-08-15 17:54:00,2024-08-19 04:48:43,2024-08-22 17:54:00,2024-08-15,resolved,low,Online order issue,chat,STR004,Miami Downtown #4,Southwest,CUS00185,5.0,82.91,82.91,0,False,within_sla
TKT001205,2024-12-03 09:28:00,2024-12-13 09:30:12,2024-12-10 09:28:00,2024-12-03,resolved,low,Pricing dispute,social,STR001,New York Downtown #1,Northeast,CUS00044,2.0,240.04,240.04,0,True,beyond_sla
TKT001206,2024-11-11 10:51:00,2024-11-12 02:51:37,2024-11-14 10:51:00,2024-11-11,resolved,medium,Online order issue,chat,STR019,Philadelphia Downtown #19,Southwest,CUS00304,5.0,16.01,16.01,0,False,within_sla
TKT001207,2024-09-05 12:02:00,2024-09-05 18:53:04,2024-09-08 12:02:00,2024-09-05,resolved,medium,Store experience,email,STR006,Detroit Mall #6,Northeast,CUS00009,5.0,6.85,6.85,0,False,within_sla
TKT001208,2024-12-09 19:29:00,2024-12-13 19:33:52,2024-12-12 19:29:00,2024-12-09,resolved,medium,Refund request,chat,STR001,New York Downtown #1,Northeast,CUS00078,1.0,96.08,96.08,0,True,beyond_sla
TKT001209,2024-10-13 16:48:00,2024-10-13 19:34:21,2024-10-13 20:48:00,2024-10-13,resolved,critical,Product defect,phone,STR009,Phoenix Mall #9,Southwest,CUS00466,3.0,2.77,2.77,0,False,within_sla
TKT001210,2024-06-06 20:54:00,2024-06-18 03:19:08,2024-06-13 20:54:00,2024-06-06,closed_unresolved,low,Product defect,phone,STR014,San Francisco Mall #14,Southwest,CUS00309,3.0,270.42,270.42,0,True,beyond_sla
TKT001211,2024-02-19 09:27:00,,2024-02-20 09:27:00,2024-02-19,pending,high,Store experience,social,STR011,Los Angeles Mall #11,Northeast,CUS00307,,,7594.8,1,True,pending_beyond_sla
TKT001212,2024-12-28 18:40:00,2024-12-29 07:22:36,2024-12-31 18:40:00,2024-12-28,resolved,medium,Product defect,email,STR009,Phoenix Mall #9,Southwest,CUS00332,3.0,12.71,12.71,0,False,within_sla
TKT001213,2024-08-20 07:42:00,,2024-08-23 07:42:00,2024-08-20,escalated,medium,Late delivery,email,STR007,Dallas Downtown #7,Southeast,CUS00008,,,3204.55,1,True,pending_beyond_sla
TKT001214,2024-01-12 14:06:00,,2024-01-19 14:06:00,2024-01-12,escalated,low,Refund request,in_store,STR012,Seattle Mall #12,Southeast,CUS00063,,,8502.15,1,True,pending_beyond_sla
TKT001215,2024-12-18 11:02:00,2024-12-25 17:49:24,2024-12-21 11:02:00,2024-12-18,resolved,medium,Staff conduct,phone,STR017,Charlotte Mall #17,Southeast,CUS00203,2.0,174.79,174.79,0,True,beyond_sla
TKT001216,2024-05-30 10:32:00,2024-05-30 14:15:53,2024-05-30 14:32:00,2024-05-30,resolved,critical,Staff conduct,in_store,STR010,Denver Downtown #10,West,CUS00452,5.0,3.73,3.73,0,False,within_sla
TKT001217,2024-02-01 11:07:00,,2024-02-02 11:07:00,2024-02-01,pending,high,Refund request,in_store,STR010,Denver Downtown #10,West,CUS00371,,,8025.13,1,True,pending_beyond_sla
TKT001218,2024-10-22 10:53:00,2024-10-28 04:21:44,2024-10-29 10:53:00,2024-10-22,resolved,low,Pricing dispute,chat,STR007,Dallas Downtown #7,Southeast,CUS00426,4.0,137.48,137.48,0,False,within_sla
TKT001219,2024-01-29 14:31:00,2024-01-31 21:41:15,2024-02-01 14:31:00,2024-01-29,resolved,medium,Late delivery,email,STR012,Seattle Mall #12,Southeast,CUS00464,3.0,55.17,55.17,0,False,within_sla
TKT001220,2024-06-06 20:05:00,2024-06-07 10:39:46,2024-06-07 20:05:00,2024-06-06,resolved,high,Staff conduct,in_store,STR002,Boston Mall #2,Southeast,CUS00090,4.0,14.58,14.58,0,False,within_sla
TKT001221,2024-10-27 07:39:00,2024-10-27 09:09:58,2024-10-30 07:39:00,2024-10-27,resolved,medium,Late delivery,chat,STR002,Boston Mall #2,Southeast,CUS00314,5.0,1.52,1.52,0,False,within_sla
TKT001222,2024-10-17 14:15:00,2024-10-18 18:17:13,2024-10-20 14:15:00,2024-10-17,resolved,medium,Late delivery,social,STR014,San Francisco Mall #14,Southwest,CUS00423,3.0,28.04,28.04,0,False,within_sla
TKT001223,2024-06-29 15:02:00,,2024-07-02 15:02:00,2024-06-29,pending,medium,Online order issue,email,STR014,San Francisco Mall #14,Southwest,CUS00014,,,4445.22,1,True,pending_beyond_sla
TKT001224,2024-08-13 15:07:00,,2024-08-14 15:07:00,2024-08-13,pending,high,Staff conduct,chat,STR019,Philadelphia Downtown #19,Southwest,CUS00151,,,3365.13,1,True,pending_beyond_sla
TKT001225,2024-11-13 19:00:00,2024-11-28 14:07:23,2024-11-20 19:00:00,2024-11-13,resolved,low,Wrong item,email,STR020,San Diego Mall #20,West,CUS00452,3.0,355.12,355.12,0,True,beyond_sla
TKT001226,2024-04-10 17:49:00,,2024-04-10 21:49:00,2024-04-10,pending,critical,Refund request,in_store,STR004,Miami Downtown #4,Southwest,CUS00140,,,6362.43,1,True,pending_beyond_sla
TKT001227,2024-08-20 19:00:00,,2024-08-21 19:00:00,2024-08-20,pending,high,Online order issue,phone,STR020,San Diego Mall #20,West,CUS00125,,,3193.25,1,True,pending_beyond_sla
TKT001228,2024-07-20 19:10:00,2024-07-25 06:31:36,2024-07-27 19:10:00,2024-07-20,resolved,low,Product defect,social,STR015,Austin Mall #15,West,CUS00384,5.0,107.36,107.36,0,False,within_sla
TKT001229,2024-09-09 13:47:00,2024-09-11 21:05:54,2024-09-12 13:47:00,2024-09-09,resolved,medium,Online order issue,in_store,STR008,Houston Mall #8,Midwest,CUS00039,5.0,55.32,55.32,0,False,within_sla
TKT001230,2024-11-16 20:42:00,2024-11-19 06:00:10,2024-11-19 20:42:00,2024-11-16,resolved,medium,Store experience,email,STR011,Los Angeles Mall #11,Northeast,CUS00396,5.0,57.3,57.3,0,False,within_sla
TKT001231,2024-04-07 16:00:00,2024-04-11 07:55:11,2024-04-14 16:00:00,2024-04-07,resolved,low,Late delivery,social,STR018,Minneapolis Mall #18,Midwest,CUS00008,5.0,87.92,87.92,0,False,within_sla
TKT001232,2024-11-08 11:49:00,2024-11-08 18:02:15,2024-11-09 11:49:00,2024-11-08,resolved,high,Wrong item,chat,STR017,Charlotte Mall #17,Southeast,CUS00363,5.0,6.22,6.22,0,False,within_sla
TKT001233,2024-03-09 08:24:00,2024-03-16 21:21:53,2024-03-16 08:24:00,2024-03-09,resolved,low,Pricing dispute,email,STR013,Portland Downtown #13,Midwest,CUS00150,4.0,180.96,180.96,0,True,beyond_sla
TKT001234,2024-09-23 17:48:00,,2024-09-26 17:48:00,2024-09-23,pending,medium,Staff conduct,chat,STR010,Denver Downtown #10,West,CUS00481,,,2378.45,1,True,pending_beyond_sla
TKT001235,2024-09-03 12:37:00,2024-09-05 13:43:55,2024-09-10 12:37:00,2024-09-03,resolved,low,Staff conduct,social,STR017,Charlotte Mall #17,Southeast,CUS00048,4.0,49.12,49.12,0,False,within_sla
TKT001236,2024-07-27 10:14:00,2024-07-31 17:04:35,2024-08-03 10:14:00,2024-07-27,resolved,low,Store experience,email,STR011,Los Angeles Mall #11,Northeast,CUS00341,5.0,102.84,102.84,0,False,within_sla
TKT001237,2024-11-18 18:33:00,,2024-11-21 18:33:00,2024-11-18,pending,medium,Refund request,chat,STR001,New York Downtown #1,Northeast,CUS00229,,,1033.7,1,True,pending_beyond_sla
TKT001238,2024-07-23 10:35:00,2024-07-24 02:40:21,2024-07-24 10:35:00,2024-07-23,resolved,high,Online order issue,in_store,STR006,Detroit Mall #6,Northeast,CUS00042,5.0,16.09,16.09,0,False,within_sla
TKT001239,2024-03-29 15:17:00,2024-03-29 21:29:22,2024-04-05 15:17:00,2024-03-29,resolved,low,Store experience,phone,STR010,Denver Downtown #10,West,CUS00277,5.0,6.21,6.21,0,False,within_sla
TKT001240,2024-04-29 16:35:00,2024-05-04 22:45:29,2024-05-02 16:35:00,2024-04-29,resolved,medium,Pricing dispute,chat,STR006,Detroit Mall #6,Northeast,CUS00192,1.0,126.17,126.17,0,True,beyond_sla
TKT001241,2024-08-24 19:55:00,2024-08-31 17:27:55,2024-08-27 19:55:00,2024-08-24,resolved,medium,Late delivery,chat,STR012,Seattle Mall #12,Southeast,CUS00420,2.0,165.55,165.55,0,True,beyond_sla
TKT001242,2024-02-12 12:32:00,2024-02-12 13:43:54,2024-02-13 12:32:00,2024-02-12,resolved,high,Late delivery,phone,STR018,Minneapolis Mall #18,Midwest,CUS00263,5.0,1.2,1.2,0,False,within_sla
TKT001243,2024-10-10 17:31:00,,2024-10-13 17:31:00,2024-10-10,pending,medium,Store experience,in_store,STR006,Detroit Mall #6,Northeast,CUS00107,,,1970.73,1,True,pending_beyond_sla
TKT001244,2024-01-24 11:16:00,2024-01-30 01:53:59,2024-01-31 11:16:00,2024-01-24,resolved,low,Store experience,in_store,STR010,Denver Downtown #10,West,CUS00277,5.0,134.63,134.63,0,False,within_sla
TKT001245,2024-05-24 13:15:00,2024-06-01 19:02:00,2024-05-31 13:15:00,2024-05-24,closed_unresolved,low,Wrong item,in_store,STR016,Nashville Downtown #16,Northeast,CUS00219,1.0,197.78,197.78,0,True,beyond_sla
TKT001246,2024-10-27 14:14:00,2024-10-30 20:09:52,2024-11-03 14:14:00,2024-10-27,resolved,low,Wrong item,email,STR018,Minneapolis Mall #18,Midwest,CUS00049,5.0,77.93,77.93,0,False,within_sla
TKT001247,2024-12-02 20:20:00,2024-12-07 03:58:26,2024-12-05 20:20:00,2024-12-02,resolved,medium,Late delivery,in_store,STR017,Charlotte Mall #17,Southeast,CUS00194,2.0,103.64,103.64,0,True,beyond_sla
TKT001248,2024-03-27 14:18:00,2024-03-29 11:15:00,2024-03-30 14:18:00,2024-03-27,resolved,medium,Wrong item,social,STR001,New York Downtown #1,Northeast,CUS00039,4.0,44.95,44.95,0,False,within_sla
TKT001249,2024-12-21 20:51:00,2024-12-25 11:30:27,2024-12-28 20:51:00,2024-12-21,resolved,low,Store experience,phone,STR016,Nashville Downtown #16,Northeast,CUS00486,5.0,86.66,86.66,0,False,within_sla
TKT001250,2024-12-02 15:22:00,,2024-12-09 15:22:00,2024-12-02,escalated,low,Late delivery,in_store,STR023,Kansas City Mall #23,Midwest,CUS00426,,,700.88,1,True,pending_beyond_sla
TKT001251,2024-04-17 13:34:00,2024-04-20 14:22:49,2024-04-24 13:34:00,2024-04-17,resolved,low,Late delivery,phone,STR019,Philadelphia Downtown #19,Southwest,CUS00411,3.0,72.81,72.81,0,False,within_sla
TKT001252,2024-12-29 13:39:00,2025-01-03 20:52:00,2025-01-05 13:39:00,2024-12-29,resolved,low,Product defect,in_store,STR007,Dallas Downtown #7,Southeast,CUS00482,5.0,127.22,127.22,0,False,within_sla
TKT001253,2024-06-24 09:09:00,2024-06-24 18:56:25,2024-06-27 09:09:00,2024-06-24,resolved,medium,Staff conduct,email,STR007,Dallas Downtown #7,Southeast,CUS00051,4.0,9.79,9.79,0,False,within_sla
TKT001254,2024-04-26 08:10:00,2024-04-26 13:05:32,2024-04-26 12:10:00,2024-04-26,resolved,critical,Pricing dispute,email,STR021,Las Vegas Mall #21,Northeast,CUS00318,3.0,4.93,4.93,0,True,beyond_sla
TKT001255,2024-03-30 08:44:00,2024-03-30 11:58:50,2024-04-02 08:44:00,2024-03-30,resolved,medium,Product defect,social,STR020,San Diego Mall #20,West,CUS00026,4.0,3.25,3.25,0,False,within_sla
TKT001256,2024-07-20 10:04:00,2024-08-06 15:29:33,2024-07-27 10:04:00,2024-07-20,resolved,low,Wrong item,chat,STR015,Austin Mall #15,West,CUS00433,4.0,413.43,413.43,0,True,beyond_sla
TKT001257,2024-05-08 13:46:00,2024-05-08 18:33:23,2024-05-09 13:46:00,2024-05-08,resolved,high,Online order issue,email,STR020,San Diego Mall #20,West,CUS00193,4.0,4.79,4.79,0,False,within_sla
TKT001258,2024-05-21 14:30:00,2024-05-22 13:00:07,2024-05-28 14:30:00,2024-05-21,resolved,low,Online order issue,phone,STR018,Minneapolis Mall #18,Midwest,CUS00205,3.0,22.5,22.5,0,False,within_sla
TKT001259,2024-03-11 09:47:00,2024-03-12 10:20:04,2024-03-14 09:47:00,2024-03-11,resolved,medium,Wrong item,phone,STR003,Atlanta Mall #3,Midwest,CUS00278,4.0,24.55,24.55,0,False,within_sla
TKT001260,2024-07-07 14:25:00,2024-07-09 06:23:52,2024-07-10 14:25:00,2024-07-07,resolved,medium,Refund request,phone,STR011,Los Angeles Mall #11,Northeast,CUS00396,5.0,39.98,39.98,0,False,within_sla
TKT001261,2024-03-27 18:38:00,2024-03-29 13:33:53,2024-03-30 18:38:00,2024-03-27,resolved,medium,Wrong item,phone,STR022,Orlando Downtown #22,Southeast,CUS00279,5.0,42.93,42.93,0,False,within_sla
TKT001262,2024-07-23 17:46:00,2024-07-23 23:09:51,2024-07-23 21:46:00,2024-07-23,closed_unresolved,critical,Staff conduct,chat,STR021,Las Vegas Mall #21,Northeast,CUS00287,2.0,5.4,5.4,0,True,beyond_sla
TKT001263,2024-02-07 20:30:00,2024-02-09 11:40:31,2024-02-10 20:30:00,2024-02-07,resolved,medium,Wrong item,social,STR002,Boston Mall #2,Southeast,CUS00259,4.0,39.18,39.18,0,False,within_sla
TKT001264,2024-12-01 10:15:00,2024-12-02 00:21:20,2024-12-04 10:15:00,2024-12-01,resolved,medium,Pricing dispute,chat,STR003,Atlanta Mall #3,Midwest,CUS00002,4.0,14.11,14.11,0,False,within_sla
TKT001265,2024-10-28 17:27:00,2024-10-28 20:53:25,2024-10-28 21:27:00,2024-10-28,resolved,critical,Late delivery,in_store,STR004,Miami Downtown #4,Southwest,CUS00193,5.0,3.44,3.44,0,False,within_sla
TKT001266,2024-08-16 18:26:00,2024-08-17 06:05:02,2024-08-17 18:26:00,2024-08-16,resolved,high,Store experience,chat,STR011,Los Angeles Mall #11,Northeast,CUS00440,4.0,11.65,11.65,0,False,within_sla
TKT001267,2024-04-10 07:18:00,,2024-04-10 11:18:00,2024-04-10,escalated,critical,Pricing dispute,in_store,STR003,Atlanta Mall #3,Midwest,CUS00436,,,6372.95,1,True,pending_beyond_sla
TKT001268,2024-06-24 12:31:00,,2024-07-01 12:31:00,2024-06-24,escalated,low,Pricing dispute,chat,STR016,Nashville Downtown #16,Northeast,CUS00189,,,4567.73,1,True,pending_beyond_sla
TKT001269,2024-12-25 18:09:00,2024-12-25 22:08:38,2024-12-26 18:09:00,2024-12-25,resolved,high,Refund request,chat,STR023,Kansas City Mall #23,Midwest,CUS00192,5.0,3.99,3.99,0,False,within_sla
TKT001270,2024-11-08 07:39:00,2024-11-14 00:38:43,2024-11-15 07:39:00,2024-11-08,resolved,low,Staff conduct,email,STR009,Phoenix Mall #9,Southwest,CUS00087,4.0,137.0,137.0,0,False,within_sla
TKT001271,2024-05-28 19:48:00,2024-05-31 03:14:40,2024-05-29 19:48:00,2024-05-28,resolved,high,Pricing dispute,email,STR014,San Francisco Mall #14,Southwest,CUS00390,3.0,55.44,55.44,0,True,beyond_sla
TKT001272,2024-10-31 09:46:00,2024-11-08 00:31:39,2024-11-03 09:46:00,2024-10-31,resolved,medium,Wrong item,social,STR008,Houston Mall #8,Midwest,CUS00175,3.0,182.76,182.76,0,True,beyond_sla
TKT001273,2024-05-11 20:17:00,2024-05-13 09:32:01,2024-05-18 20:17:00,2024-05-11,resolved,low,Refund request,phone,STR017,Charlotte Mall #17,Southeast,CUS00411,5.0,37.25,37.25,0,False,within_sla
TKT001274,2024-04-24 12:50:00,2024-04-26 18:56:00,2024-05-01 12:50:00,2024-04-24,resolved,low,Pricing dispute,email,STR003,Atlanta Mall #3,Midwest,CUS00477,4.0,54.1,54.1,0,False,within_sla
TKT001275,2024-09-09 19:11:00,2024-09-10 13:37:20,2024-09-12 19:11:00,2024-09-09,resolved,medium,Store experience,chat,STR003,Atlanta Mall #3,Midwest,CUS00210,5.0,18.44,18.44,0,False,within_sla
TKT001276,2024-11-26 11:09:00,2024-12-08 22:04:49,2024-12-03 11:09:00,2024-11-26,resolved,low,Wrong item,chat,STR003,Atlanta Mall #3,Midwest,CUS00328,3.0,298.93,298.93,0,True,beyond_sla
TKT001277,2024-10-18 17:17:00,2024-10-18 18:02:02,2024-10-18 21:17:00,2024-10-18,resolved,critical,Pricing dispute,chat,STR009,Phoenix Mall #9,Southwest,CUS00265,5.0,0.75,0.75,0,False,within_sla
TKT001278,2024-02-20 09:43:00,,2024-02-23 09:43:00,2024-02-20,escalated,medium,Wrong item,chat,STR014,San Francisco Mall #14,Southwest,CUS00432,,,7570.53,1,True,pending_beyond_sla
TKT001279,2024-09-11 20:23:00,2024-09-13 20:40:50,2024-09-18 20:23:00,2024-09-11,resolved,low,Staff conduct,phone,STR010,Denver Downtown #10,West,CUS00004,5.0,48.3,48.3,0,False,within_sla
TKT001280,2024-10-25 11:50:00,2024-10-25 20:28:39,2024-10-26 11:50:00,2024-10-25,resolved,high,Staff conduct,email,STR021,Las Vegas Mall #21,Northeast,CUS00423,4.0,8.64,8.64,0,False,within_sla
TKT001281,2024-01-26 18:24:00,2024-01-27 19:49:59,2024-01-29 18:24:00,2024-01-26,resolved,medium,Refund request,social,STR006,Detroit Mall #6,Northeast,CUS00473,5.0,25.43,25.43,0,False,within_sla
TKT001282,2024-04-15 14:52:00,2024-04-16 13:02:51,2024-04-18 14:52:00,2024-04-15,resolved,medium,Product defect,social,STR011,Los Angeles Mall #11,Northeast,CUS00357,4.0,22.18,22.18,0,False,within_sla
TKT001283,2024-02-13 10:31:00,2024-02-14 03:23:41,2024-02-14 10:31:00,2024-02-13,resolved,high,Wrong item,in_store,STR012,Seattle Mall #12,Southeast,CUS00172,4.0,16.88,16.88,0,False,within_sla
TKT001284,2024-01-29 13:08:00,2024-01-29 14:20:33,2024-01-29 17:08:00,2024-01-29,resolved,critical,Store experience,social,STR022,Orlando Downtown #22,Southeast,CUS00077,4.0,1.21,1.21,0,False,within_sla
TKT001285,2024-12-12 07:13:00,,2024-12-19 07:13:00,2024-12-12,pending,low,Wrong item,phone,STR020,San Diego Mall #20,West,CUS00259,,,469.03,1,True,pending_beyond_sla
TKT001286,2024-11-24 15:31:00,2024-11-26 20:14:58,2024-11-27 15:31:00,2024-11-24,resolved,medium,Staff conduct,in_store,STR008,Houston Mall #8,Midwest,CUS00423,5.0,52.73,52.73,0,False,within_sla
TKT001287,2024-10-21 07:48:00,2024-10-21 17:33:03,2024-10-24 07:48:00,2024-10-21,resolved,medium,Pricing dispute,social,STR012,Seattle Mall #12,Southeast,CUS00146,4.0,9.75,9.75,0,False,within_sla
TKT001288,2024-01-11 12:36:00,2024-01-12 14:07:59,2024-01-18 12:36:00,2024-01-11,resolved,low,Late delivery,social,STR013,Portland Downtown #13,Midwest,CUS00190,4.0,25.53,25.53,0,False,within_sla
TKT001289,2024-09-16 15:12:00,2024-09-17 23:45:18,2024-09-19 15:12:00,2024-09-16,resolved,medium,Online order issue,chat,STR022,Orlando Downtown #22,Southeast,CUS00295,5.0,32.56,32.56,0,False,within_sla
TKT001290,2024-06-28 12:47:00,,2024-07-01 12:47:00,2024-06-28,pending,medium,Staff conduct,chat,STR002,Boston Mall #2,Southeast,CUS00399,,,4471.47,1,True,pending_beyond_sla
TKT001291,2024-08-30 17:15:00,2024-09-01 05:14:42,2024-09-02 17:15:00,2024-08-30,resolved,medium,Online order issue,in_store,STR006,Detroit Mall #6,Northeast,CUS00087,4.0,36.0,35.99,0,False,within_sla
TKT001292,2024-04-28 19:44:00,,2024-05-05 19:44:00,2024-04-28,pending,low,Product defect,email,STR011,Los Angeles Mall #11,Northeast,CUS00130,,,5928.52,1,True,pending_beyond_sla
TKT001293,2024-03-09 18:22:00,2024-03-13 16:32:03,2024-03-16 18:22:00,2024-03-09,resolved,low,Online order issue,social,STR004,Miami Downtown #4,Southwest,CUS00088,3.0,94.17,94.17,0,False,within_sla
TKT001294,2024-07-03 13:05:00,2024-07-04 17:18:04,2024-07-06 13:05:00,2024-07-03,resolved,medium,Pricing dispute,social,STR016,Nashville Downtown #16,Northeast,CUS00074,4.0,28.22,28.22,0,False,within_sla
TKT001295,2024-12-27 17:11:00,2024-12-29 07:48:45,2024-12-30 17:11:00,2024-12-27,resolved,medium,Product defect,in_store,STR001,New York Downtown #1,Northeast,CUS00127,5.0,38.63,38.63,0,False,within_sla
TKT001296,2024-07-07 12:52:00,2024-07-07 13:28:22,2024-07-07 16:52:00,2024-07-07,resolved,critical,Wrong item,email,STR010,Denver Downtown #10,West,CUS00384,5.0,0.61,0.61,0,False,within_sla
TKT001297,2024-06-24 07:30:00,2024-06-25 09:43:42,2024-07-01 07:30:00,2024-06-24,resolved,low,Pricing dispute,chat,STR018,Minneapolis Mall #18,Midwest,CUS00091,4.0,26.23,26.23,0,False,within_sla
TKT001298,2024-11-16 12:31:00,2024-11-16 16:25:54,2024-11-19 12:31:00,2024-11-16,resolved,medium,Pricing dispute,chat,STR010,Denver Downtown #10,West,CUS00424,5.0,3.92,3.92,0,False,within_sla
TKT001299,2024-11-20 17:58:00,2024-11-20 20:59:51,2024-11-27 17:58:00,2024-11-20,resolved,low,Pricing dispute,chat,STR006,Detroit Mall #6,Northeast,CUS00231,5.0,3.03,3.03,0,False,within_sla
TKT001300,2024-08-03 14:29:00,2024-08-09 12:54:35,2024-08-10 14:29:00,2024-08-03,resolved,low,Late delivery,in_store,STR008,Houston Mall #8,Midwest,CUS00352,5.0,142.43,142.43,0,False,within_sla
TKT001301,2024-10-30 14:53:00,,2024-11-06 14:53:00,2024-10-30,escalated,low,Product defect,social,STR002,Boston Mall #2,Southeast,CUS00078,,,1493.37,1,True,pending_beyond_sla
TKT001302,2024-10-29 15:36:00,2024-10-31 13:20:44,2024-11-05 15:36:00,2024-10-29,resolved,low,Product defect,in_store,STR019,Philadelphia Downtown #19,Southwest,CUS00010,5.0,45.75,45.75,0,False,within_sla
TKT001303,2024-04-27 15:06:00,2024-04-30 10:48:01,2024-04-30 15:06:00,2024-04-27,resolved,medium,Late delivery,in_store,STR007,Dallas Downtown #7,Southeast,CUS00189,5.0,67.7,67.7,0,False,within_sla
TKT001304,2024-08-21 16:48:00,2024-08-23 08:26:34,2024-08-24 16:48:00,2024-08-21,resolved,medium,Online order issue,in_store,STR015,Austin Mall #15,West,CUS00302,4.0,39.64,39.64,0,False,within_sla
TKT001305,2024-04-14 11:03:00,2024-04-14 11:36:07,2024-04-15 11:03:00,2024-04-14,resolved,high,Refund request,social,STR012,Seattle Mall #12,Southeast,CUS00028,5.0,0.55,0.55,0,False,within_sla
TKT001306,2024-11-14 16:40:00,2024-11-15 16:56:58,2024-11-21 16:40:00,2024-11-14,resolved,low,Refund request,chat,STR002,Boston Mall #2,Southeast,CUS00378,5.0,24.28,24.28,0,False,within_sla
TKT001307,2024-01-25 15:37:00,2024-01-29 15:03:00,2024-01-28 15:37:00,2024-01-25,resolved,medium,Product defect,in_store,STR001,New York Downtown #1,Northeast,CUS00085,1.0,95.43,95.43,0,True,beyond_sla
TKT001308,2024-08-17 11:29:00,2024-08-30 20:17:25,2024-08-24 11:29:00,2024-08-17,resolved,low,Online order issue,in_store,STR001,New York Downtown #1,Northeast,CUS00292,2.0,320.81,320.81,0,True,beyond_sla
TKT001309,2024-09-10 17:46:00,,2024-09-17 17:46:00,2024-09-10,pending,low,Online order issue,email,STR007,Dallas Downtown #7,Southeast,CUS00389,,,2690.48,1,True,pending_beyond_sla
TKT001310,2024-03-02 18:32:00,2024-03-03 09:27:03,2024-03-05 18:32:00,2024-03-02,resolved,medium,Wrong item,chat,STR006,Detroit Mall #6,Northeast,CUS00350,3.0,14.92,14.92,0,False,within_sla
TKT001311,2024-01-03 15:24:00,2024-01-03 19:39:01,2024-01-04 15:24:00,2024-01-03,resolved,high,Staff conduct,email,STR015,Austin Mall #15,West,CUS00059,4.0,4.25,4.25,0,False,within_sla
TKT001312,2024-09-15 18:50:00,2024-10-02 16:37:26,2024-09-22 18:50:00,2024-09-15,resolved,low,Wrong item,email,STR023,Kansas City Mall #23,Midwest,CUS00362,2.0,405.79,405.79,0,True,beyond_sla
TKT001313,2024-02-21 08:22:00,2024-02-21 18:22:46,2024-02-28 08:22:00,2024-02-21,resolved,low,Online order issue,phone,STR013,Portland Downtown #13,Midwest,CUS00004,4.0,10.01,10.01,0,False,within_sla
TKT001314,2024-10-18 19:54:00,,2024-10-25 19:54:00,2024-10-18,pending,low,Online order issue,in_store,STR010,Denver Downtown #10,West,CUS00423,,,1776.35,1,True,pending_beyond_sla
TKT001315,2024-12-11 18:41:00,2024-12-14 03:55:12,2024-12-18 18:41:00,2024-12-11,resolved,low,Store experience,in_store,STR009,Phoenix Mall #9,Southwest,CUS00032,5.0,57.24,57.24,0,False,within_sla
TKT001316,2024-01-16 17:57:00,2024-01-18 07:56:48,2024-01-19 17:57:00,2024-01-16,resolved,medium,Product defect,email,STR011,Los Angeles Mall #11,Northeast,CUS00273,5.0,38.0,38.0,0,False,within_sla
TKT001317,2024-10-22 13:37:00,2024-10-22 20:13:41,2024-10-22 17:37:00,2024-10-22,resolved,critical,Online order issue,social,STR011,Los Angeles Mall #11,Northeast,CUS00480,1.0,6.61,6.61,0,True,beyond_sla
TKT001318,2024-01-09 19:13:00,2024-01-09 22:57:52,2024-01-16 19:13:00,2024-01-09,resolved,low,Online order issue,phone,STR013,Portland Downtown #13,Midwest,CUS00444,4.0,3.75,3.75,0,False,within_sla
TKT001319,2024-03-15 20:43:00,,2024-03-22 20:43:00,2024-03-15,pending,low,Pricing dispute,social,STR008,Houston Mall #8,Midwest,CUS00401,,,6983.53,1,True,pending_beyond_sla
TKT001320,2024-09-30 20:37:00,2024-10-01 21:49:18,2024-10-03 20:37:00,2024-09-30,resolved,medium,Late delivery,email,STR010,Denver Downtown #10,West,CUS00059,4.0,25.21,25.2,0,False,within_sla
TKT001321,2024-10-01 09:58:00,2024-10-01 14:53:29,2024-10-01 13:58:00,2024-10-01,resolved,critical,Online order issue,phone,STR023,Kansas City Mall #23,Midwest,CUS00197,1.0,4.92,4.92,0,True,beyond_sla
TKT001322,2024-09-29 18:03:00,2024-09-29 21:14:52,2024-09-29 22:03:00,2024-09-29,resolved,critical,Pricing dispute,phone,STR015,Austin Mall #15,West,CUS00045,5.0,3.2,3.2,0,False,within_sla
TKT001323,2024-03-14 12:18:00,2024-03-18 23:29:34,2024-03-17 12:18:00,2024-03-14,closed_unresolved,medium,Pricing dispute,social,STR013,Portland Downtown #13,Midwest,CUS00235,1.0,107.19,107.19,0,True,beyond_sla
TKT001324,2024-02-18 17:45:00,2024-02-19 16:32:52,2024-02-19 17:45:00,2024-02-18,resolved,high,Store experience,email,STR008,Houston Mall #8,Midwest,CUS00194,5.0,22.8,22.8,0,False,within_sla
TKT001325,2024-08-21 08:24:00,,2024-08-24 08:24:00,2024-08-21,escalated,medium,Pricing dispute,phone,STR010,Denver Downtown #10,West,CUS00495,,,3179.85,1,True,pending_beyond_sla
TKT001326,2024-11-25 12:41:00,2024-11-26 10:46:50,2024-11-28 12:41:00,2024-11-25,resolved,medium,Online order issue,email,STR017,Charlotte Mall #17,Southeast,CUS00010,5.0,22.1,22.1,0,False,within_sla
TKT001327,2024-07-11 11:38:00,2024-07-16 02:55:59,2024-07-18 11:38:00,2024-07-11,resolved,low,Refund request,social,STR009,Phoenix Mall #9,Southwest,CUS00015,3.0,111.3,111.3,0,False,within_sla
TKT001328,2024-08-01 10:21:00,2024-08-02 06:25:27,2024-08-02 10:21:00,2024-08-01,resolved,high,Store experience,email,STR023,Kansas City Mall #23,Midwest,CUS00365,5.0,20.07,20.07,0,False,within_sla
TKT001329,2024-01-25 12:49:00,2024-01-26 04:22:41,2024-01-28 12:49:00,2024-01-25,resolved,medium,Refund request,chat,STR015,Austin Mall #15,West,CUS00255,4.0,15.56,15.56,0,False,within_sla
TKT001330,2024-06-20 11:34:00,2024-06-20 21:13:25,2024-06-20 15:34:00,2024-06-20,resolved,critical,Online order issue,email,STR003,Atlanta Mall #3,Midwest,CUS00401,2.0,9.66,9.66,0,True,beyond_sla
TKT001331,2024-09-24 09:11:00,2024-09-26 17:40:21,2024-10-01 09:11:00,2024-09-24,resolved,low,Pricing dispute,chat,STR014,San Francisco Mall #14,Southwest,CUS00018,4.0,56.49,56.49,0,False,within_sla
TKT001332,2024-03-28 14:43:00,2024-03-31 01:07:02,2024-03-29 14:43:00,2024-03-28,resolved,high,Staff conduct,social,STR013,Portland Downtown #13,Midwest,CUS00361,1.0,58.4,58.4,0,True,beyond_sla
TKT001333,2024-09-16 20:00:00,2024-09-29 20:56:35,2024-09-23 20:00:00,2024-09-16,resolved,low,Late delivery,chat,STR001,New York Downtown #1,Northeast,CUS00078,4.0,312.94,312.94,0,True,beyond_sla
TKT001334,2024-10-14 15:56:00,2024-10-27 05:04:38,2024-10-21 15:56:00,2024-10-14,resolved,low,Pricing dispute,chat,STR021,Las Vegas Mall #21,Northeast,CUS00123,3.0,301.14,301.14,0,True,beyond_sla
TKT001335,2024-08-03 17:01:00,2024-08-09 09:40:21,2024-08-10 17:01:00,2024-08-03,resolved,low,Product defect,social,STR006,Detroit Mall #6,Northeast,CUS00118,4.0,136.66,136.66,0,False,within_sla
TKT001336,2024-01-24 15:22:00,2024-01-26 21:10:14,2024-01-27 15:22:00,2024-01-24,resolved,medium,Online order issue,in_store,STR012,Seattle Mall #12,Southeast,CUS00407,4.0,53.8,53.8,0,False,within_sla
TKT001337,2024-10-17 19:31:00,2024-10-22 23:56:53,2024-10-24 19:31:00,2024-10-17,resolved,low,Wrong item,chat,STR007,Dallas Downtown #7,Southeast,CUS00053,3.0,124.43,124.43,0,False,within_sla
TKT001338,2024-03-13 20:30:00,2024-03-17 16:29:40,2024-03-20 20:30:00,2024-03-13,resolved,low,Late delivery,in_store,STR006,Detroit Mall #6,Northeast,CUS00250,3.0,91.99,91.99,0,False,within_sla
TKT001339,2024-09-17 07:07:00,2024-10-03 22:31:45,2024-09-24 07:07:00,2024-09-17,resolved,low,Wrong item,phone,STR013,Portland Downtown #13,Midwest,CUS00058,2.0,399.41,399.41,0,True,beyond_sla
TKT001340,2024-05-29 11:50:00,2024-06-10 19:34:33,2024-06-05 11:50:00,2024-05-29,resolved,low,Late delivery,email,STR001,New York Downtown #1,Northeast,CUS00395,4.0,295.74,295.74,0,True,beyond_sla
TKT001341,2024-12-12 09:34:00,2024-12-13 15:34:26,2024-12-13 09:34:00,2024-12-12,closed_unresolved,high,Wrong item,phone,STR023,Kansas City Mall #23,Midwest,CUS00057,2.0,30.01,30.01,0,True,beyond_sla
TKT001342,2024-07-18 18:00:00,2024-07-21 02:28:40,2024-07-21 18:00:00,2024-07-18,resolved,medium,Pricing dispute,in_store,STR001,New York Downtown #1,Northeast,CUS00337,5.0,56.48,56.48,0,False,within_sla
TKT001343,2024-03-06 09:44:00,2024-03-06 17:26:03,2024-03-07 09:44:00,2024-03-06,resolved,high,Pricing dispute,chat,STR023,Kansas City Mall #23,Midwest,CUS00034,4.0,7.7,7.7,0,False,within_sla
TKT001344,2024-01-31 20:33:00,2024-02-01 13:47:19,2024-02-03 20:33:00,2024-01-31,resolved,medium,Wrong item,in_store,STR006,Detroit Mall #6,Northeast,CUS00125,5.0,17.24,17.24,0,False,within_sla
TKT001345,2024-09-01 12:17:00,2024-09-03 12:39:09,2024-09-08 12:17:00,2024-09-01,resolved,low,Wrong item,social,STR004,Miami Downtown #4,Southwest,CUS00456,4.0,48.37,48.37,0,False,within_sla
TKT001346,2024-03-06 07:19:00,,2024-03-13 07:19:00,2024-03-06,pending,low,Wrong item,chat,STR002,Boston Mall #2,Southeast,CUS00250,,,7212.93,1,True,pending_beyond_sla
TKT001347,2024-09-29 17:00:00,2024-09-29 19:59:55,2024-09-30 17:00:00,2024-09-29,resolved,high,Store experience,chat,STR018,Minneapolis Mall #18,Midwest,CUS00425,4.0,3.0,3.0,0,False,within_sla
TKT001348,2024-08-06 07:29:00,2024-08-06 18:36:02,2024-08-06 11:29:00,2024-08-06,resolved,critical,Wrong item,chat,STR019,Philadelphia Downtown #19,Southwest,CUS00179,1.0,11.12,11.12,0,True,beyond_sla
TKT001349,2024-12-04 19:44:00,,2024-12-11 19:44:00,2024-12-04,pending,low,Refund request,social,STR023,Kansas City Mall #23,Midwest,CUS00090,,,648.52,1,True,pending_beyond_sla
TKT001350,2024-07-22 17:45:00,,2024-07-29 17:45:00,2024-07-22,escalated,low,Wrong item,in_store,STR017,Charlotte Mall #17,Southeast,CUS00025,,,3890.5,1,True,pending_beyond_sla
TKT001351,2024-04-16 12:46:00,2024-04-19 02:09:12,2024-04-19 12:46:00,2024-04-16,resolved,medium,Refund request,in_store,STR003,Atlanta Mall #3,Midwest,CUS00102,3.0,61.39,61.39,0,False,within_sla
TKT001352,2024-03-28 14:50:00,2024-04-06 08:25:27,2024-04-04 14:50:00,2024-03-28,resolved,low,Wrong item,in_store,STR009,Phoenix Mall #9,Southwest,CUS00030,3.0,209.59,209.59,0,True,beyond_sla
TKT001353,2024-03-02 18:59:00,2024-03-17 05:01:41,2024-03-09 18:59:00,2024-03-02,resolved,low,Late delivery,chat,STR021,Las Vegas Mall #21,Northeast,CUS00350,1.0,346.04,346.04,0,True,beyond_sla
TKT001354,2024-12-18 11:46:00,2024-12-19 23:36:24,2024-12-25 11:46:00,2024-12-18,resolved,low,Late delivery,chat,STR023,Kansas City Mall #23,Midwest,CUS00250,4.0,35.84,35.84,0,False,within_sla
TKT001355,2024-09-13 11:49:00,2024-09-14 10:34:19,2024-09-14 11:49:00,2024-09-13,resolved,high,Product defect,chat,STR018,Minneapolis Mall #18,Midwest,CUS00134,3.0,22.76,22.76,0,False,within_sla
TKT001356,2024-03-21 19:56:00,2024-04-09 17:34:04,2024-03-28 19:56:00,2024-03-21,resolved,low,Online order issue,phone,STR011,Los Angeles Mall #11,Northeast,CUS00112,3.0,453.63,453.63,0,True,beyond_sla
TKT001357,2024-08-20 18:53:00,2024-08-25 14:55:35,2024-08-23 18:53:00,2024-08-20,resolved,medium,Store experience,in_store,STR003,Atlanta Mall #3,Midwest,CUS00331,3.0,116.04,116.04,0,True,beyond_sla
TKT001358,2024-02-13 19:33:00,2024-02-18 04:45:48,2024-02-16 19:33:00,2024-02-13,resolved,medium,Refund request,social,STR022,Orlando Downtown #22,Southeast,CUS00373,3.0,105.21,105.21,0,True,beyond_sla
TKT001359,2024-04-05 18:28:00,2024-04-07 13:44:15,2024-04-06 18:28:00,2024-04-05,closed_unresolved,high,Online order issue,chat,STR001,New York Downtown #1,Northeast,CUS00380,1.0,43.27,43.27,0,True,beyond_sla
TKT001360,2024-01-24 08:44:00,2024-01-24 09:37:32,2024-01-24 12:44:00,2024-01-24,resolved,critical,Wrong item,chat,STR009,Phoenix Mall #9,Southwest,CUS00317,5.0,0.89,0.89,0,False,within_sla
TKT001361,2024-05-19 10:58:00,2024-05-21 02:31:54,2024-05-22 10:58:00,2024-05-19,resolved,medium,Wrong item,social,STR020,San Diego Mall #20,West,CUS00468,4.0,39.57,39.56,0,False,within_sla
TKT001362,2024-10-12 16:57:00,2024-10-15 07:11:38,2024-10-15 16:57:00,2024-10-12,resolved,medium,Wrong item,chat,STR011,Los Angeles Mall #11,Northeast,CUS00183,4.0,62.24,62.24,0,False,within_sla
TKT001363,2024-06-11 13:38:00,2024-06-12 03:17:05,2024-06-18 13:38:00,2024-06-11,resolved,low,Store experience,in_store,STR021,Las Vegas Mall #21,Northeast,CUS00167,5.0,13.65,13.65,0,False,within_sla
TKT001364,2024-12-13 12:24:00,2024-12-13 13:47:52,2024-12-14 12:24:00,2024-12-13,resolved,high,Late delivery,phone,STR010,Denver Downtown #10,West,CUS00376,3.0,1.4,1.4,0,False,within_sla
TKT001365,2024-04-13 18:32:00,2024-04-19 17:16:20,2024-04-20 18:32:00,2024-04-13,resolved,low,Late delivery,in_store,STR015,Austin Mall #15,West,CUS00169,4.0,142.74,142.74,0,False,within_sla
TKT001366,2024-03-02 08:18:00,2024-03-03 22:01:51,2024-03-05 08:18:00,2024-03-02,resolved,medium,Online order issue,phone,STR022,Orlando Downtown #22,Southeast,CUS00212,3.0,37.73,37.73,0,False,within_sla
TKT001367,2024-07-31 13:50:00,,2024-08-01 13:50:00,2024-07-31,pending,high,Store experience,in_store,STR014,San Francisco Mall #14,Southwest,CUS00459,,,3678.42,1,True,pending_beyond_sla
TKT001368,2024-11-28 07:26:00,2024-12-07 02:31:51,2024-12-05 07:26:00,2024-11-28,resolved,low,Store experience,email,STR009,Phoenix Mall #9,Southwest,CUS00231,4.0,211.1,211.1,0,True,beyond_sla
TKT001369,2024-03-19 07:09:00,2024-03-20 03:49:26,2024-03-20 07:09:00,2024-03-19,resolved,high,Wrong item,chat,STR014,San Francisco Mall #14,Southwest,CUS00247,5.0,20.67,20.67,0,False,within_sla
TKT001370,2024-11-26 13:36:00,,2024-11-26 17:36:00,2024-11-26,pending,critical,Refund request,email,STR003,Atlanta Mall #3,Midwest,CUS00340,,,846.65,1,True,pending_beyond_sla
TKT001371,2024-06-06 12:05:00,2024-06-07 18:43:51,2024-06-09 12:05:00,2024-06-06,resolved,medium,Late delivery,in_store,STR009,Phoenix Mall #9,Southwest,CUS00341,5.0,30.65,30.65,0,False,within_sla
TKT001372,2024-06-14 09:15:00,2024-06-29 05:57:39,2024-06-21 09:15:00,2024-06-14,resolved,low,Refund request,email,STR015,Austin Mall #15,West,CUS00242,1.0,356.71,356.71,0,True,beyond_sla
TKT001373,2024-10-31 13:28:00,2024-11-06 07:12:05,2024-11-07 13:28:00,2024-10-31,resolved,low,Product defect,social,STR006,Detroit Mall #6,Northeast,CUS00380,5.0,137.73,137.73,0,False,within_sla
TKT001374,2024-03-19 08:06:00,2024-03-21 02:06:25,2024-03-22 08:06:00,2024-03-19,resolved,medium,Product defect,social,STR022,Orlando Downtown #22,Southeast,CUS00493,4.0,42.01,42.01,0,False,within_sla
TKT001375,2024-10-01 14:11:00,2024-10-12 02:07:41,2024-10-08 14:11:00,2024-10-01,resolved,low,Store experience,phone,STR008,Houston Mall #8,Midwest,CUS00259,3.0,251.94,251.94,0,True,beyond_sla
TKT001376,2024-07-14 11:13:00,2024-07-18 03:16:40,2024-07-21 11:13:00,2024-07-14,resolved,low,Refund request,in_store,STR010,Denver Downtown #10,West,CUS00467,4.0,88.06,88.06,0,False,within_sla
TKT001377,2024-08-08 13:35:00,2024-08-08 16:09:46,2024-08-11 13:35:00,2024-08-08,resolved,medium,Product defect,chat,STR012,Seattle Mall #12,Southeast,CUS00461,3.0,2.58,2.58,0,False,within_sla
TKT001378,2024-10-04 17:07:00,2024-10-06 16:42:20,2024-10-07 17:07:00,2024-10-04,resolved,medium,Pricing dispute,chat,STR023,Kansas City Mall #23,Midwest,CUS00383,4.0,47.59,47.59,0,False,within_sla
TKT001379,2024-03-29 20:44:00,2024-04-04 04:34:39,2024-04-01 20:44:00,2024-03-29,resolved,medium,Staff conduct,in_store,STR015,Austin Mall #15,West,CUS00426,1.0,127.84,127.84,0,True,beyond_sla
TKT001380,2024-06-11 14:07:00,2024-06-13 01:37:13,2024-06-14 14:07:00,2024-06-11,resolved,medium,Online order issue,email,STR005,Chicago Mall #5,West,CUS00171,5.0,35.5,35.5,0,False,within_sla
TKT001381,2024-03-18 09:48:00,2024-03-23 12:31:37,2024-03-25 09:48:00,2024-03-18,resolved,low,Product defect,social,STR010,Denver Downtown #10,West,CUS00349,5.0,122.73,122.73,0,False,within_sla
TKT001382,2024-09-25 16:31:00,2024-09-27 22:30:04,2024-10-02 16:31:00,2024-09-25,resolved,low,Staff conduct,phone,STR015,Austin Mall #15,West,CUS00042,4.0,53.98,53.98,0,False,within_sla
TKT001383,2024-01-13 18:17:00,2024-01-16 01:08:45,2024-01-16 18:17:00,2024-01-13,resolved,medium,Pricing dispute,phone,STR006,Detroit Mall #6,Northeast,CUS00286,4.0,54.86,54.86,0,False,within_sla
TKT001384,2024-01-29 15:04:00,,2024-02-01 15:04:00,2024-01-29,pending,medium,Refund request,chat,STR021,Las Vegas Mall #21,Northeast,CUS00350,,,8093.18,1,True,pending_beyond_sla
TKT001385,2024-08-15 19:49:00,2024-08-16 12:45:24,2024-08-16 19:49:00,2024-08-15,resolved,high,Online order issue,phone,STR006,Detroit Mall #6,Northeast,CUS00454,4.0,16.94,16.94,0,False,within_sla
TKT001386,2024-12-16 18:56:00,2024-12-20 02:38:10,2024-12-23 18:56:00,2024-12-16,resolved,low,Product defect,email,STR001,New York Downtown #1,Northeast,CUS00306,5.0,79.7,79.7,0,False,within_sla
TKT001387,2024-05-09 18:05:00,2024-05-11 04:50:10,2024-05-12 18:05:00,2024-05-09,resolved,medium,Product defect,in_store,STR009,Phoenix Mall #9,Southwest,CUS00250,3.0,34.75,34.75,0,False,within_sla
TKT001388,2024-04-23 07:48:00,2024-04-25 09:31:03,2024-04-26 07:48:00,2024-04-23,resolved,medium,Refund request,social,STR011,Los Angeles Mall #11,Northeast,CUS00374,4.0,49.72,49.72,0,False,within_sla
TKT001389,2024-06-22 17:58:00,,2024-06-29 17:58:00,2024-06-22,pending,low,Pricing dispute,phone,STR016,Nashville Downtown #16,Northeast,CUS00441,,,4610.28,1,True,pending_beyond_sla
TKT001390,2024-01-12 16:46:00,2024-01-14 21:51:48,2024-01-15 16:46:00,2024-01-12,resolved,medium,Late delivery,chat,STR005,Chicago Mall #5,West,CUS00410,3.0,53.1,53.1,0,False,within_sla
TKT001391,2024-10-14 16:23:00,2024-10-16 08:08:34,2024-10-21 16:23:00,2024-10-14,resolved,low,Staff conduct,email,STR003,Atlanta Mall #3,Midwest,CUS00408,5.0,39.76,39.76,0,False,within_sla
TKT001392,2024-08-02 08:43:00,2024-08-02 11:51:23,2024-08-03 08:43:00,2024-08-02,resolved,high,Wrong item,in_store,STR011,Los Angeles Mall #11,Northeast,CUS00014,4.0,3.14,3.14,0,False,within_sla
TKT001393,2024-05-26 18:14:00,2024-05-28 09:44:56,2024-05-29 18:14:00,2024-05-26,resolved,medium,Product defect,phone,STR020,San Diego Mall #20,West,CUS00080,5.0,39.52,39.52,0,False,within_sla
TKT001394,2024-11-15 15:20:00,2024-11-22 06:00:20,2024-11-22 15:20:00,2024-11-15,resolved,low,Online order issue,phone,STR014,San Francisco Mall #14,Southwest,CUS00476,5.0,158.67,158.67,0,False,within_sla
TKT001395,2024-06-16 15:56:00,,2024-06-17 15:56:00,2024-06-16,escalated,high,Late delivery,email,STR019,Philadelphia Downtown #19,Southwest,CUS00337,,,4756.32,1,True,pending_beyond_sla
TKT001396,2024-05-26 18:37:00,2024-05-28 23:17:59,2024-05-27 18:37:00,2024-05-26,resolved,high,Store experience,chat,STR008,Houston Mall #8,Midwest,CUS00168,3.0,52.68,52.68,0,True,beyond_sla
TKT001397,2024-09-22 12:47:00,,2024-09-25 12:47:00,2024-09-22,escalated,medium,Product defect,social,STR016,Nashville Downtown #16,Northeast,CUS00122,,,2407.47,1,True,pending_beyond_sla
TKT001398,2024-03-14 15:14:00,2024-03-15 00:14:51,2024-03-15 15:14:00,2024-03-14,resolved,high,Product defect,social,STR015,Austin Mall #15,West,CUS00455,4.0,9.01,9.01,0,False,within_sla
TKT001399,2024-03-16 07:28:00,2024-03-16 13:21:53,2024-03-17 07:28:00,2024-03-16,resolved,high,Pricing dispute,social,STR002,Boston Mall #2,Southeast,CUS00251,4.0,5.9,5.9,0,False,within_sla
TKT001400,2024-09-12 15:49:00,2024-09-17 16:21:48,2024-09-15 15:49:00,2024-09-12,resolved,medium,Staff conduct,social,STR021,Las Vegas Mall #21,Northeast,CUS00121,1.0,120.55,120.55,0,True,beyond_sla
TKT001401,2024-07-04 10:42:00,2024-07-08 10:40:32,2024-07-07 10:42:00,2024-07-04,resolved,medium,Store experience,in_store,STR015,Austin Mall #15,West,CUS00290,3.0,95.98,95.98,0,True,beyond_sla
TKT001402,2024-08-27 11:38:00,2024-08-30 04:18:02,2024-08-28 11:38:00,2024-08-27,resolved,high,Refund request,email,STR006,Detroit Mall #6,Northeast,CUS00326,3.0,64.67,64.67,0,True,beyond_sla
TKT001403,2024-05-31 07:17:00,2024-05-31 19:26:21,2024-06-01 07:17:00,2024-05-31,resolved,high,Wrong item,social,STR009,Phoenix Mall #9,Southwest,CUS00229,4.0,12.16,12.16,0,False,within_sla
TKT001404,2024-02-11 19:36:00,2024-02-14 01:57:27,2024-02-14 19:36:00,2024-02-11,resolved,medium,Wrong item,chat,STR012,Seattle Mall #12,Southeast,CUS00133,5.0,54.36,54.36,0,False,within_sla
TKT001405,2024-07-11 16:58:00,2024-07-17 05:27:34,2024-07-18 16:58:00,2024-07-11,resolved,low,Product defect,in_store,STR009,Phoenix Mall #9,Southwest,CUS00040,5.0,132.49,132.49,0,False,within_sla
TKT001406,2024-02-02 18:20:00,2024-02-09 07:08:30,2024-02-09 18:20:00,2024-02-02,resolved,low,Product defect,chat,STR013,Portland Downtown #13,Midwest,CUS00300,4.0,156.81,156.81,0,False,within_sla
TKT001407,2024-07-12 12:55:00,2024-07-13 22:15:21,2024-07-15 12:55:00,2024-07-12,resolved,medium,Wrong item,social,STR005,Chicago Mall #5,West,CUS00325,5.0,33.34,33.34,0,False,within_sla
TKT001408,2024-04-05 16:26:00,2024-04-07 14:22:58,2024-04-06 16:26:00,2024-04-05,closed_unresolved,high,Product defect,phone,STR014,San Francisco Mall #14,Southwest,CUS00042,2.0,45.95,45.95,0,True,beyond_sla
TKT001409,2024-04-03 20:19:00,2024-04-05 20:26:29,2024-04-06 20:19:00,2024-04-03,resolved,medium,Staff conduct,email,STR022,Orlando Downtown #22,Southeast,CUS00500,4.0,48.12,48.12,0,False,within_sla
TKT001410,2024-06-09 10:27:00,2024-06-09 11:52:08,2024-06-09 14:27:00,2024-06-09,resolved,critical,Product defect,email,STR009,Phoenix Mall #9,Southwest,CUS00266,4.0,1.42,1.42,0,False,within_sla
TKT001411,2024-05-26 13:13:00,2024-05-26 16:02:39,2024-05-26 17:13:00,2024-05-26,resolved,critical,Online order issue,in_store,STR003,Atlanta Mall #3,Midwest,CUS00158,4.0,2.83,2.83,0,False,within_sla
TKT001412,2024-06-20 11:08:00,2024-06-22 06:10:41,2024-06-23 11:08:00,2024-06-20,resolved,medium,Store experience,email,STR012,Seattle Mall #12,Southeast,CUS00445,5.0,43.04,43.04,0,False,within_sla
TKT001413,2024-09-14 08:10:00,2024-09-15 06:10:11,2024-09-15 08:10:00,2024-09-14,resolved,high,Product defect,phone,STR003,Atlanta Mall #3,Midwest,CUS00418,5.0,22.0,22.0,0,False,within_sla
TKT001414,2024-12-04 09:50:00,2024-12-06 04:08:41,2024-12-07 09:50:00,2024-12-04,resolved,medium,Pricing dispute,email,STR008,Houston Mall #8,Midwest,CUS00318,4.0,42.31,42.31,0,False,within_sla
TKT001415,2024-06-12 07:00:00,2024-06-15 15:03:34,2024-06-19 07:00:00,2024-06-12,resolved,low,Refund request,phone,STR003,Atlanta Mall #3,Midwest,CUS00397,4.0,80.06,80.06,0,False,within_sla
TKT001416,2024-10-17 19:42:00,,2024-10-20 19:42:00,2024-10-17,pending,medium,Staff conduct,social,STR012,Seattle Mall #12,Southeast,CUS00250,,,1800.55,1,True,pending_beyond_sla
TKT001417,2024-11-17 17:47:00,2024-11-25 14:02:55,2024-11-20 17:47:00,2024-11-17,resolved,medium,Refund request,email,STR003,Atlanta Mall #3,Midwest,CUS00202,3.0,188.27,188.27,0,True,beyond_sla
TKT001418,2024-07-17 14:42:00,2024-07-22 01:26:28,2024-07-20 14:42:00,2024-07-17,closed_unresolved,medium,Staff conduct,email,STR013,Portland Downtown #13,Midwest,CUS00129,3.0,106.74,106.74,0,True,beyond_sla
TKT001419,2024-05-26 09:08:00,2024-05-29 21:04:56,2024-06-02 09:08:00,2024-05-26,resolved,low,Store experience,phone,STR011,Los Angeles Mall #11,Northeast,CUS00166,5.0,83.95,83.95,0,False,within_sla
TKT001420,2024-11-14 10:05:00,2024-11-15 08:15:02,2024-11-17 10:05:00,2024-11-14,resolved,medium,Wrong item,in_store,STR002,Boston Mall #2,Southeast,CUS00127,5.0,22.17,22.17,0,False,within_sla
TKT001421,2024-05-30 13:56:00,2024-05-30 17:03:37,2024-05-30 17:56:00,2024-05-30,resolved,critical,Online order issue,chat,STR003,Atlanta Mall #3,Midwest,CUS00405,5.0,3.13,3.13,0,False,within_sla
TKT001422,2024-12-25 17:30:00,2025-01-05 07:02:15,2025-01-01 17:30:00,2024-12-25,resolved,low,Staff conduct,in_store,STR014,San Francisco Mall #14,Southwest,CUS00130,3.0,253.54,253.54,0,True,beyond_sla
TKT001423,2024-02-24 20:20:00,2024-02-25 08:00:47,2024-02-25 20:20:00,2024-02-24,resolved,high,Online order issue,in_store,STR004,Miami Downtown #4,Southwest,CUS00341,3.0,11.68,11.68,0,False,within_sla
TKT001424,2024-07-18 20:46:00,2024-07-19 00:44:04,2024-07-21 20:46:00,2024-07-18,resolved,medium,Online order issue,phone,STR021,Las Vegas Mall #21,Northeast,CUS00383,4.0,3.97,3.97,0,False,within_sla
TKT001425,2024-03-14 12:51:00,2024-03-15 16:06:48,2024-03-21 12:51:00,2024-03-14,resolved,low,Wrong item,chat,STR023,Kansas City Mall #23,Midwest,CUS00451,5.0,27.26,27.26,0,False,within_sla
TKT001426,2024-11-21 08:44:00,,2024-11-28 08:44:00,2024-11-21,escalated,low,Refund request,chat,STR005,Chicago Mall #5,West,CUS00281,,,971.52,1,True,pending_beyond_sla
TKT001427,2024-12-01 12:18:00,2024-12-04 10:38:11,2024-12-08 12:18:00,2024-12-01,resolved,low,Online order issue,social,STR005,Chicago Mall #5,West,CUS00343,3.0,70.34,70.34,0,False,within_sla
TKT001428,2024-08-14 16:09:00,2024-08-14 22:21:41,2024-08-15 16:09:00,2024-08-14,resolved,high,Online order issue,phone,STR022,Orlando Downtown #22,Southeast,CUS00074,4.0,6.21,6.21,0,False,within_sla
TKT001429,2024-05-23 15:06:00,2024-05-23 20:55:51,2024-05-26 15:06:00,2024-05-23,resolved,medium,Online order issue,chat,STR005,Chicago Mall #5,West,CUS00359,4.0,5.83,5.83,0,False,within_sla
TKT001430,2024-12-02 07:41:00,2024-12-03 03:48:15,2024-12-03 07:41:00,2024-12-02,resolved,high,Refund request,social,STR015,Austin Mall #15,West,CUS00318,5.0,20.12,20.12,0,False,within_sla
TKT001431,2024-10-14 11:23:00,,2024-10-21 11:23:00,2024-10-14,pending,low,Refund request,chat,STR003,Atlanta Mall #3,Midwest,CUS00418,,,1880.87,1,True,pending_beyond_sla
TKT001432,2024-08-26 18:00:00,,2024-09-02 18:00:00,2024-08-26,pending,low,Online order issue,chat,STR020,San Diego Mall #20,West,CUS00402,,,3050.25,1,True,pending_beyond_sla
TKT001433,2024-03-10 07:53:00,2024-03-12 04:45:26,2024-03-11 07:53:00,2024-03-10,resolved,high,Wrong item,social,STR019,Philadelphia Downtown #19,Southwest,CUS00248,4.0,44.87,44.87,0,True,beyond_sla
TKT001434,2024-04-10 12:34:00,2024-04-10 18:46:05,2024-04-13 12:34:00,2024-04-10,resolved,medium,Wrong item,in_store,STR018,Minneapolis Mall #18,Midwest,CUS00002,4.0,6.2,6.2,0,False,within_sla
TKT001435,2024-04-17 14:37:00,,2024-04-20 14:37:00,2024-04-17,pending,medium,Online order issue,chat,STR009,Phoenix Mall #9,Southwest,CUS00236,,,6197.63,1,True,pending_beyond_sla
TKT001436,2024-04-08 15:00:00,2024-04-09 05:22:18,2024-04-09 15:00:00,2024-04-08,resolved,high,Product defect,email,STR017,Charlotte Mall #17,Southeast,CUS00178,4.0,14.37,14.37,0,False,within_sla
TKT001437,2024-12-11 18:22:00,2024-12-12 15:15:30,2024-12-12 18:22:00,2024-12-11,resolved,high,Pricing dispute,chat,STR014,San Francisco Mall #14,Southwest,CUS00287,5.0,20.89,20.89,0,False,within_sla
TKT001438,2024-07-02 11:28:00,,2024-07-09 11:28:00,2024-07-02,pending,low,Wrong item,phone,STR015,Austin Mall #15,West,CUS00102,,,4376.78,1,True,pending_beyond_sla
TKT001439,2024-04-04 08:46:00,2024-04-04 16:46:41,2024-04-04 12:46:00,2024-04-04,resolved,critical,Store experience,email,STR001,New York Downtown #1,Northeast,CUS00066,1.0,8.01,8.01,0,True,beyond_sla
TKT001440,2024-05-12 14:12:00,2024-05-13 01:52:38,2024-05-13 14:12:00,2024-05-12,resolved,high,Online order issue,in_store,STR004,Miami Downtown #4,Southwest,CUS00222,5.0,11.68,11.68,0,False,within_sla
TKT001441,2024-02-02 11:34:00,2024-02-02 18:37:04,2024-02-02 15:34:00,2024-02-02,resolved,critical,Product defect,in_store,STR023,Kansas City Mall #23,Midwest,CUS00211,2.0,7.05,7.05,0,True,beyond_sla
TKT001442,2024-10-28 16:22:00,2024-10-30 10:18:38,2024-10-31 16:22:00,2024-10-28,resolved,medium,Product defect,in_store,STR014,San Francisco Mall #14,Southwest,CUS00127,5.0,41.94,41.94,0,False,within_sla
TKT001443,2024-11-14 07:21:00,2024-11-16 02:01:18,2024-11-17 07:21:00,2024-11-14,resolved,medium,Pricing dispute,social,STR001,New York Downtown #1,Northeast,CUS00141,4.0,42.67,42.67,0,False,within_sla
TKT001444,2024-05-12 13:42:00,2024-05-19 00:34:10,2024-05-19 13:42:00,2024-05-12,resolved,low,Store experience,email,STR009,Phoenix Mall #9,Southwest,CUS00206,4.0,154.87,154.87,0,False,within_sla
TKT001445,2024-11-30 08:42:00,2024-12-05 09:32:49,2024-12-07 08:42:00,2024-11-30,resolved,low,Wrong item,chat,STR016,Nashville Downtown #16,Northeast,CUS00095,4.0,120.85,120.85,0,False,within_sla
TKT001446,2024-09-25 13:39:00,2024-09-27 20:57:26,2024-09-28 13:39:00,2024-09-25,resolved,medium,Late delivery,in_store,STR006,Detroit Mall #6,Northeast,CUS00369,4.0,55.31,55.31,0,False,within_sla
TKT001447,2024-04-25 14:22:00,2024-04-25 17:21:19,2024-04-25 18:22:00,2024-04-25,resolved,critical,Online order issue,phone,STR021,Las Vegas Mall #21,Northeast,CUS00059,4.0,2.99,2.99,0,False,within_sla
TKT001448,2024-10-11 16:46:00,2024-10-22 23:26:11,2024-10-18 16:46:00,2024-10-11,resolved,low,Product defect,in_store,STR004,Miami Downtown #4,Southwest,CUS00117,4.0,270.67,270.67,0,True,beyond_sla
TKT001449,2024-03-08 14:36:00,2024-03-10 20:35:17,2024-03-09 14:36:00,2024-03-08,resolved,high,Late delivery,chat,STR019,Philadelphia Downtown #19,Southwest,CUS00183,1.0,53.99,53.99,0,True,beyond_sla
TKT001450,2024-06-13 13:01:00,2024-06-15 02:36:42,2024-06-16 13:01:00,2024-06-13,resolved,medium,Late delivery,social,STR010,Denver Downtown #10,West,CUS00394,4.0,37.6,37.6,0,False,within_sla
TKT001451,2024-02-24 18:55:00,2024-02-26 08:32:10,2024-03-02 18:55:00,2024-02-24,resolved,low,Refund request,chat,STR016,Nashville Downtown #16,Northeast,CUS00404,3.0,37.62,37.62,0,False,within_sla
TKT001452,2024-06-03 18:09:00,2024-06-07 08:13:23,2024-06-10 18:09:00,2024-06-03,resolved,low,Product defect,in_store,STR007,Dallas Downtown #7,Southeast,CUS00394,5.0,86.07,86.07,0,False,within_sla
TKT001453,2024-02-22 11:21:00,2024-02-24 08:54:29,2024-02-25 11:21:00,2024-02-22,resolved,medium,Refund request,phone,STR018,Minneapolis Mall #18,Midwest,CUS00489,5.0,45.56,45.56,0,False,within_sla
TKT001454,2024-05-11 19:50:00,,2024-05-14 19:50:00,2024-05-11,escalated,medium,Online order issue,in_store,STR021,Las Vegas Mall #21,Northeast,CUS00495,,,5616.42,1,True,pending_beyond_sla
TKT001455,2024-03-20 14:10:00,2024-03-31 01:24:35,2024-03-27 14:10:00,2024-03-20,resolved,low,Pricing dispute,email,STR013,Portland Downtown #13,Midwest,CUS00071,4.0,251.24,251.24,0,True,beyond_sla
TKT001456,2024-12-20 09:20:00,2024-12-25 00:16:04,2024-12-27 09:20:00,2024-12-20,resolved,low,Staff conduct,social,STR011,Los Angeles Mall #11,Northeast,CUS00110,3.0,110.93,110.93,0,False,within_sla
TKT001457,2024-07-27 18:43:00,2024-08-03 09:44:58,2024-08-03 18:43:00,2024-07-27,resolved,low,Product defect,social,STR023,Kansas City Mall #23,Midwest,CUS00485,4.0,159.03,159.03,0,False,within_sla
TKT001458,2024-11-24 07:43:00,2024-11-26 06:46:39,2024-11-27 07:43:00,2024-11-24,resolved,medium,Pricing dispute,email,STR015,Austin Mall #15,West,CUS00418,4.0,47.06,47.06,0,False,within_sla
TKT001459,2024-05-04 13:18:00,,2024-05-11 13:18:00,2024-05-04,escalated,low,Store experience,phone,STR014,San Francisco Mall #14,Southwest,CUS00126,,,5790.95,1,True,pending_beyond_sla
TKT001460,2024-05-28 12:37:00,,2024-05-29 12:37:00,2024-05-28,pending,high,Wrong item,in_store,STR023,Kansas City Mall #23,Midwest,CUS00404,,,5215.63,1,True,pending_beyond_sla
TKT001461,2024-09-12 08:15:00,2024-09-15 02:11:50,2024-09-15 08:15:00,2024-09-12,resolved,medium,Late delivery,email,STR023,Kansas City Mall #23,Midwest,CUS00077,5.0,65.95,65.95,0,False,within_sla
TKT001462,2024-10-19 11:13:00,2024-10-26 14:30:44,2024-10-22 11:13:00,2024-10-19,closed_unresolved,medium,Online order issue,email,STR009,Phoenix Mall #9,Southwest,CUS00403,1.0,171.3,171.3,0,True,beyond_sla
TKT001463,2024-04-03 12:31:00,,2024-04-10 12:31:00,2024-04-03,pending,low,Store experience,in_store,STR003,Atlanta Mall #3,Midwest,CUS00137,,,6535.73,1,True,pending_beyond_sla
TKT001464,2024-02-11 14:25:00,2024-02-16 00:22:54,2024-02-14 14:25:00,2024-02-11,resolved,medium,Wrong item,in_store,STR019,Philadelphia Downtown #19,Southwest,CUS00237,4.0,105.97,105.96,0,True,beyond_sla
TKT001465,2024-10-05 20:43:00,2024-10-06 14:44:27,2024-10-06 20:43:00,2024-10-05,resolved,high,Refund request,social,STR012,Seattle Mall #12,Southeast,CUS00068,5.0,18.02,18.02,0,False,within_sla
TKT001466,2024-08-01 11:47:00,2024-08-07 22:07:09,2024-08-08 11:47:00,2024-08-01,resolved,low,Product defect,in_store,STR004,Miami Downtown #4,Southwest,CUS00489,4.0,154.34,154.34,0,False,within_sla
TKT001467,2024-08-24 15:01:00,2024-08-29 11:39:22,2024-08-27 15:01:00,2024-08-24,resolved,medium,Product defect,email,STR001,New York Downtown #1,Northeast,CUS00100,2.0,116.64,116.64,0,True,beyond_sla
TKT001468,2024-10-03 18:16:00,2024-10-04 20:31:15,2024-10-06 18:16:00,2024-10-03,resolved,medium,Refund request,phone,STR007,Dallas Downtown #7,Southeast,CUS00342,5.0,26.25,26.25,0,False,within_sla
TKT001469,2024-03-06 10:55:00,2024-03-07 23:56:56,2024-03-09 10:55:00,2024-03-06,resolved,medium,Product defect,phone,STR020,San Diego Mall #20,West,CUS00104,4.0,37.03,37.03,0,False,within_sla
TKT001470,2024-08-01 09:48:00,2024-08-04 15:04:24,2024-08-08 09:48:00,2024-08-01,resolved,low,Pricing dispute,in_store,STR023,Kansas City Mall #23,Midwest,CUS00474,5.0,77.27,77.27,0,False,within_sla
TKT001471,2024-08-10 17:11:00,2024-08-14 17:22:47,2024-08-13 17:11:00,2024-08-10,resolved,medium,Pricing dispute,email,STR021,Las Vegas Mall #21,Northeast,CUS00158,4.0,96.2,96.2,0,True,beyond_sla
TKT001472,2024-07-04 10:44:00,2024-07-04 20:01:50,2024-07-05 10:44:00,2024-07-04,resolved,high,Product defect,chat,STR011,Los Angeles Mall #11,Northeast,CUS00373,4.0,9.3,9.3,0,False,within_sla
TKT001473,2024-06-19 18:46:00,2024-06-19 20:34:33,2024-06-19 22:46:00,2024-06-19,resolved,critical,Pricing dispute,in_store,STR022,Orlando Downtown #22,Southeast,CUS00348,3.0,1.81,1.81,0,False,within_sla
TKT001474,2024-12-20 12:02:00,2024-12-22 21:07:33,2024-12-23 12:02:00,2024-12-20,resolved,medium,Refund request,phone,STR022,Orlando Downtown #22,Southeast,CUS00481,4.0,57.09,57.09,0,False,within_sla
TKT001475,2024-02-19 10:27:00,2024-02-19 21:36:18,2024-02-20 10:27:00,2024-02-19,resolved,high,Refund request,phone,STR009,Phoenix Mall #9,Southwest,CUS00041,4.0,11.16,11.16,0,False,within_sla
TKT001476,2024-11-06 18:16:00,,2024-11-06 22:16:00,2024-11-06,pending,critical,Online order issue,email,STR014,San Francisco Mall #14,Southwest,CUS00474,,,1321.98,1,True,pending_beyond_sla
TKT001477,2024-10-05 07:59:00,2024-10-06 14:44:51,2024-10-06 07:59:00,2024-10-05,closed_unresolved,high,Pricing dispute,email,STR015,Austin Mall #15,West,CUS00269,2.0,30.76,30.76,0,True,beyond_sla
TKT001478,2024-07-10 20:20:00,,2024-07-13 20:20:00,2024-07-10,escalated,medium,Store experience,phone,STR015,Austin Mall #15,West,CUS00195,,,4175.92,1,True,pending_beyond_sla
TKT001479,2024-03-07 13:35:00,2024-03-08 10:17:43,2024-03-08 13:35:00,2024-03-07,resolved,high,Online order issue,chat,STR021,Las Vegas Mall #21,Northeast,CUS00396,4.0,20.71,20.71,0,False,within_sla
TKT001480,2024-11-25 14:05:00,2024-11-28 04:34:51,2024-12-02 14:05:00,2024-11-25,resolved,low,Online order issue,in_store,STR023,Kansas City Mall #23,Midwest,CUS00496,5.0,62.5,62.5,0,False,within_sla
TKT001481,2024-09-12 08:05:00,2024-09-12 08:44:35,2024-09-13 08:05:00,2024-09-12,resolved,high,Online order issue,phone,STR016,Nashville Downtown #16,Northeast,CUS00357,3.0,0.66,0.66,0,False,within_sla
TKT001482,2024-09-15 19:37:00,2024-09-17 04:17:12,2024-09-22 19:37:00,2024-09-15,resolved,low,Refund request,email,STR020,San Diego Mall #20,West,CUS00392,5.0,32.67,32.67,0,False,within_sla
TKT001483,2024-12-08 11:29:00,,2024-12-09 11:29:00,2024-12-08,escalated,high,Wrong item,email,STR003,Atlanta Mall #3,Midwest,CUS00102,,,560.77,1,True,pending_beyond_sla
TKT001484,2024-09-12 15:35:00,2024-09-12 21:08:10,2024-09-13 15:35:00,2024-09-12,resolved,high,Late delivery,chat,STR018,Minneapolis Mall #18,Midwest,CUS00271,5.0,5.55,5.55,0,False,within_sla
TKT001485,2024-09-05 12:03:00,2024-09-06 10:39:03,2024-09-06 12:03:00,2024-09-05,resolved,high,Late delivery,phone,STR021,Las Vegas Mall #21,Northeast,CUS00197,3.0,22.6,22.6,0,False,within_sla
TKT001486,2024-04-02 16:20:00,2024-04-08 00:16:11,2024-04-09 16:20:00,2024-04-02,resolved,low,Store experience,chat,STR017,Charlotte Mall #17,Southeast,CUS00324,4.0,127.94,127.94,0,False,within_sla
TKT001487,2024-10-24 13:08:00,,2024-10-27 13:08:00,2024-10-24,escalated,medium,Wrong item,chat,STR023,Kansas City Mall #23,Midwest,CUS00367,,,1639.12,1,True,pending_beyond_sla
TKT001488,2024-02-21 18:16:00,2024-02-22 05:25:55,2024-02-22 18:16:00,2024-02-21,resolved,high,Product defect,social,STR002,Boston Mall #2,Southeast,CUS00127,5.0,11.17,11.17,0,False,within_sla
TKT001489,2024-06-29 15:09:00,2024-07-01 19:41:14,2024-07-06 15:09:00,2024-06-29,resolved,low,Store experience,in_store,STR008,Houston Mall #8,Midwest,CUS00225,5.0,52.54,52.54,0,False,within_sla
TKT001490,2024-08-05 15:12:00,2024-08-07 11:01:03,2024-08-08 15:12:00,2024-08-05,resolved,medium,Wrong item,in_store,STR016,Nashville Downtown #16,Northeast,CUS00446,4.0,43.82,43.82,0,False,within_sla
TKT001491,2024-05-22 08:00:00,,2024-05-23 08:00:00,2024-05-22,pending,high,Product defect,social,STR014,San Francisco Mall #14,Southwest,CUS00337,,,5364.25,1,True,pending_beyond_sla
TKT001492,2024-11-18 20:42:00,2024-11-20 20:43:31,2024-11-21 20:42:00,2024-11-18,resolved,medium,Online order issue,phone,STR012,Seattle Mall #12,Southeast,CUS00267,4.0,48.03,48.03,0,False,within_sla
TKT001493,2024-12-18 17:08:00,2024-12-22 05:36:36,2024-12-25 17:08:00,2024-12-18,resolved,low,Store experience,phone,STR004,Miami Downtown #4,Southwest,CUS00099,5.0,84.48,84.48,0,False,within_sla
TKT001494,2024-04-20 18:19:00,,2024-04-21 18:19:00,2024-04-20,escalated,high,Wrong item,chat,STR022,Orlando Downtown #22,Southeast,CUS00480,,,6121.93,1,True,pending_beyond_sla
TKT001495,2024-11-23 18:21:00,2024-12-01 18:22:58,2024-11-26 18:21:00,2024-11-23,resolved,medium,Store experience,in_store,STR016,Nashville Downtown #16,Northeast,CUS00139,3.0,192.03,192.03,0,True,beyond_sla
TKT001496,2024-10-22 09:43:00,2024-10-23 18:00:16,2024-10-29 09:43:00,2024-10-22,resolved,low,Late delivery,in_store,STR001,New York Downtown #1,Northeast,CUS00255,3.0,32.29,32.29,0,False,within_sla
TKT001497,2024-04-22 10:48:00,,2024-04-22 14:48:00,2024-04-22,pending,critical,Online order issue,phone,STR016,Nashville Downtown #16,Northeast,CUS00355,,,6081.45,1,True,pending_beyond_sla
TKT001498,2024-03-31 17:48:00,2024-04-01 18:09:06,2024-04-07 17:48:00,2024-03-31,resolved,low,Staff conduct,email,STR023,Kansas City Mall #23,Midwest,CUS00156,5.0,24.35,24.35,0,False,within_sla
TKT001499,2024-08-18 13:12:00,2024-08-19 00:14:38,2024-08-18 17:12:00,2024-08-18,resolved,critical,Store experience,in_store,STR015,Austin Mall #15,West,CUS00295,1.0,11.04,11.04,0,True,beyond_sla
TKT001500,2024-02-14 15:26:00,2024-02-16 02:51:28,2024-02-17 15:26:00,2024-02-14,resolved,medium,Product defect,social,STR019,Philadelphia Downtown #19,Southwest,CUS00206,4.0,35.42,35.42,0,False,within_sla
TKT001501,2024-10-29 07:40:00,2024-11-03 19:53:14,2024-11-01 07:40:00,2024-10-29,resolved,medium,Pricing dispute,phone,STR023,Kansas City Mall #23,Midwest,CUS00221,4.0,132.22,132.22,0,True,beyond_sla
TKT001502,2024-06-26 16:16:00,2024-06-27 01:50:28,2024-06-27 16:16:00,2024-06-26,resolved,high,Pricing dispute,social,STR012,Seattle Mall #12,Southeast,CUS00318,5.0,9.57,9.57,0,False,within_sla
TKT001503,2024-07-18 19:14:00,2024-07-24 19:42:04,2024-07-25 19:14:00,2024-07-18,resolved,low,Late delivery,chat,STR006,Detroit Mall #6,Northeast,CUS00465,4.0,144.47,144.47,0,False,within_sla
TKT001504,2024-12-19 09:08:00,2024-12-21 00:27:44,2024-12-20 09:08:00,2024-12-19,resolved,high,Product defect,phone,STR001,New York Downtown #1,Northeast,CUS00054,2.0,39.33,39.33,0,True,beyond_sla
TKT001505,2024-12-12 07:23:00,2024-12-14 01:55:06,2024-12-15 07:23:00,2024-12-12,resolved,medium,Staff conduct,email,STR023,Kansas City Mall #23,Midwest,CUS00030,4.0,42.54,42.54,0,False,within_sla
TKT001506,2024-07-18 11:50:00,2024-07-21 18:14:17,2024-07-25 11:50:00,2024-07-18,resolved,low,Pricing dispute,phone,STR016,Nashville Downtown #16,Northeast,CUS00177,3.0,78.4,78.4,0,False,within_sla
TKT001507,2024-08-23 09:12:00,,2024-08-26 09:12:00,2024-08-23,pending,medium,Staff conduct,email,STR021,Las Vegas Mall #21,Northeast,CUS00140,,,3131.05,1,True,pending_beyond_sla
TKT001508,2024-03-07 17:56:00,2024-03-08 19:39:08,2024-03-14 17:56:00,2024-03-07,resolved,low,Staff conduct,in_store,STR020,San Diego Mall #20,West,CUS00442,4.0,25.72,25.72,0,False,within_sla
TKT001509,2024-09-09 16:31:00,2024-09-15 22:49:41,2024-09-16 16:31:00,2024-09-09,resolved,low,Refund request,email,STR002,Boston Mall #2,Southeast,CUS00425,3.0,150.31,150.31,0,False,within_sla
TKT001510,2024-06-28 15:05:00,,2024-07-01 15:05:00,2024-06-28,pending,medium,Store experience,email,STR007,Dallas Downtown #7,Southeast,CUS00135,,,4469.17,1,True,pending_beyond_sla
TKT001511,2024-04-20 14:03:00,2024-04-25 22:41:40,2024-04-27 14:03:00,2024-04-20,resolved,low,Store experience,chat,STR015,Austin Mall #15,West,CUS00070,4.0,128.64,128.64,0,False,within_sla
TKT001512,2024-08-05 20:25:00,,2024-08-08 20:25:00,2024-08-05,pending,medium,Refund request,phone,STR002,Boston Mall #2,Southeast,CUS00463,,,3551.83,1,True,pending_beyond_sla
TKT001513,2024-09-14 15:35:00,2024-09-14 20:26:07,2024-09-15 15:35:00,2024-09-14,resolved,high,Pricing dispute,phone,STR012,Seattle Mall #12,Southeast,CUS00397,3.0,4.85,4.85,0,False,within_sla
TKT001514,2024-09-24 16:28:00,,2024-09-24 20:28:00,2024-09-24,escalated,critical,Late delivery,chat,STR006,Detroit Mall #6,Northeast,CUS00319,,,2355.78,1,True,pending_beyond_sla
TKT001515,2024-03-21 07:23:00,,2024-03-28 07:23:00,2024-03-21,escalated,low,Wrong item,chat,STR012,Seattle Mall #12,Southeast,CUS00053,,,6852.87,1,True,pending_beyond_sla
TKT001516,2024-07-26 07:12:00,2024-08-01 17:20:46,2024-08-02 07:12:00,2024-07-26,resolved,low,Product defect,in_store,STR001,New York Downtown #1,Northeast,CUS00179,5.0,154.15,154.15,0,False,within_sla
TKT001517,2024-04-19 09:15:00,,2024-04-19 13:15:00,2024-04-19,escalated,critical,Staff conduct,social,STR006,Detroit Mall #6,Northeast,CUS00158,,,6155.0,1,True,pending_beyond_sla
TKT001518,2024-11-03 07:44:00,2024-11-10 20:25:36,2024-11-06 07:44:00,2024-11-03,resolved,medium,Late delivery,chat,STR019,Philadelphia Downtown #19,Southwest,CUS00028,1.0,180.69,180.69,0,True,beyond_sla
TKT001519,2024-10-15 09:30:00,2024-10-16 02:40:45,2024-10-16 09:30:00,2024-10-15,resolved,high,Online order issue,chat,STR012,Seattle Mall #12,Southeast,CUS00380,5.0,17.18,17.18,0,False,within_sla
TKT001520,2024-10-24 11:18:00,,2024-10-25 11:18:00,2024-10-24,pending,high,Staff conduct,chat,STR004,Miami Downtown #4,Southwest,CUS00250,,,1640.95,1,True,pending_beyond_sla
TKT001521,2024-04-25 12:46:00,2024-04-28 17:05:58,2024-05-02 12:46:00,2024-04-25,resolved,low,Refund request,chat,STR010,Denver Downtown #10,West,CUS00409,5.0,76.33,76.33,0,False,within_sla
TKT001522,2024-11-06 15:08:00,2024-11-23 13:18:40,2024-11-13 15:08:00,2024-11-06,resolved,low,Late delivery,chat,STR017,Charlotte Mall #17,Southeast,CUS00189,3.0,406.18,406.18,0,True,beyond_sla
TKT001523,2024-04-09 14:25:00,2024-04-11 13:04:27,2024-04-12 14:25:00,2024-04-09,resolved,medium,Online order issue,phone,STR001,New York Downtown #1,Northeast,CUS00447,4.0,46.66,46.66,0,False,within_sla
TKT001524,2024-04-13 07:31:00,2024-04-13 12:09:42,2024-04-16 07:31:00,2024-04-13,resolved,medium,Wrong item,social,STR018,Minneapolis Mall #18,Midwest,CUS00324,5.0,4.65,4.64,0,False,within_sla
TKT001525,2024-07-28 10:50:00,,2024-08-04 10:50:00,2024-07-28,pending,low,Pricing dispute,chat,STR018,Minneapolis Mall #18,Midwest,CUS00410,,,3753.42,1,True,pending_beyond_sla
TKT001526,2024-09-23 20:55:00,2024-09-23 23:15:19,2024-09-24 00:55:00,2024-09-23,resolved,critical,Product defect,email,STR022,Orlando Downtown #22,Southeast,CUS00336,4.0,2.34,2.34,0,False,within_sla
TKT001527,2024-06-29 20:34:00,,2024-07-06 20:34:00,2024-06-29,pending,low,Store experience,chat,STR003,Atlanta Mall #3,Midwest,CUS00404,,,4439.68,1,True,pending_beyond_sla
TKT001528,2024-06-24 20:21:00,2024-06-27 00:18:58,2024-06-27 20:21:00,2024-06-24,resolved,medium,Pricing dispute,email,STR014,San Francisco Mall #14,Southwest,CUS00158,5.0,51.97,51.97,0,False,within_sla
TKT001529,2024-08-18 20:18:00,,2024-08-25 20:18:00,2024-08-18,escalated,low,Staff conduct,social,STR009,Phoenix Mall #9,Southwest,CUS00458,,,3239.95,1,True,pending_beyond_sla
TKT001530,2024-02-24 15:26:00,2024-02-25 15:37:04,2024-02-27 15:26:00,2024-02-24,resolved,medium,Product defect,email,STR014,San Francisco Mall #14,Southwest,CUS00132,5.0,24.18,24.18,0,False,within_sla
TKT001531,2024-08-25 08:22:00,2024-08-28 02:46:34,2024-09-01 08:22:00,2024-08-25,resolved,low,Refund request,chat,STR011,Los Angeles Mall #11,Northeast,CUS00026,3.0,66.41,66.41,0,False,within_sla
TKT001532,2024-10-21 16:19:00,2024-10-22 13:25:22,2024-10-24 16:19:00,2024-10-21,resolved,medium,Staff conduct,chat,STR004,Miami Downtown #4,Southwest,CUS00101,4.0,21.11,21.11,0,False,within_sla
TKT001533,2024-04-22 20:34:00,2024-04-25 00:52:06,2024-04-25 20:34:00,2024-04-22,resolved,medium,Staff conduct,chat,STR016,Nashville Downtown #16,Northeast,CUS00119,4.0,52.3,52.3,0,False,within_sla
TKT001534,2024-01-20 18:50:00,2024-01-24 02:14:39,2024-01-23 18:50:00,2024-01-20,closed_unresolved,medium,Store experience,social,STR012,Seattle Mall #12,Southeast,CUS00237,2.0,79.41,79.41,0,True,beyond_sla
TKT001535,2024-08-18 18:48:00,2024-08-25 21:47:54,2024-08-21 18:48:00,2024-08-18,closed_unresolved,medium,Store experience,email,STR021,Las Vegas Mall #21,Northeast,CUS00175,2.0,171.0,171.0,0,True,beyond_sla
TKT001536,2024-10-28 13:39:00,,2024-11-04 13:39:00,2024-10-28,escalated,low,Wrong item,email,STR002,Boston Mall #2,Southeast,CUS00373,,,1542.6,1,True,pending_beyond_sla
TKT001537,2024-04-02 18:12:00,,2024-04-09 18:12:00,2024-04-02,pending,low,Refund request,email,STR020,San Diego Mall #20,West,CUS00024,,,6554.05,1,True,pending_beyond_sla
TKT001538,2024-09-05 18:50:00,2024-09-06 09:37:21,2024-09-06 18:50:00,2024-09-05,resolved,high,Store experience,chat,STR017,Charlotte Mall #17,Southeast,CUS00265,5.0,14.79,14.79,0,False,within_sla
TKT001539,2024-02-24 17:45:00,2024-02-26 05:07:50,2024-02-25 17:45:00,2024-02-24,resolved,high,Online order issue,in_store,STR008,Houston Mall #8,Midwest,CUS00467,1.0,35.38,35.38,0,True,beyond_sla
TKT001540,2024-12-05 14:02:00,2024-12-09 06:35:20,2024-12-08 14:02:00,2024-12-05,closed_unresolved,medium,Staff conduct,phone,STR006,Detroit Mall #6,Northeast,CUS00215,3.0,88.56,88.56,0,True,beyond_sla
TKT001541,2024-05-17 15:40:00,,2024-05-18 15:40:00,2024-05-17,pending,high,Refund request,email,STR002,Boston Mall #2,Southeast,CUS00397,,,5476.58,1,True,pending_beyond_sla
TKT001542,2024-02-20 11:43:00,2024-02-21 13:22:02,2024-02-23 11:43:00,2024-02-20,resolved,medium,Pricing dispute,social,STR009,Phoenix Mall #9,Southwest,CUS00052,4.0,25.65,25.65,0,False,within_sla
TKT001543,2024-08-31 16:58:00,2024-08-31 19:46:21,2024-09-01 16:58:00,2024-08-31,resolved,high,Pricing dispute,email,STR010,Denver Downtown #10,West,CUS00348,4.0,2.81,2.81,0,False,within_sla
TKT001544,2024-10-17 07:43:00,2024-10-22 13:12:36,2024-10-24 07:43:00,2024-10-17,resolved,low,Refund request,chat,STR003,Atlanta Mall #3,Midwest,CUS00376,3.0,125.49,125.49,0,False,within_sla
TKT001545,2024-09-05 10:41:00,2024-09-07 14:49:42,2024-09-06 10:41:00,2024-09-05,resolved,high,Late delivery,social,STR003,Atlanta Mall #3,Midwest,CUS00191,3.0,52.15,52.14,0,True,beyond_sla
TKT001546,2024-01-31 16:08:00,2024-02-02 18:33:27,2024-02-03 16:08:00,2024-01-31,resolved,medium,Refund request,social,STR007,Dallas Downtown #7,Southeast,CUS00375,4.0,50.42,50.42,0,False,within_sla
TKT001547,2024-09-26 09:38:00,2024-10-04 13:46:50,2024-09-29 09:38:00,2024-09-26,resolved,medium,Staff conduct,social,STR009,Phoenix Mall #9,Southwest,CUS00192,3.0,196.15,196.15,0,True,beyond_sla
TKT001548,2024-09-13 15:46:00,2024-09-14 03:31:53,2024-09-20 15:46:00,2024-09-13,resolved,low,Late delivery,in_store,STR023,Kansas City Mall #23,Midwest,CUS00040,5.0,11.76,11.76,0,False,within_sla
TKT001549,2024-01-24 15:16:00,2024-01-24 22:10:53,2024-01-25 15:16:00,2024-01-24,resolved,high,Online order issue,phone,STR003,Atlanta Mall #3,Midwest,CUS00426,5.0,6.91,6.91,0,False,within_sla
TKT001550,2024-08-14 20:15:00,,2024-08-17 20:15:00,2024-08-14,escalated,medium,Online order issue,social,STR012,Seattle Mall #12,Southeast,CUS00104,,,3336.0,1,True,pending_beyond_sla
TKT001551,2024-01-22 12:13:00,2024-01-22 22:16:40,2024-01-25 12:13:00,2024-01-22,resolved,medium,Store experience,chat,STR006,Detroit Mall #6,Northeast,CUS00152,3.0,10.06,10.06,0,False,within_sla
TKT001552,2024-08-07 14:49:00,,2024-08-08 14:49:00,2024-08-07,pending,high,Online order issue,phone,STR018,Minneapolis Mall #18,Midwest,CUS00416,,,3509.43,1,True,pending_beyond_sla
TKT001553,2024-08-10 16:42:00,2024-08-10 18:06:00,2024-08-13 16:42:00,2024-08-10,resolved,medium,Staff conduct,chat,STR008,Houston Mall #8,Midwest,CUS00240,5.0,1.4,1.4,0,False,within_sla
TKT001554,2024-02-26 10:54:00,2024-03-02 00:03:35,2024-03-04 10:54:00,2024-02-26,resolved,low,Staff conduct,in_store,STR010,Denver Downtown #10,West,CUS00208,3.0,109.16,109.16,0,False,within_sla
TKT001555,2024-03-19 09:05:00,2024-03-20 18:20:33,2024-03-22 09:05:00,2024-03-19,resolved,medium,Online order issue,social,STR003,Atlanta Mall #3,Midwest,CUS00063,4.0,33.26,33.26,0,False,within_sla
TKT001556,2024-09-17 09:00:00,,2024-09-20 09:00:00,2024-09-17,pending,medium,Pricing dispute,phone,STR015,Austin Mall #15,West,CUS00169,,,2531.25,1,True,pending_beyond_sla
TKT001557,2024-02-19 19:44:00,2024-02-20 01:21:20,2024-02-20 19:44:00,2024-02-19,resolved,high,Wrong item,in_store,STR012,Seattle Mall #12,Southeast,CUS00236,4.0,5.62,5.62,0,False,within_sla
TKT001558,2024-11-18 19:19:00,2024-11-21 06:51:18,2024-11-21 19:19:00,2024-11-18,resolved,medium,Wrong item,social,STR011,Los Angeles Mall #11,Northeast,CUS00349,3.0,59.54,59.54,0,False,within_sla
TKT001559,2024-11-26 11:26:00,2024-12-04 07:26:36,2024-11-29 11:26:00,2024-11-26,resolved,medium,Store experience,chat,STR002,Boston Mall #2,Southeast,CUS00488,3.0,188.01,188.01,0,True,beyond_sla
TKT001560,2024-06-29 10:10:00,2024-07-14 05:29:02,2024-07-06 10:10:00,2024-06-29,closed_unresolved,low,Product defect,email,STR013,Portland Downtown #13,Midwest,CUS00490,1.0,355.32,355.32,0,True,beyond_sla
TKT001561,2024-01-02 11:03:00,2024-01-08 11:41:47,2024-01-09 11:03:00,2024-01-02,resolved,low,Wrong item,phone,STR013,Portland Downtown #13,Midwest,CUS00246,4.0,144.65,144.65,0,False,within_sla
TKT001562,2024-10-28 17:23:00,2024-10-30 15:28:22,2024-11-04 17:23:00,2024-10-28,resolved,low,Pricing dispute,chat,STR006,Detroit Mall #6,Northeast,CUS00064,3.0,46.09,46.09,0,False,within_sla
TKT001563,2024-01-04 18:14:00,2024-01-09 04:45:56,2024-01-11 18:14:00,2024-01-04,resolved,low,Product defect,in_store,STR018,Minneapolis Mall #18,Midwest,CUS00198,4.0,106.53,106.53,0,False,within_sla
TKT001564,2024-03-02 19:28:00,2024-03-06 22:12:05,2024-03-09 19:28:00,2024-03-02,resolved,low,Product defect,email,STR019,Philadelphia Downtown #19,Southwest,CUS00032,4.0,98.73,98.73,0,False,within_sla
TKT001565,2024-04-19 10:53:00,2024-04-20 12:18:24,2024-04-22 10:53:00,2024-04-19,resolved,medium,Wrong item,email,STR016,Nashville Downtown #16,Northeast,CUS00431,5.0,25.42,25.42,0,False,within_sla
TKT001566,2024-11-23 10:28:00,2024-11-28 21:11:53,2024-11-26 10:28:00,2024-11-23,resolved,medium,Wrong item,chat,STR001,New York Downtown #1,Northeast,CUS00366,1.0,130.73,130.73,0,True,beyond_sla
TKT001567,2024-12-18 16:58:00,2024-12-23 20:22:10,2024-12-25 16:58:00,2024-12-18,resolved,low,Online order issue,email,STR007,Dallas Downtown #7,Southeast,CUS00278,5.0,123.4,123.4,0,False,within_sla
TKT001568,2024-09-24 16:29:00,2024-09-28 20:47:25,2024-09-27 16:29:00,2024-09-24,resolved,medium,Store experience,chat,STR004,Miami Downtown #4,Southwest,CUS00364,2.0,100.31,100.31,0,True,beyond_sla
TKT001569,2024-12-22 10:11:00,2024-12-27 02:25:17,2024-12-29 10:11:00,2024-12-22,resolved,low,Pricing dispute,social,STR004,Miami Downtown #4,Southwest,CUS00041,5.0,112.24,112.24,0,False,within_sla
TKT001570,2024-05-31 07:49:00,2024-06-02 22:52:53,2024-06-03 07:49:00,2024-05-31,resolved,medium,Staff conduct,social,STR007,Dallas Downtown #7,Southeast,CUS00300,4.0,63.06,63.06,0,False,within_sla
TKT001571,2024-07-25 20:11:00,2024-08-02 03:53:24,2024-07-28 20:11:00,2024-07-25,resolved,medium,Staff conduct,in_store,STR002,Boston Mall #2,Southeast,CUS00405,2.0,175.71,175.71,0,True,beyond_sla
TKT001572,2024-07-21 16:17:00,2024-07-22 07:35:54,2024-07-22 16:17:00,2024-07-21,resolved,high,Staff conduct,social,STR014,San Francisco Mall #14,Southwest,CUS00236,3.0,15.32,15.32,0,False,within_sla
TKT001573,2024-02-14 15:18:00,2024-02-15 23:31:22,2024-02-17 15:18:00,2024-02-14,resolved,medium,Late delivery,chat,STR004,Miami Downtown #4,Southwest,CUS00377,5.0,32.22,32.22,0,False,within_sla
TKT001574,2024-03-26 08:01:00,2024-03-28 11:22:26,2024-03-29 08:01:00,2024-03-26,resolved,medium,Wrong item,phone,STR007,Dallas Downtown #7,Southeast,CUS00001,5.0,51.36,51.36,0,False,within_sla
TKT001575,2024-03-11 13:17:00,2024-03-20 09:19:43,2024-03-18 13:17:00,2024-03-11,resolved,low,Store experience,social,STR010,Denver Downtown #10,West,CUS00344,3.0,212.05,212.05,0,True,beyond_sla
TKT001576,2024-12-06 14:55:00,2024-12-06 21:18:12,2024-12-09 14:55:00,2024-12-06,resolved,medium,Pricing dispute,email,STR008,Houston Mall #8,Midwest,CUS00400,5.0,6.39,6.39,0,False,within_sla
TKT001577,2024-02-01 15:40:00,2024-02-04 23:21:13,2024-02-08 15:40:00,2024-02-01,resolved,low,Late delivery,email,STR019,Philadelphia Downtown #19,Southwest,CUS00104,4.0,79.69,79.69,0,False,within_sla
TKT001578,2024-10-19 10:55:00,2024-10-20 20:32:20,2024-10-20 10:55:00,2024-10-19,resolved,high,Online order issue,chat,STR009,Phoenix Mall #9,Southwest,CUS00008,3.0,33.62,33.62,0,True,beyond_sla
TKT001579,2024-04-14 20:29:00,2024-04-18 20:59:00,2024-04-21 20:29:00,2024-04-14,resolved,low,Pricing dispute,in_store,STR017,Charlotte Mall #17,Southeast,CUS00047,4.0,96.5,96.5,0,False,within_sla
TKT001580,2024-07-30 14:47:00,2024-08-06 04:58:07,2024-08-02 14:47:00,2024-07-30,resolved,medium,Store experience,email,STR004,Miami Downtown #4,Southwest,CUS00426,4.0,158.19,158.19,0,True,beyond_sla
TKT001581,2024-07-14 07:06:00,2024-07-17 00:52:38,2024-07-21 07:06:00,2024-07-14,resolved,low,Online order issue,chat,STR020,San Diego Mall #20,West,CUS00362,4.0,65.78,65.78,0,False,within_sla
TKT001582,2024-04-19 07:36:00,2024-04-25 21:41:31,2024-04-26 07:36:00,2024-04-19,resolved,low,Refund request,email,STR019,Philadelphia Downtown #19,Southwest,CUS00495,4.0,158.09,158.09,0,False,within_sla
TKT001583,2024-04-28 19:50:00,2024-05-01 04:57:36,2024-05-01 19:50:00,2024-04-28,resolved,medium,Pricing dispute,phone,STR016,Nashville Downtown #16,Northeast,CUS00103,5.0,57.13,57.13,0,False,within_sla
TKT001584,2024-04-10 20:53:00,2024-04-11 13:07:58,2024-04-11 20:53:00,2024-04-10,resolved,high,Wrong item,email,STR014,San Francisco Mall #14,Southwest,CUS00126,4.0,16.25,16.25,0,False,within_sla
TKT001585,2024-05-12 11:09:00,2024-05-15 04:58:56,2024-05-19 11:09:00,2024-05-12,resolved,low,Refund request,in_store,STR013,Portland Downtown #13,Midwest,CUS00123,5.0,65.83,65.83,0,False,within_sla
TKT001586,2024-01-26 11:41:00,2024-02-01 16:48:30,2024-02-02 11:41:00,2024-01-26,resolved,low,Online order issue,social,STR009,Phoenix Mall #9,Southwest,CUS00351,3.0,149.13,149.12,0,False,within_sla
TKT001587,2024-09-03 12:26:00,2024-09-08 04:07:06,2024-09-06 12:26:00,2024-09-03,resolved,medium,Staff conduct,email,STR021,Las Vegas Mall #21,Northeast,CUS00172,4.0,111.69,111.68,0,True,beyond_sla
TKT001588,2024-12-06 15:18:00,2024-12-09 09:10:17,2024-12-09 15:18:00,2024-12-06,resolved,medium,Pricing dispute,in_store,STR007,Dallas Downtown #7,Southeast,CUS00147,4.0,65.87,65.87,0,False,within_sla
TKT001589,2024-09-10 08:11:00,2024-09-13 03:43:19,2024-09-13 08:11:00,2024-09-10,resolved,medium,Online order issue,social,STR007,Dallas Downtown #7,Southeast,CUS00131,4.0,67.54,67.54,0,False,within_sla
TKT001590,2024-01-13 14:41:00,2024-01-29 20:11:15,2024-01-20 14:41:00,2024-01-13,resolved,low,Refund request,email,STR013,Portland Downtown #13,Midwest,CUS00032,3.0,389.5,389.5,0,True,beyond_sla
TKT001591,2024-03-03 16:13:00,2024-03-18 08:01:35,2024-03-10 16:13:00,2024-03-03,resolved,low,Online order issue,phone,STR022,Orlando Downtown #22,Southeast,CUS00304,2.0,351.81,351.81,0,True,beyond_sla
TKT001592,2024-05-24 07:38:00,2024-05-25 17:32:27,2024-05-31 07:38:00,2024-05-24,resolved,low,Staff conduct,social,STR010,Denver Downtown #10,West,CUS00296,5.0,33.91,33.91,0,False,within_sla
TKT001593,2024-09-30 13:15:00,2024-10-02 15:50:26,2024-10-03 13:15:00,2024-09-30,resolved,medium,Wrong item,in_store,STR009,Phoenix Mall #9,Southwest,CUS00133,4.0,50.59,50.59,0,False,within_sla
TKT001594,2024-05-02 08:13:00,2024-05-07 22:34:06,2024-05-09 08:13:00,2024-05-02,resolved,low,Store experience,email,STR010,Denver Downtown #10,West,CUS00279,5.0,134.35,134.35,0,False,within_sla
TKT001595,2024-01-22 16:07:00,2024-01-23 00:16:16,2024-01-25 16:07:00,2024-01-22,resolved,medium,Staff conduct,phone,STR002,Boston Mall #2,Southeast,CUS00174,4.0,8.15,8.15,0,False,within_sla
TKT001596,2024-08-07 07:32:00,2024-08-07 22:50:24,2024-08-08 07:32:00,2024-08-07,resolved,high,Wrong item,social,STR008,Houston Mall #8,Midwest,CUS00208,5.0,15.31,15.31,0,False,within_sla
TKT001597,2024-07-12 08:20:00,2024-07-28 01:30:36,2024-07-19 08:20:00,2024-07-12,resolved,low,Product defect,in_store,STR015,Austin Mall #15,West,CUS00089,3.0,377.18,377.18,0,True,beyond_sla
TKT001598,2024-11-06 10:47:00,2024-11-08 07:12:32,2024-11-13 10:47:00,2024-11-06,resolved,low,Wrong item,social,STR009,Phoenix Mall #9,Southwest,CUS00208,3.0,44.43,44.43,0,False,within_sla
TKT001599,2024-02-08 10:49:00,2024-02-13 02:25:52,2024-02-15 10:49:00,2024-02-08,resolved,low,Staff conduct,in_store,STR001,New York Downtown #1,Northeast,CUS00221,5.0,111.61,111.61,0,False,within_sla
TKT001600,2024-01-23 18:55:00,2024-01-28 00:17:02,2024-01-26 18:55:00,2024-01-23,resolved,medium,Pricing dispute,in_store,STR023,Kansas City Mall #23,Midwest,CUS00211,4.0,101.37,101.37,0,True,beyond_sla
TKT001601,2024-12-29 20:44:00,2025-01-01 01:30:52,2024-12-30 20:44:00,2024-12-29,resolved,high,Refund request,chat,STR021,Las Vegas Mall #21,Northeast,CUS00422,1.0,52.78,52.78,0,True,beyond_sla
TKT001602,2024-03-20 09:55:00,2024-03-21 15:01:41,2024-03-23 09:55:00,2024-03-20,resolved,medium,Store experience,in_store,STR016,Nashville Downtown #16,Northeast,CUS00306,4.0,29.11,29.11,0,False,within_sla
TKT001603,2024-07-22 08:23:00,2024-07-22 12:26:08,2024-07-29 08:23:00,2024-07-22,resolved,low,Wrong item,in_store,STR011,Los Angeles Mall #11,Northeast,CUS00107,4.0,4.05,4.05,0,False,within_sla
TKT001604,2024-07-17 12:03:00,2024-07-17 12:40:58,2024-07-20 12:03:00,2024-07-17,resolved,medium,Store experience,phone,STR007,Dallas Downtown #7,Southeast,CUS00066,4.0,0.63,0.63,0,False,within_sla
TKT001605,2024-06-19 20:19:00,2024-06-20 09:48:51,2024-06-20 20:19:00,2024-06-19,resolved,high,Late delivery,phone,STR013,Portland Downtown #13,Midwest,CUS00174,4.0,13.5,13.5,0,False,within_sla
TKT001606,2024-10-16 16:00:00,2024-10-17 05:40:56,2024-10-17 16:00:00,2024-10-16,resolved,high,Product defect,in_store,STR013,Portland Downtown #13,Midwest,CUS00369,5.0,13.68,13.68,0,False,within_sla
TKT001607,2024-12-11 09:51:00,2024-12-16 03:26:38,2024-12-18 09:51:00,2024-12-11,resolved,low,Pricing dispute,social,STR001,New York Downtown #1,Northeast,CUS00017,5.0,113.59,113.59,0,False,within_sla
TKT001608,2024-10-05 20:49:00,2024-10-06 01:27:10,2024-10-06 20:49:00,2024-10-05,resolved,high,Wrong item,in_store,STR019,Philadelphia Downtown #19,Southwest,CUS00444,4.0,4.64,4.64,0,False,within_sla
TKT001609,2024-04-29 14:32:00,2024-04-30 21:17:09,2024-05-02 14:32:00,2024-04-29,resolved,medium,Refund request,chat,STR021,Las Vegas Mall #21,Northeast,CUS00424,5.0,30.75,30.75,0,False,within_sla
TKT001610,2024-09-24 16:21:00,2024-09-26 16:04:56,2024-09-25 16:21:00,2024-09-24,resolved,high,Pricing dispute,in_store,STR017,Charlotte Mall #17,Southeast,CUS00346,3.0,47.73,47.73,0,True,beyond_sla
TKT001611,2024-01-19 08:02:00,,2024-01-22 08:02:00,2024-01-19,pending,medium,Refund request,in_store,STR018,Minneapolis Mall #18,Midwest,CUS00167,,,8340.22,1,True,pending_beyond_sla
TKT001612,2024-08-11 09:43:00,2024-08-11 17:57:40,2024-08-11 13:43:00,2024-08-11,resolved,critical,Late delivery,social,STR018,Minneapolis Mall #18,Midwest,CUS00484,3.0,8.24,8.24,0,True,beyond_sla
TKT001613,2024-11-26 13:56:00,,2024-11-29 13:56:00,2024-11-26,escalated,medium,Wrong item,phone,STR001,New York Downtown #1,Northeast,CUS00052,,,846.32,1,True,pending_beyond_sla
TKT001614,2024-01-09 20:52:00,2024-01-15 22:18:46,2024-01-16 20:52:00,2024-01-09,resolved,low,Online order issue,phone,STR016,Nashville Downtown #16,Northeast,CUS00200,5.0,145.45,145.45,0,False,within_sla
TKT001615,2024-04-26 13:02:00,,2024-05-03 13:02:00,2024-04-26,pending,low,Staff conduct,social,STR019,Philadelphia Downtown #19,Southwest,CUS00042,,,5983.22,1,True,pending_beyond_sla
TKT001616,2024-01-11 19:22:00,,2024-01-18 19:22:00,2024-01-11,pending,low,Online order issue,chat,STR010,Denver Downtown #10,West,CUS00083,,,8520.88,1,True,pending_beyond_sla
TKT001617,2024-10-03 13:23:00,2024-10-05 04:42:18,2024-10-06 13:23:00,2024-10-03,resolved,medium,Wrong item,phone,STR006,Detroit Mall #6,Northeast,CUS00461,4.0,39.32,39.32,0,False,within_sla
TKT001618,2024-05-26 17:54:00,,2024-05-27 17:54:00,2024-05-26,pending,high,Store experience,chat,STR021,Las Vegas Mall #21,Northeast,CUS00415,,,5258.35,1,True,pending_beyond_sla
TKT001619,2024-09-01 18:03:00,,2024-09-01 22:03:00,2024-09-01,pending,critical,Staff conduct,email,STR019,Philadelphia Downtown #19,Southwest,CUS00128,,,2906.2,1,True,pending_beyond_sla
TKT001620,2024-12-19 12:33:00,2024-12-22 07:29:06,2024-12-22 12:33:00,2024-12-19,resolved,medium,Pricing dispute,chat,STR005,Chicago Mall #5,West,CUS00122,4.0,66.94,66.94,0,False,within_sla
TKT001621,2024-05-13 20:10:00,2024-05-15 12:47:40,2024-05-14 20:10:00,2024-05-13,closed_unresolved,high,Late delivery,phone,STR006,Detroit Mall #6,Northeast,CUS00044,2.0,40.63,40.63,0,True,beyond_sla
TKT001622,2024-04-17 18:45:00,2024-04-20 03:31:39,2024-04-20 18:45:00,2024-04-17,resolved,medium,Staff conduct,in_store,STR023,Kansas City Mall #23,Midwest,CUS00240,5.0,56.78,56.78,0,False,within_sla
TKT001623,2024-04-26 11:54:00,2024-04-29 17:14:25,2024-05-03 11:54:00,2024-04-26,resolved,low,Refund request,email,STR009,Phoenix Mall #9,Southwest,CUS00431,4.0,77.34,77.34,0,False,within_sla
TKT001624,2024-09-07 15:40:00,,2024-09-08 15:40:00,2024-09-07,pending,high,Store experience,email,STR009,Phoenix Mall #9,Southwest,CUS00479,,,2764.58,1,True,pending_beyond_sla
TKT001625,2024-10-24 20:47:00,2024-10-25 01:22:15,2024-10-27 20:47:00,2024-10-24,resolved,medium,Online order issue,social,STR003,Atlanta Mall #3,Midwest,CUS00405,5.0,4.59,4.59,0,False,within_sla
TKT001626,2024-10-11 08:24:00,2024-10-13 14:08:01,2024-10-14 08:24:00,2024-10-11,resolved,medium,Late delivery,social,STR012,Seattle Mall #12,Southeast,CUS00430,4.0,53.73,53.73,0,False,within_sla
TKT001627,2024-09-20 11:08:00,2024-09-22 02:39:01,2024-09-21 11:08:00,2024-09-20,resolved,high,Wrong item,phone,STR002,Boston Mall #2,Southeast,CUS00190,1.0,39.52,39.52,0,True,beyond_sla
TKT001628,2024-04-04 20:31:00,,2024-04-07 20:31:00,2024-04-04,escalated,medium,Store experience,in_store,STR004,Miami Downtown #4,Southwest,CUS00480,,,6503.73,1,True,pending_beyond_sla
TKT001629,2024-10-23 08:09:00,2024-10-25 11:33:49,2024-10-26 08:09:00,2024-10-23,resolved,medium,Online order issue,in_store,STR019,Philadelphia Downtown #19,Southwest,CUS00418,4.0,51.41,51.41,0,False,within_sla
TKT001630,2024-04-05 08:05:00,2024-04-07 04:44:46,2024-04-08 08:05:00,2024-04-05,resolved,medium,Store experience,email,STR022,Orlando Downtown #22,Southeast,CUS00174,4.0,44.66,44.66,0,False,within_sla
TKT001631,2024-03-08 16:18:00,2024-03-20 08:12:10,2024-03-15 16:18:00,2024-03-08,resolved,low,Online order issue,email,STR007,Dallas Downtown #7,Southeast,CUS00267,3.0,279.9,279.9,0,True,beyond_sla
TKT001632,2024-11-11 07:00:00,,2024-11-18 07:00:00,2024-11-11,escalated,low,Wrong item,social,STR017,Charlotte Mall #17,Southeast,CUS00433,,,1213.25,1,True,pending_beyond_sla
TKT001633,2024-10-18 15:12:00,2024-10-22 14:10:01,2024-10-25 15:12:00,2024-10-18,resolved,low,Wrong item,in_store,STR003,Atlanta Mall #3,Midwest,CUS00359,3.0,94.97,94.97,0,False,within_sla
TKT001634,2024-08-18 20:58:00,2024-08-21 11:52:24,2024-08-21 20:58:00,2024-08-18,resolved,medium,Wrong item,social,STR010,Denver Downtown #10,West,CUS00266,3.0,62.91,62.91,0,False,within_sla
TKT001635,2024-03-26 14:44:00,,2024-03-29 14:44:00,2024-03-26,escalated,medium,Store experience,in_store,STR014,San Francisco Mall #14,Southwest,CUS00366,,,6725.52,1,True,pending_beyond_sla
TKT001636,2024-11-20 16:01:00,2024-11-23 16:55:01,2024-11-27 16:01:00,2024-11-20,resolved,low,Pricing dispute,email,STR005,Chicago Mall #5,West,CUS00356,4.0,72.9,72.9,0,False,within_sla
TKT001637,2024-04-18 17:21:00,2024-04-22 20:49:40,2024-04-25 17:21:00,2024-04-18,resolved,low,Late delivery,social,STR009,Phoenix Mall #9,Southwest,CUS00476,5.0,99.48,99.48,0,False,within_sla
TKT001638,2024-01-02 08:06:00,2024-01-03 05:37:08,2024-01-03 08:06:00,2024-01-02,resolved,high,Refund request,in_store,STR005,Chicago Mall #5,West,CUS00390,5.0,21.52,21.52,0,False,within_sla
TKT001639,2024-08-27 15:37:00,2024-09-01 09:24:03,2024-09-03 15:37:00,2024-08-27,resolved,low,Refund request,phone,STR009,Phoenix Mall #9,Southwest,CUS00427,4.0,113.78,113.78,0,False,within_sla
TKT001640,2024-09-06 07:04:00,2024-09-06 17:41:39,2024-09-07 07:04:00,2024-09-06,resolved,high,Staff conduct,social,STR020,San Diego Mall #20,West,CUS00055,4.0,10.63,10.63,0,False,within_sla
TKT001641,2024-12-22 15:34:00,,2024-12-25 15:34:00,2024-12-22,escalated,medium,Staff conduct,phone,STR005,Chicago Mall #5,West,CUS00036,,,220.68,1,True,pending_beyond_sla
TKT001642,2024-06-20 08:42:00,2024-07-04 10:38:03,2024-06-27 08:42:00,2024-06-20,resolved,low,Product defect,email,STR013,Portland Downtown #13,Midwest,CUS00075,2.0,337.93,337.93,0,True,beyond_sla
TKT001643,2024-06-27 20:52:00,2024-07-10 02:15:54,2024-07-04 20:52:00,2024-06-27,resolved,low,Store experience,in_store,STR002,Boston Mall #2,Southeast,CUS00397,2.0,293.4,293.4,0,True,beyond_sla
TKT001644,2024-11-22 18:26:00,2024-11-22 20:47:42,2024-11-22 22:26:00,2024-11-22,resolved,critical,Store experience,chat,STR001,New York Downtown #1,Northeast,CUS00337,5.0,2.36,2.36,0,False,within_sla
TKT001645,2024-06-18 16:40:00,,2024-06-19 16:40:00,2024-06-18,pending,high,Refund request,in_store,STR007,Dallas Downtown #7,Southeast,CUS00389,,,4707.58,1,True,pending_beyond_sla
TKT001646,2024-03-14 13:45:00,,2024-03-15 13:45:00,2024-03-14,escalated,high,Store experience,in_store,STR005,Chicago Mall #5,West,CUS00420,,,7014.5,1,True,pending_beyond_sla
TKT001647,2024-04-17 07:14:00,,2024-04-24 07:14:00,2024-04-17,escalated,low,Refund request,social,STR010,Denver Downtown #10,West,CUS00190,,,6205.02,1,True,pending_beyond_sla
TKT001648,2024-04-17 14:38:00,,2024-04-24 14:38:00,2024-04-17,pending,low,Pricing dispute,phone,STR004,Miami Downtown #4,Southwest,CUS00186,,,6197.62,1,True,pending_beyond_sla
TKT001649,2024-05-23 19:09:00,2024-05-25 17:52:12,2024-05-26 19:09:00,2024-05-23,resolved,medium,Wrong item,in_store,STR002,Boston Mall #2,Southeast,CUS00427,4.0,46.72,46.72,0,False,within_sla
TKT001650,2024-07-21 15:47:00,,2024-07-28 15:47:00,2024-07-21,escalated,low,Refund request,in_store,STR004,Miami Downtown #4,Southwest,CUS00195,,,3916.47,1,True,pending_beyond_sla
TKT001651,2024-02-13 08:15:00,,2024-02-20 08:15:00,2024-02-13,pending,low,Late delivery,phone,STR002,Boston Mall #2,Southeast,CUS00146,,,7740.0,1,True,pending_beyond_sla
TKT001652,2024-10-21 15:56:00,2024-10-24 00:00:38,2024-10-24 15:56:00,2024-10-21,resolved,medium,Late delivery,phone,STR015,Austin Mall #15,West,CUS00015,5.0,56.08,56.08,0,False,within_sla
TKT001653,2024-11-05 11:25:00,2024-11-06 00:56:15,2024-11-12 11:25:00,2024-11-05,resolved,low,Late delivery,in_store,STR009,Phoenix Mall #9,Southwest,CUS00443,5.0,13.52,13.52,0,False,within_sla
TKT001654,2024-03-08 16:46:00,2024-03-10 05:18:18,2024-03-15 16:46:00,2024-03-08,resolved,low,Staff conduct,in_store,STR007,Dallas Downtown #7,Southeast,CUS00426,3.0,36.54,36.54,0,False,within_sla
TKT001655,2024-08-31 07:50:00,2024-09-08 04:50:21,2024-09-07 07:50:00,2024-08-31,resolved,low,Online order issue,social,STR006,Detroit Mall #6,Northeast,CUS00316,3.0,189.01,189.01,0,True,beyond_sla
TKT001656,2024-04-21 14:06:00,2024-04-25 12:49:56,2024-04-28 14:06:00,2024-04-21,resolved,low,Product defect,phone,STR014,San Francisco Mall #14,Southwest,CUS00284,3.0,94.73,94.73,0,False,within_sla
TKT001657,2024-09-13 08:22:00,,2024-09-14 08:22:00,2024-09-13,escalated,high,Refund request,chat,STR022,Orlando Downtown #22,Southeast,CUS00334,,,2627.88,1,True,pending_beyond_sla
TKT001658,2024-02-18 20:56:00,2024-02-18 21:36:20,2024-02-21 20:56:00,2024-02-18,resolved,medium,Late delivery,in_store,STR014,San Francisco Mall #14,Southwest,CUS00173,4.0,0.67,0.67,0,False,within_sla
TKT001659,2024-09-27 08:36:00,2024-09-29 18:27:48,2024-09-30 08:36:00,2024-09-27,resolved,medium,Product defect,in_store,STR023,Kansas City Mall #23,Midwest,CUS00474,5.0,57.86,57.86,0,False,within_sla
TKT001660,2024-10-21 17:31:00,2024-10-21 21:47:47,2024-10-24 17:31:00,2024-10-21,resolved,medium,Online order issue,chat,STR006,Detroit Mall #6,Northeast,CUS00258,5.0,4.28,4.28,0,False,within_sla
TKT001661,2024-12-02 17:53:00,,2024-12-05 17:53:00,2024-12-02,pending,medium,Wrong item,chat,STR021,Las Vegas Mall #21,Northeast,CUS00068,,,698.37,1,True,pending_beyond_sla
TKT001662,2024-05-08 18:01:00,2024-05-09 02:23:38,2024-05-08 22:01:00,2024-05-08,resolved,critical,Staff conduct,social,STR017,Charlotte Mall #17,Southeast,CUS00300,3.0,8.38,8.38,0,True,beyond_sla
TKT001663,2024-10-05 08:02:00,2024-10-11 20:04:30,2024-10-12 08:02:00,2024-10-05,resolved,low,Store experience,phone,STR019,Philadelphia Downtown #19,Southwest,CUS00339,4.0,156.04,156.04,0,False,within_sla
TKT001664,2024-12-20 07:57:00,2024-12-27 20:10:10,2024-12-27 07:57:00,2024-12-20,resolved,low,Store experience,phone,STR017,Charlotte Mall #17,Southeast,CUS00011,1.0,180.22,180.22,0,True,beyond_sla
TKT001665,2024-01-31 16:18:00,2024-02-01 05:22:57,2024-02-07 16:18:00,2024-01-31,resolved,low,Staff conduct,social,STR019,Philadelphia Downtown #19,Southwest,CUS00137,5.0,13.08,13.08,0,False,within_sla
TKT001666,2024-09-27 15:53:00,2024-10-15 22:45:33,2024-10-04 15:53:00,2024-09-27,resolved,low,Staff conduct,email,STR019,Philadelphia Downtown #19,Southwest,CUS00030,2.0,438.88,438.88,0,True,beyond_sla
TKT001667,2024-11-19 17:03:00,2024-11-22 10:29:39,2024-11-22 17:03:00,2024-11-19,resolved,medium,Wrong item,social,STR006,Detroit Mall #6,Northeast,CUS00210,4.0,65.44,65.44,0,False,within_sla
TKT001668,2024-05-26 17:17:00,,2024-05-27 17:17:00,2024-05-26,pending,high,Wrong item,in_store,STR020,San Diego Mall #20,West,CUS00346,,,5258.97,1,True,pending_beyond_sla
TKT001669,2024-03-13 09:59:00,2024-03-14 05:44:59,2024-03-16 09:59:00,2024-03-13,resolved,medium,Staff conduct,phone,STR021,Las Vegas Mall #21,Northeast,CUS00043,5.0,19.77,19.77,0,False,within_sla
TKT001670,2024-11-07 17:08:00,2024-11-11 02:46:58,2024-11-14 17:08:00,2024-11-07,resolved,low,Wrong item,phone,STR009,Phoenix Mall #9,Southwest,CUS00268,5.0,81.65,81.65,0,False,within_sla
TKT001671,2024-07-22 20:15:00,2024-07-26 12:01:14,2024-07-25 20:15:00,2024-07-22,resolved,medium,Store experience,in_store,STR001,New York Downtown #1,Northeast,CUS00240,2.0,87.77,87.77,0,True,beyond_sla
TKT001672,2024-01-03 07:48:00,2024-01-20 00:45:35,2024-01-10 07:48:00,2024-01-03,resolved,low,Store experience,in_store,STR023,Kansas City Mall #23,Midwest,CUS00089,3.0,400.96,400.96,0,True,beyond_sla
TKT001673,2024-04-10 18:24:00,2024-04-11 02:31:03,2024-04-11 18:24:00,2024-04-10,resolved,high,Late delivery,email,STR013,Portland Downtown #13,Midwest,CUS00144,4.0,8.12,8.12,0,False,within_sla
TKT001674,2024-09-27 14:12:00,2024-09-28 00:47:52,2024-09-27 18:12:00,2024-09-27,resolved,critical,Refund request,social,STR020,San Diego Mall #20,West,CUS00051,4.0,10.6,10.6,0,True,beyond_sla
TKT001675,2024-10-26 07:06:00,2024-11-05 14:24:45,2024-11-02 07:06:00,2024-10-26,closed_unresolved,low,Store experience,social,STR002,Boston Mall #2,Southeast,CUS00074,3.0,247.31,247.31,0,True,beyond_sla
TKT001676,2024-10-13 17:58:00,2024-10-15 15:41:19,2024-10-20 17:58:00,2024-10-13,resolved,low,Refund request,social,STR015,Austin Mall #15,West,CUS00494,4.0,45.72,45.72,0,False,within_sla
TKT001677,2024-06-18 10:45:00,2024-06-24 20:02:47,2024-06-25 10:45:00,2024-06-18,resolved,low,Online order issue,phone,STR021,Las Vegas Mall #21,Northeast,CUS00309,5.0,153.3,153.3,0,False,within_sla
TKT001678,2024-12-03 12:17:00,,2024-12-04 12:17:00,2024-12-03,pending,high,Late delivery,social,STR016,Nashville Downtown #16,Northeast,CUS00140,,,679.97,1,True,pending_beyond_sla
TKT001679,2024-08-20 16:26:00,,2024-08-23 16:26:00,2024-08-20,pending,medium,Late delivery,chat,STR019,Philadelphia Downtown #19,Southwest,CUS00065,,,3195.82,1,True,pending_beyond_sla
TKT001680,2024-06-29 08:21:00,2024-07-01 03:41:29,2024-07-02 08:21:00,2024-06-29,resolved,medium,Online order issue,phone,STR002,Boston Mall #2,Southeast,CUS00415,4.0,43.34,43.34,0,False,within_sla
TKT001681,2024-06-05 18:42:00,2024-06-06 23:43:00,2024-06-08 18:42:00,2024-06-05,resolved,medium,Refund request,social,STR019,Philadelphia Downtown #19,Southwest,CUS00015,5.0,29.02,29.02,0,False,within_sla
TKT001682,2024-06-12 15:50:00,2024-06-18 10:50:03,2024-06-15 15:50:00,2024-06-12,resolved,medium,Product defect,email,STR002,Boston Mall #2,Southeast,CUS00436,3.0,139.0,139.0,0,True,beyond_sla
TKT001683,2024-01-12 09:29:00,2024-01-14 11:54:24,2024-01-13 09:29:00,2024-01-12,resolved,high,Refund request,in_store,STR019,Philadelphia Downtown #19,Southwest,CUS00288,3.0,50.42,50.42,0,True,beyond_sla
TKT001684,2024-05-13 11:15:00,2024-05-16 00:40:25,2024-05-16 11:15:00,2024-05-13,resolved,medium,Online order issue,chat,STR008,Houston Mall #8,Midwest,CUS00397,4.0,61.42,61.42,0,False,within_sla
TKT001685,2024-02-20 11:15:00,2024-02-20 14:30:02,2024-02-20 15:15:00,2024-02-20,resolved,critical,Online order issue,email,STR011,Los Angeles Mall #11,Northeast,CUS00281,5.0,3.25,3.25,0,False,within_sla
TKT001686,2024-07-07 17:45:00,2024-07-10 22:27:16,2024-07-14 17:45:00,2024-07-07,resolved,low,Staff conduct,email,STR010,Denver Downtown #10,West,CUS00117,4.0,76.7,76.7,0,False,within_sla
TKT001687,2024-05-15 13:56:00,2024-05-17 03:24:39,2024-05-22 13:56:00,2024-05-15,resolved,low,Refund request,chat,STR007,Dallas Downtown #7,Southeast,CUS00013,3.0,37.48,37.48,0,False,within_sla
TKT001688,2024-04-08 17:33:00,,2024-04-11 17:33:00,2024-04-08,pending,medium,Late delivery,in_store,STR012,Seattle Mall #12,Southeast,CUS00196,,,6410.7,1,True,pending_beyond_sla
TKT001689,2024-02-26 19:30:00,2024-02-27 18:36:40,2024-02-29 19:30:00,2024-02-26,resolved,medium,Product defect,social,STR003,Atlanta Mall #3,Midwest,CUS00477,5.0,23.11,23.11,0,False,within_sla
TKT001690,2024-03-31 15:38:00,2024-04-02 05:25:08,2024-04-03 15:38:00,2024-03-31,resolved,medium,Pricing dispute,phone,STR014,San Francisco Mall #14,Southwest,CUS00259,5.0,37.79,37.79,0,False,within_sla
TKT001691,2024-11-11 16:42:00,,2024-11-14 16:42:00,2024-11-11,pending,medium,Online order issue,in_store,STR004,Miami Downtown #4,Southwest,CUS00156,,,1203.55,1,True,pending_beyond_sla
TKT001692,2024-07-14 19:50:00,2024-07-15 03:05:50,2024-07-15 19:50:00,2024-07-14,resolved,high,Product defect,in_store,STR016,Nashville Downtown #16,Northeast,CUS00051,4.0,7.26,7.26,0,False,within_sla
TKT001693,2024-07-04 18:52:00,,2024-07-07 18:52:00,2024-07-04,escalated,medium,Online order issue,phone,STR023,Kansas City Mall #23,Midwest,CUS00045,,,4321.38,1,True,pending_beyond_sla
TKT001694,2024-01-17 10:52:00,2024-01-19 03:17:45,2024-01-20 10:52:00,2024-01-17,resolved,medium,Product defect,social,STR019,Philadelphia Downtown #19,Southwest,CUS00341,5.0,40.43,40.43,0,False,within_sla
TKT001695,2024-01-22 18:29:00,2024-02-11 01:01:02,2024-01-29 18:29:00,2024-01-22,resolved,low,Staff conduct,in_store,STR001,New York Downtown #1,Northeast,CUS00227,3.0,462.53,462.53,0,True,beyond_sla
TKT001696,2024-11-16 17:02:00,2024-11-16 17:45:13,2024-11-16 21:02:00,2024-11-16,resolved,critical,Wrong item,email,STR017,Charlotte Mall #17,Southeast,CUS00429,4.0,0.72,0.72,0,False,within_sla
TKT001697,2024-03-12 17:21:00,2024-03-15 23:16:45,2024-03-15 17:21:00,2024-03-12,resolved,medium,Late delivery,in_store,STR022,Orlando Downtown #22,Southeast,CUS00271,3.0,77.93,77.93,0,True,beyond_sla
TKT001698,2024-03-22 17:46:00,2024-04-02 00:36:51,2024-03-29 17:46:00,2024-03-22,resolved,low,Staff conduct,social,STR001,New York Downtown #1,Northeast,CUS00156,3.0,246.85,246.85,0,True,beyond_sla
TKT001699,2024-10-07 13:59:00,2024-10-07 20:34:17,2024-10-08 13:59:00,2024-10-07,resolved,high,Staff conduct,phone,STR012,Seattle Mall #12,Southeast,CUS00405,4.0,6.59,6.59,0,False,within_sla
TKT001700,2024-02-19 11:49:00,2024-02-21 12:59:15,2024-02-20 11:49:00,2024-02-19,resolved,high,Wrong item,chat,STR017,Charlotte Mall #17,Southeast,CUS00332,4.0,49.17,49.17,0,True,beyond_sla
TKT001701,2024-10-10 11:15:00,2024-10-12 22:34:54,2024-10-17 11:15:00,2024-10-10,resolved,low,Staff conduct,in_store,STR021,Las Vegas Mall #21,Northeast,CUS00377,4.0,59.33,59.33,0,False,within_sla
TKT001702,2024-04-14 16:19:00,2024-04-18 07:27:49,2024-04-21 16:19:00,2024-04-14,resolved,low,Online order issue,in_store,STR021,Las Vegas Mall #21,Northeast,CUS00273,4.0,87.15,87.15,0,False,within_sla
TKT001703,2024-07-09 08:24:00,2024-07-09 18:42:46,2024-07-16 08:24:00,2024-07-09,resolved,low,Refund request,chat,STR019,Philadelphia Downtown #19,Southwest,CUS00106,5.0,10.31,10.31,0,False,within_sla
TKT001704,2024-11-08 17:25:00,2024-11-10 23:47:32,2024-11-11 17:25:00,2024-11-08,resolved,medium,Refund request,in_store,STR016,Nashville Downtown #16,Northeast,CUS00133,3.0,54.38,54.38,0,False,within_sla
TKT001705,2024-03-05 14:03:00,2024-03-11 21:03:13,2024-03-12 14:03:00,2024-03-05,resolved,low,Staff conduct,chat,STR005,Chicago Mall #5,West,CUS00107,4.0,151.0,151.0,0,False,within_sla
TKT001706,2024-05-07 12:36:00,,2024-05-10 12:36:00,2024-05-07,pending,medium,Pricing dispute,email,STR022,Orlando Downtown #22,Southeast,CUS00018,,,5719.65,1,True,pending_beyond_sla
TKT001707,2024-12-12 07:10:00,2024-12-12 15:19:04,2024-12-13 07:10:00,2024-12-12,resolved,high,Online order issue,in_store,STR021,Las Vegas Mall #21,Northeast,CUS00454,4.0,8.15,8.15,0,False,within_sla
TKT001708,2024-10-23 17:21:00,2024-10-24 17:33:26,2024-10-26 17:21:00,2024-10-23,resolved,medium,Staff conduct,email,STR008,Houston Mall #8,Midwest,CUS00078,5.0,24.21,24.21,0,False,within_sla
TKT001709,2024-02-01 19:39:00,,2024-02-04 19:39:00,2024-02-01,pending,medium,Staff conduct,phone,STR019,Philadelphia Downtown #19,Southwest,CUS00438,,,8016.6,1,True,pending_beyond_sla
TKT001710,2024-02-03 20:27:00,2024-02-06 20:52:43,2024-02-10 20:27:00,2024-02-03,resolved,low,Pricing dispute,phone,STR019,Philadelphia Downtown #19,Southwest,CUS00194,5.0,72.43,72.43,0,False,within_sla
TKT001711,2024-12-22 20:40:00,2024-12-25 01:50:38,2024-12-25 20:40:00,2024-12-22,resolved,medium,Wrong item,email,STR011,Los Angeles Mall #11,Northeast,CUS00353,5.0,53.18,53.18,0,False,within_sla
TKT001712,2024-12-09 18:30:00,,2024-12-10 18:30:00,2024-12-09,pending,high,Pricing dispute,in_store,STR019,Philadelphia Downtown #19,Southwest,CUS00469,,,529.75,1,True,pending_beyond_sla
TKT001713,2024-07-08 16:58:00,,2024-07-11 16:58:00,2024-07-08,pending,medium,Staff conduct,email,STR003,Atlanta Mall #3,Midwest,CUS00157,,,4227.28,1,True,pending_beyond_sla
TKT001714,2024-03-27 14:15:00,2024-03-29 13:10:50,2024-04-03 14:15:00,2024-03-27,resolved,low,Refund request,chat,STR015,Austin Mall #15,West,CUS00497,5.0,46.93,46.93,0,False,within_sla
TKT001715,2024-05-22 18:05:00,2024-05-23 13:42:51,2024-05-23 18:05:00,2024-05-22,resolved,high,Online order issue,email,STR022,Orlando Downtown #22,Southeast,CUS00346,5.0,19.63,19.63,0,False,within_sla
TKT001716,2024-04-08 19:31:00,2024-04-09 20:25:09,2024-04-15 19:31:00,2024-04-08,resolved,low,Pricing dispute,social,STR001,New York Downtown #1,Northeast,CUS00371,3.0,24.9,24.9,0,False,within_sla
TKT001717,2024-09-10 15:10:00,2024-09-10 19:55:37,2024-09-11 15:10:00,2024-09-10,resolved,high,Staff conduct,chat,STR005,Chicago Mall #5,West,CUS00272,4.0,4.76,4.76,0,False,within_sla
TKT001718,2024-08-07 10:04:00,2024-08-08 01:53:57,2024-08-08 10:04:00,2024-08-07,resolved,high,Online order issue,phone,STR023,Kansas City Mall #23,Midwest,CUS00205,5.0,15.83,15.83,0,False,within_sla
TKT001719,2024-06-21 09:12:00,2024-06-22 08:30:23,2024-06-24 09:12:00,2024-06-21,resolved,medium,Pricing dispute,social,STR023,Kansas City Mall #23,Midwest,CUS00458,5.0,23.31,23.31,0,False,within_sla
TKT001720,2024-12-25 10:49:00,2024-12-27 17:10:48,2024-12-28 10:49:00,2024-12-25,resolved,medium,Staff conduct,in_store,STR011,Los Angeles Mall #11,Northeast,CUS00192,5.0,54.36,54.36,0,False,within_sla
TKT001721,2024-04-06 10:44:00,2024-04-06 14:12:20,2024-04-06 14:44:00,2024-04-06,resolved,critical,Online order issue,in_store,STR019,Philadelphia Downtown #19,Southwest,CUS00226,5.0,3.47,3.47,0,False,within_sla
TKT001722,2024-12-10 12:40:00,2024-12-11 08:39:10,2024-12-13 12:40:00,2024-12-10,resolved,medium,Staff conduct,social,STR004,Miami Downtown #4,Southwest,CUS00122,4.0,19.99,19.99,0,False,within_sla
TKT001723,2024-07-08 20:22:00,,2024-07-11 20:22:00,2024-07-08,pending,medium,Wrong item,chat,STR010,Denver Downtown #10,West,CUS00307,,,4223.88,1,True,pending_beyond_sla
TKT001724,2024-05-25 08:45:00,2024-06-09 21:41:19,2024-06-01 08:45:00,2024-05-25,resolved,low,Staff conduct,email,STR001,New York Downtown #1,Northeast,CUS00196,3.0,372.94,372.94,0,True,beyond_sla
TKT001725,2024-03-26 12:47:00,2024-04-10 09:10:42,2024-04-02 12:47:00,2024-03-26,resolved,low,Staff conduct,chat,STR002,Boston Mall #2,Southeast,CUS00042,3.0,356.4,356.4,0,True,beyond_sla
TKT001726,2024-04-04 15:04:00,2024-04-05 07:38:15,2024-04-05 15:04:00,2024-04-04,resolved,high,Wrong item,in_store,STR008,Houston Mall #8,Midwest,CUS00309,5.0,16.57,16.57,0,False,within_sla
TKT001727,2024-09-09 08:11:00,,2024-09-12 08:11:00,2024-09-09,pending,medium,Product defect,social,STR007,Dallas Downtown #7,Southeast,CUS00290,,,2724.07,1,True,pending_beyond_sla
TKT001728,2024-01-17 18:22:00,2024-01-20 02:38:15,2024-01-20 18:22:00,2024-01-17,resolved,medium,Wrong item,phone,STR018,Minneapolis Mall #18,Midwest,CUS00050,4.0,56.27,56.27,0,False,within_sla
TKT001729,2024-02-07 19:54:00,2024-02-08 18:07:12,2024-02-10 19:54:00,2024-02-07,resolved,medium,Product defect,in_store,STR010,Denver Downtown #10,West,CUS00445,4.0,22.22,22.22,0,False,within_sla
TKT001730,2024-11-23 07:21:00,2024-12-07 19:19:48,2024-11-30 07:21:00,2024-11-23,resolved,low,Refund request,social,STR023,Kansas City Mall #23,Midwest,CUS00009,3.0,347.98,347.98,0,True,beyond_sla
TKT001731,2024-09-25 20:44:00,2024-09-25 21:31:11,2024-09-28 20:44:00,2024-09-25,resolved,medium,Staff conduct,in_store,STR003,Atlanta Mall #3,Midwest,CUS00401,5.0,0.79,0.79,0,False,within_sla
TKT001732,2024-11-06 19:11:00,2024-11-09 20:04:04,2024-11-13 19:11:00,2024-11-06,resolved,low,Late delivery,email,STR018,Minneapolis Mall #18,Midwest,CUS00480,5.0,72.88,72.88,0,False,within_sla
TKT001733,2024-11-07 16:57:00,2024-11-08 02:29:09,2024-11-10 16:57:00,2024-11-07,resolved,medium,Late delivery,social,STR021,Las Vegas Mall #21,Northeast,CUS00244,4.0,9.54,9.54,0,False,within_sla
TKT001734,2024-09-11 09:27:00,2024-09-14 22:25:09,2024-09-18 09:27:00,2024-09-11,resolved,low,Late delivery,phone,STR020,San Diego Mall #20,West,CUS00256,5.0,84.97,84.97,0,False,within_sla
TKT001735,2024-03-04 11:39:00,2024-03-06 07:58:44,2024-03-11 11:39:00,2024-03-04,resolved,low,Online order issue,chat,STR005,Chicago Mall #5,West,CUS00160,4.0,44.33,44.33,0,False,within_sla
TKT001736,2024-10-29 11:46:00,2024-10-30 09:34:50,2024-11-01 11:46:00,2024-10-29,resolved,medium,Product defect,in_store,STR020,San Diego Mall #20,West,CUS00412,5.0,21.81,21.81,0,False,within_sla
TKT001737,2024-07-31 20:05:00,2024-08-03 13:22:02,2024-08-03 20:05:00,2024-07-31,resolved,medium,Pricing dispute,in_store,STR017,Charlotte Mall #17,Southeast,CUS00018,4.0,65.28,65.28,0,False,within_sla
TKT001738,2024-01-07 15:37:00,,2024-01-14 15:37:00,2024-01-07,pending,low,Refund request,email,STR015,Austin Mall #15,West,CUS00053,,,8620.63,1,True,pending_beyond_sla
TKT001739,2024-09-01 09:32:00,2024-09-06 04:16:30,2024-09-08 09:32:00,2024-09-01,resolved,low,Store experience,chat,STR021,Las Vegas Mall #21,Northeast,CUS00420,5.0,114.74,114.74,0,False,within_sla
TKT001740,2024-12-19 19:38:00,,2024-12-22 19:38:00,2024-12-19,escalated,medium,Online order issue,phone,STR011,Los Angeles Mall #11,Northeast,CUS00431,,,288.62,1,True,pending_beyond_sla
TKT001741,2024-08-22 08:13:00,,2024-08-25 08:13:00,2024-08-22,escalated,medium,Pricing dispute,email,STR001,New York Downtown #1,Northeast,CUS00453,,,3156.03,1,True,pending_beyond_sla
TKT001742,2024-12-15 09:51:00,2024-12-18 02:00:21,2024-12-18 09:51:00,2024-12-15,resolved,medium,Store experience,email,STR008,Houston Mall #8,Midwest,CUS00381,5.0,64.16,64.16,0,False,within_sla
TKT001743,2024-06-26 14:48:00,2024-06-27 07:40:06,2024-06-27 14:48:00,2024-06-26,resolved,high,Store experience,email,STR004,Miami Downtown #4,Southwest,CUS00271,4.0,16.87,16.87,0,False,within_sla
TKT001744,2024-11-08 07:24:00,2024-11-12 14:09:00,2024-11-15 07:24:00,2024-11-08,resolved,low,Staff conduct,chat,STR023,Kansas City Mall #23,Midwest,CUS00497,5.0,102.75,102.75,0,False,within_sla
TKT001745,2024-09-09 10:36:00,2024-09-10 12:45:51,2024-09-10 10:36:00,2024-09-09,resolved,high,Wrong item,in_store,STR023,Kansas City Mall #23,Midwest,CUS00258,1.0,26.16,26.16,0,True,beyond_sla
TKT001746,2024-01-22 11:01:00,2024-01-22 21:46:22,2024-01-23 11:01:00,2024-01-22,resolved,high,Online order issue,chat,STR017,Charlotte Mall #17,Southeast,CUS00028,5.0,10.76,10.76,0,False,within_sla
TKT001747,2024-11-28 08:15:00,2024-12-01 19:44:32,2024-12-05 08:15:00,2024-11-28,resolved,low,Staff conduct,in_store,STR021,Las Vegas Mall #21,Northeast,CUS00096,3.0,83.49,83.49,0,False,within_sla
TKT001748,2024-08-07 13:55:00,2024-08-08 04:15:39,2024-08-10 13:55:00,2024-08-07,resolved,medium,Product defect,phone,STR015,Austin Mall #15,West,CUS00119,5.0,14.34,14.34,0,False,within_sla
TKT001749,2024-01-28 08:05:00,2024-01-28 15:45:29,2024-01-29 08:05:00,2024-01-28,resolved,high,Staff conduct,social,STR017,Charlotte Mall #17,Southeast,CUS00003,4.0,7.67,7.67,0,False,within_sla
TKT001750,2024-07-31 10:20:00,2024-08-04 02:13:27,2024-08-07 10:20:00,2024-07-31,resolved,low,Refund request,chat,STR018,Minneapolis Mall #18,Midwest,CUS00013,5.0,87.89,87.89,0,False,within_sla
TKT001751,2024-09-14 16:30:00,2024-09-29 10:06:50,2024-09-21 16:30:00,2024-09-14,resolved,low,Late delivery,email,STR017,Charlotte Mall #17,Southeast,CUS00019,3.0,353.61,353.61,0,True,beyond_sla
TKT001752,2024-02-26 07:28:00,2024-02-26 09:16:06,2024-03-04 07:28:00,2024-02-26,resolved,low,Online order issue,chat,STR011,Los Angeles Mall #11,Northeast,CUS00066,5.0,1.8,1.8,0,False,within_sla
TKT001753,2024-09-23 13:22:00,2024-09-23 17:05:37,2024-09-23 17:22:00,2024-09-23,resolved,critical,Pricing dispute,social,STR005,Chicago Mall #5,West,CUS00005,5.0,3.73,3.73,0,False,within_sla
TKT001754,2024-03-28 07:13:00,2024-03-29 13:41:11,2024-03-31 07:13:00,2024-03-28,resolved,medium,Late delivery,phone,STR009,Phoenix Mall #9,Southwest,CUS00308,5.0,30.47,30.47,0,False,within_sla
TKT001755,2024-12-30 07:00:00,2025-01-01 17:32:22,2025-01-06 07:00:00,2024-12-30,resolved,low,Online order issue,email,STR001,New York Downtown #1,Northeast,CUS00162,5.0,58.54,58.54,0,False,within_sla
TKT001756,2024-06-23 18:30:00,2024-06-24 10:26:10,2024-06-24 18:30:00,2024-06-23,resolved,high,Wrong item,social,STR001,New York Downtown #1,Northeast,CUS00246,4.0,15.94,15.94,0,False,within_sla
TKT001757,2024-05-20 19:25:00,,2024-05-23 19:25:00,2024-05-20,escalated,medium,Pricing dispute,in_store,STR018,Minneapolis Mall #18,Midwest,CUS00059,,,5400.83,1,True,pending_beyond_sla
TKT001758,2024-06-30 12:26:00,2024-06-30 21:48:19,2024-06-30 16:26:00,2024-06-30,resolved,critical,Online order issue,phone,STR012,Seattle Mall #12,Southeast,CUS00228,2.0,9.37,9.37,0,True,beyond_sla
TKT001759,2024-05-02 09:28:00,2024-05-02 23:57:27,2024-05-03 09:28:00,2024-05-02,resolved,high,Staff conduct,social,STR003,Atlanta Mall #3,Midwest,CUS00461,4.0,14.49,14.49,0,False,within_sla
TKT001760,2024-11-04 15:10:00,2024-11-06 20:31:03,2024-11-11 15:10:00,2024-11-04,resolved,low,Late delivery,social,STR007,Dallas Downtown #7,Southeast,CUS00236,5.0,53.35,53.35,0,False,within_sla
TKT001761,2024-03-25 11:28:00,2024-03-27 19:05:33,2024-03-28 11:28:00,2024-03-25,resolved,medium,Staff conduct,social,STR009,Phoenix Mall #9,Southwest,CUS00164,4.0,55.63,55.63,0,False,within_sla
TKT001762,2024-02-19 17:30:00,2024-02-21 19:43:16,2024-02-20 17:30:00,2024-02-19,closed_unresolved,high,Product defect,chat,STR020,San Diego Mall #20,West,CUS00178,1.0,50.22,50.22,0,True,beyond_sla
TKT001763,2024-06-24 18:06:00,2024-06-27 09:08:37,2024-07-01 18:06:00,2024-06-24,resolved,low,Staff conduct,in_store,STR002,Boston Mall #2,Southeast,CUS00185,3.0,63.04,63.04,0,False,within_sla
TKT001764,2024-12-03 20:44:00,2024-12-09 21:04:00,2024-12-10 20:44:00,2024-12-03,resolved,low,Store experience,social,STR001,New York Downtown #1,Northeast,CUS00208,5.0,144.33,144.33,0,False,within_sla
TKT001765,2024-07-02 07:36:00,,2024-07-05 07:36:00,2024-07-02,escalated,medium,Product defect,in_store,STR018,Minneapolis Mall #18,Midwest,CUS00106,,,4380.65,1,True,pending_beyond_sla
TKT001766,2024-02-24 20:44:00,,2024-02-27 20:44:00,2024-02-24,pending,medium,Store experience,in_store,STR007,Dallas Downtown #7,Southeast,CUS00204,,,7463.52,1,True,pending_beyond_sla
TKT001767,2024-12-26 14:00:00,2024-12-27 01:56:30,2024-12-27 14:00:00,2024-12-26,resolved,high,Refund request,email,STR023,Kansas City Mall #23,Midwest,CUS00011,5.0,11.94,11.94,0,False,within_sla
TKT001768,2024-06-20 17:06:00,2024-06-21 06:36:01,2024-06-21 17:06:00,2024-06-20,resolved,high,Late delivery,chat,STR006,Detroit Mall #6,Northeast,CUS00022,4.0,13.5,13.5,0,False,within_sla
TKT001769,2024-09-06 18:49:00,2024-09-08 08:29:05,2024-09-09 18:49:00,2024-09-06,resolved,medium,Wrong item,social,STR007,Dallas Downtown #7,Southeast,CUS00163,5.0,37.67,37.67,0,False,within_sla
TKT001770,2024-03-21 08:12:00,,2024-03-22 08:12:00,2024-03-21,pending,high,Pricing dispute,social,STR008,Houston Mall #8,Midwest,CUS00118,,,6852.05,1,True,pending_beyond_sla
TKT001771,2024-03-09 18:28:00,2024-03-11 11:46:18,2024-03-12 18:28:00,2024-03-09,resolved,medium,Online order issue,in_store,STR009,Phoenix Mall #9,Southwest,CUS00119,5.0,41.31,41.3,0,False,within_sla
TKT001772,2024-01-30 17:54:00,2024-02-04 13:14:48,2024-02-06 17:54:00,2024-01-30,resolved,low,Wrong item,in_store,STR019,Philadelphia Downtown #19,Southwest,CUS00208,4.0,115.35,115.35,0,False,within_sla
TKT001773,2024-09-13 11:04:00,2024-09-16 01:35:33,2024-09-16 11:04:00,2024-09-13,resolved,medium,Staff conduct,email,STR019,Philadelphia Downtown #19,Southwest,CUS00076,4.0,62.53,62.53,0,False,within_sla
TKT001774,2024-03-29 15:57:00,,2024-04-01 15:57:00,2024-03-29,pending,medium,Late delivery,chat,STR015,Austin Mall #15,West,CUS00241,,,6652.3,1,True,pending_beyond_sla
TKT001775,2024-09-23 09:57:00,2024-10-07 04:30:56,2024-09-30 09:57:00,2024-09-23,resolved,low,Store experience,social,STR014,San Francisco Mall #14,Southwest,CUS00064,2.0,330.57,330.57,0,True,beyond_sla
TKT001776,2024-11-04 20:45:00,,2024-11-05 20:45:00,2024-11-04,pending,high,Product defect,chat,STR015,Austin Mall #15,West,CUS00009,,,1367.5,1,True,pending_beyond_sla
TKT001777,2024-09-27 08:40:00,2024-10-02 21:37:02,2024-10-04 08:40:00,2024-09-27,resolved,low,Wrong item,in_store,STR019,Philadelphia Downtown #19,Southwest,CUS00225,5.0,132.95,132.95,0,False,within_sla
TKT001778,2024-05-18 11:55:00,2024-05-18 19:55:49,2024-05-19 11:55:00,2024-05-18,resolved,high,Online order issue,in_store,STR012,Seattle Mall #12,Southeast,CUS00158,5.0,8.01,8.01,0,False,within_sla
TKT001779,2024-10-09 11:16:00,2024-10-09 19:47:17,2024-10-09 15:16:00,2024-10-09,resolved,critical,Refund request,phone,STR007,Dallas Downtown #7,Southeast,CUS00190,3.0,8.52,8.52,0,True,beyond_sla
TKT001780,2024-06-12 15:26:00,2024-06-15 03:25:27,2024-06-15 15:26:00,2024-06-12,resolved,medium,Online order issue,chat,STR015,Austin Mall #15,West,CUS00269,4.0,59.99,59.99,0,False,within_sla
TKT001781,2024-12-16 15:50:00,2024-12-30 08:46:36,2024-12-23 15:50:00,2024-12-16,resolved,low,Late delivery,social,STR003,Atlanta Mall #3,Midwest,CUS00165,3.0,328.94,328.94,0,True,beyond_sla
TKT001782,2024-09-01 08:10:00,2024-09-01 20:15:38,2024-09-04 08:10:00,2024-09-01,resolved,medium,Pricing dispute,phone,STR018,Minneapolis Mall #18,Midwest,CUS00103,5.0,12.09,12.09,0,False,within_sla
TKT001783,2024-12-27 15:20:00,,2024-12-28 15:20:00,2024-12-27,pending,high,Online order issue,social,STR022,Orlando Downtown #22,Southeast,CUS00497,,,100.92,1,True,pending_beyond_sla
TKT001784,2024-08-16 16:16:00,2024-08-17 22:08:22,2024-08-23 16:16:00,2024-08-16,resolved,low,Store experience,phone,STR014,San Francisco Mall #14,Southwest,CUS00133,5.0,29.87,29.87,0,False,within_sla
TKT001785,2024-05-28 17:32:00,2024-05-29 13:55:54,2024-05-29 17:32:00,2024-05-28,resolved,high,Store experience,chat,STR018,Minneapolis Mall #18,Midwest,CUS00089,5.0,20.4,20.4,0,False,within_sla
TKT001786,2024-01-09 16:35:00,2024-01-14 06:31:50,2024-01-16 16:35:00,2024-01-09,resolved,low,Pricing dispute,in_store,STR003,Atlanta Mall #3,Midwest,CUS00323,3.0,109.95,109.95,0,False,within_sla
TKT001787,2024-10-09 12:17:00,2024-10-11 18:32:26,2024-10-12 12:17:00,2024-10-09,resolved,medium,Wrong item,chat,STR022,Orlando Downtown #22,Southeast,CUS00028,5.0,54.26,54.26,0,False,within_sla
TKT001788,2024-12-19 11:09:00,2024-12-20 01:35:41,2024-12-20 11:09:00,2024-12-19,resolved,high,Online order issue,in_store,STR015,Austin Mall #15,West,CUS00408,3.0,14.44,14.44,0,False,within_sla
TKT001789,2024-11-30 16:02:00,2024-11-30 17:44:20,2024-11-30 20:02:00,2024-11-30,resolved,critical,Online order issue,email,STR006,Detroit Mall #6,Northeast,CUS00435,4.0,1.71,1.71,0,False,within_sla
TKT001790,2024-11-06 15:18:00,2024-11-10 18:54:51,2024-11-13 15:18:00,2024-11-06,resolved,low,Online order issue,social,STR013,Portland Downtown #13,Midwest,CUS00040,5.0,99.61,99.61,0,False,within_sla
TKT001791,2024-11-23 07:47:00,2024-11-23 14:39:20,2024-11-24 07:47:00,2024-11-23,resolved,high,Refund request,chat,STR009,Phoenix Mall #9,Southwest,CUS00170,5.0,6.87,6.87,0,False,within_sla
TKT001792,2024-05-28 11:14:00,,2024-06-04 11:14:00,2024-05-28,pending,low,Staff conduct,chat,STR011,Los Angeles Mall #11,Northeast,CUS00361,,,5217.02,1,True,pending_beyond_sla
TKT001793,2024-07-28 12:54:00,,2024-08-04 12:54:00,2024-07-28,pending,low,Late delivery,phone,STR014,San Francisco Mall #14,Southwest,CUS00405,,,3751.35,1,True,pending_beyond_sla
TKT001794,2024-02-08 09:59:00,,2024-02-15 09:59:00,2024-02-08,escalated,low,Store experience,phone,STR006,Detroit Mall #6,Northeast,CUS00183,,,7858.27,1,True,pending_beyond_sla
TKT001795,2024-04-03 09:23:00,,2024-04-10 09:23:00,2024-04-03,pending,low,Product defect,in_store,STR006,Detroit Mall #6,Northeast,CUS00226,,,6538.87,1,True,pending_beyond_sla
TKT001796,2024-06-09 10:08:00,,2024-06-10 10:08:00,2024-06-09,pending,high,Refund request,phone,STR021,Las Vegas Mall #21,Northeast,CUS00063,,,4930.12,1,True,pending_beyond_sla
TKT001797,2024-12-29 07:22:00,,2025-01-05 07:22:00,2024-12-29,pending,low,Online order issue,chat,STR013,Portland Downtown #13,Midwest,CUS00369,,,60.88,1,False,pending_within_sla
TKT001798,2024-11-03 18:29:00,2024-11-05 15:42:54,2024-11-10 18:29:00,2024-11-03,resolved,low,Pricing dispute,phone,STR023,Kansas City Mall #23,Midwest,CUS00472,4.0,45.23,45.23,0,False,within_sla
TKT001799,2024-03-16 18:49:00,2024-03-18 21:56:06,2024-03-17 18:49:00,2024-03-16,resolved,high,Online order issue,in_store,STR005,Chicago Mall #5,West,CUS00280,2.0,51.12,51.12,0,True,beyond_sla
TKT001800,2024-07-25 18:37:00,,2024-07-28 18:37:00,2024-07-25,pending,medium,Refund request,chat,STR004,Miami Downtown #4,Southwest,CUS00026,,,3817.63,1,True,pending_beyond_sla
