transaction_id,transaction_ts,store_id,product_id,customer_id,quantity,unit_price,discount_pct,discount_amount,net_amount,payment_method,channel,currency
TXN0000001,2024-01-25 18:54:00,STR001,PRD0059,CUS00219,1,458.19,0.0,0.0,458.19,gift_card,mobile_app,USD
TXN0000002,2024-05-15 11:36:00,STR016,PRD0103,CUS00060,3,58.52,0.0,0.0,175.56,cash,online,USD
TXN0000003,2024-06-13 18:25:00,STR008,PRD0060,CUS00386,5,399.84,0.2,399.84,1599.36,mobile_pay,in_store,USD
TXN0000004,2024-05-21 12:00:00,STR016,PRD0084,CUS00105,4,127.62,0.0,0.0,510.48,mobile_pay,online,USD
TXN0000005,2024-06-01 19:55:00,STR023,PRD0056,CUS00479,1,26.02,0.0,0.0,26.02,cash,in_store,USD
TXN0000006,2024-12-27 15:26:00,STR020,PRD0100,CUS00197,5,576.59,0.0,0.0,2882.95,debit_card,in_store,USD
TXN0000007,2024-06-24 14:55:00,STR004,PRD0100,CUS00153,4,576.59,0.0,0.0,2306.36,credit_card,in_store,USD
TXN0000008,2024-01-17 10:17:00,STR005,PRD0109,CUS00245,5,459.8,0.0,0.0,2299.0,gift_card,online,USD
TXN0000009,2024-04-08 11:50:00,STR020,PRD0087,CUS00428,3,488.55,0.0,0.0,1465.65,mobile_pay,online,USD
TXN0000010,2024-09-01 16:03:00,STR017,PRD0078,CUS00183,3,678.93,0.05,101.84,1934.95,mobile_pay,online,USD
TXN0000011,2024-04-30 14:31:00,STR018,PRD0106,,2,558.66,0.05,55.87,1061.45,mobile_pay,mobile_app,USD
TXN0000012,2024-04-21 16:07:00,STR020,PRD0044,CUS00193,3,126.49,0.1,37.95,341.52,debit_card,online,USD
TXN0000013,2024-07-12 08:23:00,STR023,PRD0060,CUS00459,5,399.84,0.0,0.0,1999.2,mobile_pay,online,USD
TXN0000014,2024-04-25 10:15:00,STR001,PRD0047,CUS00305,1,487.35,0.0,0.0,487.35,gift_card,mobile_app,USD
TXN0000015,2024-04-22 15:00:00,STR010,PRD0054,CUS00140,3,694.62,0.0,0.0,2083.86,credit_card,mobile_app,USD
TXN0000016,2024-10-20 16:52:00,STR011,PRD0063,CUS00493,4,23.14,0.2,18.51,74.05,mobile_pay,online,USD
TXN0000017,2024-09-20 16:46:00,STR011,PRD0109,CUS00434,3,459.8,0.15,206.91,1172.49,credit_card,in_store,USD
TXN0000018,2024-08-25 15:57:00,STR016,PRD0061,CUS00209,4,169.37,0.0,0.0,677.48,gift_card,in_store,USD
TXN0000019,2024-04-15 21:44:00,STR015,PRD0118,CUS00173,1,317.96,0.0,0.0,317.96,credit_card,in_store,USD
TXN0000020,2024-12-17 14:52:00,STR023,PRD0036,CUS00430,1,405.13,0.05,20.26,384.87,cash,in_store,USD
TXN0000021,2024-05-30 17:05:00,STR006,PRD0117,CUS00279,2,54.14,0.05,5.41,102.87,cash,mobile_app,USD
TXN0000022,2024-03-28 08:03:00,STR009,PRD0032,,5,251.17,0.05,62.79,1193.06,gift_card,in_store,USD
TXN0000023,2024-10-05 17:39:00,STR018,PRD0044,CUS00004,1,126.49,0.0,0.0,126.49,gift_card,mobile_app,USD
TXN0000024,2024-10-19 20:14:00,STR003,PRD0089,CUS00311,2,690.46,0.0,0.0,1380.92,debit_card,mobile_app,USD
TXN0000025,2024-04-05 17:31:00,STR001,PRD0054,CUS00380,1,694.62,0.0,0.0,694.62,cash,mobile_app,USD
TXN0000026,2024-09-02 13:51:00,STR013,PRD0108,CUS00174,4,99.37,0.0,0.0,397.48,mobile_pay,mobile_app,USD
TXN0000027,2024-06-12 13:06:00,STR007,PRD0108,CUS00275,2,99.37,0.0,0.0,198.74,gift_card,mobile_app,USD
TXN0000028,2024-01-31 14:43:00,STR010,PRD0023,CUS00404,4,249.34,0.0,0.0,997.36,cash,mobile_app,USD
TXN0000029,2024-07-13 09:07:00,STR014,PRD0077,CUS00094,2,898.98,0.0,0.0,1797.96,gift_card,mobile_app,USD
TXN0000030,2024-08-05 14:54:00,STR006,PRD0084,CUS00249,4,127.62,0.0,0.0,510.48,debit_card,in_store,USD
TXN0000031,2024-05-08 10:33:00,STR001,PRD0012,CUS00151,2,233.86,0.0,0.0,467.72,cash,mobile_app,USD
TXN0000032,2024-05-05 20:57:00,STR023,PRD0076,CUS00377,5,33.66,0.0,0.0,168.3,cash,online,USD
TXN0000033,2024-05-21 11:33:00,STR008,PRD0117,,2,54.14,0.1,10.83,97.45,gift_card,mobile_app,USD
TXN0000034,2024-03-19 16:37:00,STR016,PRD0037,CUS00012,3,47.85,0.0,0.0,143.55,debit_card,mobile_app,USD
TXN0000035,2024-04-27 12:52:00,STR001,PRD0029,CUS00142,2,354.91,0.0,0.0,709.82,credit_card,online,USD
TXN0000036,2024-08-19 14:51:00,STR011,PRD0030,CUS00476,4,80.67,0.05,16.13,306.55,gift_card,online,USD
TXN0000037,2024-10-24 11:47:00,STR011,PRD0081,CUS00093,2,429.07,0.1,85.81,772.33,credit_card,online,USD
TXN0000038,2024-04-26 21:46:00,STR012,PRD0039,CUS00468,1,415.77,0.0,0.0,415.77,cash,in_store,USD
TXN0000039,2024-12-16 12:02:00,STR002,PRD0005,CUS00123,5,259.57,0.0,0.0,1297.85,cash,in_store,USD
TXN0000040,2024-10-15 12:02:00,STR002,PRD0118,CUS00427,3,317.96,0.0,0.0,953.88,credit_card,online,USD
TXN0000041,2024-01-23 14:12:00,STR023,PRD0046,CUS00151,4,719.52,0.0,0.0,2878.08,cash,online,USD
TXN0000042,2024-04-15 09:24:00,STR020,PRD0028,CUS00081,3,621.82,0.0,0.0,1865.46,credit_card,in_store,USD
TXN0000043,2024-06-27 13:25:00,STR013,PRD0061,CUS00390,2,169.37,0.0,0.0,338.74,cash,mobile_app,USD
TXN0000044,2024-08-06 11:54:00,STR012,PRD0063,,2,23.14,0.0,0.0,46.28,gift_card,mobile_app,USD
TXN0000045,2024-03-31 21:28:00,STR002,PRD0040,CUS00247,2,823.32,0.0,0.0,1646.64,cash,mobile_app,USD
TXN0000046,2024-02-24 12:08:00,STR001,PRD0086,CUS00461,1,139.31,0.0,0.0,139.31,credit_card,in_store,USD
TXN0000047,2024-02-26 09:42:00,STR015,PRD0112,CUS00238,1,268.87,0.0,0.0,268.87,debit_card,in_store,USD
TXN0000048,2024-08-03 14:00:00,STR007,PRD0069,CUS00427,2,527.04,0.05,52.7,1001.38,cash,online,USD
TXN0000049,2024-12-29 19:17:00,STR006,PRD0055,CUS00125,1,264.5,0.05,13.23,251.27,gift_card,online,USD
TXN0000050,2024-08-08 09:21:00,STR017,PRD0055,CUS00407,5,264.5,0.2,264.5,1058.0,credit_card,in_store,USD
TXN0000051,2024-04-18 11:30:00,STR010,PRD0065,CUS00318,4,286.09,0.0,0.0,1144.36,debit_card,mobile_app,USD
TXN0000052,2024-01-11 13:01:00,STR017,PRD0009,CUS00083,5,675.27,0.0,0.0,3376.35,mobile_pay,mobile_app,USD
TXN0000053,2024-10-28 12:07:00,STR021,PRD0101,CUS00074,4,437.08,0.0,0.0,1748.32,cash,in_store,USD
TXN0000054,2024-02-22 08:10:00,STR019,PRD0015,CUS00254,4,541.61,0.0,0.0,2166.44,credit_card,mobile_app,USD
TXN0000055,2024-07-20 21:34:00,STR014,PRD0031,,1,77.68,0.0,0.0,77.68,debit_card,in_store,USD
TXN0000056,2024-05-31 15:09:00,STR015,PRD0069,CUS00091,5,527.04,0.1,263.52,2371.68,debit_card,mobile_app,USD
TXN0000057,2024-08-05 12:39:00,STR023,PRD0006,CUS00419,3,101.59,0.0,0.0,304.77,credit_card,in_store,USD
TXN0000058,2024-11-05 20:50:00,STR006,PRD0006,CUS00310,3,101.59,0.0,0.0,304.77,mobile_pay,in_store,USD
TXN0000059,2024-05-24 15:43:00,STR018,PRD0066,CUS00284,3,404.74,0.0,0.0,1214.22,debit_card,mobile_app,USD
TXN0000060,2024-12-03 15:56:00,STR001,PRD0087,CUS00017,5,488.55,0.0,0.0,2442.75,mobile_pay,online,USD
TXN0000061,2024-05-28 18:53:00,STR016,PRD0062,CUS00198,3,355.41,0.0,0.0,1066.23,credit_card,mobile_app,USD
TXN0000062,2024-04-06 10:40:00,STR005,PRD0056,CUS00461,1,26.02,0.15,3.9,22.12,gift_card,mobile_app,USD
TXN0000063,2024-03-18 20:44:00,STR015,PRD0110,CUS00440,2,406.78,0.0,0.0,813.56,mobile_pay,online,USD
TXN0000064,2024-08-26 18:32:00,STR019,PRD0049,CUS00475,3,327.25,0.0,0.0,981.75,cash,online,USD
TXN0000065,2024-11-25 20:47:00,STR012,PRD0012,CUS00050,4,233.86,0.1,93.54,841.9,credit_card,in_store,USD
TXN0000066,2024-03-17 21:59:00,STR009,PRD0052,,4,76.14,0.0,0.0,304.56,gift_card,mobile_app,USD
TXN0000067,2024-08-16 12:20:00,STR015,PRD0112,CUS00286,5,268.87,0.0,0.0,1344.35,cash,online,USD
TXN0000068,2024-08-07 15:28:00,STR002,PRD0049,CUS00099,1,327.25,0.15,49.09,278.16,debit_card,online,USD
TXN0000069,2024-05-01 10:18:00,STR016,PRD0043,CUS00024,2,621.23,0.0,0.0,1242.46,debit_card,in_store,USD
TXN0000070,2024-03-29 14:45:00,STR014,PRD0114,CUS00442,4,596.37,0.0,0.0,2385.48,debit_card,in_store,USD
TXN0000071,2024-06-23 15:03:00,STR011,PRD0058,CUS00227,2,61.42,0.0,0.0,122.84,debit_card,in_store,USD
TXN0000072,2024-06-24 11:39:00,STR016,PRD0006,CUS00248,1,101.59,0.15,15.24,86.35,gift_card,in_store,USD
TXN0000073,2024-04-24 18:18:00,STR021,PRD0028,CUS00387,2,621.82,0.0,0.0,1243.64,gift_card,in_store,USD
TXN0000074,2024-12-24 16:04:00,STR010,PRD0118,CUS00070,4,317.96,0.15,190.78,1081.06,gift_card,in_store,USD
TXN0000075,2024-10-25 19:44:00,STR015,PRD0027,CUS00201,3,490.08,0.0,0.0,1470.24,cash,online,USD
TXN0000076,2024-04-02 09:51:00,STR009,PRD0020,CUS00292,1,595.59,0.0,0.0,595.59,cash,mobile_app,USD
TXN0000077,2024-10-31 13:06:00,STR018,PRD0089,,2,690.46,0.0,0.0,1380.92,credit_card,mobile_app,USD
TXN0000078,2024-05-29 09:13:00,STR021,PRD0005,CUS00364,2,259.57,0.15,77.87,441.27,credit_card,online,USD
TXN0000079,2024-11-04 17:24:00,STR002,PRD0031,CUS00225,1,77.68,0.0,0.0,77.68,credit_card,in_store,USD
TXN0000080,2024-07-28 20:44:00,STR008,PRD0106,CUS00268,4,558.66,0.1,223.46,2011.18,cash,mobile_app,USD
TXN0000081,2024-03-30 08:56:00,STR002,PRD0030,CUS00445,2,80.67,0.0,0.0,161.34,credit_card,mobile_app,USD
TXN0000082,2024-06-13 15:23:00,STR013,PRD0040,CUS00413,3,823.32,0.0,0.0,2469.96,cash,online,USD
TXN0000083,2024-02-15 09:28:00,STR020,PRD0015,CUS00477,2,541.61,0.15,162.48,920.74,credit_card,in_store,USD
TXN0000084,2024-03-01 11:52:00,STR001,PRD0045,CUS00191,3,318.79,0.0,0.0,956.37,credit_card,in_store,USD
TXN0000085,2024-04-27 09:27:00,STR023,PRD0110,CUS00200,1,406.78,0.0,0.0,406.78,cash,online,USD
TXN0000086,2024-02-22 19:49:00,STR018,PRD0079,CUS00186,1,643.15,0.2,128.63,514.52,cash,mobile_app,USD
TXN0000087,2024-12-02 15:03:00,STR022,PRD0019,CUS00172,5,351.82,0.0,0.0,1759.1,credit_card,mobile_app,USD
TXN0000088,2024-08-20 19:49:00,STR005,PRD0079,,4,643.15,0.05,128.63,2443.97,debit_card,mobile_app,USD
TXN0000089,2024-10-02 08:33:00,STR023,PRD0064,CUS00141,3,475.35,0.0,0.0,1426.05,debit_card,mobile_app,USD
TXN0000090,2024-06-16 14:09:00,STR019,PRD0008,CUS00316,2,455.65,0.0,0.0,911.3,cash,online,USD
TXN0000091,2024-05-31 18:43:00,STR011,PRD0019,CUS00152,5,351.82,0.0,0.0,1759.1,mobile_pay,online,USD
TXN0000092,2024-06-21 15:20:00,STR013,PRD0072,CUS00088,1,500.55,0.15,75.08,425.47,credit_card,mobile_app,USD
TXN0000093,2024-12-26 14:17:00,STR021,PRD0118,CUS00374,5,317.96,0.0,0.0,1589.8,mobile_pay,in_store,USD
TXN0000094,2024-07-12 10:18:00,STR009,PRD0120,CUS00474,3,136.37,0.0,0.0,409.11,mobile_pay,online,USD
TXN0000095,2024-11-22 15:08:00,STR017,PRD0089,CUS00295,4,690.46,0.0,0.0,2761.84,cash,mobile_app,USD
TXN0000096,2024-06-02 13:20:00,STR017,PRD0109,CUS00204,2,459.8,0.0,0.0,919.6,cash,online,USD
TXN0000097,2024-04-28 17:07:00,STR016,PRD0031,CUS00367,1,77.68,0.0,0.0,77.68,mobile_pay,in_store,USD
TXN0000098,2024-04-29 10:46:00,STR022,PRD0003,CUS00431,5,569.87,0.0,0.0,2849.35,mobile_pay,in_store,USD
TXN0000099,2024-11-13 11:45:00,STR004,PRD0110,,4,406.78,0.0,0.0,1627.12,debit_card,in_store,USD
TXN0000100,2024-09-27 10:57:00,STR013,PRD0033,CUS00273,4,269.98,0.1,107.99,971.93,mobile_pay,mobile_app,USD
TXN0000101,2024-08-10 12:37:00,STR002,PRD0114,CUS00160,3,596.37,0.0,0.0,1789.11,mobile_pay,mobile_app,USD
TXN0000102,2024-07-17 08:32:00,STR010,PRD0062,CUS00351,2,355.41,0.0,0.0,710.82,gift_card,mobile_app,USD
TXN0000103,2024-06-11 19:51:00,STR008,PRD0073,CUS00162,2,577.08,0.15,173.12,981.04,gift_card,online,USD
TXN0000104,2024-10-23 12:48:00,STR006,PRD0084,CUS00201,3,127.62,0.0,0.0,382.86,gift_card,mobile_app,USD
TXN0000105,2024-11-03 08:44:00,STR023,PRD0111,CUS00383,2,661.33,0.15,198.4,1124.26,debit_card,mobile_app,USD
TXN0000106,2024-09-12 11:36:00,STR015,PRD0012,CUS00317,3,233.86,0.0,0.0,701.58,debit_card,in_store,USD
TXN0000107,2024-08-01 12:13:00,STR016,PRD0031,CUS00408,3,77.68,0.0,0.0,233.04,debit_card,mobile_app,USD
TXN0000108,2024-01-15 12:27:00,STR019,PRD0069,CUS00067,1,527.04,0.0,0.0,527.04,gift_card,in_store,USD
TXN0000109,2024-10-09 09:23:00,STR011,PRD0016,CUS00500,4,539.04,0.0,0.0,2156.16,debit_card,in_store,USD
TXN0000110,2024-05-26 16:52:00,STR022,PRD0113,,1,336.98,0.0,0.0,336.98,debit_card,mobile_app,USD
TXN0000111,2024-08-02 19:14:00,STR007,PRD0076,CUS00239,1,33.66,0.0,0.0,33.66,gift_card,in_store,USD
TXN0000112,2024-02-10 16:10:00,STR004,PRD0079,CUS00212,3,643.15,0.05,96.47,1832.98,cash,online,USD
TXN0000113,2024-10-17 17:00:00,STR023,PRD0029,CUS00012,3,354.91,0.0,0.0,1064.73,gift_card,in_store,USD
TXN0000114,2024-02-04 09:58:00,STR008,PRD0062,CUS00159,1,355.41,0.0,0.0,355.41,debit_card,online,USD
TXN0000115,2024-05-14 17:45:00,STR009,PRD0022,CUS00163,3,146.15,0.0,0.0,438.45,mobile_pay,mobile_app,USD
TXN0000116,2024-10-26 13:19:00,STR006,PRD0100,CUS00375,5,576.59,0.0,0.0,2882.95,mobile_pay,mobile_app,USD
TXN0000117,2024-04-07 10:34:00,STR021,PRD0020,CUS00458,3,595.59,0.1,178.68,1608.09,credit_card,in_store,USD
TXN0000118,2024-07-13 15:03:00,STR006,PRD0019,CUS00001,2,351.82,0.0,0.0,703.64,credit_card,online,USD
TXN0000119,2024-05-03 17:44:00,STR019,PRD0103,CUS00171,4,58.52,0.0,0.0,234.08,credit_card,in_store,USD
TXN0000120,2024-11-10 15:32:00,STR011,PRD0018,CUS00410,1,94.47,0.05,4.72,89.75,credit_card,in_store,USD
TXN0000121,2024-08-02 11:19:00,STR018,PRD0050,,2,201.33,0.0,0.0,402.66,debit_card,online,USD
TXN0000122,2024-04-22 13:24:00,STR006,PRD0064,CUS00313,4,475.35,0.0,0.0,1901.4,debit_card,online,USD
TXN0000123,2024-02-13 12:10:00,STR004,PRD0090,CUS00087,5,69.19,0.0,0.0,345.95,credit_card,mobile_app,USD
TXN0000124,2024-11-07 09:59:00,STR016,PRD0007,CUS00090,2,274.3,0.2,109.72,438.88,cash,mobile_app,USD
TXN0000125,2024-11-15 21:52:00,STR011,PRD0047,CUS00097,1,487.35,0.15,73.1,414.25,mobile_pay,in_store,USD
TXN0000126,2024-04-01 18:00:00,STR014,PRD0057,CUS00374,4,412.83,0.0,0.0,1651.32,cash,online,USD
TXN0000127,2024-09-16 15:02:00,STR022,PRD0099,CUS00302,2,388.71,0.0,0.0,777.42,debit_card,online,USD
TXN0000128,2024-04-04 18:06:00,STR020,PRD0074,CUS00174,2,304.27,0.0,0.0,608.54,cash,in_store,USD
TXN0000129,2024-04-08 10:18:00,STR011,PRD0046,CUS00283,4,719.52,0.0,0.0,2878.08,mobile_pay,mobile_app,USD
TXN0000130,2024-01-04 10:35:00,STR021,PRD0101,CUS00387,1,437.08,0.0,0.0,437.08,mobile_pay,mobile_app,USD
TXN0000131,2024-11-20 19:28:00,STR020,PRD0021,CUS00469,5,411.07,0.0,0.0,2055.35,cash,in_store,USD
TXN0000132,2024-06-18 10:18:00,STR016,PRD0041,,2,491.81,0.0,0.0,983.62,credit_card,in_store,USD
TXN0000133,2024-02-08 13:31:00,STR005,PRD0107,CUS00039,1,368.5,0.0,0.0,368.5,credit_card,online,USD
TXN0000134,2024-04-26 11:03:00,STR013,PRD0104,CUS00179,1,398.02,0.0,0.0,398.02,debit_card,in_store,USD
TXN0000135,2024-10-19 20:01:00,STR022,PRD0112,CUS00351,4,268.87,0.0,0.0,1075.48,credit_card,mobile_app,USD
TXN0000136,2024-02-12 13:07:00,STR005,PRD0013,CUS00427,1,80.66,0.0,0.0,80.66,gift_card,mobile_app,USD
TXN0000137,2024-02-22 21:26:00,STR002,PRD0012,CUS00105,5,233.86,0.0,0.0,1169.3,cash,in_store,USD
TXN0000138,2024-12-12 20:48:00,STR022,PRD0039,CUS00085,3,415.77,0.0,0.0,1247.31,gift_card,mobile_app,USD
TXN0000139,2024-04-15 21:57:00,STR009,PRD0039,CUS00403,3,415.77,0.0,0.0,1247.31,debit_card,mobile_app,USD
TXN0000140,2024-02-16 11:11:00,STR023,PRD0071,CUS00052,3,327.28,0.0,0.0,981.84,mobile_pay,mobile_app,USD
TXN0000141,2024-08-31 13:26:00,STR010,PRD0004,CUS00401,3,602.78,0.0,0.0,1808.34,mobile_pay,online,USD
TXN0000142,2024-12-06 18:19:00,STR007,PRD0111,CUS00226,5,661.33,0.0,0.0,3306.65,gift_card,online,USD
TXN0000143,2024-05-07 15:22:00,STR008,PRD0046,,3,719.52,0.0,0.0,2158.56,gift_card,online,USD
TXN0000144,2024-04-21 10:30:00,STR017,PRD0008,CUS00485,2,455.65,0.0,0.0,911.3,debit_card,mobile_app,USD
TXN0000145,2024-07-24 15:15:00,STR013,PRD0026,CUS00415,4,172.92,0.05,34.58,657.1,gift_card,mobile_app,USD
TXN0000146,2024-12-28 08:39:00,STR022,PRD0022,CUS00424,3,146.15,0.0,0.0,438.45,debit_card,in_store,USD
TXN0000147,2024-07-30 16:02:00,STR022,PRD0111,CUS00340,5,661.33,0.0,0.0,3306.65,gift_card,online,USD
TXN0000148,2024-02-25 19:14:00,STR012,PRD0010,CUS00102,1,276.68,0.0,0.0,276.68,cash,online,USD
TXN0000149,2024-10-14 20:52:00,STR023,PRD0001,CUS00187,3,137.75,0.0,0.0,413.25,gift_card,online,USD
TXN0000150,2024-06-07 18:08:00,STR012,PRD0007,CUS00107,2,274.3,0.0,0.0,548.6,cash,in_store,USD
TXN0000151,2024-12-17 19:11:00,STR022,PRD0116,CUS00297,1,648.85,0.1,64.89,583.96,gift_card,mobile_app,USD
TXN0000152,2024-05-22 19:30:00,STR012,PRD0070,CUS00123,2,31.14,0.0,0.0,62.28,cash,online,USD
TXN0000153,2024-08-09 21:22:00,STR003,PRD0117,CUS00210,4,54.14,0.0,0.0,216.56,credit_card,in_store,USD
TXN0000154,2024-01-26 11:42:00,STR007,PRD0106,,4,558.66,0.05,111.73,2122.91,mobile_pay,mobile_app,USD
TXN0000155,2024-07-03 14:26:00,STR016,PRD0008,CUS00290,1,455.65,0.0,0.0,455.65,credit_card,online,USD
TXN0000156,2024-05-17 09:02:00,STR014,PRD0080,CUS00232,1,270.17,0.0,0.0,270.17,gift_card,online,USD
TXN0000157,2024-07-28 10:29:00,STR008,PRD0112,CUS00093,2,268.87,0.0,0.0,537.74,credit_card,online,USD
TXN0000158,2024-05-27 13:58:00,STR006,PRD0114,CUS00040,1,596.37,0.05,29.82,566.55,cash,online,USD
TXN0000159,2024-05-11 14:08:00,STR010,PRD0118,CUS00182,5,317.96,0.0,0.0,1589.8,credit_card,in_store,USD
TXN0000160,2024-12-28 17:02:00,STR005,PRD0064,CUS00354,2,475.35,0.15,142.6,808.1,cash,in_store,USD
TXN0000161,2024-04-23 21:45:00,STR020,PRD0062,CUS00456,5,355.41,0.0,0.0,1777.05,credit_card,in_store,USD
TXN0000162,2024-10-31 18:32:00,STR002,PRD0007,CUS00458,1,274.3,0.0,0.0,274.3,gift_card,online,USD
TXN0000163,2024-12-27 08:10:00,STR023,PRD0084,CUS00145,2,127.62,0.0,0.0,255.24,debit_card,mobile_app,USD
TXN0000164,2024-04-14 10:05:00,STR016,PRD0023,CUS00434,3,249.34,0.15,112.2,635.82,credit_card,mobile_app,USD
TXN0000165,2024-08-13 19:21:00,STR022,PRD0065,,5,286.09,0.15,214.57,1215.88,mobile_pay,in_store,USD
TXN0000166,2024-05-21 15:57:00,STR021,PRD0111,CUS00108,4,661.33,0.0,0.0,2645.32,gift_card,online,USD
TXN0000167,2024-06-25 20:23:00,STR007,PRD0084,CUS00181,4,127.62,0.0,0.0,510.48,credit_card,online,USD
TXN0000168,2024-07-26 18:43:00,STR011,PRD0013,CUS00097,1,80.66,0.0,0.0,80.66,gift_card,mobile_app,USD
TXN0000169,2024-01-13 20:12:00,STR007,PRD0074,CUS00489,1,304.27,0.0,0.0,304.27,gift_card,in_store,USD
TXN0000170,2024-11-13 21:02:00,STR006,PRD0046,CUS00282,3,719.52,0.15,323.78,1834.78,credit_card,online,USD
TXN0000171,2024-01-24 10:34:00,STR009,PRD0019,CUS00457,5,351.82,0.0,0.0,1759.1,debit_card,online,USD
TXN0000172,2024-07-04 19:51:00,STR015,PRD0079,CUS00327,4,643.15,0.0,0.0,2572.6,gift_card,online,USD
TXN0000173,2024-05-06 14:13:00,STR010,PRD0114,CUS00219,1,596.37,0.0,0.0,596.37,mobile_pay,mobile_app,USD
TXN0000174,2024-02-15 15:25:00,STR005,PRD0101,CUS00309,2,437.08,0.05,43.71,830.45,debit_card,in_store,USD
TXN0000175,2024-09-02 19:13:00,STR018,PRD0078,CUS00361,1,678.93,0.0,0.0,678.93,gift_card,in_store,USD
TXN0000176,2024-10-27 09:35:00,STR012,PRD0086,,5,139.31,0.0,0.0,696.55,cash,online,USD
TXN0000177,2024-04-11 21:05:00,STR012,PRD0004,CUS00257,3,602.78,0.0,0.0,1808.34,cash,mobile_app,USD
TXN0000178,2024-01-25 11:13:00,STR017,PRD0050,CUS00319,5,201.33,0.0,0.0,1006.65,mobile_pay,in_store,USD
TXN0000179,2024-06-29 20:16:00,STR011,PRD0072,CUS00359,5,500.55,0.0,0.0,2502.75,credit_card,mobile_app,USD
TXN0000180,2024-08-24 20:25:00,STR011,PRD0098,CUS00319,4,244.56,0.05,48.91,929.33,credit_card,mobile_app,USD
TXN0000181,2024-06-07 17:46:00,STR016,PRD0093,CUS00466,4,410.67,0.0,0.0,1642.68,gift_card,mobile_app,USD
TXN0000182,2024-06-04 13:30:00,STR002,PRD0044,CUS00369,3,126.49,0.05,18.97,360.5,cash,online,USD
TXN0000183,2024-05-07 09:23:00,STR005,PRD0064,CUS00188,2,475.35,0.0,0.0,950.7,mobile_pay,in_store,USD
TXN0000184,2024-11-22 15:06:00,STR003,PRD0090,CUS00478,2,69.19,0.0,0.0,138.38,gift_card,in_store,USD
TXN0000185,2024-04-29 15:11:00,STR021,PRD0033,CUS00364,1,269.98,0.0,0.0,269.98,mobile_pay,in_store,USD
TXN0000186,2024-03-04 19:28:00,STR019,PRD0086,CUS00074,5,139.31,0.0,0.0,696.55,debit_card,in_store,USD
TXN0000187,2024-09-15 15:49:00,STR017,PRD0030,,2,80.67,0.0,0.0,161.34,credit_card,in_store,USD
TXN0000188,2024-07-31 18:06:00,STR019,PRD0050,CUS00103,3,201.33,0.05,30.2,573.79,cash,online,USD
TXN0000189,2024-03-28 10:10:00,STR006,PRD0098,CUS00234,2,244.56,0.0,0.0,489.12,debit_card,online,USD
TXN0000190,2024-03-04 12:11:00,STR007,PRD0087,CUS00183,2,488.55,0.05,48.86,928.24,credit_card,in_store,USD
TXN0000191,2024-04-20 20:14:00,STR013,PRD0053,CUS00382,4,321.56,0.0,0.0,1286.24,credit_card,mobile_app,USD
TXN0000192,2024-01-09 20:37:00,STR023,PRD0044,CUS00236,3,126.49,0.0,0.0,379.47,mobile_pay,online,USD
TXN0000193,2024-11-27 13:27:00,STR018,PRD0107,CUS00040,5,368.5,0.05,92.12,1750.38,mobile_pay,in_store,USD
TXN0000194,2024-06-28 13:27:00,STR014,PRD0070,CUS00382,3,31.14,0.0,0.0,93.42,cash,online,USD
TXN0000195,2024-02-09 10:47:00,STR002,PRD0100,CUS00425,5,576.59,0.0,0.0,2882.95,mobile_pay,mobile_app,USD
TXN0000196,2024-02-28 12:07:00,STR010,PRD0080,CUS00375,5,270.17,0.1,135.09,1215.76,debit_card,mobile_app,USD
TXN0000197,2024-12-08 21:33:00,STR015,PRD0073,CUS00148,4,577.08,0.0,0.0,2308.32,debit_card,in_store,USD
TXN0000198,2024-08-17 21:45:00,STR010,PRD0027,,1,490.08,0.0,0.0,490.08,credit_card,mobile_app,USD
TXN0000199,2024-09-27 10:13:00,STR019,PRD0001,CUS00491,4,137.75,0.0,0.0,551.0,debit_card,mobile_app,USD
TXN0000200,2024-02-21 21:48:00,STR010,PRD0110,CUS00118,4,406.78,0.0,0.0,1627.12,gift_card,in_store,USD
TXN0000201,2024-01-02 14:59:00,STR010,PRD0041,CUS00351,5,491.81,0.0,0.0,2459.05,debit_card,mobile_app,USD
TXN0000202,2024-10-08 18:50:00,STR020,PRD0093,CUS00107,4,410.67,0.0,0.0,1642.68,mobile_pay,in_store,USD
TXN0000203,2024-11-18 08:12:00,STR005,PRD0069,CUS00449,3,527.04,0.2,316.22,1264.9,cash,mobile_app,USD
TXN0000204,2024-02-02 12:44:00,STR004,PRD0097,CUS00186,4,118.36,0.0,0.0,473.44,debit_card,in_store,USD
TXN0000205,2024-06-07 14:44:00,STR020,PRD0021,CUS00264,1,411.07,0.0,0.0,411.07,mobile_pay,mobile_app,USD
TXN0000206,2024-12-24 17:24:00,STR006,PRD0083,CUS00463,1,247.1,0.0,0.0,247.1,credit_card,in_store,USD
TXN0000207,2024-12-19 09:24:00,STR011,PRD0120,CUS00065,4,136.37,0.05,27.27,518.21,debit_card,in_store,USD
TXN0000208,2024-06-18 10:47:00,STR005,PRD0022,CUS00454,3,146.15,0.0,0.0,438.45,cash,mobile_app,USD
TXN0000209,2024-02-13 11:16:00,STR004,PRD0076,,2,33.66,0.0,0.0,67.32,credit_card,mobile_app,USD
TXN0000210,2024-05-27 19:37:00,STR010,PRD0062,CUS00128,3,355.41,0.0,0.0,1066.23,credit_card,in_store,USD
TXN0000211,2024-08-21 10:12:00,STR010,PRD0020,CUS00459,4,595.59,0.05,119.12,2263.24,mobile_pay,mobile_app,USD
TXN0000212,2024-07-09 08:51:00,STR020,PRD0030,CUS00271,5,80.67,0.0,0.0,403.35,debit_card,in_store,USD
TXN0000213,2024-10-04 09:46:00,STR004,PRD0074,CUS00470,3,304.27,0.0,0.0,912.81,credit_card,mobile_app,USD
TXN0000214,2024-03-09 15:59:00,STR018,PRD0117,CUS00024,3,54.14,0.1,16.24,146.18,gift_card,in_store,USD
TXN0000215,2024-04-15 21:14:00,STR008,PRD0090,CUS00251,4,69.19,0.0,0.0,276.76,mobile_pay,online,USD
TXN0000216,2024-10-30 19:57:00,STR022,PRD0061,CUS00400,3,169.37,0.0,0.0,508.11,debit_card,mobile_app,USD
TXN0000217,2024-09-04 19:11:00,STR008,PRD0089,CUS00398,2,690.46,0.0,0.0,1380.92,cash,mobile_app,USD
TXN0000218,2024-02-27 21:23:00,STR009,PRD0001,CUS00178,4,137.75,0.1,55.1,495.9,mobile_pay,online,USD
TXN0000219,2024-12-26 16:24:00,STR015,PRD0057,CUS00439,1,412.83,0.0,0.0,412.83,credit_card,in_store,USD
TXN0000220,2024-08-10 21:28:00,STR021,PRD0062,,4,355.41,0.0,0.0,1421.64,mobile_pay,in_store,USD
TXN0000221,2024-03-26 16:17:00,STR016,PRD0030,CUS00468,4,80.67,0.0,0.0,322.68,gift_card,mobile_app,USD
TXN0000222,2024-03-21 12:33:00,STR014,PRD0003,CUS00248,3,569.87,0.0,0.0,1709.61,cash,in_store,USD
TXN0000223,2024-09-30 08:50:00,STR010,PRD0055,CUS00209,2,264.5,0.1,52.9,476.1,gift_card,mobile_app,USD
TXN0000224,2024-09-30 15:51:00,STR006,PRD0006,CUS00374,2,101.59,0.0,0.0,203.18,mobile_pay,mobile_app,USD
TXN0000225,2024-05-29 18:47:00,STR006,PRD0036,CUS00399,2,405.13,0.0,0.0,810.26,debit_card,online,USD
TXN0000226,2024-12-15 09:38:00,STR009,PRD0004,CUS00373,2,602.78,0.0,0.0,1205.56,gift_card,online,USD
TXN0000227,2024-01-23 16:18:00,STR005,PRD0012,CUS00009,3,233.86,0.0,0.0,701.58,gift_card,mobile_app,USD
TXN0000228,2024-05-07 09:08:00,STR007,PRD0097,CUS00487,1,118.36,0.0,0.0,118.36,credit_card,mobile_app,USD
TXN0000229,2024-10-29 10:17:00,STR005,PRD0081,CUS00066,5,429.07,0.0,0.0,2145.35,credit_card,in_store,USD
TXN0000230,2024-01-27 09:04:00,STR001,PRD0014,CUS00066,2,10.52,0.2,4.21,16.83,cash,mobile_app,USD
TXN0000231,2024-01-14 16:24:00,STR021,PRD0089,,3,690.46,0.05,103.57,1967.81,debit_card,online,USD
TXN0000232,2024-05-31 14:42:00,STR008,PRD0053,CUS00084,3,321.56,0.0,0.0,964.68,cash,in_store,USD
TXN0000233,2024-10-17 13:09:00,STR018,PRD0021,CUS00124,3,411.07,0.0,0.0,1233.21,mobile_pay,mobile_app,USD
TXN0000234,2024-08-23 19:52:00,STR002,PRD0082,CUS00442,2,82.51,0.0,0.0,165.02,mobile_pay,in_store,USD
TXN0000235,2024-03-20 17:54:00,STR003,PRD0037,CUS00148,4,47.85,0.0,0.0,191.4,gift_card,online,USD
TXN0000236,2024-04-13 16:26:00,STR015,PRD0030,CUS00078,2,80.67,0.0,0.0,161.34,mobile_pay,mobile_app,USD
TXN0000237,2024-09-10 15:40:00,STR015,PRD0016,CUS00037,2,539.04,0.0,0.0,1078.08,mobile_pay,online,USD
TXN0000238,2024-12-29 11:19:00,STR011,PRD0006,CUS00417,3,101.59,0.0,0.0,304.77,mobile_pay,mobile_app,USD
TXN0000239,2024-10-29 08:45:00,STR023,PRD0028,CUS00237,5,621.82,0.0,0.0,3109.1,cash,online,USD
TXN0000240,2024-12-05 14:57:00,STR013,PRD0010,CUS00321,4,276.68,0.1,110.67,996.05,mobile_pay,mobile_app,USD
TXN0000241,2024-01-27 17:28:00,STR012,PRD0089,CUS00462,1,690.46,0.0,0.0,690.46,debit_card,online,USD
TXN0000242,2024-07-06 14:35:00,STR005,PRD0066,,3,404.74,0.15,182.13,1032.09,cash,in_store,USD
TXN0000243,2024-08-23 14:21:00,STR018,PRD0018,CUS00270,1,94.47,0.0,0.0,94.47,mobile_pay,mobile_app,USD
TXN0000244,2024-07-27 09:56:00,STR023,PRD0004,CUS00084,2,602.78,0.0,0.0,1205.56,cash,online,USD
TXN0000245,2024-04-22 13:17:00,STR018,PRD0024,CUS00077,2,364.86,0.0,0.0,729.72,debit_card,in_store,USD
TXN0000246,2024-07-01 14:50:00,STR009,PRD0109,CUS00500,5,459.8,0.05,114.95,2184.05,gift_card,in_store,USD
TXN0000247,2024-09-06 11:38:00,STR014,PRD0087,CUS00376,2,488.55,0.0,0.0,977.1,gift_card,in_store,USD
TXN0000248,2024-07-11 18:51:00,STR010,PRD0118,CUS00467,1,317.96,0.0,0.0,317.96,debit_card,in_store,USD
TXN0000249,2024-03-23 12:56:00,STR011,PRD0045,CUS00121,3,318.79,0.05,47.82,908.55,gift_card,online,USD
TXN0000250,2024-11-26 21:16:00,STR001,PRD0118,CUS00160,5,317.96,0.05,79.49,1510.31,mobile_pay,online,USD
TXN0000251,2024-07-29 16:24:00,STR010,PRD0010,CUS00340,3,276.68,0.0,0.0,830.04,mobile_pay,mobile_app,USD
TXN0000252,2024-04-30 14:11:00,STR013,PRD0040,CUS00426,3,823.32,0.0,0.0,2469.96,gift_card,online,USD
TXN0000253,2024-12-25 15:10:00,STR001,PRD0007,,2,274.3,0.05,27.43,521.17,gift_card,in_store,USD
TXN0000254,2024-11-21 11:41:00,STR002,PRD0013,CUS00005,1,80.66,0.0,0.0,80.66,credit_card,mobile_app,USD
TXN0000255,2024-01-08 09:09:00,STR012,PRD0070,CUS00304,5,31.14,0.05,7.79,147.91,debit_card,online,USD
TXN0000256,2024-06-13 19:37:00,STR021,PRD0081,CUS00063,3,429.07,0.0,0.0,1287.21,credit_card,online,USD
TXN0000257,2024-11-25 17:09:00,STR021,PRD0022,CUS00102,3,146.15,0.0,0.0,438.45,gift_card,online,USD
TXN0000258,2024-12-16 21:52:00,STR012,PRD0016,CUS00281,4,539.04,0.0,0.0,2156.16,debit_card,mobile_app,USD
TXN0000259,2024-05-11 18:02:00,STR003,PRD0057,CUS00176,4,412.83,0.0,0.0,1651.32,cash,mobile_app,USD
TXN0000260,2024-07-17 17:14:00,STR015,PRD0043,CUS00316,1,621.23,0.0,0.0,621.23,mobile_pay,online,USD
TXN0000261,2024-09-16 20:28:00,STR015,PRD0097,CUS00303,2,118.36,0.0,0.0,236.72,mobile_pay,in_store,USD
TXN0000262,2024-07-28 14:09:00,STR010,PRD0022,CUS00041,1,146.15,0.0,0.0,146.15,credit_card,in_store,USD
TXN0000263,2024-12-03 16:55:00,STR013,PRD0099,CUS00009,3,388.71,0.0,0.0,1166.13,debit_card,mobile_app,USD
TXN0000264,2024-11-14 18:42:00,STR023,PRD0062,,5,355.41,0.0,0.0,1777.05,credit_card,mobile_app,USD
TXN0000265,2024-10-15 09:04:00,STR020,PRD0028,CUS00030,5,621.82,0.0,0.0,3109.1,mobile_pay,mobile_app,USD
TXN0000266,2024-06-01 15:09:00,STR016,PRD0074,CUS00371,3,304.27,0.0,0.0,912.81,mobile_pay,in_store,USD
TXN0000267,2024-07-10 14:43:00,STR012,PRD0084,CUS00272,4,127.62,0.05,25.52,484.96,debit_card,mobile_app,USD
TXN0000268,2024-09-24 21:10:00,STR009,PRD0116,CUS00110,1,648.85,0.0,0.0,648.85,mobile_pay,online,USD
TXN0000269,2024-02-05 11:56:00,STR020,PRD0072,CUS00329,5,500.55,0.0,0.0,2502.75,debit_card,in_store,USD
TXN0000270,2024-03-29 14:55:00,STR003,PRD0103,CUS00129,4,58.52,0.0,0.0,234.08,credit_card,mobile_app,USD
TXN0000271,2024-06-13 09:40:00,STR016,PRD0077,CUS00429,5,898.98,0.0,0.0,4494.9,debit_card,in_store,USD
TXN0000272,2024-06-22 09:17:00,STR012,PRD0009,CUS00168,3,675.27,0.05,101.29,1924.52,credit_card,mobile_app,USD
TXN0000273,2024-01-13 14:48:00,STR022,PRD0088,CUS00126,3,266.3,0.05,39.95,758.95,mobile_pay,in_store,USD
TXN0000274,2024-11-19 11:08:00,STR007,PRD0014,CUS00077,2,10.52,0.0,0.0,21.04,credit_card,mobile_app,USD
TXN0000275,2024-06-14 09:12:00,STR011,PRD0015,,1,541.61,0.0,0.0,541.61,mobile_pay,online,USD
TXN0000276,2024-06-04 08:41:00,STR015,PRD0065,CUS00153,3,286.09,0.0,0.0,858.27,debit_card,in_store,USD
TXN0000277,2024-02-09 14:14:00,STR008,PRD0078,CUS00228,4,678.93,0.0,0.0,2715.72,debit_card,online,USD
TXN0000278,2024-11-05 15:12:00,STR014,PRD0092,CUS00073,5,353.85,0.0,0.0,1769.25,credit_card,online,USD
TXN0000279,2024-05-05 18:06:00,STR003,PRD0062,CUS00392,4,355.41,0.0,0.0,1421.64,gift_card,mobile_app,USD
TXN0000280,2024-03-31 18:54:00,STR007,PRD0039,CUS00385,1,415.77,0.0,0.0,415.77,mobile_pay,online,USD
TXN0000281,2024-12-05 18:02:00,STR009,PRD0076,CUS00223,2,33.66,0.2,13.46,53.86,gift_card,online,USD
TXN0000282,2024-02-03 21:11:00,STR001,PRD0064,CUS00039,1,475.35,0.0,0.0,475.35,cash,in_store,USD
TXN0000283,2024-04-28 10:58:00,STR007,PRD0101,CUS00238,3,437.08,0.0,0.0,1311.24,credit_card,in_store,USD
TXN0000284,2024-12-25 11:47:00,STR012,PRD0025,CUS00022,1,116.31,0.15,17.45,98.86,credit_card,online,USD
TXN0000285,2024-12-05 21:58:00,STR023,PRD0050,CUS00129,1,201.33,0.0,0.0,201.33,gift_card,online,USD
TXN0000286,2024-02-17 11:24:00,STR020,PRD0088,,5,266.3,0.0,0.0,1331.5,gift_card,online,USD
TXN0000287,2024-03-23 10:42:00,STR007,PRD0040,CUS00100,3,823.32,0.15,370.49,2099.47,credit_card,online,USD
TXN0000288,2024-03-14 14:10:00,STR012,PRD0047,CUS00338,3,487.35,0.0,0.0,1462.05,debit_card,in_store,USD
TXN0000289,2024-04-20 18:27:00,STR011,PRD0061,CUS00327,2,169.37,0.0,0.0,338.74,debit_card,in_store,USD
TXN0000290,2024-07-27 08:54:00,STR010,PRD0103,CUS00172,1,58.52,0.0,0.0,58.52,mobile_pay,in_store,USD
TXN0000291,2024-12-13 11:40:00,STR018,PRD0067,CUS00172,3,544.43,0.0,0.0,1633.29,credit_card,in_store,USD
TXN0000292,2024-12-07 10:42:00,STR010,PRD0097,CUS00357,5,118.36,0.0,0.0,591.8,mobile_pay,mobile_app,USD
TXN0000293,2024-02-10 15:49:00,STR013,PRD0059,CUS00392,2,458.19,0.0,0.0,916.38,credit_card,online,USD
TXN0000294,2024-01-06 16:15:00,STR006,PRD0074,CUS00019,2,304.27,0.1,60.85,547.69,gift_card,in_store,USD
TXN0000295,2024-10-27 08:21:00,STR007,PRD0091,CUS00136,2,122.8,0.0,0.0,245.6,credit_card,mobile_app,USD
TXN0000296,2024-05-20 12:19:00,STR008,PRD0045,CUS00044,3,318.79,0.0,0.0,956.37,mobile_pay,in_store,USD
TXN0000297,2024-08-06 21:21:00,STR022,PRD0027,,2,490.08,0.05,49.01,931.15,credit_card,online,USD
TXN0000298,2024-01-13 18:04:00,STR018,PRD0096,CUS00367,3,389.05,0.0,0.0,1167.15,gift_card,online,USD
TXN0000299,2024-06-07 17:48:00,STR018,PRD0108,CUS00154,1,99.37,0.05,4.97,94.4,credit_card,mobile_app,USD
TXN0000300,2024-06-11 18:02:00,STR003,PRD0059,CUS00139,1,458.19,0.2,91.64,366.55,mobile_pay,in_store,USD
TXN0000301,2024-10-08 19:36:00,STR012,PRD0004,CUS00429,4,602.78,0.05,120.56,2290.56,debit_card,in_store,USD
TXN0000302,2024-11-06 08:39:00,STR011,PRD0090,CUS00232,2,69.19,0.0,0.0,138.38,debit_card,mobile_app,USD
TXN0000303,2024-06-04 10:16:00,STR020,PRD0047,CUS00448,5,487.35,0.1,243.68,2193.07,gift_card,online,USD
TXN0000304,2024-01-19 13:28:00,STR006,PRD0091,CUS00188,2,122.8,0.0,0.0,245.6,cash,in_store,USD
TXN0000305,2024-05-08 15:24:00,STR012,PRD0019,CUS00412,4,351.82,0.0,0.0,1407.28,gift_card,in_store,USD
TXN0000306,2024-06-30 21:34:00,STR020,PRD0080,CUS00083,5,270.17,0.05,67.54,1283.31,credit_card,mobile_app,USD
TXN0000307,2024-03-03 12:35:00,STR008,PRD0063,CUS00132,3,23.14,0.05,3.47,65.95,credit_card,mobile_app,USD
TXN0000308,2024-05-19 18:15:00,STR002,PRD0113,,1,336.98,0.0,0.0,336.98,debit_card,online,USD
TXN0000309,2024-07-04 15:17:00,STR006,PRD0022,CUS00035,5,146.15,0.0,0.0,730.75,mobile_pay,online,USD
TXN0000310,2024-12-08 11:11:00,STR006,PRD0014,CUS00162,2,10.52,0.1,2.1,18.94,credit_card,online,USD
TXN0000311,2024-06-20 10:42:00,STR003,PRD0040,CUS00361,4,823.32,0.0,0.0,3293.28,gift_card,mobile_app,USD
TXN0000312,2024-11-14 18:55:00,STR022,PRD0055,CUS00044,2,264.5,0.0,0.0,529.0,gift_card,in_store,USD
TXN0000313,2024-05-05 12:19:00,STR009,PRD0071,CUS00342,5,327.28,0.15,245.46,1390.94,cash,mobile_app,USD
TXN0000314,2024-03-10 20:15:00,STR011,PRD0050,CUS00353,2,201.33,0.1,40.27,362.39,mobile_pay,in_store,USD
TXN0000315,2024-02-07 12:35:00,STR016,PRD0071,CUS00223,1,327.28,0.0,0.0,327.28,credit_card,mobile_app,USD
TXN0000316,2024-09-30 14:08:00,STR020,PRD0114,CUS00160,5,596.37,0.1,298.19,2683.66,gift_card,online,USD
TXN0000317,2024-11-01 08:28:00,STR009,PRD0105,CUS00272,3,554.1,0.0,0.0,1662.3,debit_card,online,USD
TXN0000318,2024-03-12 12:37:00,STR008,PRD0046,CUS00194,1,719.52,0.0,0.0,719.52,debit_card,online,USD
TXN0000319,2024-01-07 13:17:00,STR014,PRD0083,,3,247.1,0.05,37.06,704.24,debit_card,mobile_app,USD
TXN0000320,2024-11-28 19:21:00,STR002,PRD0036,CUS00356,3,405.13,0.1,121.54,1093.85,cash,mobile_app,USD
TXN0000321,2024-12-26 08:05:00,STR011,PRD0083,CUS00282,3,247.1,0.0,0.0,741.3,credit_card,in_store,USD
TXN0000322,2024-01-30 18:50:00,STR020,PRD0084,CUS00300,4,127.62,0.0,0.0,510.48,mobile_pay,mobile_app,USD
TXN0000323,2024-10-02 15:52:00,STR002,PRD0074,CUS00018,3,304.27,0.05,45.64,867.17,credit_card,online,USD
TXN0000324,2024-09-30 17:29:00,STR010,PRD0086,CUS00010,2,139.31,0.1,27.86,250.76,credit_card,mobile_app,USD
TXN0000325,2024-09-13 17:05:00,STR012,PRD0041,CUS00445,4,491.81,0.0,0.0,1967.24,mobile_pay,mobile_app,USD
TXN0000326,2024-03-11 21:09:00,STR017,PRD0010,CUS00294,1,276.68,0.0,0.0,276.68,mobile_pay,in_store,USD
TXN0000327,2024-04-19 09:43:00,STR015,PRD0037,CUS00021,4,47.85,0.0,0.0,191.4,gift_card,in_store,USD
TXN0000328,2024-04-24 18:12:00,STR011,PRD0114,CUS00121,4,596.37,0.15,357.82,2027.66,cash,mobile_app,USD
TXN0000329,2024-04-28 15:25:00,STR007,PRD0053,CUS00300,1,321.56,0.0,0.0,321.56,mobile_pay,mobile_app,USD
TXN0000330,2024-05-23 13:00:00,STR005,PRD0074,,5,304.27,0.0,0.0,1521.35,mobile_pay,online,USD
TXN0000331,2024-02-06 18:49:00,STR012,PRD0018,CUS00308,2,94.47,0.0,0.0,188.94,gift_card,mobile_app,USD
TXN0000332,2024-01-25 18:04:00,STR007,PRD0004,CUS00131,5,602.78,0.0,0.0,3013.9,debit_card,mobile_app,USD
TXN0000333,2024-02-18 16:25:00,STR012,PRD0040,CUS00417,2,823.32,0.0,0.0,1646.64,cash,in_store,USD
TXN0000334,2024-10-28 18:25:00,STR003,PRD0045,CUS00346,2,318.79,0.0,0.0,637.58,debit_card,mobile_app,USD
TXN0000335,2024-08-26 08:19:00,STR004,PRD0100,CUS00350,2,576.59,0.0,0.0,1153.18,credit_card,online,USD
TXN0000336,2024-04-15 08:03:00,STR023,PRD0088,CUS00432,5,266.3,0.0,0.0,1331.5,mobile_pay,mobile_app,USD
TXN0000337,2024-11-20 08:32:00,STR020,PRD0009,CUS00369,1,675.27,0.0,0.0,675.27,debit_card,online,USD
TXN0000338,2024-06-04 20:29:00,STR001,PRD0065,CUS00250,4,286.09,0.05,57.22,1087.14,gift_card,mobile_app,USD
TXN0000339,2024-12-10 08:17:00,STR011,PRD0048,CUS00050,1,473.17,0.05,23.66,449.51,gift_card,in_store,USD
TXN0000340,2024-09-07 19:25:00,STR002,PRD0080,CUS00183,5,270.17,0.0,0.0,1350.85,debit_card,online,USD
TXN0000341,2024-09-11 12:45:00,STR006,PRD0031,,3,77.68,0.0,0.0,233.04,gift_card,online,USD
TXN0000342,2024-03-18 16:34:00,STR004,PRD0005,CUS00226,1,259.57,0.1,25.96,233.61,mobile_pay,mobile_app,USD
TXN0000343,2024-03-27 15:00:00,STR003,PRD0101,CUS00024,1,437.08,0.0,0.0,437.08,debit_card,mobile_app,USD
TXN0000344,2024-05-02 18:06:00,STR002,PRD0022,CUS00425,5,146.15,0.0,0.0,730.75,cash,online,USD
TXN0000345,2024-05-11 12:35:00,STR005,PRD0091,CUS00496,5,122.8,0.0,0.0,614.0,gift_card,in_store,USD
TXN0000346,2024-05-22 15:36:00,STR014,PRD0047,CUS00111,1,487.35,0.0,0.0,487.35,mobile_pay,mobile_app,USD
TXN0000347,2024-11-21 10:14:00,STR013,PRD0091,CUS00279,3,122.8,0.05,18.42,349.98,mobile_pay,in_store,USD
TXN0000348,2024-07-15 17:54:00,STR023,PRD0105,CUS00250,2,554.1,0.15,166.23,941.97,cash,in_store,USD
TXN0000349,2024-06-26 13:14:00,STR023,PRD0064,CUS00264,5,475.35,0.0,0.0,2376.75,credit_card,in_store,USD
TXN0000350,2024-02-05 10:45:00,STR018,PRD0103,CUS00420,5,58.52,0.0,0.0,292.6,credit_card,in_store,USD
TXN0000351,2024-09-21 08:41:00,STR020,PRD0108,CUS00316,5,99.37,0.0,0.0,496.85,debit_card,mobile_app,USD
TXN0000352,2024-11-16 16:28:00,STR008,PRD0007,,5,274.3,0.0,0.0,1371.5,gift_card,mobile_app,USD
TXN0000353,2024-03-10 17:24:00,STR011,PRD0023,CUS00336,5,249.34,0.0,0.0,1246.7,mobile_pay,online,USD
TXN0000354,2024-02-28 17:32:00,STR008,PRD0120,CUS00241,3,136.37,0.0,0.0,409.11,gift_card,online,USD
TXN0000355,2024-11-06 16:45:00,STR014,PRD0007,CUS00173,1,274.3,0.0,0.0,274.3,mobile_pay,online,USD
TXN0000356,2024-08-22 19:37:00,STR022,PRD0087,CUS00269,1,488.55,0.05,24.43,464.12,credit_card,online,USD
TXN0000357,2024-11-04 15:58:00,STR021,PRD0093,CUS00278,1,410.67,0.0,0.0,410.67,mobile_pay,in_store,USD
TXN0000358,2024-08-04 08:44:00,STR021,PRD0011,CUS00415,2,526.75,0.0,0.0,1053.5,debit_card,online,USD
TXN0000359,2024-09-22 14:50:00,STR020,PRD0115,CUS00018,3,145.51,0.0,0.0,436.53,mobile_pay,online,USD
TXN0000360,2024-05-14 18:08:00,STR009,PRD0062,CUS00097,2,355.41,0.0,0.0,710.82,credit_card,online,USD
TXN0000361,2024-12-25 11:56:00,STR003,PRD0110,CUS00113,5,406.78,0.0,0.0,2033.9,debit_card,in_store,USD
TXN0000362,2024-05-19 19:48:00,STR014,PRD0098,CUS00056,5,244.56,0.05,61.14,1161.66,gift_card,online,USD
TXN0000363,2024-03-11 08:57:00,STR022,PRD0108,,5,99.37,0.0,0.0,496.85,gift_card,mobile_app,USD
TXN0000364,2024-08-22 10:44:00,STR019,PRD0078,CUS00340,3,678.93,0.0,0.0,2036.79,cash,in_store,USD
TXN0000365,2024-09-06 14:49:00,STR017,PRD0004,CUS00139,4,602.78,0.15,361.67,2049.45,gift_card,in_store,USD
TXN0000366,2024-01-21 15:46:00,STR015,PRD0072,CUS00441,5,500.55,0.15,375.41,2127.34,cash,mobile_app,USD
TXN0000367,2024-02-13 17:13:00,STR008,PRD0050,CUS00419,5,201.33,0.0,0.0,1006.65,debit_card,in_store,USD
TXN0000368,2024-12-29 11:21:00,STR004,PRD0003,CUS00199,2,569.87,0.0,0.0,1139.74,cash,mobile_app,USD
TXN0000369,2024-08-16 14:09:00,STR023,PRD0044,CUS00457,4,126.49,0.1,50.6,455.36,credit_card,mobile_app,USD
TXN0000370,2024-07-15 16:36:00,STR015,PRD0114,CUS00258,5,596.37,0.0,0.0,2981.85,mobile_pay,online,USD
TXN0000371,2024-12-15 10:46:00,STR004,PRD0002,CUS00189,1,26.09,0.0,0.0,26.09,debit_card,in_store,USD
TXN0000372,2024-01-01 14:31:00,STR008,PRD0097,CUS00416,3,118.36,0.0,0.0,355.08,debit_card,in_store,USD
TXN0000373,2024-05-16 14:10:00,STR015,PRD0063,CUS00160,5,23.14,0.15,17.36,98.34,gift_card,in_store,USD
TXN0000374,2024-02-09 17:45:00,STR022,PRD0066,,3,404.74,0.0,0.0,1214.22,debit_card,in_store,USD
TXN0000375,2024-03-27 11:15:00,STR011,PRD0066,CUS00438,4,404.74,0.0,0.0,1618.96,credit_card,mobile_app,USD
TXN0000376,2024-09-04 11:30:00,STR016,PRD0074,CUS00303,4,304.27,0.0,0.0,1217.08,debit_card,online,USD
TXN0000377,2024-06-16 17:04:00,STR023,PRD0057,CUS00189,1,412.83,0.0,0.0,412.83,credit_card,online,USD
TXN0000378,2024-10-01 13:32:00,STR004,PRD0067,CUS00310,4,544.43,0.05,108.89,2068.83,debit_card,mobile_app,USD
TXN0000379,2024-02-20 20:22:00,STR001,PRD0096,CUS00144,5,389.05,0.0,0.0,1945.25,gift_card,online,USD
TXN0000380,2024-03-12 16:26:00,STR020,PRD0009,CUS00168,4,675.27,0.0,0.0,2701.08,debit_card,in_store,USD
TXN0000381,2024-11-07 18:38:00,STR021,PRD0024,CUS00390,3,364.86,0.0,0.0,1094.58,mobile_pay,mobile_app,USD
TXN0000382,2024-04-17 14:05:00,STR009,PRD0015,CUS00203,5,541.61,0.1,270.81,2437.24,gift_card,mobile_app,USD
TXN0000383,2024-11-01 17:31:00,STR011,PRD0069,CUS00353,5,527.04,0.0,0.0,2635.2,mobile_pay,online,USD
TXN0000384,2024-02-22 19:13:00,STR019,PRD0004,CUS00334,1,602.78,0.0,0.0,602.78,credit_card,online,USD
TXN0000385,2024-07-11 14:18:00,STR018,PRD0037,,5,47.85,0.05,11.96,227.29,credit_card,in_store,USD
TXN0000386,2024-05-17 20:33:00,STR019,PRD0016,CUS00457,3,539.04,0.0,0.0,1617.12,gift_card,online,USD
TXN0000387,2024-12-16 16:55:00,STR021,PRD0106,CUS00286,5,558.66,0.0,0.0,2793.3,credit_card,online,USD
TXN0000388,2024-01-22 12:40:00,STR006,PRD0086,CUS00497,3,139.31,0.0,0.0,417.93,credit_card,online,USD
TXN0000389,2024-11-20 17:31:00,STR005,PRD0060,CUS00215,5,399.84,0.0,0.0,1999.2,debit_card,online,USD
TXN0000390,2024-05-17 10:42:00,STR017,PRD0074,CUS00413,2,304.27,0.05,30.43,578.11,mobile_pay,mobile_app,USD
TXN0000391,2024-11-10 19:52:00,STR008,PRD0069,CUS00365,2,527.04,0.0,0.0,1054.08,gift_card,mobile_app,USD
TXN0000392,2024-01-25 21:10:00,STR010,PRD0001,CUS00118,4,137.75,0.05,27.55,523.45,gift_card,online,USD
TXN0000393,2024-06-14 10:23:00,STR010,PRD0090,CUS00283,1,69.19,0.1,6.92,62.27,cash,in_store,USD
TXN0000394,2024-09-08 13:54:00,STR010,PRD0092,CUS00283,2,353.85,0.05,35.39,672.31,debit_card,in_store,USD
TXN0000395,2024-10-21 16:04:00,STR017,PRD0059,CUS00288,3,458.19,0.1,137.46,1237.11,debit_card,online,USD
TXN0000396,2024-04-14 13:29:00,STR011,PRD0037,,4,47.85,0.0,0.0,191.4,debit_card,online,USD
TXN0000397,2024-10-13 19:41:00,STR018,PRD0027,CUS00033,3,490.08,0.0,0.0,1470.24,debit_card,online,USD
TXN0000398,2024-11-07 09:34:00,STR016,PRD0096,CUS00143,3,389.05,0.0,0.0,1167.15,mobile_pay,mobile_app,USD
TXN0000399,2024-03-03 11:29:00,STR012,PRD0043,CUS00083,2,621.23,0.0,0.0,1242.46,gift_card,online,USD
TXN0000400,2024-11-15 14:52:00,STR005,PRD0046,CUS00083,1,719.52,0.2,143.9,575.62,gift_card,mobile_app,USD
TXN0000401,2024-12-07 20:51:00,STR016,PRD0065,CUS00337,1,286.09,0.0,0.0,286.09,cash,in_store,USD
TXN0000402,2024-10-23 08:28:00,STR012,PRD0046,CUS00447,4,719.52,0.0,0.0,2878.08,debit_card,in_store,USD
TXN0000403,2024-10-19 21:04:00,STR006,PRD0042,CUS00151,1,140.2,0.0,0.0,140.2,debit_card,mobile_app,USD
TXN0000404,2024-11-10 12:30:00,STR013,PRD0016,CUS00496,1,539.04,0.0,0.0,539.04,cash,in_store,USD
TXN0000405,2024-12-02 19:15:00,STR009,PRD0050,CUS00334,3,201.33,0.0,0.0,603.99,cash,online,USD
TXN0000406,2024-09-27 12:08:00,STR004,PRD0020,CUS00197,2,595.59,0.05,59.56,1131.62,cash,mobile_app,USD
TXN0000407,2024-03-13 15:02:00,STR008,PRD0108,,1,99.37,0.0,0.0,99.37,cash,in_store,USD
TXN0000408,2024-01-21 15:15:00,STR017,PRD0072,CUS00047,3,500.55,0.0,0.0,1501.65,cash,mobile_app,USD
TXN0000409,2024-11-04 10:45:00,STR020,PRD0011,CUS00180,2,526.75,0.0,0.0,1053.5,cash,mobile_app,USD
TXN0000410,2024-10-08 14:59:00,STR001,PRD0021,CUS00474,2,411.07,0.0,0.0,822.14,debit_card,in_store,USD
TXN0000411,2024-11-01 15:52:00,STR010,PRD0087,CUS00400,3,488.55,0.0,0.0,1465.65,gift_card,mobile_app,USD
TXN0000412,2024-07-25 15:26:00,STR016,PRD0061,CUS00376,4,169.37,0.0,0.0,677.48,gift_card,online,USD
TXN0000413,2024-04-25 16:56:00,STR012,PRD0012,CUS00223,3,233.86,0.0,0.0,701.58,credit_card,mobile_app,USD
TXN0000414,2024-04-13 10:17:00,STR019,PRD0007,CUS00109,5,274.3,0.2,274.3,1097.2,gift_card,in_store,USD
TXN0000415,2024-10-02 17:38:00,STR013,PRD0006,CUS00258,2,101.59,0.0,0.0,203.18,credit_card,in_store,USD
TXN0000416,2024-10-14 09:05:00,STR015,PRD0063,CUS00110,1,23.14,0.0,0.0,23.14,debit_card,in_store,USD
TXN0000417,2024-09-09 17:32:00,STR014,PRD0026,CUS00468,4,172.92,0.0,0.0,691.68,cash,online,USD
TXN0000418,2024-06-16 18:13:00,STR023,PRD0064,,5,475.35,0.0,0.0,2376.75,gift_card,mobile_app,USD
TXN0000419,2024-11-06 12:32:00,STR016,PRD0010,CUS00377,3,276.68,0.0,0.0,830.04,mobile_pay,online,USD
TXN0000420,2024-06-28 14:35:00,STR014,PRD0120,CUS00060,1,136.37,0.0,0.0,136.37,debit_card,in_store,USD
TXN0000421,2024-10-18 10:54:00,STR004,PRD0077,CUS00011,2,898.98,0.0,0.0,1797.96,credit_card,in_store,USD
TXN0000422,2024-09-10 14:01:00,STR011,PRD0105,CUS00280,2,554.1,0.0,0.0,1108.2,cash,in_store,USD
TXN0000423,2024-02-09 20:45:00,STR007,PRD0092,CUS00338,3,353.85,0.0,0.0,1061.55,mobile_pay,online,USD
TXN0000424,2024-12-14 21:44:00,STR002,PRD0007,CUS00233,5,274.3,0.2,274.3,1097.2,debit_card,in_store,USD
TXN0000425,2024-02-17 11:51:00,STR011,PRD0099,CUS00273,5,388.71,0.0,0.0,1943.55,cash,in_store,USD
TXN0000426,2024-09-06 21:38:00,STR012,PRD0099,CUS00135,4,388.71,0.0,0.0,1554.84,cash,online,USD
TXN0000427,2024-05-18 14:32:00,STR011,PRD0074,CUS00380,1,304.27,0.05,15.21,289.06,debit_card,mobile_app,USD
TXN0000428,2024-08-02 16:03:00,STR002,PRD0025,CUS00384,2,116.31,0.0,0.0,232.62,mobile_pay,online,USD
TXN0000429,2024-04-23 19:24:00,STR008,PRD0075,,2,507.8,0.0,0.0,1015.6,cash,mobile_app,USD
TXN0000430,2024-12-15 14:11:00,STR018,PRD0032,CUS00004,5,251.17,0.0,0.0,1255.85,cash,mobile_app,USD
TXN0000431,2024-07-10 15:06:00,STR010,PRD0049,CUS00208,4,327.25,0.0,0.0,1309.0,gift_card,in_store,USD
TXN0000432,2024-04-19 21:13:00,STR001,PRD0101,CUS00376,3,437.08,0.0,0.0,1311.24,mobile_pay,mobile_app,USD
TXN0000433,2024-01-08 20:07:00,STR021,PRD0055,CUS00108,1,264.5,0.0,0.0,264.5,credit_card,in_store,USD
TXN0000434,2024-07-15 08:07:00,STR004,PRD0018,CUS00098,3,94.47,0.0,0.0,283.41,credit_card,in_store,USD
TXN0000435,2024-04-30 12:13:00,STR010,PRD0066,CUS00012,2,404.74,0.0,0.0,809.48,cash,mobile_app,USD
TXN0000436,2024-03-11 10:53:00,STR023,PRD0047,CUS00285,1,487.35,0.0,0.0,487.35,mobile_pay,online,USD
TXN0000437,2024-12-26 13:58:00,STR010,PRD0073,CUS00102,3,577.08,0.0,0.0,1731.24,gift_card,online,USD
TXN0000438,2024-06-08 21:18:00,STR004,PRD0067,CUS00214,3,544.43,0.0,0.0,1633.29,gift_card,online,USD
TXN0000439,2024-08-24 16:03:00,STR010,PRD0045,CUS00463,4,318.79,0.15,191.27,1083.89,debit_card,online,USD
TXN0000440,2024-07-07 15:09:00,STR016,PRD0074,,4,304.27,0.0,0.0,1217.08,credit_card,online,USD
TXN0000441,2024-04-03 19:52:00,STR001,PRD0040,CUS00140,1,823.32,0.0,0.0,823.32,mobile_pay,mobile_app,USD
TXN0000442,2024-01-03 09:40:00,STR014,PRD0120,CUS00030,3,136.37,0.0,0.0,409.11,credit_card,online,USD
TXN0000443,2024-06-22 13:20:00,STR017,PRD0030,CUS00258,4,80.67,0.0,0.0,322.68,cash,online,USD
TXN0000444,2024-07-24 20:40:00,STR019,PRD0025,CUS00236,5,116.31,0.1,58.16,523.39,mobile_pay,in_store,USD
TXN0000445,2024-08-27 08:09:00,STR023,PRD0086,CUS00418,1,139.31,0.0,0.0,139.31,debit_card,in_store,USD
TXN0000446,2024-03-02 18:25:00,STR003,PRD0098,CUS00163,5,244.56,0.0,0.0,1222.8,cash,mobile_app,USD
TXN0000447,2024-12-05 10:05:00,STR018,PRD0003,CUS00094,5,569.87,0.1,284.94,2564.41,credit_card,online,USD
TXN0000448,2024-07-08 17:09:00,STR013,PRD0110,CUS00006,4,406.78,0.0,0.0,1627.12,debit_card,in_store,USD
TXN0000449,2024-08-27 21:54:00,STR003,PRD0081,CUS00373,5,429.07,0.05,107.27,2038.08,cash,in_store,USD
TXN0000450,2024-07-17 19:17:00,STR004,PRD0031,CUS00287,5,77.68,0.0,0.0,388.4,gift_card,in_store,USD
TXN0000451,2024-04-02 09:15:00,STR022,PRD0030,,3,80.67,0.0,0.0,242.01,gift_card,online,USD
TXN0000452,2024-09-05 17:13:00,STR017,PRD0048,CUS00307,5,473.17,0.0,0.0,2365.85,gift_card,in_store,USD
TXN0000453,2024-04-11 18:36:00,STR005,PRD0074,CUS00033,5,304.27,0.0,0.0,1521.35,mobile_pay,in_store,USD
TXN0000454,2024-12-06 10:12:00,STR015,PRD0060,CUS00303,1,399.84,0.0,0.0,399.84,mobile_pay,mobile_app,USD
TXN0000455,2024-04-22 20:33:00,STR002,PRD0098,CUS00237,1,244.56,0.0,0.0,244.56,gift_card,online,USD
TXN0000456,2024-10-01 09:37:00,STR020,PRD0016,CUS00320,2,539.04,0.15,161.71,916.37,cash,online,USD
TXN0000457,2024-09-29 13:46:00,STR016,PRD0029,CUS00295,2,354.91,0.0,0.0,709.82,cash,in_store,USD
TXN0000458,2024-04-04 12:19:00,STR021,PRD0040,CUS00245,1,823.32,0.05,41.17,782.15,mobile_pay,online,USD
TXN0000459,2024-04-11 18:56:00,STR006,PRD0083,CUS00045,3,247.1,0.0,0.0,741.3,cash,in_store,USD
TXN0000460,2024-05-07 18:35:00,STR011,PRD0053,CUS00056,2,321.56,0.0,0.0,643.12,cash,in_store,USD
TXN0000461,2024-02-21 19:51:00,STR001,PRD0038,CUS00302,3,879.64,0.0,0.0,2638.92,mobile_pay,online,USD
TXN0000462,2024-05-15 11:22:00,STR006,PRD0057,,4,412.83,0.0,0.0,1651.32,credit_card,mobile_app,USD
TXN0000463,2024-11-28 08:18:00,STR005,PRD0015,CUS00289,4,541.61,0.0,0.0,2166.44,mobile_pay,mobile_app,USD
TXN0000464,2024-12-03 14:26:00,STR009,PRD0045,CUS00376,2,318.79,0.05,31.88,605.7,debit_card,mobile_app,USD
TXN0000465,2024-09-05 20:47:00,STR006,PRD0021,CUS00103,3,411.07,0.0,0.0,1233.21,gift_card,online,USD
TXN0000466,2024-08-24 16:36:00,STR020,PRD0012,CUS00248,5,233.86,0.05,58.47,1110.83,cash,online,USD
TXN0000467,2024-07-03 11:13:00,STR014,PRD0024,CUS00402,1,364.86,0.0,0.0,364.86,cash,in_store,USD
TXN0000468,2024-11-18 08:26:00,STR022,PRD0029,CUS00205,1,354.91,0.0,0.0,354.91,mobile_pay,in_store,USD
TXN0000469,2024-04-25 08:31:00,STR023,PRD0018,CUS00035,4,94.47,0.0,0.0,377.88,gift_card,online,USD
TXN0000470,2024-11-13 17:20:00,STR001,PRD0087,CUS00306,1,488.55,0.1,48.86,439.69,credit_card,online,USD
TXN0000471,2024-03-23 09:14:00,STR016,PRD0093,CUS00151,2,410.67,0.0,0.0,821.34,mobile_pay,mobile_app,USD
TXN0000472,2024-04-25 14:27:00,STR018,PRD0091,CUS00273,3,122.8,0.0,0.0,368.4,mobile_pay,mobile_app,USD
TXN0000473,2024-03-05 19:23:00,STR023,PRD0047,,5,487.35,0.1,243.68,2193.07,credit_card,online,USD
TXN0000474,2024-04-27 13:37:00,STR006,PRD0108,CUS00080,1,99.37,0.0,0.0,99.37,credit_card,mobile_app,USD
TXN0000475,2024-03-12 17:45:00,STR007,PRD0114,CUS00321,2,596.37,0.15,178.91,1013.83,credit_card,mobile_app,USD
TXN0000476,2024-06-09 10:01:00,STR022,PRD0070,CUS00141,2,31.14,0.0,0.0,62.28,debit_card,mobile_app,USD
TXN0000477,2024-09-16 08:27:00,STR011,PRD0030,CUS00316,2,80.67,0.0,0.0,161.34,credit_card,in_store,USD
TXN0000478,2024-12-30 11:39:00,STR004,PRD0092,CUS00459,4,353.85,0.0,0.0,1415.4,debit_card,mobile_app,USD
TXN0000479,2024-06-14 17:11:00,STR007,PRD0040,CUS00271,4,823.32,0.0,0.0,3293.28,debit_card,in_store,USD
TXN0000480,2024-02-15 13:14:00,STR021,PRD0075,CUS00270,4,507.8,0.15,304.68,1726.52,credit_card,mobile_app,USD
TXN0000481,2024-09-20 15:50:00,STR013,PRD0005,CUS00029,2,259.57,0.05,25.96,493.18,credit_card,mobile_app,USD
TXN0000482,2024-08-05 10:27:00,STR023,PRD0005,CUS00035,2,259.57,0.0,0.0,519.14,credit_card,in_store,USD
TXN0000483,2024-08-21 08:42:00,STR004,PRD0099,CUS00430,3,388.71,0.0,0.0,1166.13,debit_card,in_store,USD
TXN0000484,2024-04-19 12:48:00,STR003,PRD0041,,1,491.81,0.0,0.0,491.81,debit_card,in_store,USD
TXN0000485,2024-11-07 08:46:00,STR022,PRD0058,CUS00234,2,61.42,0.0,0.0,122.84,debit_card,mobile_app,USD
TXN0000486,2024-12-17 08:42:00,STR002,PRD0117,CUS00301,1,54.14,0.0,0.0,54.14,credit_card,mobile_app,USD
TXN0000487,2024-07-16 09:48:00,STR999,PRD0028,CUS00303,1,621.82,0.0,0.0,621.82,debit_card,mobile_app,USD
TXN0000488,2024-07-23 21:28:00,STR016,PRD0079,CUS00171,4,643.15,0.0,0.0,2572.6,credit_card,in_store,USD
TXN0000489,2024-05-13 08:30:00,STR015,PRD0104,CUS00469,4,398.02,0.0,0.0,1592.08,mobile_pay,in_store,USD
TXN0000490,2024-01-10 08:59:00,STR002,PRD0098,CUS00470,3,244.56,0.0,0.0,733.68,mobile_pay,in_store,USD
TXN0000491,2024-02-22 12:11:00,STR014,PRD0104,CUS00013,1,398.02,0.0,0.0,398.02,debit_card,online,USD
TXN0000492,2024-10-04 13:15:00,STR013,PRD0058,CUS00290,4,61.42,0.0,0.0,245.68,credit_card,online,USD
TXN0000493,2024-12-06 12:55:00,STR019,PRD0019,CUS00459,3,351.82,0.05,52.77,1002.69,mobile_pay,online,USD
TXN0000494,2024-02-01 08:14:00,STR002,PRD0063,CUS00106,5,23.14,0.0,0.0,115.7,credit_card,mobile_app,USD
TXN0000495,2024-05-08 21:47:00,STR023,PRD0011,,4,526.75,0.0,0.0,2107.0,cash,mobile_app,USD
TXN0000496,2024-09-29 16:00:00,STR019,PRD0018,CUS00141,5,94.47,0.0,0.0,472.35,credit_card,in_store,USD
TXN0000497,2024-01-13 18:17:00,STR016,PRD0100,CUS00095,2,576.59,0.05,57.66,1095.52,credit_card,mobile_app,USD
TXN0000498,2024-09-04 12:38:00,STR008,PRD0097,CUS00242,5,118.36,0.0,0.0,591.8,credit_card,online,USD
TXN0000499,2024-05-13 09:30:00,STR004,PRD0028,CUS00008,1,621.82,0.0,0.0,621.82,credit_card,online,USD
TXN0000500,2024-04-13 18:19:00,STR016,PRD0114,CUS00450,2,596.37,0.0,0.0,1192.74,gift_card,online,USD
TXN0000501,2024-02-18 09:52:00,STR013,PRD0086,CUS00148,5,139.31,0.0,0.0,696.55,debit_card,in_store,USD
TXN0000502,2024-11-16 09:58:00,STR012,PRD0096,CUS00277,4,389.05,0.0,0.0,1556.2,cash,in_store,USD
TXN0000503,2024-04-10 19:05:00,STR003,PRD0114,CUS00405,3,596.37,0.0,0.0,1789.11,debit_card,in_store,USD
TXN0000504,2024-01-16 10:41:00,STR007,PRD0067,CUS00036,1,544.43,0.0,0.0,544.43,credit_card,online,USD
TXN0000505,2024-07-01 10:58:00,STR018,PRD0100,CUS00173,2,576.59,0.0,0.0,1153.18,gift_card,in_store,USD
TXN0000506,2024-12-16 10:38:00,STR016,PRD0016,,5,539.04,0.0,0.0,2695.2,mobile_pay,online,USD
TXN0000507,2024-10-26 13:32:00,STR004,PRD0084,CUS00163,3,127.62,0.0,0.0,382.86,gift_card,in_store,USD
TXN0000508,2024-01-13 11:06:00,STR003,PRD0076,CUS00080,4,33.66,0.0,0.0,134.64,credit_card,mobile_app,USD
TXN0000509,2024-08-17 08:05:00,STR004,PRD0077,CUS00217,1,898.98,0.0,0.0,898.98,cash,online,USD
TXN0000510,2024-07-18 14:14:00,STR012,PRD0075,CUS00005,4,507.8,0.0,0.0,2031.2,gift_card,online,USD
TXN0000511,2024-06-30 09:01:00,STR004,PRD0091,CUS00472,5,122.8,0.0,0.0,614.0,cash,in_store,USD
TXN0000512,2024-01-31 18:20:00,STR002,PRD0054,CUS00462,2,694.62,0.2,277.85,1111.39,credit_card,in_store,USD
TXN0000513,2024-08-06 09:56:00,STR019,PRD0003,CUS00469,3,569.87,0.0,0.0,1709.61,cash,online,USD
TXN0000514,2024-06-26 08:11:00,STR017,PRD0094,CUS00434,4,326.53,0.0,0.0,1306.12,credit_card,in_store,USD
TXN0000515,2024-04-23 21:26:00,STR019,PRD0010,CUS00354,4,276.68,0.0,0.0,1106.72,credit_card,mobile_app,USD
TXN0000516,2024-12-06 13:05:00,STR020,PRD0066,CUS00445,4,404.74,0.05,80.95,1538.01,cash,online,USD
TXN0000517,2024-12-10 17:01:00,STR002,PRD0027,,1,490.08,0.0,0.0,490.08,debit_card,online,USD
TXN0000518,2024-05-08 15:52:00,STR019,PRD0044,CUS00147,1,126.49,0.0,0.0,126.49,gift_card,online,USD
TXN0000519,2024-05-16 10:11:00,STR003,PRD0023,CUS00350,2,249.34,0.05,24.93,473.75,cash,online,USD
TXN0000520,2024-10-17 20:46:00,STR008,PRD0080,CUS00197,5,270.17,0.0,0.0,1350.85,gift_card,in_store,USD
TXN0000521,2024-01-09 12:12:00,STR012,PRD0063,CUS00150,1,23.14,0.0,0.0,23.14,debit_card,online,USD
TXN0000522,2024-06-24 10:40:00,STR020,PRD0067,CUS00159,5,544.43,0.0,0.0,2722.15,credit_card,online,USD
TXN0000523,2024-02-15 12:41:00,STR008,PRD0033,CUS00293,3,269.98,0.0,0.0,809.94,mobile_pay,in_store,USD
TXN0000524,2024-02-19 08:53:00,STR013,PRD0078,CUS00018,2,678.93,0.0,0.0,1357.86,gift_card,mobile_app,USD
TXN0000525,2024-09-21 13:36:00,STR001,PRD0002,CUS00330,1,26.09,0.0,0.0,26.09,gift_card,online,USD
TXN0000526,2024-12-14 09:51:00,STR012,PRD0055,CUS00462,2,264.5,0.0,0.0,529.0,mobile_pay,online,USD
TXN0000527,2024-12-18 15:56:00,STR022,PRD0062,CUS00262,2,355.41,0.0,0.0,710.82,cash,in_store,USD
TXN0000528,2024-02-20 11:58:00,STR015,PRD0032,,5,251.17,0.0,0.0,1255.85,credit_card,in_store,USD
TXN0000529,2024-12-04 18:06:00,STR002,PRD0089,CUS00347,5,690.46,0.0,0.0,3452.3,cash,online,USD
TXN0000530,2024-06-09 15:29:00,STR021,PRD0103,CUS00025,1,58.52,0.05,2.93,55.59,gift_card,mobile_app,USD
TXN0000531,2024-07-07 20:30:00,STR017,PRD0097,CUS00051,3,118.36,0.0,0.0,355.08,mobile_pay,online,USD
TXN0000532,2024-07-15 08:28:00,STR007,PRD0120,CUS00309,1,136.37,0.0,0.0,136.37,debit_card,online,USD
TXN0000533,2024-10-14 08:51:00,STR007,PRD0075,CUS00431,1,507.8,0.0,0.0,507.8,cash,online,USD
TXN0000534,2024-05-06 10:21:00,STR013,PRD0032,CUS00339,4,251.17,0.0,0.0,1004.68,credit_card,mobile_app,USD
TXN0000535,2024-12-03 18:33:00,STR005,PRD0106,CUS00280,4,558.66,0.05,111.73,2122.91,gift_card,mobile_app,USD
TXN0000536,2024-02-25 15:59:00,STR008,PRD0054,CUS00222,2,694.62,0.0,0.0,1389.24,debit_card,online,USD
TXN0000537,2024-08-05 18:11:00,STR002,PRD0001,CUS00020,3,137.75,0.0,0.0,413.25,gift_card,online,USD
TXN0000538,2024-01-08 17:41:00,STR018,PRD0012,CUS00131,5,233.86,0.0,0.0,1169.3,debit_card,mobile_app,USD
TXN0000539,2024-09-09 16:00:00,STR001,PRD0098,,1,244.56,0.0,0.0,244.56,credit_card,in_store,USD
TXN0000540,2024-10-12 10:54:00,STR001,PRD0118,CUS00010,4,317.96,0.15,190.78,1081.06,credit_card,mobile_app,USD
TXN0000541,2024-05-07 08:23:00,STR007,PRD0031,CUS00366,3,77.68,0.05,11.65,221.39,mobile_pay,in_store,USD
TXN0000542,2024-08-14 14:18:00,STR019,PRD0095,CUS00485,1,658.33,0.0,0.0,658.33,gift_card,online,USD
TXN0000543,2024-06-19 13:22:00,STR013,PRD0060,CUS00346,3,399.84,0.0,0.0,1199.52,cash,mobile_app,USD
TXN0000544,2024-11-27 12:33:00,STR007,PRD0099,CUS00221,3,388.71,0.15,174.92,991.21,debit_card,mobile_app,USD
TXN0000545,2024-07-18 17:11:00,STR018,PRD0010,CUS00109,5,276.68,0.0,0.0,1383.4,mobile_pay,in_store,USD
TXN0000546,2024-03-17 12:35:00,STR023,PRD0090,CUS00002,4,69.19,0.0,0.0,276.76,gift_card,mobile_app,USD
TXN0000547,2024-07-27 19:13:00,STR017,PRD0063,CUS00375,4,23.14,0.0,0.0,92.56,mobile_pay,online,USD
TXN0000548,2024-11-07 21:34:00,STR009,PRD0047,CUS00001,3,487.35,0.0,0.0,1462.05,mobile_pay,online,USD
TXN0000549,2024-09-28 14:25:00,STR019,PRD0116,CUS00306,4,648.85,0.0,0.0,2595.4,mobile_pay,online,USD
TXN0000550,2024-12-16 09:59:00,STR006,PRD0033,,3,269.98,0.0,0.0,809.94,gift_card,online,USD
TXN0000551,2024-10-02 19:10:00,STR002,PRD0110,CUS00272,5,406.78,0.0,0.0,2033.9,gift_card,mobile_app,USD
TXN0000552,2024-11-03 09:35:00,STR009,PRD0063,CUS00400,3,23.14,0.1,6.94,62.48,cash,mobile_app,USD
TXN0000553,2024-02-09 13:50:00,STR023,PRD0052,CUS00243,4,76.14,0.0,0.0,304.56,cash,in_store,USD
TXN0000554,2024-01-02 10:37:00,STR017,PRD0117,CUS00149,1,54.14,0.0,0.0,54.14,mobile_pay,online,USD
TXN0000555,2024-08-04 11:18:00,STR008,PRD0027,CUS00445,4,490.08,0.0,0.0,1960.32,mobile_pay,online,USD
TXN0000556,2024-02-19 12:39:00,STR011,PRD0065,CUS00212,5,286.09,0.0,0.0,1430.45,cash,mobile_app,USD
TXN0000557,2024-02-11 14:51:00,STR015,PRD0120,CUS00277,1,136.37,0.1,13.64,122.73,debit_card,online,USD
TXN0000558,2024-01-15 19:56:00,STR012,PRD0018,CUS00268,3,94.47,0.0,0.0,283.41,gift_card,online,USD
TXN0000559,2024-07-06 16:30:00,STR002,PRD0075,CUS00453,3,507.8,0.0,0.0,1523.4,gift_card,in_store,USD
TXN0000560,2024-10-13 20:00:00,STR012,PRD0036,CUS00283,5,405.13,0.05,101.28,1924.37,gift_card,in_store,USD
TXN0000561,2024-10-05 11:18:00,STR021,PRD0037,,1,47.85,0.0,0.0,47.85,cash,in_store,USD
TXN0000562,2024-05-21 13:15:00,STR017,PRD0039,CUS00373,3,415.77,0.05,62.37,1184.94,credit_card,in_store,USD
TXN0000563,2024-08-16 13:35:00,STR017,PRD0006,CUS00200,4,101.59,0.05,20.32,386.04,gift_card,mobile_app,USD
TXN0000564,2024-05-22 18:46:00,STR009,PRD0096,CUS00147,5,389.05,0.0,0.0,1945.25,cash,mobile_app,USD
TXN0000565,2024-06-20 09:15:00,STR002,PRD0007,CUS00238,2,274.3,0.05,27.43,521.17,gift_card,online,USD
TXN0000566,2024-11-18 11:26:00,STR016,PRD0105,CUS00144,4,554.1,0.15,332.46,1883.94,debit_card,in_store,USD
TXN0000567,2024-06-09 21:46:00,STR001,PRD0001,CUS00250,3,137.75,0.0,0.0,413.25,credit_card,in_store,USD
TXN0000568,2024-03-13 12:39:00,STR010,PRD0029,CUS00164,4,354.91,0.0,0.0,1419.64,cash,online,USD
TXN0000569,2024-07-28 17:26:00,STR009,PRD0002,CUS00176,5,26.09,0.0,0.0,130.45,credit_card,mobile_app,USD
TXN0000570,2024-12-17 11:16:00,STR017,PRD0039,CUS00225,2,415.77,0.0,0.0,831.54,credit_card,mobile_app,USD
TXN0000571,2024-10-10 20:12:00,STR016,PRD0048,CUS00458,4,473.17,0.0,0.0,1892.68,mobile_pay,in_store,USD
TXN0000572,2024-02-08 15:35:00,STR018,PRD0023,,2,249.34,0.15,74.8,423.88,cash,online,USD
TXN0000573,2024-01-23 09:12:00,STR007,PRD0071,CUS00403,2,327.28,0.05,32.73,621.83,cash,online,USD
TXN0000574,2024-02-11 19:39:00,STR005,PRD0077,CUS00220,2,898.98,0.0,0.0,1797.96,credit_card,mobile_app,USD
TXN0000575,2024-05-07 11:14:00,STR010,PRD0091,CUS00430,2,122.8,0.0,0.0,245.6,mobile_pay,in_store,USD
TXN0000576,2024-07-16 10:45:00,STR008,PRD0113,CUS00436,2,336.98,0.0,0.0,673.96,credit_card,online,USD
TXN0000577,2024-06-01 15:03:00,STR006,PRD0019,CUS00106,5,351.82,0.1,175.91,1583.19,gift_card,mobile_app,USD
TXN0000578,2024-05-23 11:15:00,STR010,PRD0057,CUS00170,5,412.83,0.0,0.0,2064.15,debit_card,online,USD
TXN0000579,2024-05-18 20:21:00,STR020,PRD0015,CUS00306,5,541.61,0.0,0.0,2708.05,mobile_pay,in_store,USD
TXN0000580,2024-10-13 20:22:00,STR008,PRD0005,CUS00464,2,259.57,0.05,25.96,493.18,cash,in_store,USD
TXN0000581,2024-01-20 08:10:00,STR023,PRD0033,CUS00213,5,269.98,0.0,0.0,1349.9,mobile_pay,online,USD
TXN0000582,2024-08-05 12:22:00,STR022,PRD0011,CUS00304,1,526.75,0.0,0.0,526.75,mobile_pay,online,USD
TXN0000583,2024-01-15 16:05:00,STR019,PRD0046,,4,719.52,0.0,0.0,2878.08,cash,in_store,USD
TXN0000584,2024-06-03 16:02:00,STR012,PRD0090,CUS00012,5,69.19,0.0,0.0,345.95,credit_card,online,USD
TXN0000585,2024-06-02 16:59:00,STR016,PRD0090,CUS00269,5,69.19,0.0,0.0,345.95,credit_card,in_store,USD
TXN0000586,2024-04-30 19:26:00,STR021,PRD0019,CUS00367,4,351.82,0.0,0.0,1407.28,mobile_pay,mobile_app,USD
TXN0000587,2024-07-29 18:53:00,STR020,PRD0022,CUS00450,4,146.15,0.2,116.92,467.68,gift_card,online,USD
TXN0000588,2024-10-19 16:28:00,STR004,PRD0088,CUS00319,3,266.3,0.15,119.83,679.07,cash,online,USD
TXN0000589,2024-09-20 19:46:00,STR019,PRD0081,CUS00428,5,429.07,0.0,0.0,2145.35,gift_card,online,USD
TXN0000590,2024-09-16 15:56:00,STR005,PRD0030,CUS00454,3,80.67,0.05,12.1,229.91,cash,online,USD
TXN0000591,2024-09-23 21:13:00,STR006,PRD0079,CUS00238,3,643.15,0.0,0.0,1929.45,mobile_pay,mobile_app,USD
TXN0000592,2024-06-10 14:11:00,STR001,PRD0095,CUS00429,4,658.33,0.0,0.0,2633.32,gift_card,online,USD
TXN0000593,2024-03-15 11:51:00,STR021,PRD0002,CUS00382,1,26.09,0.0,0.0,26.09,debit_card,online,USD
TXN0000594,2024-01-31 18:27:00,STR004,PRD0024,,5,364.86,0.0,0.0,1824.3,mobile_pay,online,USD
TXN0000595,2024-05-05 11:16:00,STR001,PRD0056,CUS00465,2,26.02,0.0,0.0,52.04,debit_card,in_store,USD
TXN0000596,2024-05-27 09:18:00,STR006,PRD0019,CUS00402,5,351.82,0.0,0.0,1759.1,credit_card,online,USD
TXN0000597,2024-07-06 11:39:00,STR007,PRD0095,CUS00316,5,658.33,0.0,0.0,3291.65,mobile_pay,mobile_app,USD
TXN0000598,2024-08-29 19:28:00,STR019,PRD0044,CUS00178,5,126.49,0.0,0.0,632.45,cash,online,USD
TXN0000599,2024-01-29 09:57:00,STR016,PRD0084,CUS00042,4,127.62,0.05,25.52,484.96,cash,mobile_app,USD
TXN0000600,2024-05-10 15:41:00,STR022,PRD0033,CUS00098,5,269.98,0.0,0.0,1349.9,gift_card,online,USD
TXN0000601,2024-05-07 08:13:00,STR016,PRD0015,CUS00163,5,541.61,0.0,0.0,2708.05,credit_card,in_store,USD
TXN0000602,2024-02-13 17:32:00,STR015,PRD0099,CUS00246,1,388.71,0.0,0.0,388.71,mobile_pay,online,USD
TXN0000603,2024-04-09 11:12:00,STR002,PRD0049,CUS00156,1,327.25,0.0,0.0,327.25,cash,in_store,USD
TXN0000604,2024-06-14 17:47:00,STR015,PRD0032,CUS00309,1,251.17,0.0,0.0,251.17,gift_card,in_store,USD
TXN0000605,2024-07-26 20:33:00,STR006,PRD0096,,5,389.05,0.0,0.0,1945.25,credit_card,mobile_app,USD
TXN0000606,2024-05-22 09:16:00,STR004,PRD0052,CUS00343,2,76.14,0.0,0.0,152.28,gift_card,mobile_app,USD
TXN0000607,2024-02-09 15:33:00,STR001,PRD0076,CUS00274,4,33.66,0.0,0.0,134.64,mobile_pay,online,USD
TXN0000608,2024-04-08 19:56:00,STR015,PRD0065,CUS00313,2,286.09,0.0,0.0,572.18,mobile_pay,online,USD
TXN0000609,2024-07-25 14:17:00,STR007,PRD0050,CUS00039,4,201.33,0.0,0.0,805.32,cash,mobile_app,USD
TXN0000610,2024-01-15 14:16:00,STR009,PRD0082,CUS00341,5,82.51,0.05,20.63,391.92,gift_card,online,USD
TXN0000611,2024-01-16 21:53:00,STR012,PRD0062,CUS00188,4,355.41,0.0,0.0,1421.64,mobile_pay,online,USD
TXN0000612,2024-03-27 15:25:00,STR012,PRD0084,CUS00140,3,127.62,0.0,0.0,382.86,gift_card,online,USD
TXN0000613,2024-04-06 11:22:00,STR019,PRD0101,CUS00073,2,437.08,0.0,0.0,874.16,cash,mobile_app,USD
TXN0000614,2024-01-30 19:01:00,STR021,PRD0084,CUS00338,3,127.62,0.0,0.0,382.86,credit_card,online,USD
TXN0000615,2024-04-11 15:00:00,STR006,PRD0026,CUS00083,5,172.92,0.0,0.0,864.6,mobile_pay,mobile_app,USD
TXN0000616,2024-05-15 10:06:00,STR019,PRD0056,,1,26.02,0.0,0.0,26.02,credit_card,online,USD
TXN0000617,2024-05-30 10:57:00,STR004,PRD0120,CUS00010,4,136.37,0.0,0.0,545.48,gift_card,online,USD
TXN0000618,2024-06-19 17:52:00,STR011,PRD0043,CUS00143,4,621.23,0.1,248.49,2236.43,gift_card,in_store,USD
TXN0000619,2024-12-26 19:55:00,STR010,PRD0005,CUS00128,3,259.57,0.05,38.94,739.77,cash,in_store,USD
TXN0000620,2024-09-16 15:50:00,STR022,PRD0101,CUS00475,4,437.08,0.0,0.0,1748.32,mobile_pay,mobile_app,USD
TXN0000621,2024-05-26 15:11:00,STR010,PRD0038,CUS00072,1,879.64,0.0,0.0,879.64,mobile_pay,mobile_app,USD
TXN0000622,2024-02-08 13:30:00,STR016,PRD0091,CUS00049,4,122.8,0.0,0.0,491.2,gift_card,online,USD
TXN0000623,2024-07-18 10:30:00,STR001,PRD0106,CUS00238,3,558.66,0.05,83.8,1592.18,gift_card,mobile_app,USD
TXN0000624,2024-03-05 12:24:00,STR012,PRD0035,CUS00462,2,234.61,0.0,0.0,469.22,cash,online,USD
TXN0000625,2024-06-06 20:52:00,STR005,PRD0079,CUS00173,4,643.15,0.0,0.0,2572.6,debit_card,mobile_app,USD
TXN0000626,2024-03-31 15:44:00,STR020,PRD0008,CUS00050,2,455.65,0.0,0.0,911.3,credit_card,in_store,USD
TXN0000627,2024-07-12 11:30:00,STR017,PRD0109,,4,459.8,0.0,0.0,1839.2,credit_card,online,USD
TXN0000628,2024-04-06 12:38:00,STR010,PRD0060,CUS00249,1,399.84,0.0,0.0,399.84,mobile_pay,in_store,USD
TXN0000629,2024-10-26 10:19:00,STR014,PRD0043,CUS00417,1,621.23,0.0,0.0,621.23,credit_card,in_store,USD
TXN0000630,2024-03-17 20:52:00,STR020,PRD0106,CUS00148,2,558.66,0.0,0.0,1117.32,credit_card,online,USD
TXN0000631,2024-10-01 18:06:00,STR002,PRD0040,CUS00024,5,823.32,0.15,617.49,3499.11,cash,in_store,USD
TXN0000632,2024-12-11 08:23:00,STR008,PRD0118,CUS00158,1,317.96,0.0,0.0,317.96,cash,in_store,USD
TXN0000633,2024-12-06 12:20:00,STR003,PRD0015,CUS00212,4,541.61,0.0,0.0,2166.44,cash,online,USD
TXN0000634,2024-06-06 16:57:00,STR014,PRD0019,CUS00073,1,351.82,0.0,0.0,351.82,gift_card,online,USD
TXN0000635,2024-08-16 10:54:00,STR002,PRD0087,CUS00327,1,488.55,0.0,0.0,488.55,credit_card,mobile_app,USD
TXN0000636,2024-08-25 16:26:00,STR002,PRD0059,CUS00291,5,458.19,0.0,0.0,2290.95,debit_card,in_store,USD
TXN0000637,2024-06-07 11:08:00,STR011,PRD0002,CUS00032,2,26.09,0.0,0.0,52.18,gift_card,online,USD
TXN0000638,2024-12-23 18:04:00,STR020,PRD0120,,5,136.37,0.0,0.0,681.85,debit_card,in_store,USD
TXN0000639,2024-01-06 19:27:00,STR017,PRD0028,CUS00170,2,621.82,0.0,0.0,1243.64,credit_card,in_store,USD
TXN0000640,2024-12-10 19:24:00,STR006,PRD0077,CUS00151,4,898.98,0.0,0.0,3595.92,cash,online,USD
TXN0000641,2024-06-29 13:09:00,STR006,PRD0022,CUS00307,1,146.15,0.0,0.0,146.15,debit_card,in_store,USD
TXN0000642,2024-07-19 08:25:00,STR013,PRD0120,CUS00127,1,136.37,0.1,13.64,122.73,cash,online,USD
TXN0000643,2024-06-14 12:43:00,STR021,PRD0030,CUS00111,5,80.67,0.0,0.0,403.35,gift_card,in_store,USD
TXN0000644,2024-09-24 19:15:00,STR022,PRD0050,CUS00218,2,201.33,0.1,40.27,362.39,mobile_pay,mobile_app,USD
TXN0000645,2024-06-24 13:30:00,STR005,PRD0079,CUS00178,4,643.15,0.1,257.26,2315.34,mobile_pay,online,USD
TXN0000646,2024-01-23 13:39:00,STR008,PRD0025,CUS00411,3,116.31,0.0,0.0,348.93,gift_card,online,USD
TXN0000647,2024-10-26 15:45:00,STR016,PRD0045,CUS00067,1,318.79,0.0,0.0,318.79,mobile_pay,mobile_app,USD
TXN0000648,2024-08-29 11:20:00,STR007,PRD0090,CUS00168,3,69.19,0.0,0.0,207.57,debit_card,in_store,USD
TXN0000649,2024-12-12 10:32:00,STR012,PRD0087,,3,488.55,0.0,0.0,1465.65,cash,online,USD
TXN0000650,2024-11-06 12:57:00,STR003,PRD0099,CUS00198,2,388.71,0.0,0.0,777.42,cash,mobile_app,USD
TXN0000651,2024-10-01 10:26:00,STR014,PRD0058,CUS00104,5,61.42,0.0,0.0,307.1,credit_card,in_store,USD
TXN0000652,2024-04-12 19:54:00,STR021,PRD0095,CUS00090,4,658.33,0.0,0.0,2633.32,mobile_pay,online,USD
TXN0000653,2024-12-30 10:05:00,STR001,PRD0048,CUS00408,4,473.17,0.0,0.0,1892.68,cash,online,USD
TXN0000654,2024-07-28 21:27:00,STR004,PRD0078,CUS00185,3,678.93,0.0,0.0,2036.79,debit_card,in_store,USD
TXN0000655,2024-06-19 15:52:00,STR022,PRD0036,CUS00149,4,405.13,0.0,0.0,1620.52,cash,in_store,USD
TXN0000656,2024-01-27 14:06:00,STR018,PRD0074,CUS00383,1,304.27,0.0,0.0,304.27,cash,mobile_app,USD
TXN0000657,2024-03-14 12:12:00,STR014,PRD0053,CUS00075,1,321.56,0.0,0.0,321.56,mobile_pay,online,USD
TXN0000658,2024-11-26 16:39:00,STR011,PRD0082,CUS00281,3,82.51,0.0,0.0,247.53,cash,in_store,USD
TXN0000659,2024-12-17 17:03:00,STR017,PRD0038,CUS00295,5,879.64,0.0,0.0,4398.2,gift_card,online,USD
TXN0000660,2024-04-27 20:46:00,STR015,PRD0062,,2,355.41,0.05,35.54,675.28,cash,online,USD
TXN0000661,2024-04-07 12:51:00,STR023,PRD0092,CUS00159,2,353.85,0.0,0.0,707.7,cash,online,USD
TXN0000662,2024-08-05 20:24:00,STR009,PRD0084,CUS00212,5,127.62,0.05,31.91,606.19,gift_card,online,USD
TXN0000663,2024-07-08 15:47:00,STR012,PRD0019,CUS00455,1,351.82,0.0,0.0,351.82,mobile_pay,mobile_app,USD
TXN0000664,2024-02-21 15:08:00,STR012,PRD0094,CUS00172,4,326.53,0.0,0.0,1306.12,credit_card,in_store,USD
TXN0000665,2024-11-08 10:47:00,STR015,PRD0060,CUS00196,1,399.84,0.0,0.0,399.84,credit_card,online,USD
TXN0000666,2024-07-05 14:25:00,STR006,PRD0095,CUS00030,1,658.33,0.0,0.0,658.33,credit_card,in_store,USD
TXN0000667,2024-06-07 21:14:00,STR012,PRD0083,CUS00269,4,247.1,0.0,0.0,988.4,debit_card,online,USD
TXN0000668,2024-01-20 08:24:00,STR021,PRD0057,CUS00018,3,412.83,0.0,0.0,1238.49,credit_card,mobile_app,USD
TXN0000669,2024-03-16 16:16:00,STR013,PRD0054,CUS00430,2,694.62,0.0,0.0,1389.24,debit_card,online,USD
TXN0000670,2024-09-17 08:59:00,STR010,PRD0020,CUS00199,4,595.59,0.0,0.0,2382.36,cash,online,USD
TXN0000671,2024-12-17 12:59:00,STR006,PRD0055,,5,264.5,0.0,0.0,1322.5,debit_card,mobile_app,USD
TXN0000672,2024-07-21 15:59:00,STR022,PRD0095,CUS00328,1,658.33,0.0,0.0,658.33,mobile_pay,mobile_app,USD
TXN0000673,2024-11-17 17:20:00,STR012,PRD0022,CUS00245,4,146.15,0.0,0.0,584.6,gift_card,mobile_app,USD
TXN0000674,2024-02-08 10:04:00,STR022,PRD0097,CUS00247,4,118.36,0.0,0.0,473.44,debit_card,in_store,USD
TXN0000675,2024-08-09 19:54:00,STR007,PRD0049,CUS00497,4,327.25,0.0,0.0,1309.0,cash,mobile_app,USD
TXN0000676,2024-11-18 20:06:00,STR016,PRD0014,CUS00103,1,10.52,0.0,0.0,10.52,credit_card,mobile_app,USD
TXN0000677,2024-01-11 18:54:00,STR018,PRD0101,CUS00116,1,437.08,0.0,0.0,437.08,credit_card,mobile_app,USD
TXN0000678,2024-06-12 18:41:00,STR006,PRD0007,CUS00178,3,274.3,0.0,0.0,822.9,credit_card,online,USD
TXN0000679,2024-02-01 10:04:00,STR016,PRD0031,CUS00169,1,77.68,0.0,0.0,77.68,credit_card,in_store,USD
TXN0000680,2024-09-06 12:00:00,STR018,PRD0117,CUS00168,2,54.14,0.0,0.0,108.28,cash,in_store,USD
TXN0000681,2024-09-17 16:53:00,STR005,PRD0099,CUS00482,2,388.71,0.1,77.74,699.68,cash,online,USD
TXN0000682,2024-12-22 14:43:00,STR010,PRD0030,,4,80.67,0.0,0.0,322.68,mobile_pay,mobile_app,USD
TXN0000683,2024-03-03 19:52:00,STR011,PRD0008,CUS00269,3,455.65,0.0,0.0,1366.95,mobile_pay,online,USD
TXN0000684,2024-02-19 14:27:00,STR012,PRD0076,CUS00265,4,33.66,0.05,6.73,127.91,mobile_pay,online,USD
TXN0000685,2024-11-07 21:11:00,STR014,PRD0031,CUS00401,3,77.68,0.0,0.0,233.04,debit_card,online,USD
TXN0000686,2024-06-16 15:00:00,STR020,PRD0033,CUS00338,1,269.98,0.0,0.0,269.98,credit_card,mobile_app,USD
TXN0000687,2024-06-18 20:16:00,STR014,PRD0004,CUS00480,3,602.78,0.15,271.25,1537.09,mobile_pay,mobile_app,USD
TXN0000688,2024-12-05 17:42:00,STR012,PRD0053,CUS00160,2,321.56,0.05,32.16,610.96,cash,online,USD
TXN0000689,2024-10-16 15:59:00,STR011,PRD0098,CUS00240,3,244.56,0.05,36.68,697.0,credit_card,mobile_app,USD
TXN0000690,2024-11-16 08:30:00,STR010,PRD0084,CUS00470,5,127.62,0.0,0.0,638.1,gift_card,mobile_app,USD
TXN0000691,2024-09-12 21:21:00,STR003,PRD0035,CUS00308,3,234.61,0.0,0.0,703.83,mobile_pay,in_store,USD
TXN0000692,2024-11-25 20:59:00,STR005,PRD0005,CUS00290,5,259.57,0.0,0.0,1297.85,gift_card,mobile_app,USD
TXN0000693,2024-01-31 10:04:00,STR018,PRD0073,,1,577.08,0.0,0.0,577.08,cash,online,USD
TXN0000694,2024-05-27 10:35:00,STR023,PRD0097,CUS00267,3,118.36,0.0,0.0,355.08,debit_card,mobile_app,USD
TXN0000695,2024-03-09 21:19:00,STR009,PRD0098,CUS00364,3,244.56,0.0,0.0,733.68,credit_card,in_store,USD
TXN0000696,2024-07-21 18:56:00,STR001,PRD0015,CUS00314,2,541.61,0.0,0.0,1083.22,credit_card,online,USD
TXN0000697,2024-10-12 19:16:00,STR001,PRD0106,CUS00222,4,558.66,0.0,0.0,2234.64,mobile_pay,online,USD
TXN0000698,2024-10-14 18:23:00,STR014,PRD0112,CUS00412,5,268.87,0.1,134.44,1209.91,gift_card,online,USD
TXN0000699,2024-10-25 10:53:00,STR013,PRD0005,CUS00162,4,259.57,0.0,0.0,1038.28,credit_card,in_store,USD
TXN0000700,2024-11-02 21:06:00,STR015,PRD0089,CUS00471,2,690.46,0.1,138.09,1242.83,debit_card,in_store,USD
TXN0000701,2024-09-04 08:15:00,STR001,PRD0105,CUS00478,3,554.1,0.05,83.12,1579.18,credit_card,mobile_app,USD
TXN0000702,2024-10-23 08:07:00,STR016,PRD0061,CUS00285,3,169.37,0.0,0.0,508.11,credit_card,in_store,USD
TXN0000703,2024-12-28 18:27:00,STR021,PRD0064,CUS00364,4,475.35,0.15,285.21,1616.19,cash,online,USD
TXN0000704,2024-03-07 17:39:00,STR014,PRD0100,,3,576.59,0.0,0.0,1729.77,credit_card,online,USD
TXN0000705,2024-09-09 15:18:00,STR017,PRD0107,CUS00243,2,368.5,0.15,110.55,626.45,mobile_pay,mobile_app,USD
TXN0000706,2024-12-05 17:53:00,STR023,PRD0086,CUS00498,2,139.31,0.0,0.0,278.62,mobile_pay,online,USD
TXN0000707,2024-06-22 14:08:00,STR017,PRD0014,CUS00216,2,10.52,0.0,0.0,21.04,credit_card,in_store,USD
TXN0000708,2024-01-31 10:56:00,STR014,PRD0106,CUS00105,1,558.66,0.0,0.0,558.66,credit_card,online,USD
TXN0000709,2024-03-12 11:01:00,STR023,PRD0087,CUS00262,4,488.55,0.1,195.42,1758.78,mobile_pay,in_store,USD
TXN0000710,2024-02-08 19:30:00,STR022,PRD0036,CUS00251,2,405.13,0.0,0.0,810.26,debit_card,online,USD
TXN0000711,2024-09-19 15:12:00,STR003,PRD0019,CUS00381,5,351.82,0.0,0.0,1759.1,debit_card,online,USD
TXN0000712,2024-07-18 14:36:00,STR005,PRD0029,CUS00221,4,354.91,0.0,0.0,1419.64,mobile_pay,online,USD
TXN0000713,2024-10-11 18:44:00,STR012,PRD0019,CUS00010,5,351.82,0.05,87.95,1671.15,cash,in_store,USD
TXN0000714,2024-07-19 20:28:00,STR009,PRD0093,CUS00186,3,410.67,0.0,0.0,1232.01,gift_card,mobile_app,USD
TXN0000715,2024-05-15 17:44:00,STR006,PRD0020,,3,595.59,0.0,0.0,1786.77,credit_card,online,USD
TXN0000716,2024-10-09 21:00:00,STR007,PRD0031,CUS00002,5,77.68,0.0,0.0,388.4,mobile_pay,online,USD
TXN0000717,2024-07-06 16:14:00,STR006,PRD0035,CUS00177,2,234.61,0.0,0.0,469.22,cash,in_store,USD
TXN0000718,2024-03-09 09:14:00,STR007,PRD0045,CUS00015,3,318.79,0.0,0.0,956.37,gift_card,in_store,USD
TXN0000719,2024-02-06 13:44:00,STR014,PRD0096,CUS00003,5,389.05,0.05,97.26,1847.99,cash,mobile_app,USD
TXN0000720,2024-03-27 12:18:00,STR011,PRD0099,CUS00020,2,388.71,0.0,0.0,777.42,debit_card,in_store,USD
TXN0000721,2024-07-23 09:54:00,STR011,PRD0019,CUS00342,5,351.82,0.1,175.91,1583.19,debit_card,online,USD
TXN0000722,2024-07-21 09:50:00,STR014,PRD0059,CUS00488,2,458.19,0.0,0.0,916.38,mobile_pay,online,USD
TXN0000723,2024-03-26 12:40:00,STR004,PRD0108,CUS00336,4,99.37,0.0,0.0,397.48,cash,in_store,USD
TXN0000724,2024-10-27 17:24:00,STR009,PRD0006,CUS00164,4,101.59,0.0,0.0,406.36,debit_card,mobile_app,USD
TXN0000725,2024-08-04 10:21:00,STR016,PRD0080,CUS00500,1,270.17,0.0,0.0,270.17,gift_card,mobile_app,USD
TXN0000726,2024-11-26 08:38:00,STR002,PRD0028,,1,621.82,0.0,0.0,621.82,credit_card,mobile_app,USD
TXN0000727,2024-08-26 20:14:00,STR015,PRD0060,CUS00415,1,399.84,0.0,0.0,399.84,cash,mobile_app,USD
TXN0000728,2024-11-13 19:42:00,STR006,PRD0054,CUS00200,3,694.62,0.0,0.0,2083.86,gift_card,online,USD
TXN0000729,2024-10-10 18:17:00,STR018,PRD0033,CUS00267,2,269.98,0.0,0.0,539.96,gift_card,online,USD
TXN0000730,2024-09-29 09:00:00,STR007,PRD0105,CUS00008,5,554.1,0.2,554.1,2216.4,debit_card,mobile_app,USD
TXN0000731,2024-06-29 09:46:00,STR011,PRD0058,CUS00010,1,61.42,0.1,6.14,55.28,mobile_pay,online,USD
TXN0000732,2024-01-03 09:27:00,STR010,PRD0093,CUS00398,4,410.67,0.0,0.0,1642.68,cash,mobile_app,USD
TXN0000733,2024-10-03 18:35:00,STR018,PRD0023,CUS00259,2,249.34,0.0,0.0,,gift_card,mobile_app,USD
TXN0000734,2024-03-24 12:38:00,STR010,PRD0117,CUS00433,1,54.14,0.0,0.0,54.14,debit_card,online,USD
TXN0000735,2024-03-30 15:24:00,STR023,PRD0092,CUS00387,5,353.85,0.0,0.0,1769.25,gift_card,mobile_app,USD
TXN0000736,2024-01-18 18:58:00,STR016,PRD0049,CUS00421,4,327.25,0.0,0.0,1309.0,debit_card,mobile_app,USD
TXN0000737,2024-10-08 16:39:00,STR020,PRD0066,,4,404.74,0.0,0.0,1618.96,cash,online,USD
TXN0000738,2024-02-02 13:51:00,STR017,PRD0060,CUS00071,1,399.84,0.0,0.0,399.84,credit_card,online,USD
TXN0000739,2024-05-30 21:41:00,STR012,PRD0111,CUS00073,1,661.33,0.0,0.0,661.33,debit_card,online,USD
TXN0000740,2024-12-23 09:43:00,STR011,PRD0033,CUS00142,4,269.98,0.0,0.0,1079.92,debit_card,in_store,USD
TXN0000741,2024-06-21 17:20:00,STR006,PRD0057,CUS00077,4,412.83,0.0,0.0,1651.32,mobile_pay,mobile_app,USD
TXN0000742,2024-09-21 13:42:00,STR015,PRD0092,CUS00496,3,353.85,0.0,0.0,1061.55,gift_card,in_store,USD
TXN0000743,2024-02-06 10:33:00,STR016,PRD0002,CUS00492,2,26.09,0.05,2.61,49.57,mobile_pay,in_store,USD
TXN0000744,2024-07-21 15:18:00,STR002,PRD0005,CUS00439,4,259.57,0.0,0.0,1038.28,gift_card,in_store,USD
TXN0000745,2024-11-03 10:18:00,STR019,PRD0084,CUS00459,2,127.62,0.05,12.76,242.48,credit_card,mobile_app,USD
TXN0000746,2024-01-28 17:47:00,STR022,PRD0059,CUS00426,3,458.19,0.0,0.0,1374.57,mobile_pay,mobile_app,USD
TXN0000747,2024-01-27 15:25:00,STR021,PRD0081,CUS00036,4,429.07,0.05,85.81,1630.47,mobile_pay,in_store,USD
TXN0000748,2024-03-26 21:43:00,STR001,PRD0106,,5,558.66,0.0,0.0,2793.3,debit_card,online,USD
TXN0000749,2024-12-22 11:10:00,STR022,PRD0025,CUS00166,1,116.31,0.0,0.0,116.31,credit_card,online,USD
TXN0000750,2024-08-22 21:22:00,STR015,PRD0055,CUS00182,4,264.5,0.1,105.8,952.2,mobile_pay,mobile_app,USD
TXN0000751,2024-11-08 18:06:00,STR003,PRD0039,CUS00488,5,415.77,0.0,0.0,2078.85,credit_card,mobile_app,USD
TXN0000752,2024-09-20 14:48:00,STR008,PRD0052,CUS00277,2,76.14,0.0,0.0,152.28,debit_card,online,USD
TXN0000753,2024-07-19 17:30:00,STR007,PRD0016,CUS00108,3,539.04,0.0,0.0,1617.12,mobile_pay,mobile_app,USD
TXN0000754,2024-07-03 09:38:00,STR015,PRD0091,CUS00139,4,122.8,0.1,49.12,442.08,gift_card,mobile_app,USD
TXN0000755,2024-03-12 13:16:00,STR004,PRD0040,CUS00224,3,823.32,0.0,0.0,2469.96,mobile_pay,in_store,USD
TXN0000756,2024-12-16 08:51:00,STR008,PRD0064,CUS00033,2,475.35,0.0,0.0,950.7,mobile_pay,in_store,USD
TXN0000757,2024-03-21 09:00:00,STR001,PRD0021,CUS00237,5,411.07,0.0,0.0,2055.35,cash,in_store,USD
TXN0000758,2024-09-09 20:11:00,STR005,PRD0042,CUS00376,2,140.2,0.2,56.08,224.32,debit_card,mobile_app,USD
TXN0000759,2024-11-04 14:07:00,STR016,PRD0056,,2,26.02,0.05,2.6,49.44,credit_card,online,USD
TXN0000760,2024-11-13 09:06:00,STR023,PRD0050,CUS00288,4,201.33,0.1,80.53,724.79,cash,in_store,USD
TXN0000761,2024-05-28 14:09:00,STR002,PRD0035,CUS00219,4,234.61,0.1,93.84,844.6,cash,in_store,USD
TXN0000762,2024-10-22 13:52:00,STR016,PRD0049,CUS00137,4,327.25,0.0,0.0,1309.0,mobile_pay,in_store,USD
TXN0000763,2024-11-08 11:02:00,STR016,PRD0054,CUS00339,2,694.62,0.0,0.0,1389.24,credit_card,in_store,USD
TXN0000764,2024-02-18 19:52:00,STR017,PRD0013,CUS00473,3,80.66,0.0,0.0,241.98,gift_card,in_store,USD
TXN0000765,2024-10-09 21:19:00,STR009,PRD0041,CUS00012,4,491.81,0.0,0.0,1967.24,debit_card,in_store,USD
TXN0000766,2024-11-08 08:28:00,STR017,PRD0055,CUS00123,3,264.5,0.0,0.0,793.5,cash,mobile_app,USD
TXN0000767,2024-05-19 17:25:00,STR010,PRD0095,CUS00084,5,658.33,0.0,0.0,3291.65,cash,in_store,USD
TXN0000768,2024-10-10 21:26:00,STR018,PRD0063,CUS00171,5,23.14,0.15,17.36,98.34,gift_card,online,USD
TXN0000769,2024-10-23 09:30:00,STR010,PRD0031,CUS00220,1,77.68,0.0,0.0,77.68,credit_card,in_store,USD
TXN0000770,2024-10-16 11:36:00,STR011,PRD0042,,3,140.2,0.0,0.0,420.6,gift_card,online,USD
TXN0000771,2024-03-11 13:35:00,STR002,PRD0069,CUS00254,1,527.04,0.0,0.0,527.04,debit_card,in_store,USD
TXN0000772,2024-09-29 11:57:00,STR015,PRD0050,CUS00387,3,201.33,0.0,0.0,603.99,credit_card,mobile_app,USD
TXN0000773,2024-10-20 08:36:00,STR018,PRD0041,CUS00205,4,491.81,0.0,0.0,1967.24,credit_card,in_store,USD
TXN0000774,2024-08-20 11:53:00,STR021,PRD0048,CUS00191,5,473.17,0.0,0.0,2365.85,mobile_pay,mobile_app,USD
TXN0000775,2024-01-19 12:38:00,STR014,PRD0082,CUS00105,1,82.51,0.0,0.0,82.51,credit_card,in_store,USD
TXN0000776,2024-07-20 09:13:00,STR001,PRD0055,CUS00263,4,264.5,0.0,0.0,1058.0,cash,online,USD
TXN0000777,2024-11-13 20:11:00,STR006,PRD0074,CUS00265,2,304.27,0.0,0.0,608.54,credit_card,online,USD
TXN0000778,2024-03-18 15:28:00,STR010,PRD0023,CUS00317,3,249.34,0.1,74.8,673.22,gift_card,online,USD
TXN0000779,2024-12-06 20:30:00,STR012,PRD0008,CUS00462,5,455.65,0.0,0.0,2278.25,gift_card,online,USD
TXN0000780,2024-07-15 17:05:00,STR014,PRD0020,CUS00370,3,595.59,0.0,0.0,1786.77,debit_card,online,USD
TXN0000781,2024-08-23 17:00:00,STR001,PRD0086,,1,139.31,0.0,0.0,139.31,cash,mobile_app,USD
TXN0000782,2024-01-28 14:04:00,STR018,PRD0001,CUS00139,4,137.75,0.0,0.0,551.0,mobile_pay,online,USD
TXN0000783,2024-12-02 20:13:00,STR014,PRD0066,CUS00199,2,404.74,0.2,161.9,647.58,gift_card,mobile_app,USD
TXN0000784,2024-04-26 12:08:00,STR004,PRD0105,CUS00342,1,554.1,0.0,0.0,554.1,cash,online,USD
TXN0000785,2024-12-05 21:30:00,STR008,PRD0098,CUS00117,1,244.56,0.0,0.0,244.56,credit_card,mobile_app,USD
TXN0000786,2024-06-23 15:45:00,STR014,PRD0023,CUS00219,3,249.34,0.05,37.4,710.62,credit_card,in_store,USD
TXN0000787,2024-06-21 19:58:00,STR017,PRD0052,CUS00040,1,76.14,0.0,0.0,76.14,cash,mobile_app,USD
TXN0000788,2024-06-08 10:31:00,STR005,PRD0072,CUS00341,3,500.55,0.0,0.0,1501.65,gift_card,online,USD
TXN0000789,2024-01-11 08:13:00,STR006,PRD0046,CUS00361,5,719.52,0.0,0.0,3597.6,cash,mobile_app,USD
TXN0000790,2024-07-20 14:16:00,STR011,PRD0065,CUS00333,5,286.09,0.0,0.0,1430.45,debit_card,mobile_app,USD
TXN0000791,2024-11-01 10:58:00,STR010,PRD0117,CUS00422,3,54.14,0.0,0.0,162.42,mobile_pay,mobile_app,USD
TXN0000792,2024-08-04 08:40:00,STR014,PRD0109,,1,459.8,0.0,0.0,459.8,mobile_pay,in_store,USD
TXN0000793,2024-10-28 13:00:00,STR019,PRD0040,CUS00061,4,823.32,0.0,0.0,3293.28,gift_card,in_store,USD
TXN0000794,2024-08-24 11:41:00,STR010,PRD0002,CUS00136,5,26.09,0.0,0.0,130.45,debit_card,in_store,USD
TXN0000795,2024-02-20 13:08:00,STR018,PRD0037,CUS00388,3,47.85,0.0,0.0,143.55,credit_card,in_store,USD
TXN0000796,2024-04-26 09:51:00,STR002,PRD0044,CUS00065,4,126.49,0.05,25.3,480.66,gift_card,online,USD
TXN0000797,2024-08-18 15:16:00,STR019,PRD0056,CUS00254,4,26.02,0.0,0.0,104.08,credit_card,mobile_app,USD
TXN0000798,2024-11-09 17:54:00,STR003,PRD0035,CUS00301,2,234.61,0.05,23.46,445.76,debit_card,online,USD
TXN0000799,2024-06-10 12:26:00,STR013,PRD0028,CUS00123,2,621.82,0.0,0.0,1243.64,cash,mobile_app,USD
TXN0000800,2024-04-16 15:47:00,STR006,PRD0029,CUS00288,3,354.91,0.0,0.0,1064.73,mobile_pay,in_store,USD
TXN0000801,2024-05-12 20:35:00,STR018,PRD0046,CUS00302,5,719.52,0.0,0.0,3597.6,debit_card,online,USD
TXN0000802,2024-10-29 09:06:00,STR016,PRD0084,CUS00422,5,127.62,0.05,31.91,606.19,debit_card,online,USD
TXN0000803,2024-03-23 14:26:00,STR013,PRD0120,,2,136.37,0.0,0.0,272.74,debit_card,mobile_app,USD
TXN0000804,2024-06-24 21:30:00,STR015,PRD0083,CUS00445,2,247.1,0.0,0.0,494.2,mobile_pay,mobile_app,USD
TXN0000805,2024-11-21 10:53:00,STR021,PRD0086,CUS00072,3,139.31,0.0,0.0,417.93,mobile_pay,mobile_app,USD
TXN0000806,2024-11-16 11:40:00,STR011,PRD0069,CUS00108,2,527.04,0.0,0.0,1054.08,mobile_pay,in_store,USD
TXN0000807,2024-11-28 21:52:00,STR008,PRD0026,CUS00033,3,172.92,0.0,0.0,518.76,gift_card,online,USD
TXN0000808,2024-08-31 09:24:00,STR023,PRD0090,CUS00195,1,69.19,0.1,6.92,62.27,mobile_pay,in_store,USD
TXN0000809,2024-08-29 14:11:00,STR008,PRD0088,CUS00425,2,266.3,0.1,53.26,479.34,debit_card,online,USD
TXN0000810,2024-09-18 15:45:00,STR020,PRD0058,CUS00315,2,61.42,0.0,0.0,122.84,mobile_pay,mobile_app,USD
TXN0000811,2024-08-23 10:46:00,STR009,PRD0032,CUS00440,2,251.17,0.0,0.0,502.34,mobile_pay,mobile_app,USD
TXN0000812,2024-03-09 13:03:00,STR006,PRD0076,CUS00298,3,33.66,0.1,10.1,90.88,mobile_pay,mobile_app,USD
TXN0000813,2024-01-18 16:28:00,STR019,PRD0112,CUS00401,3,268.87,0.05,40.33,766.28,mobile_pay,online,USD
TXN0000814,2024-03-24 16:14:00,STR021,PRD0083,,3,247.1,0.0,0.0,741.3,gift_card,online,USD
TXN0000815,2024-03-27 15:14:00,STR002,PRD0027,CUS00180,5,490.08,0.1,245.04,2205.36,mobile_pay,mobile_app,USD
TXN0000816,2024-01-24 14:34:00,STR006,PRD0027,CUS00106,1,490.08,0.0,0.0,490.08,debit_card,online,USD
TXN0000817,2024-05-15 16:01:00,STR015,PRD0002,CUS00311,1,26.09,0.0,0.0,26.09,cash,online,USD
TXN0000818,2024-09-08 20:55:00,STR014,PRD0097,CUS00205,1,118.36,0.0,0.0,118.36,cash,in_store,USD
TXN0000819,2024-03-17 12:54:00,STR003,PRD0056,CUS00456,3,26.02,0.05,3.9,74.16,mobile_pay,in_store,USD
TXN0000820,2024-03-30 12:11:00,STR008,PRD0078,CUS00302,2,678.93,0.0,0.0,1357.86,mobile_pay,online,USD
TXN0000821,2024-12-01 14:00:00,STR008,PRD0023,CUS00428,2,249.34,0.0,0.0,498.68,debit_card,mobile_app,USD
TXN0000822,2024-04-26 11:55:00,STR004,PRD0059,CUS00480,2,458.19,0.0,0.0,916.38,cash,mobile_app,USD
TXN0000823,2024-08-12 15:39:00,STR007,PRD0042,CUS00384,3,140.2,0.0,0.0,420.6,mobile_pay,in_store,USD
TXN0000824,2024-08-26 18:41:00,STR015,PRD0113,CUS00421,1,336.98,0.0,0.0,336.98,mobile_pay,mobile_app,USD
TXN0000825,2024-03-26 09:12:00,STR023,PRD0048,,2,473.17,0.0,0.0,946.34,mobile_pay,mobile_app,USD
TXN0000826,2024-04-16 18:29:00,STR012,PRD0024,CUS00301,1,364.86,0.0,0.0,364.86,gift_card,online,USD
TXN0000827,2024-07-14 20:28:00,STR015,PRD0072,CUS00162,5,500.55,0.05,125.14,2377.61,mobile_pay,in_store,USD
TXN0000828,2024-06-07 18:35:00,STR012,PRD0073,CUS00013,4,577.08,0.0,0.0,2308.32,credit_card,in_store,USD
TXN0000829,2024-10-12 15:18:00,STR015,PRD0103,CUS00119,5,58.52,0.0,0.0,292.6,credit_card,online,USD
TXN0000830,2024-03-10 21:45:00,STR003,PRD0108,CUS00121,4,99.37,0.1,39.75,357.73,debit_card,in_store,USD
TXN0000831,2024-06-02 11:09:00,STR023,PRD0021,CUS00300,2,411.07,0.0,0.0,822.14,debit_card,mobile_app,USD
TXN0000832,2024-02-28 19:13:00,STR021,PRD0099,CUS00211,5,388.71,0.2,388.71,1554.84,cash,online,USD
TXN0000833,2024-07-19 11:03:00,STR013,PRD0093,CUS00352,1,410.67,0.05,20.53,390.14,cash,mobile_app,USD
TXN0000834,2024-01-21 18:09:00,STR021,PRD0073,CUS00151,3,577.08,0.0,0.0,1731.24,cash,in_store,USD
TXN0000835,2024-12-24 16:02:00,STR009,PRD0025,CUS00194,5,116.31,0.0,0.0,581.55,debit_card,in_store,USD
TXN0000836,2024-04-17 11:27:00,STR022,PRD0060,,2,399.84,0.0,0.0,799.68,cash,online,USD
TXN0000837,2024-03-22 14:08:00,STR003,PRD0118,CUS00175,4,317.96,0.0,0.0,1271.84,gift_card,mobile_app,USD
TXN0000838,2024-06-07 13:21:00,STR002,PRD0101,CUS00429,1,437.08,0.0,0.0,437.08,gift_card,in_store,USD
TXN0000839,2024-10-13 18:56:00,STR020,PRD0049,CUS00146,3,327.25,0.0,0.0,981.75,gift_card,online,USD
TXN0000840,2024-06-13 13:07:00,STR023,PRD0002,CUS00011,4,26.09,0.0,0.0,104.36,cash,in_store,USD
TXN0000841,2024-08-22 21:51:00,STR006,PRD0082,CUS00282,5,82.51,0.05,20.63,391.92,gift_card,in_store,USD
TXN0000842,2024-09-28 19:13:00,STR011,PRD0081,CUS00430,1,429.07,0.0,0.0,429.07,credit_card,mobile_app,USD
TXN0000843,2024-07-05 12:10:00,STR010,PRD0035,CUS00307,3,234.61,0.05,35.19,668.64,mobile_pay,mobile_app,USD
TXN0000844,2024-01-10 20:10:00,STR014,PRD0041,CUS00407,5,491.81,0.0,0.0,2459.05,mobile_pay,mobile_app,USD
TXN0000845,2024-07-03 15:18:00,STR003,PRD0007,CUS00216,3,274.3,0.0,0.0,822.9,debit_card,online,USD
TXN0000846,2024-08-23 14:07:00,STR005,PRD0096,CUS00390,3,389.05,0.0,0.0,1167.15,gift_card,online,USD
TXN0000847,2024-04-19 17:13:00,STR008,PRD0117,,1,54.14,0.0,0.0,54.14,cash,online,USD
TXN0000848,2024-07-01 11:02:00,STR020,PRD0105,CUS00113,5,554.1,0.0,0.0,2770.5,debit_card,mobile_app,USD
TXN0000849,2024-07-23 12:44:00,STR022,PRD0086,CUS00130,4,139.31,0.0,0.0,557.24,debit_card,in_store,USD
TXN0000850,2024-11-23 16:53:00,STR018,PRD0100,CUS00139,1,576.59,0.0,0.0,576.59,credit_card,online,USD
TXN0000851,2024-08-25 11:06:00,STR002,PRD0018,CUS00177,1,94.47,0.0,0.0,94.47,credit_card,online,USD
TXN0000852,2024-08-03 09:18:00,STR023,PRD0039,CUS00496,3,415.77,0.0,0.0,1247.31,cash,mobile_app,USD
TXN0000853,2024-08-11 17:18:00,STR017,PRD0060,CUS00251,1,399.84,0.0,0.0,399.84,debit_card,in_store,USD
TXN0000854,2024-02-15 16:42:00,STR020,PRD0090,CUS00313,2,69.19,0.0,0.0,138.38,mobile_pay,mobile_app,USD
TXN0000855,2024-11-21 08:14:00,STR005,PRD0113,CUS00303,1,336.98,0.0,0.0,336.98,credit_card,in_store,USD
TXN0000856,2024-07-11 15:23:00,STR014,PRD0060,CUS00002,5,399.84,0.0,0.0,1999.2,debit_card,mobile_app,USD
TXN0000857,2024-04-30 08:43:00,STR013,PRD0041,CUS00226,1,491.81,0.1,49.18,442.63,gift_card,in_store,USD
TXN0000858,2024-08-10 18:07:00,STR004,PRD0069,,4,527.04,0.0,0.0,2108.16,mobile_pay,in_store,USD
TXN0000859,2024-12-21 11:20:00,STR018,PRD0106,CUS00377,1,558.66,0.0,0.0,558.66,debit_card,online,USD
TXN0000860,2024-10-31 10:17:00,STR011,PRD0120,CUS00186,2,136.37,0.0,0.0,272.74,credit_card,online,USD
TXN0000861,2024-01-20 10:04:00,STR018,PRD0003,CUS00037,5,569.87,0.1,284.94,2564.41,gift_card,online,USD
TXN0000862,2024-10-05 20:19:00,STR010,PRD0105,CUS00289,2,554.1,0.15,166.23,941.97,cash,in_store,USD
TXN0000863,2024-01-14 08:07:00,STR012,PRD0045,CUS00052,4,318.79,0.0,0.0,1275.16,debit_card,online,USD
TXN0000864,2024-06-05 14:47:00,STR011,PRD0105,CUS00469,1,554.1,0.0,0.0,554.1,credit_card,in_store,USD
TXN0000865,2024-03-11 21:48:00,STR001,PRD0001,CUS00458,2,137.75,0.0,0.0,275.5,debit_card,online,USD
TXN0000866,2024-08-04 16:43:00,STR005,PRD0040,CUS00198,3,823.32,0.0,0.0,2469.96,credit_card,mobile_app,USD
TXN0000867,2024-07-25 21:17:00,STR003,PRD0053,CUS00153,4,321.56,0.0,0.0,1286.24,gift_card,in_store,USD
TXN0000868,2024-01-17 15:25:00,STR005,PRD0118,CUS00275,3,317.96,0.0,0.0,953.88,credit_card,mobile_app,USD
TXN0000869,2024-06-23 13:15:00,STR001,PRD0098,,1,244.56,0.0,0.0,244.56,gift_card,online,USD
TXN0000870,2024-11-15 12:25:00,STR019,PRD0090,CUS00214,3,69.19,0.0,0.0,207.57,cash,in_store,USD
TXN0000871,2024-05-26 10:52:00,STR021,PRD0118,CUS00418,4,317.96,0.0,0.0,1271.84,debit_card,in_store,USD
TXN0000872,2024-04-29 09:55:00,STR004,PRD0006,CUS00245,4,101.59,0.1,40.64,365.72,cash,mobile_app,USD
TXN0000873,2024-11-07 20:24:00,STR009,PRD0079,CUS00493,5,643.15,0.05,160.79,3054.96,mobile_pay,mobile_app,USD
TXN0000874,2024-09-19 15:43:00,STR018,PRD0070,CUS00479,5,31.14,0.0,0.0,155.7,debit_card,in_store,USD
TXN0000875,2024-12-12 10:46:00,STR003,PRD0116,CUS00089,5,648.85,0.0,0.0,3244.25,mobile_pay,online,USD
TXN0000876,2024-04-22 18:19:00,STR015,PRD0066,CUS00224,5,404.74,0.0,0.0,2023.7,cash,mobile_app,USD
TXN0000877,2024-12-26 16:16:00,STR023,PRD0047,CUS00323,4,487.35,0.05,97.47,1851.93,debit_card,in_store,USD
TXN0000878,2024-02-03 09:36:00,STR018,PRD0031,CUS00363,5,77.68,0.0,0.0,388.4,cash,online,USD
TXN0000879,2024-01-14 21:35:00,STR007,PRD0020,CUS00481,1,595.59,0.0,0.0,595.59,credit_card,mobile_app,USD
TXN0000880,2024-06-04 21:20:00,STR007,PRD0033,,2,269.98,0.0,0.0,539.96,mobile_pay,mobile_app,USD
TXN0000881,2024-05-24 09:55:00,STR001,PRD0041,CUS00203,1,491.81,0.0,0.0,491.81,mobile_pay,in_store,USD
TXN0000882,2024-11-06 20:21:00,STR001,PRD0059,CUS00173,1,458.19,0.0,0.0,458.19,credit_card,online,USD
TXN0000883,2024-08-07 18:26:00,STR004,PRD0018,CUS00172,5,94.47,0.1,47.24,425.11,cash,mobile_app,USD
TXN0000884,2024-06-12 10:24:00,STR009,PRD0031,CUS00141,4,77.68,0.0,0.0,310.72,mobile_pay,in_store,USD
TXN0000885,2024-08-31 11:16:00,STR021,PRD0083,CUS00170,4,247.1,0.05,49.42,938.98,mobile_pay,in_store,USD
TXN0000886,2024-11-05 12:22:00,STR002,PRD0074,CUS00350,5,304.27,0.0,0.0,1521.35,mobile_pay,mobile_app,USD
TXN0000887,2024-08-31 14:54:00,STR010,PRD0090,CUS00377,1,69.19,0.0,0.0,69.19,cash,online,USD
TXN0000888,2024-04-17 20:37:00,STR014,PRD0075,CUS00164,4,507.8,0.1,203.12,1828.08,cash,online,USD
TXN0000889,2024-10-25 08:04:00,STR020,PRD0044,CUS00072,2,126.49,0.0,0.0,252.98,mobile_pay,mobile_app,USD
TXN0000890,2024-03-27 13:23:00,STR019,PRD0058,CUS00021,5,61.42,0.15,46.07,261.03,gift_card,in_store,USD
TXN0000891,2024-02-23 19:01:00,STR014,PRD0038,,3,879.64,0.2,527.78,2111.14,cash,in_store,USD
TXN0000892,2024-09-05 18:43:00,STR004,PRD0078,CUS00108,3,678.93,0.0,0.0,2036.79,cash,mobile_app,USD
TXN0000893,2024-11-25 18:57:00,STR005,PRD0024,CUS00136,2,364.86,0.0,0.0,729.72,debit_card,in_store,USD
TXN0000894,2024-02-01 13:27:00,STR007,PRD0094,CUS00466,4,326.53,0.0,0.0,1306.12,debit_card,online,USD
TXN0000895,2024-01-03 14:07:00,STR010,PRD0053,CUS00309,2,321.56,0.15,96.47,546.65,cash,in_store,USD
TXN0000896,2024-04-28 09:02:00,STR012,PRD0038,CUS00341,2,879.64,0.0,0.0,1759.28,debit_card,in_store,USD
TXN0000897,2024-02-14 15:23:00,STR017,PRD0075,CUS00254,2,507.8,0.0,0.0,1015.6,debit_card,in_store,USD
TXN0000898,2024-03-23 20:16:00,STR003,PRD0020,CUS00388,4,595.59,0.05,119.12,2263.24,mobile_pay,in_store,USD
TXN0000899,2024-04-19 14:20:00,STR001,PRD0072,CUS00063,1,500.55,0.0,0.0,500.55,gift_card,online,USD
TXN0000900,2024-05-08 21:29:00,STR018,PRD0018,CUS00394,1,94.47,0.0,0.0,94.47,credit_card,in_store,USD
TXN0000901,2024-12-03 21:17:00,STR019,PRD0111,CUS00324,5,661.33,0.0,0.0,3306.65,gift_card,in_store,USD
TXN0000902,2024-05-10 19:39:00,STR008,PRD0072,,1,500.55,0.0,0.0,500.55,cash,online,USD
TXN0000903,2024-02-03 14:12:00,STR002,PRD0088,CUS00473,2,266.3,0.05,26.63,505.97,mobile_pay,in_store,USD
TXN0000904,2024-02-28 19:00:00,STR017,PRD0009,CUS00142,1,675.27,0.05,33.76,641.51,gift_card,online,USD
TXN0000905,2024-10-28 18:32:00,STR016,PRD0032,CUS00223,2,251.17,0.0,0.0,502.34,credit_card,in_store,USD
TXN0000906,2024-11-22 10:57:00,STR022,PRD0005,CUS00309,3,259.57,0.0,0.0,778.71,cash,in_store,USD
TXN0000907,2024-08-23 09:03:00,STR015,PRD0022,CUS00343,1,146.15,0.0,0.0,146.15,mobile_pay,in_store,USD
TXN0000908,2024-04-17 08:19:00,STR019,PRD0005,CUS00072,1,259.57,0.0,0.0,259.57,mobile_pay,online,USD
TXN0000909,2024-07-08 13:37:00,STR015,PRD0016,CUS00032,5,539.04,0.0,0.0,2695.2,mobile_pay,mobile_app,USD
TXN0000910,2024-01-21 09:55:00,STR005,PRD0094,CUS00049,2,326.53,0.0,0.0,653.06,cash,online,USD
TXN0000911,2024-12-30 09:00:00,STR010,PRD0069,CUS00175,-1,527.04,0.0,0.0,2108.16,gift_card,online,USD
TXN0000912,2024-10-09 20:49:00,STR004,PRD0004,CUS00313,5,602.78,0.1,301.39,2712.51,cash,online,USD
TXN0000913,2024-04-24 20:14:00,STR020,PRD0090,,3,69.19,0.0,0.0,207.57,debit_card,online,USD
TXN0000914,2024-04-01 12:18:00,STR006,PRD0104,CUS00012,2,398.02,0.15,119.41,676.63,cash,in_store,USD
TXN0000915,2024-08-11 09:27:00,STR015,PRD0101,CUS00171,1,437.08,0.0,0.0,437.08,gift_card,online,USD
TXN0000916,2024-03-02 20:47:00,STR004,PRD0043,CUS00296,1,621.23,0.0,0.0,621.23,cash,in_store,USD
TXN0000917,2024-09-24 12:21:00,STR003,PRD0080,CUS00102,3,270.17,0.0,0.0,810.51,gift_card,online,USD
TXN0000918,2024-03-11 16:34:00,STR015,PRD0021,CUS00222,3,411.07,0.0,0.0,1233.21,debit_card,in_store,USD
TXN0000919,2024-01-20 11:51:00,STR022,PRD0026,CUS00466,3,172.92,0.0,0.0,518.76,debit_card,in_store,USD
TXN0000920,2024-12-14 18:20:00,STR011,PRD0024,CUS00422,1,364.86,0.05,18.24,346.62,gift_card,online,USD
TXN0000921,2024-05-17 18:27:00,STR007,PRD0100,CUS00109,2,576.59,0.05,57.66,1095.52,mobile_pay,online,USD
TXN0000922,2024-01-01 17:32:00,STR001,PRD0044,CUS00300,4,126.49,0.15,75.89,430.07,cash,online,USD
TXN0000923,2024-01-20 21:42:00,STR015,PRD0005,CUS00384,3,259.57,0.0,0.0,778.71,mobile_pay,in_store,USD
TXN0000924,2024-04-15 12:21:00,STR015,PRD0055,,5,264.5,0.0,0.0,1322.5,credit_card,in_store,USD
TXN0000925,2024-11-16 15:19:00,STR008,PRD0079,CUS00336,2,643.15,0.0,0.0,1286.3,debit_card,in_store,USD
TXN0000926,2024-08-17 09:16:00,STR005,PRD0031,CUS00463,5,77.68,0.0,0.0,388.4,gift_card,mobile_app,USD
TXN0000927,2024-08-29 18:11:00,STR014,PRD0029,CUS00441,4,354.91,0.0,0.0,1419.64,credit_card,in_store,USD
TXN0000928,2024-05-06 20:50:00,STR008,PRD0097,CUS00003,1,118.36,0.0,0.0,118.36,credit_card,in_store,USD
TXN0000929,2024-09-04 18:45:00,STR011,PRD0117,CUS00350,3,54.14,0.1,16.24,146.18,cash,online,USD
TXN0000930,2024-09-26 18:26:00,STR022,PRD0072,CUS00104,2,500.55,0.0,0.0,1001.1,cash,in_store,USD
TXN0000931,2024-06-27 13:25:00,STR015,PRD0036,CUS00396,3,405.13,0.0,0.0,1215.39,debit_card,online,USD
TXN0000932,2024-03-29 16:40:00,STR022,PRD0069,CUS00017,1,527.04,0.0,0.0,527.04,cash,in_store,USD
TXN0000933,2024-06-22 13:04:00,STR007,PRD0069,CUS00449,3,527.04,0.0,0.0,1581.12,cash,mobile_app,USD
TXN0000934,2024-01-25 08:28:00,STR014,PRD0064,CUS00275,3,475.35,0.0,0.0,1426.05,cash,in_store,USD
TXN0000935,2024-01-18 18:17:00,STR022,PRD0086,,4,139.31,0.0,0.0,557.24,mobile_pay,online,USD
TXN0000936,2024-03-23 09:50:00,STR023,PRD0075,CUS00304,5,507.8,0.0,0.0,2539.0,gift_card,in_store,USD
TXN0000937,2024-07-17 16:09:00,STR015,PRD0076,CUS00464,3,33.66,0.0,0.0,100.98,credit_card,mobile_app,USD
TXN0000938,2024-09-25 09:03:00,STR015,PRD0073,CUS00152,2,577.08,0.05,57.71,1096.45,debit_card,online,USD
TXN0000939,2024-02-24 08:51:00,STR003,PRD0087,CUS00210,1,488.55,0.0,0.0,488.55,mobile_pay,online,USD
TXN0000940,2024-09-16 10:33:00,STR004,PRD0031,CUS00196,1,77.68,0.0,0.0,77.68,credit_card,mobile_app,USD
TXN0000941,2024-04-07 16:49:00,STR006,PRD0076,CUS00385,4,33.66,0.0,0.0,134.64,cash,mobile_app,USD
TXN0000942,2024-06-07 21:53:00,STR004,PRD0010,CUS00223,5,276.68,0.0,0.0,1383.4,mobile_pay,online,USD
TXN0000943,2024-12-16 10:42:00,STR021,PRD0023,CUS00398,2,249.34,0.0,0.0,498.68,mobile_pay,in_store,USD
TXN0000944,2024-09-29 15:00:00,STR007,PRD0016,CUS00265,4,539.04,0.0,0.0,2156.16,credit_card,in_store,USD
TXN0000945,2024-12-12 11:35:00,STR021,PRD0006,CUS00176,2,101.59,0.0,0.0,203.18,mobile_pay,mobile_app,USD
TXN0000946,2024-08-12 17:21:00,STR015,PRD0100,,5,576.59,0.1,288.3,2594.65,cash,in_store,USD
TXN0000947,2024-11-25 21:34:00,STR007,PRD0062,CUS00378,4,355.41,0.0,0.0,1421.64,debit_card,online,USD
TXN0000948,2024-11-11 10:44:00,STR014,PRD0100,CUS00428,5,576.59,0.0,0.0,2882.95,cash,mobile_app,USD
TXN0000949,2024-01-26 21:46:00,STR003,PRD0002,CUS00447,4,26.09,0.0,0.0,104.36,debit_card,online,USD
TXN0000950,2024-07-17 19:09:00,STR018,PRD0010,CUS00003,1,276.68,0.0,0.0,276.68,debit_card,in_store,USD
TXN0000951,2024-11-24 16:03:00,STR008,PRD0014,CUS00412,3,10.52,0.1,3.16,28.4,credit_card,in_store,USD
TXN0000952,2024-08-30 15:05:00,STR010,PRD0100,CUS00404,1,576.59,0.05,28.83,547.76,gift_card,online,USD
TXN0000953,2024-01-22 15:46:00,STR021,PRD0100,CUS00275,4,576.59,0.0,0.0,2306.36,debit_card,mobile_app,USD
TXN0000954,2024-05-26 10:30:00,STR020,PRD0115,CUS00112,4,145.51,0.0,0.0,582.04,gift_card,in_store,USD
TXN0000955,2024-02-06 12:03:00,STR008,PRD0012,CUS00034,5,233.86,0.05,58.47,1110.83,mobile_pay,mobile_app,USD
TXN0000956,2024-10-08 17:59:00,STR008,PRD0120,CUS00206,5,136.37,0.1,68.19,613.66,gift_card,in_store,USD
TXN0000957,2024-04-10 09:40:00,STR018,PRD0036,,1,405.13,0.1,40.51,364.62,gift_card,mobile_app,USD
TXN0000958,2024-12-13 21:40:00,STR002,PRD0019,CUS00457,3,351.82,0.0,0.0,1055.46,credit_card,online,USD
TXN0000959,2024-11-11 19:18:00,STR021,PRD0028,CUS00181,4,621.82,0.0,0.0,2487.28,mobile_pay,online,USD
TXN0000960,2024-03-07 13:58:00,STR002,PRD0008,CUS00485,1,455.65,0.15,68.35,387.3,debit_card,in_store,USD
TXN0000961,2024-05-01 18:11:00,STR002,PRD0091,CUS00163,2,122.8,0.05,12.28,233.32,mobile_pay,in_store,USD
TXN0000962,2024-06-29 08:03:00,STR016,PRD0018,CUS00040,4,94.47,0.0,0.0,377.88,debit_card,mobile_app,USD
TXN0000963,2024-10-26 14:41:00,STR010,PRD0041,CUS00473,4,491.81,0.15,295.09,1672.15,debit_card,mobile_app,USD
TXN0000964,2024-05-08 19:48:00,STR004,PRD0074,CUS00439,4,304.27,0.0,0.0,1217.08,gift_card,in_store,USD
TXN0000965,2024-05-13 08:41:00,STR017,PRD0117,CUS00334,3,54.14,0.0,0.0,162.42,cash,online,USD
TXN0000966,2024-02-01 20:59:00,STR005,PRD0087,CUS00233,5,488.55,0.2,488.55,1954.2,credit_card,mobile_app,USD
TXN0000967,2024-10-23 20:58:00,STR019,PRD0062,CUS00394,2,355.41,0.0,0.0,710.82,gift_card,mobile_app,USD
TXN0000968,2024-10-26 12:07:00,STR004,PRD0056,,4,26.02,0.0,0.0,104.08,credit_card,mobile_app,USD
TXN0000969,2024-08-16 16:54:00,STR012,PRD0093,CUS00330,1,410.67,0.0,0.0,410.67,cash,online,USD
TXN0000970,2024-09-07 18:44:00,STR013,PRD0107,CUS00308,3,368.5,0.0,0.0,1105.5,cash,online,USD
TXN0000971,2024-09-14 13:03:00,STR008,PRD0088,CUS00378,5,266.3,0.05,66.58,1264.92,gift_card,online,USD
TXN0000972,2024-07-04 18:29:00,STR013,PRD0093,CUS00303,1,410.67,0.0,0.0,410.67,mobile_pay,in_store,USD
TXN0000973,2024-03-14 12:24:00,STR012,PRD0036,CUS00349,3,405.13,0.0,0.0,1215.39,debit_card,mobile_app,USD
TXN0000974,2024-06-14 13:29:00,STR999,PRD0058,CUS00079,4,61.42,0.0,0.0,245.68,cash,mobile_app,USD
TXN0000975,2024-07-08 19:23:00,STR016,PRD0088,CUS00443,2,266.3,0.0,0.0,532.6,debit_card,mobile_app,USD
TXN0000976,2024-08-26 11:05:00,STR021,PRD0040,CUS00438,2,823.32,0.0,0.0,1646.64,gift_card,online,USD
TXN0000977,2024-04-09 13:56:00,STR008,PRD0106,CUS00307,3,558.66,0.0,0.0,1675.98,debit_card,online,USD
TXN0000978,2024-06-17 17:56:00,STR021,PRD0069,CUS00110,1,527.04,0.1,52.7,474.34,mobile_pay,in_store,USD
TXN0000979,2024-11-05 20:06:00,STR001,PRD0115,,4,145.51,0.2,116.41,465.63,gift_card,in_store,USD
TXN0000980,2024-11-03 16:39:00,STR012,PRD0052,CUS00223,1,76.14,0.05,3.81,72.33,cash,mobile_app,USD
TXN0000981,2024-08-07 12:38:00,STR016,PRD0030,CUS00367,3,80.67,0.0,0.0,242.01,gift_card,mobile_app,USD
TXN0000982,2024-06-20 18:07:00,STR003,PRD0070,CUS00108,2,31.14,0.05,3.11,59.17,credit_card,online,USD
TXN0000983,2024-04-15 14:09:00,STR002,PRD0076,CUS00083,3,33.66,0.0,0.0,100.98,credit_card,online,USD
TXN0000984,2024-01-08 17:58:00,STR007,PRD0065,CUS00103,4,286.09,0.0,0.0,1144.36,debit_card,in_store,USD
TXN0000985,2024-10-13 13:29:00,STR009,PRD0027,CUS00021,3,490.08,0.15,220.54,1249.7,debit_card,in_store,USD
TXN0000986,2024-12-16 09:07:00,STR023,PRD0058,CUS00425,1,61.42,0.05,3.07,58.35,cash,in_store,USD
TXN0000987,2024-11-05 17:46:00,STR007,PRD0062,CUS00058,3,355.41,0.0,0.0,1066.23,credit_card,mobile_app,USD
TXN0000988,2024-03-16 19:32:00,STR001,PRD0054,CUS00352,3,694.62,0.0,0.0,2083.86,credit_card,mobile_app,USD
TXN0000989,2024-06-18 15:38:00,STR004,PRD0096,CUS00312,5,389.05,0.1,194.53,1750.72,cash,in_store,USD
TXN0000990,2024-07-26 09:33:00,STR013,PRD0092,,1,353.85,0.15,53.08,300.77,cash,in_store,USD
TXN0000991,2024-08-23 19:52:00,STR018,PRD0075,CUS00399,2,507.8,0.0,0.0,1015.6,gift_card,in_store,USD
TXN0000992,2024-06-18 09:44:00,STR019,PRD0036,CUS00151,3,405.13,0.0,0.0,1215.39,debit_card,online,USD
TXN0000993,2024-09-23 19:38:00,STR021,PRD0057,CUS00125,1,412.83,0.05,20.64,392.19,credit_card,in_store,USD
TXN0000994,2024-03-31 16:14:00,STR003,PRD0120,CUS00134,4,136.37,0.0,0.0,545.48,debit_card,online,USD
TXN0000995,2024-08-20 17:57:00,STR020,PRD0003,CUS00114,2,569.87,0.0,0.0,1139.74,mobile_pay,online,USD
TXN0000996,2024-02-23 20:02:00,STR011,PRD0072,CUS00132,4,500.55,0.05,100.11,1902.09,credit_card,in_store,USD
TXN0000997,2024-10-08 17:54:00,STR008,PRD0064,CUS00120,4,475.35,0.0,0.0,1901.4,cash,online,USD
TXN0000998,2024-01-17 10:38:00,STR019,PRD0055,CUS00273,5,264.5,0.0,0.0,1322.5,credit_card,in_store,USD
TXN0000999,2024-11-09 08:04:00,STR004,PRD0050,CUS00493,4,201.33,0.0,0.0,805.32,cash,in_store,USD
TXN0001000,2024-09-10 09:46:00,STR004,PRD0038,CUS00144,5,879.64,0.0,0.0,4398.2,debit_card,online,USD
TXN0001001,2024-05-21 08:44:00,STR013,PRD0073,,4,577.08,0.0,0.0,2308.32,cash,mobile_app,USD
TXN0001002,2024-09-04 18:21:00,STR008,PRD0022,CUS00419,5,146.15,0.0,0.0,730.75,credit_card,in_store,USD
TXN0001003,2024-07-01 11:49:00,STR015,PRD0080,CUS00169,5,270.17,0.0,0.0,1350.85,mobile_pay,mobile_app,USD
TXN0001004,2024-05-27 13:32:00,STR022,PRD0081,CUS00477,2,429.07,0.0,0.0,858.14,cash,online,USD
TXN0001005,2024-09-08 14:54:00,STR023,PRD0013,CUS00286,3,80.66,0.15,36.3,205.68,credit_card,online,USD
TXN0001006,2024-01-24 20:21:00,STR019,PRD0092,CUS00255,3,353.85,0.05,53.08,1008.47,cash,in_store,USD
TXN0001007,2024-07-26 15:03:00,STR004,PRD0014,CUS00249,3,10.52,0.0,0.0,31.56,mobile_pay,online,USD
TXN0001008,2024-02-04 20:23:00,STR018,PRD0117,CUS00486,5,54.14,0.05,13.54,257.16,mobile_pay,mobile_app,USD
TXN0001009,2024-08-16 18:03:00,STR023,PRD0002,CUS00078,1,26.09,0.0,0.0,26.09,cash,mobile_app,USD
TXN0001010,2024-06-18 21:31:00,STR021,PRD0062,CUS00366,4,355.41,0.15,213.25,1208.39,credit_card,online,USD
TXN0001011,2024-11-02 19:09:00,STR017,PRD0106,CUS00058,1,558.66,0.1,55.87,502.79,cash,mobile_app,USD
TXN0001012,2024-01-18 14:15:00,STR003,PRD0025,,1,116.31,0.0,0.0,116.31,debit_card,in_store,USD
TXN0001013,2024-06-17 20:10:00,STR007,PRD0110,CUS00371,5,406.78,0.1,203.39,1830.51,debit_card,mobile_app,USD
TXN0001014,2024-06-14 18:46:00,STR019,PRD0052,CUS00499,3,76.14,0.0,0.0,228.42,mobile_pay,online,USD
TXN0001015,2024-07-28 09:19:00,STR007,PRD0056,CUS00218,2,26.02,0.0,0.0,52.04,cash,mobile_app,USD
TXN0001016,2024-07-17 18:13:00,STR007,PRD0052,CUS00014,1,76.14,0.05,3.81,72.33,debit_card,in_store,USD
TXN0001017,2024-03-27 19:06:00,STR021,PRD0112,CUS00371,1,268.87,0.0,0.0,268.87,mobile_pay,mobile_app,USD
TXN0001018,2024-02-26 19:19:00,STR022,PRD0048,CUS00435,2,473.17,0.0,0.0,946.34,debit_card,online,USD
TXN0001019,2024-08-03 09:20:00,STR022,PRD0095,CUS00037,2,658.33,0.0,0.0,1316.66,credit_card,online,USD
TXN0001020,2024-03-07 09:31:00,STR017,PRD0002,CUS00313,1,26.09,0.05,1.3,24.79,mobile_pay,online,USD
TXN0001021,2024-01-25 10:10:00,STR001,PRD0107,CUS00059,1,368.5,0.1,36.85,331.65,cash,online,USD
TXN0001022,2024-02-04 15:29:00,STR003,PRD0010,CUS00121,5,276.68,0.05,69.17,1314.23,gift_card,online,USD
TXN0001023,2024-01-19 09:03:00,STR015,PRD0004,,4,602.78,0.0,0.0,2411.12,credit_card,online,USD
TXN0001024,2024-06-05 08:03:00,STR013,PRD0021,CUS00011,5,411.07,0.0,0.0,2055.35,mobile_pay,online,USD
TXN0001025,2024-07-20 15:50:00,STR007,PRD0016,CUS00419,3,539.04,0.0,0.0,1617.12,mobile_pay,online,USD
TXN0001026,2024-01-01 09:02:00,STR009,PRD0106,CUS00469,5,558.66,0.15,419.0,2374.3,mobile_pay,online,USD
TXN0001027,2024-05-19 10:57:00,STR013,PRD0010,CUS00206,3,276.68,0.0,0.0,830.04,credit_card,mobile_app,USD
TXN0001028,2024-07-13 20:27:00,STR001,PRD0057,CUS00116,2,412.83,0.0,0.0,825.66,credit_card,online,USD
TXN0001029,2024-09-07 21:03:00,STR006,PRD0044,CUS00159,1,126.49,0.0,0.0,126.49,cash,in_store,USD
TXN0001030,2024-01-14 09:06:00,STR007,PRD0116,CUS00167,1,648.85,0.0,0.0,648.85,mobile_pay,in_store,USD
TXN0001031,2024-04-06 19:14:00,STR007,PRD0087,CUS00479,2,488.55,0.0,0.0,977.1,mobile_pay,in_store,USD
TXN0001032,2024-09-09 10:45:00,STR004,PRD0105,CUS00392,1,554.1,0.0,0.0,554.1,credit_card,online,USD
TXN0001033,2024-08-11 13:46:00,STR017,PRD0077,CUS00164,2,898.98,0.0,0.0,1797.96,mobile_pay,mobile_app,USD
TXN0001034,2024-04-15 18:11:00,STR009,PRD0098,,4,244.56,0.05,48.91,929.33,gift_card,in_store,USD
TXN0001035,2024-07-19 14:30:00,STR001,PRD0101,CUS00134,3,437.08,0.0,0.0,1311.24,credit_card,in_store,USD
TXN0001036,2024-09-08 20:20:00,STR005,PRD0112,CUS00286,1,268.87,0.0,0.0,268.87,debit_card,mobile_app,USD
TXN0001037,2024-09-25 14:58:00,STR008,PRD0101,CUS00005,4,437.08,0.0,0.0,1748.32,mobile_pay,online,USD
TXN0001038,2024-06-04 18:25:00,STR019,PRD0117,CUS00213,2,54.14,0.0,0.0,108.28,debit_card,mobile_app,USD
TXN0001039,2024-12-20 13:59:00,STR010,PRD0063,CUS00011,4,23.14,0.0,0.0,92.56,credit_card,mobile_app,USD
TXN0001040,2024-10-23 17:11:00,STR003,PRD0063,CUS00364,2,23.14,0.0,0.0,46.28,credit_card,mobile_app,USD
TXN0001041,2024-10-12 16:02:00,STR020,PRD0015,CUS00108,2,541.61,0.0,0.0,1083.22,credit_card,mobile_app,USD
TXN0001042,2024-06-26 09:24:00,STR011,PRD0024,CUS00395,3,364.86,0.0,0.0,1094.58,mobile_pay,in_store,USD
TXN0001043,2024-01-19 15:25:00,STR012,PRD0117,CUS00155,3,54.14,0.2,32.48,129.94,cash,online,USD
TXN0001044,2024-02-23 13:23:00,STR002,PRD0023,CUS00145,2,249.34,0.0,0.0,498.68,gift_card,in_store,USD
TXN0001045,2024-06-27 18:20:00,STR009,PRD0018,,5,94.47,0.0,0.0,472.35,mobile_pay,online,USD
TXN0001046,2024-08-30 15:20:00,STR016,PRD0109,CUS00189,2,459.8,0.0,0.0,919.6,credit_card,online,USD
TXN0001047,2024-06-11 11:33:00,STR002,PRD0053,CUS00073,3,321.56,0.0,0.0,964.68,cash,online,USD
TXN0001048,2024-02-26 12:13:00,STR011,PRD0078,CUS00235,1,678.93,0.0,0.0,678.93,cash,online,USD
TXN0001049,2024-06-27 19:13:00,STR011,PRD0109,CUS00176,5,459.8,0.05,114.95,2184.05,credit_card,in_store,USD
TXN0001050,2024-02-01 19:29:00,STR014,PRD0075,CUS00484,3,507.8,0.0,0.0,1523.4,mobile_pay,in_store,USD
TXN0001051,2024-01-14 09:10:00,STR012,PRD0022,CUS00045,3,146.15,0.05,21.92,416.53,debit_card,mobile_app,USD
TXN0001052,2024-03-28 13:10:00,STR020,PRD0076,CUS00093,5,33.66,0.0,0.0,168.3,debit_card,online,USD
TXN0001053,2024-05-10 16:55:00,STR023,PRD0052,CUS00326,2,76.14,0.1,15.23,137.05,gift_card,in_store,USD
TXN0001054,2024-02-04 20:26:00,STR004,PRD0114,CUS00330,3,596.37,0.0,0.0,1789.11,credit_card,online,USD
TXN0001055,2024-06-14 10:04:00,STR004,PRD0084,CUS00401,4,127.62,0.05,25.52,484.96,cash,in_store,USD
TXN0001056,2024-01-25 11:36:00,STR014,PRD0021,,1,411.07,0.0,0.0,411.07,gift_card,in_store,USD
TXN0001057,2024-08-29 10:39:00,STR016,PRD0008,CUS00096,1,455.65,0.0,0.0,455.65,mobile_pay,online,USD
TXN0001058,2024-10-07 18:23:00,STR011,PRD0007,CUS00043,2,274.3,0.0,0.0,548.6,gift_card,mobile_app,USD
TXN0001059,2024-03-17 21:16:00,STR008,PRD0024,CUS00187,3,364.86,0.0,0.0,1094.58,gift_card,online,USD
TXN0001060,2024-12-04 21:59:00,STR015,PRD0087,CUS00066,5,488.55,0.1,244.28,2198.47,credit_card,mobile_app,USD
TXN0001061,2024-10-05 11:26:00,STR023,PRD0038,CUS00409,5,879.64,0.0,0.0,4398.2,debit_card,mobile_app,USD
TXN0001062,2024-07-09 12:43:00,STR020,PRD0060,CUS00044,5,399.84,0.0,0.0,1999.2,credit_card,mobile_app,USD
TXN0001063,2024-01-13 17:51:00,STR004,PRD0054,CUS00163,5,694.62,0.0,0.0,3473.1,gift_card,in_store,USD
TXN0001064,2024-02-25 08:30:00,STR002,PRD0114,CUS00266,5,596.37,0.0,0.0,2981.85,debit_card,mobile_app,USD
TXN0001065,2024-12-25 11:14:00,STR009,PRD0106,CUS00369,3,558.66,0.0,0.0,1675.98,gift_card,in_store,USD
TXN0001066,2024-08-06 19:50:00,STR018,PRD0013,CUS00290,4,80.66,0.0,0.0,322.64,debit_card,online,USD
TXN0001067,2024-01-30 21:16:00,STR012,PRD0008,,2,455.65,0.0,0.0,911.3,cash,online,USD
TXN0001068,2024-04-06 13:33:00,STR008,PRD0101,CUS00231,4,437.08,0.0,0.0,1748.32,credit_card,online,USD
TXN0001069,2024-11-14 09:52:00,STR008,PRD0086,CUS00226,3,139.31,0.1,41.79,376.14,cash,in_store,USD
TXN0001070,2024-06-02 18:30:00,STR012,PRD0106,CUS00371,4,558.66,0.15,335.2,1899.44,mobile_pay,mobile_app,USD
TXN0001071,2024-12-01 13:25:00,STR018,PRD0093,CUS00137,4,410.67,0.05,82.13,1560.55,gift_card,online,USD
TXN0001072,2024-02-07 15:50:00,STR011,PRD0042,CUS00284,2,140.2,0.15,42.06,238.34,debit_card,in_store,USD
TXN0001073,2024-07-08 21:52:00,STR021,PRD0077,CUS00179,5,898.98,0.0,0.0,4494.9,mobile_pay,online,USD
TXN0001074,2024-02-14 17:27:00,STR021,PRD0028,CUS00140,2,621.82,0.0,0.0,1243.64,credit_card,in_store,USD
TXN0001075,2024-09-13 16:12:00,STR009,PRD0116,CUS00148,2,648.85,0.0,0.0,1297.7,mobile_pay,mobile_app,USD
TXN0001076,2024-07-06 17:08:00,STR021,PRD0030,CUS00182,2,80.67,0.0,0.0,161.34,mobile_pay,online,USD
TXN0001077,2024-03-04 15:16:00,STR004,PRD0091,CUS00064,4,122.8,0.1,49.12,442.08,gift_card,mobile_app,USD
TXN0001078,2024-07-19 16:59:00,STR008,PRD0047,,2,487.35,0.0,0.0,974.7,credit_card,in_store,USD
TXN0001079,2024-06-16 19:27:00,STR004,PRD0045,CUS00011,4,318.79,0.05,63.76,1211.4,cash,online,USD
TXN0001080,2024-02-28 09:00:00,STR002,PRD0097,CUS00263,5,118.36,0.0,0.0,591.8,credit_card,in_store,USD
TXN0001081,2024-02-10 10:27:00,STR015,PRD0014,CUS00065,4,10.52,0.15,6.31,35.77,debit_card,online,USD
TXN0001082,2024-10-03 14:56:00,STR012,PRD0003,CUS00267,2,569.87,0.0,0.0,1139.74,gift_card,in_store,USD
TXN0001083,2024-02-13 20:36:00,STR016,PRD0011,CUS00059,3,526.75,0.0,0.0,1580.25,debit_card,online,USD
TXN0001084,2024-09-01 11:04:00,STR022,PRD0063,CUS00011,4,23.14,0.05,4.63,87.93,debit_card,in_store,USD
TXN0001085,2024-12-04 09:55:00,STR010,PRD0028,CUS00296,2,621.82,0.0,0.0,1243.64,cash,in_store,USD
TXN0001086,2024-11-30 17:23:00,STR003,PRD0013,CUS00254,3,80.66,0.0,0.0,241.98,gift_card,in_store,USD
TXN0001087,2024-09-29 14:41:00,STR021,PRD0105,CUS00314,5,554.1,0.0,0.0,2770.5,gift_card,mobile_app,USD
TXN0001088,2024-03-23 11:41:00,STR012,PRD0097,CUS00235,5,118.36,0.0,0.0,591.8,credit_card,mobile_app,USD
TXN0001089,2024-01-20 11:55:00,STR012,PRD0044,,4,126.49,0.0,0.0,505.96,cash,in_store,USD
TXN0001090,2024-09-26 14:05:00,STR017,PRD0031,CUS00405,4,77.68,0.0,0.0,310.72,cash,in_store,USD
TXN0001091,2024-03-23 12:42:00,STR017,PRD0086,CUS00133,5,139.31,0.0,0.0,696.55,credit_card,online,USD
TXN0001092,2024-11-09 18:37:00,STR022,PRD0049,CUS00393,5,327.25,0.0,0.0,1636.25,gift_card,mobile_app,USD
TXN0001093,2024-08-09 17:34:00,STR014,PRD0048,CUS00058,1,473.17,0.2,94.63,378.54,credit_card,in_store,USD
TXN0001094,2024-06-25 11:25:00,STR008,PRD0109,CUS00348,4,459.8,0.0,0.0,1839.2,mobile_pay,in_store,USD
TXN0001095,2024-11-13 08:58:00,STR017,PRD0056,CUS00445,5,26.02,0.0,0.0,130.1,gift_card,in_store,USD
TXN0001096,2024-04-08 21:21:00,STR007,PRD0002,CUS00328,4,26.09,0.0,0.0,104.36,mobile_pay,in_store,USD
TXN0001097,2024-02-28 09:00:00,STR016,PRD0101,CUS00221,3,437.08,0.05,65.56,1245.68,debit_card,online,USD
TXN0001098,2024-09-02 20:04:00,STR008,PRD0022,CUS00132,2,146.15,0.0,0.0,292.3,cash,online,USD
TXN0001099,2024-10-09 20:56:00,STR006,PRD0106,CUS00024,5,558.66,0.0,0.0,2793.3,mobile_pay,online,USD
TXN0001100,2024-01-04 10:46:00,STR005,PRD0107,,3,368.5,0.05,55.28,1050.22,debit_card,mobile_app,USD
TXN0001101,2024-08-20 18:54:00,STR015,PRD0025,CUS00379,1,116.31,0.0,0.0,116.31,debit_card,online,USD
TXN0001102,2024-12-19 12:02:00,STR021,PRD0037,CUS00110,1,47.85,0.0,0.0,47.85,credit_card,online,USD
TXN0001103,2024-04-08 08:00:00,STR012,PRD0018,CUS00117,5,94.47,0.0,0.0,472.35,credit_card,in_store,USD
TXN0001104,2024-12-28 18:03:00,STR012,PRD0032,CUS00224,3,251.17,0.0,0.0,753.51,cash,in_store,USD
TXN0001105,2024-01-13 15:55:00,STR018,PRD0056,CUS00136,1,26.02,0.0,0.0,26.02,gift_card,in_store,USD
TXN0001106,2024-12-02 17:15:00,STR002,PRD0029,CUS00424,1,354.91,0.0,0.0,354.91,gift_card,in_store,USD
TXN0001107,2024-12-11 11:17:00,STR020,PRD0006,CUS00178,3,101.59,0.0,0.0,304.77,debit_card,in_store,USD
TXN0001108,2024-01-29 09:22:00,STR011,PRD0100,CUS00428,5,576.59,0.0,0.0,2882.95,mobile_pay,in_store,USD
TXN0001109,2024-02-17 14:28:00,STR009,PRD0071,CUS00055,5,327.28,0.0,0.0,1636.4,credit_card,online,USD
TXN0001110,2024-06-08 18:34:00,STR018,PRD0113,CUS00251,3,336.98,0.0,0.0,1010.94,mobile_pay,online,USD
TXN0001111,2024-01-12 15:53:00,STR015,PRD0091,,5,122.8,0.0,0.0,614.0,debit_card,online,USD
TXN0001112,2024-03-13 14:56:00,STR018,PRD0043,CUS00208,3,621.23,0.0,0.0,1863.69,gift_card,in_store,USD
TXN0001113,2024-10-26 16:44:00,STR006,PRD0115,CUS00089,2,145.51,0.0,0.0,291.02,debit_card,online,USD
TXN0001114,2024-01-12 21:51:00,STR020,PRD0089,CUS00165,2,690.46,0.0,0.0,1380.92,cash,mobile_app,USD
TXN0001115,2024-09-09 12:48:00,STR023,PRD0030,CUS00500,4,80.67,0.0,0.0,322.68,mobile_pay,online,USD
TXN0001116,2024-05-27 09:04:00,STR010,PRD0094,CUS00275,2,326.53,0.0,0.0,653.06,credit_card,mobile_app,USD
TXN0001117,2024-04-09 19:43:00,STR002,PRD0013,CUS00053,5,80.66,0.0,0.0,403.3,mobile_pay,mobile_app,USD
TXN0001118,2024-04-21 08:29:00,STR017,PRD0013,CUS00206,2,80.66,0.0,0.0,161.32,debit_card,online,USD
TXN0001119,2024-02-10 18:07:00,STR007,PRD0061,CUS00206,1,169.37,0.2,33.87,135.5,credit_card,mobile_app,USD
TXN0001120,2024-07-31 19:20:00,STR007,PRD0113,CUS00125,2,336.98,0.0,0.0,673.96,credit_card,in_store,USD
TXN0001121,2024-01-05 21:38:00,STR012,PRD0052,CUS00292,4,76.14,0.1,30.46,274.1,debit_card,in_store,USD
TXN0001122,2024-08-10 08:37:00,STR021,PRD0045,,4,318.79,0.0,0.0,1275.16,mobile_pay,online,USD
TXN0001123,2024-06-27 09:55:00,STR017,PRD0027,CUS00164,4,490.08,0.0,0.0,1960.32,mobile_pay,in_store,USD
TXN0001124,2024-01-09 16:12:00,STR018,PRD0046,CUS00170,4,719.52,0.05,143.9,2734.18,mobile_pay,online,USD
TXN0001125,2024-04-19 08:56:00,STR022,PRD0011,CUS00086,1,526.75,0.0,0.0,526.75,debit_card,mobile_app,USD
TXN0001126,2024-12-27 15:31:00,STR007,PRD0079,CUS00261,3,643.15,0.0,0.0,1929.45,gift_card,online,USD
TXN0001127,2024-07-16 19:15:00,STR010,PRD0016,CUS00210,3,539.04,0.15,242.57,1374.55,debit_card,mobile_app,USD
TXN0001128,2024-02-19 21:15:00,STR017,PRD0106,CUS00358,2,558.66,0.05,55.87,1061.45,mobile_pay,mobile_app,USD
TXN0001129,2024-11-19 19:00:00,STR009,PRD0114,CUS00123,3,596.37,0.0,0.0,1789.11,debit_card,online,USD
TXN0001130,2024-06-07 08:08:00,STR008,PRD0061,CUS00218,3,169.37,0.0,0.0,508.11,gift_card,mobile_app,USD
TXN0001131,2024-08-02 17:08:00,STR021,PRD0078,CUS00247,1,678.93,0.0,0.0,678.93,cash,in_store,USD
TXN0001132,2024-03-22 08:56:00,STR019,PRD0099,CUS00444,3,388.71,0.0,0.0,1166.13,debit_card,online,USD
TXN0001133,2024-10-09 08:11:00,STR021,PRD0055,,3,264.5,0.0,0.0,793.5,gift_card,mobile_app,USD
TXN0001134,2024-09-22 12:28:00,STR003,PRD0044,CUS00248,3,126.49,0.0,0.0,379.47,mobile_pay,online,USD
TXN0001135,2024-03-26 14:58:00,STR002,PRD0066,CUS00061,5,404.74,0.0,0.0,2023.7,debit_card,online,USD
TXN0001136,2024-06-07 15:35:00,STR014,PRD0107,CUS00215,3,368.5,0.0,0.0,1105.5,credit_card,in_store,USD
TXN0001137,2024-11-08 09:37:00,STR001,PRD0019,CUS00314,4,351.82,0.0,0.0,1407.28,debit_card,mobile_app,USD
TXN0001138,2024-07-10 16:21:00,STR011,PRD0075,CUS00421,4,507.8,0.05,101.56,1929.64,debit_card,in_store,USD
TXN0001139,2024-06-01 12:25:00,STR001,PRD0045,CUS00195,2,318.79,0.0,0.0,637.58,debit_card,in_store,USD
TXN0001140,2024-01-27 16:39:00,STR019,PRD0030,CUS00273,2,80.67,0.05,8.07,153.27,cash,mobile_app,USD
TXN0001141,2024-10-17 16:58:00,STR004,PRD0103,CUS00008,2,58.52,0.0,0.0,117.04,gift_card,online,USD
TXN0001142,2024-04-15 16:08:00,STR009,PRD0026,CUS00153,4,172.92,0.0,0.0,691.68,credit_card,mobile_app,USD
TXN0001143,2024-02-04 13:36:00,STR003,PRD0001,CUS00263,5,137.75,0.0,0.0,688.75,mobile_pay,online,USD
TXN0001144,2024-06-08 11:01:00,STR018,PRD0013,,4,80.66,0.0,0.0,322.64,cash,mobile_app,USD
TXN0001145,2024-05-12 19:17:00,STR021,PRD0058,CUS00143,3,61.42,0.0,0.0,184.26,cash,mobile_app,USD
TXN0001146,2024-01-17 16:54:00,STR023,PRD0029,CUS00339,5,354.91,0.0,0.0,1774.55,mobile_pay,in_store,USD
TXN0001147,2024-05-11 14:29:00,STR019,PRD0097,CUS00134,4,118.36,0.05,23.67,449.77,debit_card,in_store,USD
TXN0001148,2024-07-31 20:58:00,STR002,PRD0042,CUS00259,1,140.2,0.0,0.0,140.2,cash,online,USD
TXN0001149,2024-03-14 12:30:00,STR017,PRD0099,CUS00140,2,388.71,0.0,0.0,777.42,debit_card,in_store,USD
TXN0001150,2024-08-13 16:39:00,STR002,PRD0046,CUS00252,3,719.52,0.0,0.0,2158.56,credit_card,online,USD
TXN0001151,2024-03-29 19:20:00,STR009,PRD0077,CUS00395,4,898.98,0.05,179.8,3416.12,debit_card,in_store,USD
TXN0001152,2024-07-31 10:33:00,STR012,PRD0086,CUS00387,4,139.31,0.0,0.0,557.24,gift_card,in_store,USD
TXN0001153,2024-06-26 13:19:00,STR016,PRD0013,CUS00148,3,80.66,0.0,0.0,241.98,cash,mobile_app,USD
TXN0001154,2024-11-19 18:31:00,STR003,PRD0045,CUS00476,1,318.79,0.05,15.94,302.85,mobile_pay,online,USD
TXN0001155,2024-08-18 12:04:00,STR008,PRD0103,,4,58.52,0.0,0.0,234.08,credit_card,in_store,USD
TXN0001156,2024-10-08 16:35:00,STR005,PRD0088,CUS00062,3,266.3,0.0,0.0,798.9,credit_card,in_store,USD
TXN0001157,2024-08-28 12:29:00,STR011,PRD0116,CUS00016,2,648.85,0.15,194.66,1103.04,mobile_pay,online,USD
TXN0001158,2024-08-23 20:43:00,STR015,PRD0044,CUS00045,3,126.49,0.0,0.0,379.47,mobile_pay,mobile_app,USD
TXN0001159,2024-08-13 19:58:00,STR007,PRD0059,CUS00200,3,458.19,0.0,0.0,1374.57,gift_card,in_store,USD
TXN0001160,2024-05-07 21:53:00,STR021,PRD0031,CUS00363,1,77.68,0.0,0.0,77.68,mobile_pay,online,USD
TXN0001161,2024-09-20 11:36:00,STR019,PRD0118,CUS00040,1,317.96,0.0,0.0,317.96,mobile_pay,in_store,USD
TXN0001162,2024-05-22 21:20:00,STR023,PRD0009,CUS00418,3,675.27,0.0,0.0,2025.81,debit_card,online,USD
TXN0001163,2024-05-28 08:20:00,STR019,PRD0086,CUS00117,3,139.31,0.0,0.0,417.93,credit_card,in_store,USD
TXN0001164,2024-05-01 11:49:00,STR021,PRD0072,CUS00186,2,500.55,0.0,0.0,1001.1,credit_card,in_store,USD
TXN0001165,2024-07-11 11:31:00,STR017,PRD0039,CUS00021,3,415.77,0.0,0.0,1247.31,cash,online,USD
TXN0001166,2024-05-18 15:19:00,STR011,PRD0080,,3,270.17,0.0,0.0,810.51,credit_card,online,USD
TXN0001167,2024-12-09 08:53:00,STR008,PRD0018,CUS00362,2,94.47,0.0,0.0,188.94,mobile_pay,mobile_app,USD
TXN0001168,2024-01-23 14:23:00,STR003,PRD0013,CUS00402,5,80.66,0.0,0.0,403.3,mobile_pay,mobile_app,USD
TXN0001169,2024-09-13 11:47:00,STR014,PRD0088,CUS00220,5,266.3,0.0,0.0,1331.5,mobile_pay,in_store,USD
TXN0001170,2024-04-27 18:12:00,STR006,PRD0075,CUS00077,3,507.8,0.0,0.0,1523.4,credit_card,in_store,USD
TXN0001171,2024-11-11 16:31:00,STR022,PRD0100,CUS00205,5,576.59,0.0,0.0,2882.95,debit_card,mobile_app,USD
TXN0001172,2024-09-10 09:28:00,STR015,PRD0063,CUS00409,4,23.14,0.0,0.0,92.56,debit_card,mobile_app,USD
TXN0001173,2024-08-29 13:26:00,STR018,PRD0100,CUS00119,5,576.59,0.2,576.59,2306.36,mobile_pay,online,USD
TXN0001174,2024-09-27 19:53:00,STR022,PRD0080,CUS00175,3,270.17,0.0,0.0,810.51,credit_card,online,USD
TXN0001175,2024-08-09 18:09:00,STR019,PRD0011,CUS00293,2,526.75,0.0,0.0,1053.5,cash,online,USD
TXN0001176,2024-05-01 12:15:00,STR012,PRD0061,CUS00456,3,169.37,0.0,0.0,508.11,credit_card,in_store,USD
TXN0001177,2024-05-31 18:57:00,STR014,PRD0006,,5,101.59,0.0,0.0,507.95,debit_card,mobile_app,USD
TXN0001178,2024-01-08 20:52:00,STR013,PRD0082,CUS00324,4,82.51,0.0,0.0,330.04,credit_card,mobile_app,USD
TXN0001179,2024-09-15 15:32:00,STR007,PRD0032,CUS00298,2,251.17,0.0,0.0,502.34,gift_card,online,USD
TXN0001180,2024-12-02 18:58:00,STR017,PRD0093,CUS00419,4,410.67,0.0,0.0,1642.68,gift_card,mobile_app,USD
TXN0001181,2024-12-18 20:37:00,STR010,PRD0072,CUS00359,4,500.55,0.0,0.0,2002.2,credit_card,online,USD
TXN0001182,2024-02-21 13:14:00,STR021,PRD0031,CUS00146,2,77.68,0.0,0.0,155.36,debit_card,online,USD
TXN0001183,2024-07-29 17:05:00,STR022,PRD0021,CUS00283,4,411.07,0.0,0.0,1644.28,debit_card,online,USD
TXN0001184,2024-10-22 15:44:00,STR018,PRD0103,CUS00446,1,58.52,0.0,0.0,58.52,debit_card,mobile_app,USD
TXN0001185,2024-12-13 19:01:00,STR017,PRD0030,CUS00411,5,80.67,0.0,0.0,403.35,gift_card,in_store,USD
TXN0001186,2024-08-16 21:02:00,STR023,PRD0091,CUS00286,4,122.8,0.0,0.0,491.2,debit_card,online,USD
TXN0001187,2024-04-25 10:35:00,STR019,PRD0092,CUS00028,5,353.85,0.0,0.0,1769.25,credit_card,in_store,USD
TXN0001188,2024-01-27 11:45:00,STR021,PRD0069,,1,527.04,0.0,0.0,527.04,debit_card,online,USD
TXN0001189,2024-11-12 18:31:00,STR010,PRD0093,CUS00446,4,410.67,0.05,82.13,1560.55,gift_card,online,USD
TXN0001190,2024-09-28 15:35:00,STR005,PRD0089,CUS00265,2,690.46,0.1,138.09,1242.83,credit_card,mobile_app,USD
TXN0001191,2024-02-13 08:15:00,STR001,PRD0090,CUS00287,3,69.19,0.05,10.38,197.19,cash,online,USD
TXN0001192,2024-12-22 13:43:00,STR018,PRD0009,CUS00122,5,675.27,0.0,0.0,3376.35,gift_card,mobile_app,USD
TXN0001193,2024-07-10 08:02:00,STR013,PRD0061,CUS00256,2,169.37,0.0,0.0,338.74,gift_card,online,USD
TXN0001194,2024-05-03 16:06:00,STR005,PRD0117,CUS00262,5,54.14,0.0,0.0,270.7,debit_card,online,USD
TXN0001195,2024-12-25 20:48:00,STR001,PRD0010,CUS00302,2,276.68,0.0,0.0,553.36,debit_card,in_store,USD
TXN0001196,2024-02-15 15:37:00,STR005,PRD0025,CUS00052,3,116.31,0.0,0.0,348.93,gift_card,mobile_app,USD
TXN0001197,2024-02-11 17:01:00,STR005,PRD0031,CUS00202,5,77.68,0.1,38.84,349.56,credit_card,online,USD
TXN0001198,2024-12-17 10:22:00,STR008,PRD0028,CUS00164,1,621.82,0.15,93.27,528.55,cash,online,USD
TXN0001199,2024-04-30 11:31:00,STR009,PRD0058,,2,61.42,0.15,18.43,104.41,gift_card,online,USD
TXN0001200,2024-04-25 19:53:00,STR004,PRD0005,CUS00473,1,259.57,0.0,0.0,259.57,cash,in_store,USD
TXN0001201,2024-03-03 08:16:00,STR004,PRD0048,CUS00031,3,473.17,0.0,0.0,1419.51,debit_card,online,USD
TXN0001202,2024-07-09 21:21:00,STR010,PRD0015,CUS00008,5,541.61,0.0,0.0,2708.05,mobile_pay,in_store,USD
TXN0001203,2024-03-20 13:31:00,STR006,PRD0080,CUS00399,4,270.17,0.0,0.0,1080.68,debit_card,online,USD
TXN0001204,2024-05-25 09:17:00,STR022,PRD0098,CUS00380,2,244.56,0.2,97.82,391.3,gift_card,in_store,USD
TXN0001205,2024-10-17 21:37:00,STR017,PRD0100,CUS00379,2,576.59,0.0,0.0,1153.18,credit_card,mobile_app,USD
TXN0001206,2024-12-23 12:23:00,STR012,PRD0026,CUS00357,2,172.92,0.0,0.0,345.84,cash,online,USD
TXN0001207,2024-10-07 08:15:00,STR015,PRD0100,CUS00240,3,576.59,0.0,0.0,1729.77,debit_card,online,USD
TXN0001208,2024-11-01 12:48:00,STR006,PRD0009,CUS00415,2,675.27,0.0,0.0,1350.54,cash,mobile_app,USD
TXN0001209,2024-04-08 21:38:00,STR023,PRD0008,CUS00285,4,455.65,0.0,0.0,1822.6,credit_card,online,USD
TXN0001210,2024-07-24 16:42:00,STR016,PRD0053,,1,321.56,0.15,48.23,273.33,credit_card,online,USD
TXN0001211,2024-08-01 13:26:00,STR016,PRD0093,CUS00444,5,410.67,0.1,205.34,1848.01,debit_card,in_store,USD
TXN0001212,2024-05-25 12:57:00,STR014,PRD0078,CUS00434,4,678.93,0.0,0.0,2715.72,debit_card,in_store,USD
TXN0001213,2024-10-19 14:50:00,STR020,PRD0117,CUS00218,5,54.14,0.0,0.0,270.7,debit_card,mobile_app,USD
TXN0001214,2024-08-30 21:25:00,STR001,PRD0054,CUS00155,3,694.62,0.0,0.0,2083.86,cash,mobile_app,USD
TXN0001215,2024-04-08 17:48:00,STR004,PRD0067,CUS00302,1,544.43,0.0,0.0,544.43,cash,online,USD
TXN0001216,2024-10-06 19:51:00,STR013,PRD0086,CUS00362,2,139.31,0.0,0.0,278.62,credit_card,online,USD
TXN0001217,2024-04-21 16:12:00,STR013,PRD0042,CUS00040,4,140.2,0.0,0.0,560.8,mobile_pay,in_store,USD
TXN0001218,2024-07-30 09:44:00,STR009,PRD0120,CUS00428,5,136.37,0.05,34.09,647.76,gift_card,mobile_app,USD
TXN0001219,2024-12-28 16:21:00,STR011,PRD0054,CUS00086,1,694.62,0.0,0.0,694.62,cash,online,USD
TXN0001220,2024-12-06 12:43:00,STR016,PRD0096,CUS00099,1,389.05,0.0,0.0,389.05,cash,online,USD
TXN0001221,2024-04-05 15:09:00,STR017,PRD0056,,1,26.02,0.0,0.0,26.02,credit_card,online,USD
TXN0001222,2024-05-11 09:52:00,STR023,PRD0100,CUS00491,2,576.59,0.0,0.0,1153.18,gift_card,online,USD
TXN0001223,2024-04-04 13:41:00,STR009,PRD0039,CUS00178,3,415.77,0.0,0.0,1247.31,debit_card,in_store,USD
TXN0001224,2024-08-21 12:18:00,STR004,PRD0005,CUS00282,3,259.57,0.0,0.0,778.71,mobile_pay,online,USD
TXN0001225,2024-04-08 08:29:00,STR009,PRD0063,CUS00399,3,23.14,0.0,0.0,69.42,debit_card,mobile_app,USD
TXN0001226,2024-04-02 17:47:00,STR016,PRD0074,CUS00045,1,304.27,0.1,30.43,273.84,debit_card,online,USD
TXN0001227,2024-01-03 20:36:00,STR023,PRD0041,CUS00201,5,491.81,0.2,491.81,1967.24,mobile_pay,online,USD
TXN0001228,2024-05-09 16:34:00,STR012,PRD0006,CUS00491,1,101.59,0.0,0.0,101.59,mobile_pay,mobile_app,USD
TXN0001229,2024-08-07 20:04:00,STR021,PRD0079,CUS00346,5,643.15,0.05,160.79,3054.96,gift_card,mobile_app,USD
TXN0001230,2024-04-02 10:26:00,STR005,PRD0111,CUS00079,2,661.33,0.0,0.0,1322.66,cash,mobile_app,USD
TXN0001231,2024-08-28 18:01:00,STR006,PRD0016,CUS00159,3,539.04,0.0,0.0,1617.12,gift_card,in_store,USD
TXN0001232,2024-02-04 11:46:00,STR005,PRD0094,,5,326.53,0.0,0.0,1632.65,mobile_pay,online,USD
TXN0001233,2024-12-14 13:31:00,STR015,PRD0092,CUS00412,4,353.85,0.05,70.77,1344.63,cash,online,USD
TXN0001234,2024-07-26 14:42:00,STR016,PRD0101,CUS00410,5,437.08,0.0,0.0,2185.4,credit_card,online,USD
TXN0001235,2024-01-03 10:50:00,STR019,PRD0084,CUS00487,5,127.62,0.1,63.81,574.29,mobile_pay,online,USD
TXN0001236,2024-07-06 12:36:00,STR016,PRD0064,CUS00269,3,475.35,0.1,142.6,1283.45,mobile_pay,in_store,USD
TXN0001237,2024-11-23 17:21:00,STR002,PRD0038,CUS00378,3,879.64,0.1,263.89,2375.03,gift_card,online,USD
TXN0001238,2024-07-18 18:33:00,STR004,PRD0099,CUS00028,5,388.71,0.0,0.0,1943.55,gift_card,in_store,USD
TXN0001239,2024-09-05 13:15:00,STR020,PRD0039,CUS00296,4,415.77,0.1,166.31,1496.77,gift_card,online,USD
TXN0001240,2024-03-28 11:45:00,STR002,PRD0003,CUS00196,5,569.87,0.0,0.0,2849.35,debit_card,online,USD
TXN0001241,2024-02-28 18:03:00,STR002,PRD0064,CUS00362,4,475.35,0.0,0.0,1901.4,credit_card,mobile_app,USD
TXN0001242,2024-12-06 12:47:00,STR022,PRD0015,CUS00058,1,541.61,0.1,54.16,487.45,debit_card,online,USD
TXN0001243,2024-03-15 11:07:00,STR020,PRD0104,,1,398.02,0.0,0.0,398.02,mobile_pay,in_store,USD
TXN0001244,2024-08-22 17:01:00,STR002,PRD0064,CUS00310,4,475.35,0.2,380.28,1521.12,gift_card,online,USD
TXN0001245,2024-06-15 09:52:00,STR022,PRD0077,CUS00239,2,898.98,0.0,0.0,1797.96,debit_card,online,USD
TXN0001246,2024-10-23 19:46:00,STR003,PRD0096,CUS00085,3,389.05,0.0,0.0,1167.15,debit_card,in_store,USD
TXN0001247,2024-04-12 18:37:00,STR008,PRD0046,CUS00156,3,719.52,0.0,0.0,2158.56,cash,in_store,USD
TXN0001248,2024-01-09 14:40:00,STR008,PRD0100,CUS00102,5,576.59,0.15,432.44,2450.51,credit_card,mobile_app,USD
TXN0001249,2024-05-23 19:43:00,STR013,PRD0005,CUS00175,3,259.57,0.15,116.81,661.9,credit_card,mobile_app,USD
TXN0001250,2024-08-19 13:35:00,STR005,PRD0046,CUS00041,3,719.52,0.0,0.0,2158.56,gift_card,online,USD
TXN0001251,2024-08-28 21:54:00,STR005,PRD0043,CUS00321,2,621.23,0.0,0.0,1242.46,gift_card,online,USD
TXN0001252,2024-02-16 15:29:00,STR007,PRD0004,CUS00316,1,602.78,0.1,60.28,542.5,gift_card,in_store,USD
TXN0001253,2024-04-24 08:20:00,STR017,PRD0007,CUS00239,2,274.3,0.0,0.0,548.6,cash,in_store,USD
TXN0001254,2024-08-15 10:34:00,STR022,PRD0039,,1,415.77,0.0,0.0,415.77,mobile_pay,online,USD
TXN0001255,2024-10-28 17:16:00,STR004,PRD0014,CUS00009,3,10.52,0.0,0.0,31.56,debit_card,in_store,USD
TXN0001256,2024-06-23 17:53:00,STR009,PRD0079,CUS00412,3,643.15,0.05,96.47,1832.98,cash,in_store,USD
TXN0001257,2024-10-31 18:26:00,STR022,PRD0018,CUS00455,1,94.47,0.0,0.0,94.47,gift_card,online,USD
TXN0001258,2024-11-02 08:49:00,STR007,PRD0036,CUS00274,1,405.13,0.0,0.0,405.13,mobile_pay,in_store,USD
TXN0001259,2024-06-04 13:24:00,STR009,PRD0008,CUS00272,1,455.65,0.15,68.35,387.3,debit_card,online,USD
TXN0001260,2024-12-10 15:07:00,STR006,PRD0045,CUS00396,4,318.79,0.0,0.0,1275.16,cash,online,USD
TXN0001261,2024-07-01 11:54:00,STR006,PRD0093,CUS00100,1,410.67,0.0,0.0,410.67,credit_card,in_store,USD
TXN0001262,2024-09-26 21:53:00,STR011,PRD0026,CUS00195,2,172.92,0.1,34.58,311.26,mobile_pay,in_store,USD
TXN0001263,2024-12-07 15:21:00,STR006,PRD0073,CUS00084,5,577.08,0.05,144.27,2741.13,debit_card,mobile_app,USD
TXN0001264,2024-07-16 08:57:00,STR018,PRD0062,CUS00288,2,355.41,0.0,0.0,710.82,gift_card,online,USD
TXN0001265,2024-04-17 18:43:00,STR003,PRD0062,,2,355.41,0.05,35.54,675.28,credit_card,online,USD
TXN0001266,2024-06-11 10:06:00,STR021,PRD0075,CUS00354,4,507.8,0.05,101.56,1929.64,cash,in_store,USD
TXN0001267,2024-02-08 09:16:00,STR017,PRD0011,CUS00248,1,526.75,0.0,0.0,526.75,credit_card,mobile_app,USD
TXN0001268,2024-07-16 10:18:00,STR014,PRD0059,CUS00500,1,458.19,0.2,91.64,366.55,gift_card,mobile_app,USD
TXN0001269,2024-08-24 16:08:00,STR021,PRD0100,CUS00005,3,576.59,0.0,0.0,1729.77,cash,online,USD
TXN0001270,2024-02-05 11:25:00,STR022,PRD0120,CUS00194,1,136.37,0.0,0.0,136.37,gift_card,mobile_app,USD
TXN0001271,2024-09-17 18:02:00,STR017,PRD0098,CUS00328,5,244.56,0.0,0.0,1222.8,mobile_pay,online,USD
TXN0001272,2024-05-04 14:32:00,STR006,PRD0044,CUS00319,2,126.49,0.0,0.0,252.98,debit_card,in_store,USD
TXN0001273,2024-08-08 11:32:00,STR012,PRD0050,CUS00366,1,201.33,0.15,30.2,171.13,mobile_pay,mobile_app,USD
TXN0001274,2024-07-17 14:10:00,STR014,PRD0103,CUS00371,1,58.52,0.0,0.0,58.52,credit_card,online,USD
TXN0001275,2024-12-13 17:12:00,STR001,PRD0109,CUS00090,3,459.8,0.0,0.0,1379.4,gift_card,mobile_app,USD
TXN0001276,2024-12-26 19:21:00,STR009,PRD0033,,3,269.98,0.0,0.0,809.94,gift_card,online,USD
TXN0001277,2024-01-15 14:26:00,STR007,PRD0045,CUS00178,2,318.79,0.0,0.0,637.58,cash,online,USD
TXN0001278,2024-07-02 08:33:00,STR004,PRD0109,CUS00385,3,459.8,0.1,137.94,1241.46,debit_card,in_store,USD
TXN0001279,2024-11-04 08:28:00,STR004,PRD0007,CUS00063,4,274.3,0.0,0.0,1097.2,credit_card,in_store,USD
TXN0001280,2024-12-30 09:06:00,STR001,PRD0114,CUS00450,3,596.37,0.05,89.46,1699.65,mobile_pay,mobile_app,USD
TXN0001281,2024-07-17 17:28:00,STR001,PRD0111,CUS00037,2,661.33,0.0,0.0,1322.66,cash,online,USD
TXN0001282,2024-03-09 21:31:00,STR015,PRD0088,CUS00369,3,266.3,0.0,0.0,798.9,debit_card,mobile_app,USD
TXN0001283,2024-01-12 16:07:00,STR014,PRD0081,CUS00351,5,429.07,0.0,0.0,2145.35,cash,in_store,USD
TXN0001284,2024-09-11 18:30:00,STR002,PRD0007,CUS00435,4,274.3,0.0,0.0,1097.2,cash,mobile_app,USD
TXN0001285,2024-11-19 08:32:00,STR009,PRD0109,CUS00018,2,459.8,0.0,0.0,919.6,cash,mobile_app,USD
TXN0001286,2024-03-10 16:46:00,STR016,PRD0020,CUS00386,2,595.59,0.0,0.0,1191.18,mobile_pay,online,USD
TXN0001287,2024-10-06 09:12:00,STR009,PRD0108,,1,99.37,0.0,0.0,99.37,mobile_pay,in_store,USD
TXN0001288,2024-08-12 15:20:00,STR019,PRD0031,CUS00054,2,77.68,0.15,23.3,132.06,credit_card,in_store,USD
TXN0001289,2024-12-11 10:38:00,STR006,PRD0032,CUS00489,3,251.17,0.0,0.0,753.51,cash,online,USD
TXN0001290,2024-04-08 08:17:00,STR003,PRD0109,CUS00338,2,459.8,0.0,0.0,919.6,credit_card,in_store,USD
TXN0001291,2024-09-02 16:13:00,STR015,PRD0106,CUS00342,3,558.66,0.0,0.0,1675.98,gift_card,mobile_app,USD
TXN0001292,2024-08-13 19:15:00,STR021,PRD0003,CUS00442,2,569.87,0.0,0.0,1139.74,gift_card,in_store,USD
TXN0001293,2024-02-13 09:17:00,STR023,PRD0036,CUS00443,1,405.13,0.0,0.0,405.13,gift_card,in_store,USD
TXN0001294,2024-05-27 21:06:00,STR015,PRD0079,CUS00065,4,643.15,0.1,257.26,2315.34,gift_card,online,USD
TXN0001295,2024-05-11 20:58:00,STR013,PRD0009,CUS00452,2,675.27,0.0,0.0,1350.54,mobile_pay,in_store,USD
TXN0001296,2024-02-21 11:41:00,STR020,PRD0086,CUS00286,1,139.31,0.0,0.0,139.31,credit_card,mobile_app,USD
TXN0001297,2024-07-21 08:08:00,STR014,PRD0095,CUS00499,3,658.33,0.0,0.0,1974.99,mobile_pay,online,USD
TXN0001298,2024-08-15 20:55:00,STR019,PRD0039,,3,415.77,0.0,0.0,1247.31,credit_card,mobile_app,USD
TXN0001299,2024-08-30 12:31:00,STR017,PRD0026,CUS00258,4,172.92,0.1,69.17,622.51,cash,online,USD
TXN0001300,2024-12-30 08:30:00,STR010,PRD0072,CUS00287,1,500.55,0.2,100.11,400.44,cash,mobile_app,USD
TXN0001301,2024-02-21 08:23:00,STR008,PRD0002,CUS00393,5,26.09,0.05,6.52,123.93,gift_card,online,USD
TXN0001302,2024-09-27 13:24:00,STR007,PRD0092,CUS00202,1,353.85,0.0,0.0,353.85,gift_card,mobile_app,USD
TXN0001303,2024-03-07 18:56:00,STR020,PRD0041,CUS00274,2,491.81,0.0,0.0,983.62,debit_card,in_store,USD
TXN0001304,2024-02-08 21:25:00,STR008,PRD0089,CUS00028,3,690.46,0.0,0.0,2071.38,credit_card,mobile_app,USD
TXN0001305,2024-05-18 19:29:00,STR012,PRD0064,CUS00286,5,475.35,0.0,0.0,2376.75,mobile_pay,mobile_app,USD
TXN0001306,2024-07-29 17:00:00,STR017,PRD0107,CUS00249,4,368.5,0.0,0.0,1474.0,mobile_pay,mobile_app,USD
TXN0001307,2024-02-02 08:43:00,STR022,PRD0066,CUS00027,3,404.74,0.0,0.0,1214.22,debit_card,online,USD
TXN0001308,2024-09-10 14:03:00,STR008,PRD0084,CUS00193,4,127.62,0.0,0.0,510.48,gift_card,in_store,USD
TXN0001309,2024-11-03 11:25:00,STR013,PRD0116,,4,648.85,0.05,129.77,2465.63,gift_card,in_store,USD
TXN0001310,2024-03-14 19:59:00,STR018,PRD0057,CUS00085,2,412.83,0.05,41.28,784.38,credit_card,online,USD
TXN0001311,2024-06-03 20:39:00,STR016,PRD0066,CUS00468,4,404.74,0.2,323.79,1295.17,cash,in_store,USD
TXN0001312,2024-06-21 13:25:00,STR015,PRD0073,CUS00319,3,577.08,0.05,86.56,1644.68,cash,online,USD
TXN0001313,2024-03-04 16:24:00,STR009,PRD0120,CUS00235,2,136.37,0.15,40.91,231.83,credit_card,online,USD
TXN0001314,2024-03-16 20:31:00,STR023,PRD0032,CUS00192,2,251.17,0.15,75.35,426.99,gift_card,online,USD
TXN0001315,2024-06-13 19:01:00,STR016,PRD0080,CUS00418,3,270.17,0.1,81.05,729.46,mobile_pay,online,USD
TXN0001316,2024-05-28 13:02:00,STR001,PRD0040,CUS00041,4,823.32,0.0,0.0,3293.28,cash,online,USD
TXN0001317,2024-03-23 12:35:00,STR008,PRD0049,CUS00159,5,327.25,0.0,0.0,1636.25,mobile_pay,mobile_app,USD
TXN0001318,2024-12-16 10:02:00,STR013,PRD0026,CUS00496,1,172.92,0.0,0.0,172.92,cash,mobile_app,USD
TXN0001319,2024-06-05 10:10:00,STR016,PRD0077,CUS00232,1,898.98,0.0,0.0,898.98,cash,online,USD
TXN0001320,2024-05-15 18:43:00,STR010,PRD0041,,4,491.81,0.0,0.0,1967.24,debit_card,in_store,USD
TXN0001321,2024-01-10 15:13:00,STR020,PRD0025,CUS00377,2,116.31,0.0,0.0,232.62,mobile_pay,online,USD
TXN0001322,2024-03-12 11:03:00,STR013,PRD0053,CUS00200,3,321.56,0.1,96.47,868.21,mobile_pay,mobile_app,USD
TXN0001323,2024-05-16 11:55:00,STR014,PRD0114,CUS00183,2,596.37,0.0,0.0,1192.74,credit_card,mobile_app,USD
TXN0001324,2024-06-08 16:14:00,STR002,PRD0079,CUS00412,5,643.15,0.0,0.0,3215.75,cash,online,USD
TXN0001325,2024-04-02 09:02:00,STR011,PRD0066,CUS00272,4,404.74,0.0,0.0,1618.96,cash,mobile_app,USD
TXN0001326,2024-10-24 11:47:00,STR017,PRD0055,CUS00292,3,264.5,0.1,79.35,714.15,credit_card,online,USD
TXN0001327,2024-07-26 19:26:00,STR020,PRD0104,CUS00399,4,398.02,0.0,0.0,1592.08,debit_card,in_store,USD
TXN0001328,2024-11-05 08:54:00,STR014,PRD0109,CUS00060,3,459.8,0.0,0.0,1379.4,cash,in_store,USD
TXN0001329,2024-11-02 12:44:00,STR022,PRD0035,CUS00375,2,234.61,0.0,0.0,469.22,debit_card,mobile_app,USD
TXN0001330,2024-08-19 19:43:00,STR003,PRD0033,CUS00189,3,269.98,0.0,0.0,809.94,debit_card,mobile_app,USD
TXN0001331,2024-03-31 09:47:00,STR003,PRD0113,,4,336.98,0.0,0.0,1347.92,mobile_pay,mobile_app,USD
TXN0001332,2024-06-12 10:25:00,STR021,PRD0037,CUS00332,4,47.85,0.0,0.0,191.4,debit_card,online,USD
TXN0001333,2024-10-05 13:30:00,STR022,PRD0084,CUS00111,1,127.62,0.0,0.0,127.62,debit_card,online,USD
TXN0001334,2024-11-30 19:40:00,STR013,PRD0103,CUS00493,5,58.52,0.0,0.0,292.6,debit_card,online,USD
TXN0001335,2024-07-01 19:24:00,STR020,PRD0086,CUS00318,1,139.31,0.0,0.0,139.31,credit_card,mobile_app,USD
TXN0001336,2024-01-17 13:05:00,STR007,PRD0007,CUS00485,2,274.3,0.1,54.86,493.74,credit_card,online,USD
TXN0001337,2024-05-09 09:13:00,STR018,PRD0096,CUS00343,5,389.05,0.0,0.0,1945.25,cash,mobile_app,USD
TXN0001338,2024-12-20 08:47:00,STR004,PRD0083,CUS00431,2,247.1,0.15,74.13,420.07,cash,mobile_app,USD
TXN0001339,2024-04-01 15:19:00,STR001,PRD0084,CUS00278,4,127.62,0.0,0.0,510.48,debit_card,online,USD
TXN0001340,2024-09-15 17:37:00,STR014,PRD0044,CUS00467,5,126.49,0.0,0.0,632.45,debit_card,online,USD
TXN0001341,2024-12-26 20:47:00,STR011,PRD0030,CUS00074,3,80.67,0.0,0.0,242.01,cash,mobile_app,USD
TXN0001342,2024-06-12 17:21:00,STR003,PRD0070,,1,31.14,0.15,4.67,26.47,cash,mobile_app,USD
TXN0001343,2024-04-03 11:15:00,STR017,PRD0040,CUS00169,4,823.32,0.0,0.0,3293.28,mobile_pay,in_store,USD
TXN0001344,2024-11-15 18:04:00,STR011,PRD0039,CUS00301,5,415.77,0.0,0.0,2078.85,mobile_pay,in_store,USD
TXN0001345,2024-12-01 12:27:00,STR005,PRD0001,CUS00022,2,137.75,0.0,0.0,275.5,mobile_pay,in_store,USD
TXN0001346,2024-11-02 20:29:00,STR001,PRD0065,CUS00131,4,286.09,0.0,0.0,1144.36,mobile_pay,mobile_app,USD
TXN0001347,2024-09-27 19:02:00,STR018,PRD0038,CUS00377,1,879.64,0.0,0.0,879.64,mobile_pay,mobile_app,USD
TXN0001348,2024-02-16 09:44:00,STR018,PRD0005,CUS00233,4,259.57,0.0,0.0,1038.28,debit_card,in_store,USD
TXN0001349,2024-09-07 17:51:00,STR001,PRD0109,CUS00496,1,459.8,0.0,0.0,459.8,credit_card,mobile_app,USD
TXN0001350,2024-01-31 21:07:00,STR001,PRD0031,CUS00325,5,77.68,0.0,0.0,388.4,credit_card,mobile_app,USD
TXN0001351,2024-02-16 11:27:00,STR001,PRD0005,CUS00052,5,259.57,0.15,194.68,1103.17,debit_card,mobile_app,USD
TXN0001352,2024-01-22 19:17:00,STR009,PRD0086,CUS00110,1,139.31,0.0,0.0,139.31,debit_card,mobile_app,USD
TXN0001353,2024-06-16 20:25:00,STR003,PRD0057,,4,412.83,0.0,0.0,1651.32,mobile_pay,in_store,USD
TXN0001354,2024-06-18 16:10:00,STR002,PRD0109,CUS00384,2,459.8,0.0,0.0,919.6,gift_card,mobile_app,USD
TXN0001355,2024-05-11 19:56:00,STR010,PRD0037,CUS00332,2,47.85,0.0,0.0,95.7,cash,mobile_app,USD
TXN0001356,2024-12-13 19:01:00,STR012,PRD0043,CUS00080,1,621.23,0.0,0.0,621.23,debit_card,mobile_app,USD
TXN0001357,2024-02-21 14:52:00,STR022,PRD0118,CUS00451,1,317.96,0.0,0.0,317.96,mobile_pay,mobile_app,USD
TXN0001358,2024-10-25 21:18:00,STR010,PRD0087,CUS00287,5,488.55,0.0,0.0,2442.75,mobile_pay,mobile_app,USD
TXN0001359,2024-10-23 09:50:00,STR002,PRD0047,CUS00097,5,487.35,0.0,0.0,2436.75,debit_card,in_store,USD
TXN0001360,2024-03-19 17:47:00,STR007,PRD0087,CUS00037,3,488.55,0.0,0.0,1465.65,cash,mobile_app,USD
TXN0001361,2024-03-03 08:18:00,STR004,PRD0008,CUS00107,4,455.65,0.0,0.0,1822.6,mobile_pay,in_store,USD
TXN0001362,2024-12-21 10:43:00,STR009,PRD0005,CUS00036,2,259.57,0.0,0.0,519.14,mobile_pay,in_store,USD
TXN0001363,2024-08-06 18:55:00,STR001,PRD0062,CUS00208,3,355.41,0.0,0.0,1066.23,gift_card,in_store,USD
TXN0001364,2024-09-10 16:17:00,STR021,PRD0054,,5,694.62,0.0,0.0,3473.1,credit_card,in_store,USD
TXN0001365,2024-05-17 13:25:00,STR006,PRD0073,CUS00210,5,577.08,0.0,0.0,2885.4,credit_card,in_store,USD
TXN0001366,2024-02-21 11:41:00,STR021,PRD0113,CUS00356,4,336.98,0.0,0.0,1347.92,cash,in_store,USD
TXN0001367,2024-07-29 19:48:00,STR003,PRD0018,CUS00198,5,94.47,0.0,0.0,472.35,credit_card,online,USD
TXN0001368,2024-02-24 17:00:00,STR006,PRD0076,CUS00390,2,33.66,0.0,0.0,67.32,mobile_pay,mobile_app,USD
TXN0001369,2024-05-31 20:23:00,STR011,PRD0098,CUS00343,5,244.56,0.15,183.42,1039.38,debit_card,in_store,USD
TXN0001370,2024-12-04 16:46:00,STR018,PRD0108,CUS00101,3,99.37,0.15,44.72,253.39,gift_card,mobile_app,USD
TXN0001371,2024-06-23 20:11:00,STR013,PRD0079,CUS00408,5,643.15,0.0,0.0,3215.75,gift_card,in_store,USD
TXN0001372,2024-11-11 09:20:00,STR008,PRD0011,CUS00067,2,526.75,0.0,0.0,1053.5,cash,online,USD
TXN0001373,2024-12-29 15:02:00,STR021,PRD0024,CUS00476,2,364.86,0.15,109.46,620.26,debit_card,online,USD
TXN0001374,2024-10-10 13:32:00,STR006,PRD0003,CUS00408,5,569.87,0.0,0.0,2849.35,cash,mobile_app,USD
TXN0001375,2024-07-22 18:05:00,STR016,PRD0018,,3,94.47,0.15,42.51,240.9,credit_card,online,USD
TXN0001376,2024-07-06 18:10:00,STR017,PRD0027,CUS00149,1,490.08,0.0,0.0,490.08,debit_card,online,USD
TXN0001377,2024-03-12 11:56:00,STR003,PRD0075,CUS00206,4,507.8,0.0,0.0,2031.2,cash,in_store,USD
TXN0001378,2024-11-23 18:19:00,STR023,PRD0094,CUS00433,3,326.53,0.0,0.0,979.59,cash,in_store,USD
TXN0001379,2024-05-13 19:19:00,STR011,PRD0071,CUS00001,4,327.28,0.0,0.0,1309.12,mobile_pay,mobile_app,USD
TXN0001380,2024-12-09 09:12:00,STR020,PRD0093,CUS00285,3,410.67,0.0,0.0,1232.01,credit_card,in_store,USD
TXN0001381,2024-11-02 13:55:00,STR018,PRD0049,CUS00105,3,327.25,0.0,0.0,981.75,mobile_pay,mobile_app,USD
TXN0001382,2024-06-29 17:54:00,STR010,PRD0028,CUS00193,5,621.82,0.0,0.0,3109.1,mobile_pay,mobile_app,USD
TXN0001383,2024-09-13 08:35:00,STR001,PRD0109,CUS00289,4,459.8,0.15,275.88,1563.32,debit_card,in_store,USD
TXN0001384,2024-02-05 17:09:00,STR006,PRD0107,CUS00093,4,368.5,0.1,147.4,1326.6,cash,online,USD
TXN0001385,2024-12-08 08:07:00,STR011,PRD0091,CUS00206,3,122.8,0.0,0.0,368.4,gift_card,in_store,USD
TXN0001386,2024-03-13 15:58:00,STR006,PRD0031,,5,77.68,0.0,0.0,388.4,debit_card,online,USD
TXN0001387,2024-10-01 08:48:00,STR006,PRD0096,CUS00260,5,389.05,0.0,0.0,1945.25,gift_card,online,USD
TXN0001388,2024-03-17 12:04:00,STR015,PRD0118,CUS00289,4,317.96,0.0,0.0,1271.84,mobile_pay,in_store,USD
TXN0001389,2024-03-18 10:34:00,STR011,PRD0064,CUS00118,5,475.35,0.15,356.51,2020.24,credit_card,in_store,USD
TXN0001390,2024-01-24 20:59:00,STR011,PRD0041,CUS00022,4,491.81,0.0,0.0,1967.24,credit_card,mobile_app,USD
TXN0001391,2024-05-07 14:13:00,STR022,PRD0054,CUS00395,1,694.62,0.0,0.0,694.62,credit_card,mobile_app,USD
TXN0001392,2024-09-30 11:41:00,STR012,PRD0022,CUS00013,3,146.15,0.0,0.0,438.45,mobile_pay,in_store,USD
TXN0001393,2024-05-12 16:33:00,STR007,PRD0114,CUS00327,5,596.37,0.0,0.0,2981.85,debit_card,mobile_app,USD
TXN0001394,2024-09-22 18:56:00,STR006,PRD0113,CUS00291,1,336.98,0.0,0.0,336.98,mobile_pay,online,USD
TXN0001395,2024-05-15 13:56:00,STR014,PRD0028,CUS00466,2,621.82,0.0,0.0,1243.64,mobile_pay,mobile_app,USD
TXN0001396,2024-12-10 13:25:00,STR018,PRD0024,CUS00350,5,364.86,0.0,0.0,1824.3,debit_card,online,USD
TXN0001397,2024-12-03 20:01:00,STR019,PRD0117,,3,54.14,0.0,0.0,162.42,credit_card,mobile_app,USD
TXN0001398,2024-04-20 15:04:00,STR002,PRD0097,CUS00219,2,118.36,0.0,0.0,236.72,mobile_pay,in_store,USD
TXN0001399,2024-04-13 12:17:00,STR016,PRD0039,CUS00169,1,415.77,0.0,0.0,415.77,mobile_pay,online,USD
TXN0001400,2024-12-24 10:08:00,STR020,PRD0077,CUS00449,3,898.98,0.0,0.0,2696.94,credit_card,online,USD
TXN0001401,2024-07-09 15:53:00,STR006,PRD0061,CUS00312,2,169.37,0.0,0.0,338.74,debit_card,mobile_app,USD
TXN0001402,2024-10-03 11:15:00,STR008,PRD0030,CUS00341,5,80.67,0.0,0.0,403.35,debit_card,online,USD
TXN0001403,2024-03-25 20:22:00,STR010,PRD0066,CUS00336,1,404.74,0.0,0.0,404.74,mobile_pay,mobile_app,USD
TXN0001404,2024-02-28 13:50:00,STR023,PRD0066,CUS00352,5,404.74,0.0,0.0,2023.7,mobile_pay,in_store,USD
TXN0001405,2024-07-15 21:53:00,STR016,PRD0071,CUS00313,1,327.28,0.0,0.0,327.28,debit_card,online,USD
TXN0001406,2024-11-02 11:57:00,STR018,PRD0090,CUS00446,3,69.19,0.0,0.0,207.57,cash,in_store,USD
TXN0001407,2024-05-25 21:22:00,STR016,PRD0004,CUS00206,3,602.78,0.1,180.83,1627.51,cash,online,USD
TXN0001408,2024-12-24 19:02:00,STR003,PRD0050,,5,201.33,0.0,0.0,1006.65,mobile_pay,mobile_app,USD
TXN0001409,2024-09-21 16:46:00,STR005,PRD0101,CUS00228,5,437.08,0.0,0.0,2185.4,cash,mobile_app,USD
TXN0001410,2024-01-09 19:15:00,STR017,PRD0024,CUS00297,2,364.86,0.2,145.94,583.78,gift_card,in_store,USD
TXN0001411,2024-09-02 12:50:00,STR015,PRD0120,CUS00145,2,136.37,0.0,0.0,272.74,gift_card,mobile_app,USD
TXN0001412,2024-12-21 19:36:00,STR006,PRD0052,CUS00119,1,76.14,0.0,0.0,76.14,credit_card,in_store,USD
TXN0001413,2024-02-15 13:47:00,STR019,PRD0088,CUS00475,5,266.3,0.0,0.0,1331.5,debit_card,mobile_app,USD
TXN0001414,2024-04-29 10:16:00,STR010,PRD0094,CUS00068,2,326.53,0.1,65.31,587.75,gift_card,mobile_app,USD
TXN0001415,2024-06-08 17:08:00,STR006,PRD0019,CUS00271,1,351.82,0.15,52.77,299.05,debit_card,online,USD
TXN0001416,2024-08-09 08:06:00,STR023,PRD0111,CUS00464,2,661.33,0.1,132.27,1190.39,debit_card,online,USD
TXN0001417,2024-11-20 08:01:00,STR023,PRD0069,CUS00088,4,527.04,0.0,0.0,2108.16,gift_card,in_store,USD
TXN0001418,2024-12-10 14:09:00,STR019,PRD0044,CUS00037,1,126.49,0.0,0.0,126.49,cash,online,USD
TXN0001419,2024-02-17 09:48:00,STR017,PRD0005,,1,259.57,0.0,0.0,259.57,mobile_pay,mobile_app,USD
TXN0001420,2024-07-14 18:36:00,STR006,PRD0008,CUS00333,4,455.65,0.0,0.0,1822.6,mobile_pay,in_store,USD
TXN0001421,2024-05-13 18:49:00,STR010,PRD0069,CUS00471,3,527.04,0.0,0.0,1581.12,gift_card,online,USD
TXN0001422,2024-12-23 10:39:00,STR017,PRD0070,CUS00410,5,31.14,0.15,23.35,132.35,debit_card,mobile_app,USD
TXN0001423,2024-02-27 18:43:00,STR021,PRD0059,CUS00133,2,458.19,0.15,137.46,778.92,mobile_pay,online,USD
TXN0001424,2024-10-08 20:47:00,STR008,PRD0101,CUS00261,3,437.08,0.0,0.0,1311.24,cash,in_store,USD
TXN0001425,2024-05-23 16:06:00,STR015,PRD0072,CUS00084,3,500.55,0.0,0.0,1501.65,credit_card,online,USD
TXN0001426,2024-09-25 11:58:00,STR018,PRD0046,CUS00474,5,719.52,0.0,0.0,3597.6,gift_card,in_store,USD
TXN0001427,2024-01-04 19:24:00,STR020,PRD0055,CUS00337,4,264.5,0.0,0.0,1058.0,credit_card,in_store,USD
TXN0001428,2024-12-28 17:08:00,STR010,PRD0112,CUS00471,1,268.87,0.0,0.0,268.87,debit_card,online,USD
TXN0001429,2024-10-01 14:41:00,STR010,PRD0056,CUS00334,4,26.02,0.0,0.0,104.08,mobile_pay,online,USD
TXN0001430,2024-04-19 12:19:00,STR001,PRD0012,,5,233.86,0.1,116.93,1052.37,credit_card,in_store,USD
TXN0001431,2024-05-11 20:05:00,STR021,PRD0118,CUS00373,2,317.96,0.0,0.0,635.92,debit_card,mobile_app,USD
TXN0001432,2024-01-14 21:03:00,STR018,PRD0052,CUS00470,5,76.14,0.0,0.0,380.7,cash,mobile_app,USD
TXN0001433,2024-01-05 15:39:00,STR019,PRD0091,CUS00386,2,122.8,0.0,0.0,245.6,cash,in_store,USD
TXN0001434,2024-08-21 17:35:00,STR004,PRD0023,CUS00106,1,249.34,0.0,0.0,249.34,debit_card,mobile_app,USD
TXN0001435,2024-02-04 13:24:00,STR017,PRD0036,CUS00240,5,405.13,0.0,0.0,2025.65,credit_card,in_store,USD
TXN0001436,2024-09-02 15:49:00,STR005,PRD0069,CUS00256,2,527.04,0.0,0.0,1054.08,debit_card,online,USD
TXN0001437,2024-01-05 08:42:00,STR021,PRD0089,CUS00205,1,690.46,0.0,0.0,690.46,gift_card,mobile_app,USD
TXN0001438,2024-03-13 16:47:00,STR003,PRD0097,CUS00338,4,118.36,0.0,0.0,473.44,gift_card,in_store,USD
TXN0001439,2024-10-20 10:42:00,STR021,PRD0049,CUS00249,5,327.25,0.0,0.0,1636.25,cash,online,USD
TXN0001440,2024-07-21 20:07:00,STR008,PRD0045,CUS00379,2,318.79,0.2,127.52,510.06,cash,online,USD
TXN0001441,2024-05-31 15:16:00,STR005,PRD0038,,1,879.64,0.0,0.0,879.64,gift_card,online,USD
TXN0001442,2024-03-21 18:11:00,STR020,PRD0030,CUS00213,4,80.67,0.0,0.0,322.68,cash,online,USD
TXN0001443,2024-06-30 11:06:00,STR020,PRD0050,CUS00156,4,201.33,0.0,0.0,805.32,cash,in_store,USD
TXN0001444,2024-04-23 16:33:00,STR010,PRD0041,CUS00293,2,491.81,0.15,147.54,836.08,cash,in_store,USD
TXN0001445,2024-06-07 09:42:00,STR010,PRD0080,CUS00031,1,270.17,0.0,0.0,270.17,credit_card,online,USD
TXN0001446,2024-11-14 21:53:00,STR019,PRD0080,CUS00216,3,270.17,0.05,40.53,769.98,cash,online,USD
TXN0001447,2024-08-02 17:55:00,STR023,PRD0021,CUS00413,4,411.07,0.05,82.21,1562.07,debit_card,in_store,USD
TXN0001448,2024-09-06 17:57:00,STR016,PRD0036,CUS00071,4,405.13,0.1,162.05,1458.47,cash,online,USD
TXN0001449,2024-04-17 12:49:00,STR016,PRD0076,CUS00472,4,33.66,0.0,0.0,134.64,gift_card,mobile_app,USD
TXN0001450,2024-03-25 11:00:00,STR020,PRD0022,CUS00264,2,146.15,0.0,0.0,292.3,mobile_pay,online,USD
TXN0001451,2024-05-05 15:47:00,STR013,PRD0116,CUS00118,1,648.85,0.0,0.0,648.85,cash,mobile_app,USD
TXN0001452,2024-03-17 08:27:00,STR021,PRD0070,,3,31.14,0.0,0.0,93.42,cash,online,USD
TXN0001453,2024-04-12 13:23:00,STR019,PRD0103,CUS00204,4,58.52,0.05,11.7,222.38,gift_card,in_store,USD
TXN0001454,2024-10-05 08:19:00,STR011,PRD0021,CUS00206,4,411.07,0.0,0.0,1644.28,gift_card,mobile_app,USD
TXN0001455,2024-08-14 17:17:00,STR003,PRD0093,CUS00165,1,410.67,0.0,0.0,410.67,mobile_pay,mobile_app,USD
TXN0001456,2024-02-03 11:58:00,STR012,PRD0113,CUS00099,3,336.98,0.0,0.0,1010.94,cash,in_store,USD
TXN0001457,2024-07-17 17:42:00,STR013,PRD0038,CUS00017,5,879.64,0.1,439.82,3958.38,gift_card,online,USD
TXN0001458,2024-08-28 11:39:00,STR014,PRD0079,CUS00252,3,643.15,0.05,96.47,1832.98,credit_card,online,USD
TXN0001459,2024-10-03 13:18:00,STR011,PRD0006,CUS00114,3,101.59,0.0,0.0,304.77,gift_card,mobile_app,USD
TXN0001460,2024-01-10 13:13:00,STR012,PRD0050,CUS00398,4,201.33,0.0,0.0,805.32,cash,online,USD
TXN0001461,2024-02-08 08:49:00,STR999,PRD0007,CUS00087,2,274.3,0.05,27.43,521.17,cash,mobile_app,USD
TXN0001462,2024-09-10 19:30:00,STR022,PRD0094,CUS00385,3,326.53,0.05,48.98,930.61,credit_card,in_store,USD
TXN0001463,2024-09-15 15:55:00,STR021,PRD0096,,1,389.05,0.0,0.0,389.05,cash,in_store,USD
TXN0001464,2024-08-08 08:09:00,STR004,PRD0107,CUS00457,5,368.5,0.0,0.0,1842.5,credit_card,online,USD
TXN0001465,2024-11-08 18:47:00,STR004,PRD0043,CUS00442,1,621.23,0.0,0.0,621.23,cash,online,USD
TXN0001466,2024-04-11 16:14:00,STR006,PRD0081,CUS00474,2,429.07,0.0,0.0,,cash,mobile_app,USD
TXN0001467,2024-10-11 15:17:00,STR023,PRD0040,CUS00287,2,823.32,0.0,0.0,1646.64,debit_card,in_store,USD
TXN0001468,2024-12-04 21:33:00,STR001,PRD0067,CUS00053,4,544.43,0.0,0.0,2177.72,cash,online,USD
TXN0001469,2024-06-28 13:21:00,STR004,PRD0029,CUS00027,2,354.91,0.15,106.47,603.35,gift_card,in_store,USD
TXN0001470,2024-09-10 18:15:00,STR014,PRD0098,CUS00321,2,244.56,0.0,0.0,489.12,cash,in_store,USD
TXN0001471,2024-01-07 18:38:00,STR006,PRD0110,CUS00407,1,406.78,0.15,61.02,345.76,credit_card,in_store,USD
TXN0001472,2024-02-10 08:10:00,STR014,PRD0114,CUS00004,4,596.37,0.0,0.0,2385.48,debit_card,in_store,USD
TXN0001473,2024-07-11 15:51:00,STR018,PRD0116,CUS00454,5,648.85,0.0,0.0,3244.25,cash,mobile_app,USD
TXN0001474,2024-08-29 12:38:00,STR006,PRD0090,,4,69.19,0.0,0.0,276.76,mobile_pay,online,USD
TXN0001475,2024-10-15 12:40:00,STR021,PRD0086,CUS00370,2,139.31,0.0,0.0,278.62,cash,in_store,USD
TXN0001476,2024-06-08 11:57:00,STR020,PRD0109,CUS00086,5,459.8,0.0,0.0,2299.0,debit_card,online,USD
TXN0001477,2024-05-14 20:27:00,STR020,PRD0049,CUS00348,3,327.25,0.1,98.18,883.57,credit_card,mobile_app,USD
TXN0001478,2024-12-12 19:30:00,STR010,PRD0042,CUS00221,4,140.2,0.15,84.12,476.68,gift_card,in_store,USD
TXN0001479,2024-01-09 11:37:00,STR001,PRD0063,CUS00079,4,23.14,0.0,0.0,92.56,cash,online,USD
TXN0001480,2024-04-19 08:31:00,STR020,PRD0013,CUS00293,2,80.66,0.0,0.0,161.32,debit_card,online,USD
TXN0001481,2024-06-08 21:38:00,STR001,PRD0016,CUS00263,2,539.04,0.0,0.0,1078.08,cash,in_store,USD
TXN0001482,2024-03-21 09:19:00,STR018,PRD0046,CUS00492,5,719.52,0.0,0.0,3597.6,mobile_pay,mobile_app,USD
TXN0001483,2024-06-04 20:32:00,STR018,PRD0078,CUS00026,4,678.93,0.0,0.0,2715.72,debit_card,in_store,USD
TXN0001484,2024-08-23 13:57:00,STR006,PRD0043,CUS00017,5,621.23,0.0,0.0,3106.15,mobile_pay,online,USD
TXN0001485,2024-02-29 10:43:00,STR017,PRD0031,,5,77.68,0.0,0.0,388.4,mobile_pay,mobile_app,USD
TXN0001486,2024-02-11 18:34:00,STR009,PRD0008,CUS00343,4,455.65,0.0,0.0,1822.6,gift_card,in_store,USD
TXN0001487,2024-03-06 16:07:00,STR005,PRD0105,CUS00321,4,554.1,0.15,332.46,1883.94,mobile_pay,mobile_app,USD
TXN0001488,2024-01-18 16:54:00,STR006,PRD0041,CUS00205,5,491.81,0.0,0.0,2459.05,gift_card,mobile_app,USD
TXN0001489,2024-05-18 08:55:00,STR015,PRD0028,CUS00232,3,621.82,0.0,0.0,1865.46,credit_card,in_store,USD
TXN0001490,2024-04-05 08:32:00,STR005,PRD0058,CUS00007,4,61.42,0.0,0.0,245.68,credit_card,in_store,USD
TXN0001491,2024-03-10 12:12:00,STR008,PRD0062,CUS00486,5,355.41,0.0,0.0,1777.05,debit_card,online,USD
TXN0001492,2024-03-31 08:38:00,STR007,PRD0082,CUS00162,1,82.51,0.0,0.0,82.51,mobile_pay,mobile_app,USD
TXN0001493,2024-03-19 12:18:00,STR005,PRD0104,CUS00076,5,398.02,0.0,0.0,1990.1,credit_card,online,USD
TXN0001494,2024-07-24 12:16:00,STR009,PRD0059,CUS00140,1,458.19,0.0,0.0,458.19,gift_card,mobile_app,USD
TXN0001495,2024-06-28 17:25:00,STR011,PRD0041,CUS00247,5,491.81,0.0,0.0,2459.05,mobile_pay,in_store,USD
TXN0001496,2024-11-20 08:20:00,STR014,PRD0072,,2,500.55,0.0,0.0,1001.1,gift_card,online,USD
TXN0001497,2024-02-16 08:46:00,STR006,PRD0022,CUS00337,2,146.15,0.0,0.0,292.3,gift_card,mobile_app,USD
TXN0001498,2024-05-19 16:37:00,STR018,PRD0080,CUS00154,4,270.17,0.0,0.0,1080.68,gift_card,online,USD
TXN0001499,2024-02-16 18:15:00,STR004,PRD0029,CUS00016,4,354.91,0.05,70.98,1348.66,credit_card,mobile_app,USD
TXN0001500,2024-03-11 08:40:00,STR001,PRD0094,CUS00053,3,326.53,0.0,0.0,979.59,mobile_pay,online,USD
TXN0001501,2024-02-24 15:09:00,STR006,PRD0059,CUS00057,2,458.19,0.0,0.0,916.38,cash,in_store,USD
TXN0001502,2024-09-12 12:20:00,STR011,PRD0027,CUS00070,3,490.08,0.0,0.0,1470.24,cash,online,USD
TXN0001503,2024-01-15 10:21:00,STR015,PRD0015,CUS00360,3,541.61,0.0,0.0,1624.83,cash,in_store,USD
TXN0001504,2024-05-20 08:41:00,STR001,PRD0046,CUS00186,4,719.52,0.0,0.0,2878.08,credit_card,online,USD
TXN0001505,2024-07-12 14:48:00,STR007,PRD0007,CUS00247,1,274.3,0.0,0.0,274.3,gift_card,mobile_app,USD
TXN0001506,2024-06-10 20:52:00,STR023,PRD0036,CUS00338,4,405.13,0.0,0.0,1620.52,debit_card,in_store,USD
TXN0001507,2024-05-12 08:31:00,STR014,PRD0015,,5,541.61,0.0,0.0,2708.05,debit_card,mobile_app,USD
TXN0001508,2024-10-05 18:32:00,STR018,PRD0058,CUS00168,5,61.42,0.0,0.0,307.1,credit_card,mobile_app,USD
TXN0001509,2024-09-22 17:40:00,STR004,PRD0094,CUS00366,4,326.53,0.0,0.0,1306.12,mobile_pay,mobile_app,USD
TXN0001510,2024-05-26 18:51:00,STR001,PRD0069,CUS00390,4,527.04,0.0,0.0,2108.16,mobile_pay,online,USD
TXN0001511,2024-10-20 19:12:00,STR020,PRD0062,CUS00164,4,355.41,0.0,0.0,1421.64,credit_card,mobile_app,USD
TXN0001512,2024-04-08 10:23:00,STR006,PRD0028,CUS00097,2,621.82,0.0,0.0,1243.64,gift_card,online,USD
TXN0001513,2024-02-25 17:50:00,STR010,PRD0002,CUS00372,1,26.09,0.0,0.0,26.09,cash,in_store,USD
TXN0001514,2024-12-25 16:04:00,STR022,PRD0096,CUS00052,5,389.05,0.0,0.0,1945.25,debit_card,mobile_app,USD
TXN0001515,2024-01-30 17:03:00,STR005,PRD0066,CUS00254,4,404.74,0.05,80.95,1538.01,cash,in_store,USD
TXN0001516,2024-11-12 12:35:00,STR010,PRD0096,CUS00079,2,389.05,0.0,0.0,778.1,cash,mobile_app,USD
TXN0001517,2024-02-19 11:14:00,STR015,PRD0016,CUS00041,2,539.04,0.0,0.0,1078.08,mobile_pay,online,USD
TXN0001518,2024-10-25 11:51:00,STR005,PRD0040,,5,823.32,0.1,411.66,3704.94,debit_card,online,USD
TXN0001519,2024-07-23 14:28:00,STR014,PRD0090,CUS00301,3,69.19,0.0,0.0,207.57,debit_card,in_store,USD
TXN0001520,2024-12-13 11:44:00,STR003,PRD0036,CUS00487,3,405.13,0.0,0.0,1215.39,debit_card,online,USD
TXN0001521,2024-07-19 08:47:00,STR007,PRD0094,CUS00455,2,326.53,0.0,0.0,653.06,gift_card,mobile_app,USD
TXN0001522,2024-05-06 16:00:00,STR023,PRD0120,CUS00296,5,136.37,0.2,136.37,545.48,gift_card,online,USD
TXN0001523,2024-11-11 11:46:00,STR017,PRD0038,CUS00449,3,879.64,0.05,131.95,2506.97,credit_card,online,USD
TXN0001524,2024-10-01 18:59:00,STR021,PRD0011,CUS00293,3,526.75,0.0,0.0,1580.25,gift_card,in_store,USD
TXN0001525,2024-12-15 18:57:00,STR001,PRD0087,CUS00032,3,488.55,0.0,0.0,1465.65,mobile_pay,online,USD
TXN0001526,2024-11-05 13:20:00,STR002,PRD0065,CUS00284,1,286.09,0.0,0.0,286.09,mobile_pay,in_store,USD
TXN0001527,2024-03-04 08:10:00,STR010,PRD0088,CUS00068,5,266.3,0.0,0.0,1331.5,debit_card,in_store,USD
TXN0001528,2024-01-07 16:41:00,STR019,PRD0108,CUS00111,3,99.37,0.05,14.91,283.2,cash,mobile_app,USD
TXN0001529,2024-12-22 10:08:00,STR006,PRD0096,,1,389.05,0.0,0.0,389.05,credit_card,mobile_app,USD
TXN0001530,2024-07-18 12:52:00,STR001,PRD0072,CUS00479,2,500.55,0.0,0.0,1001.1,gift_card,in_store,USD
TXN0001531,2024-10-15 13:58:00,STR020,PRD0039,CUS00201,2,415.77,0.0,0.0,831.54,cash,in_store,USD
TXN0001532,2024-06-21 19:24:00,STR011,PRD0008,CUS00202,3,455.65,0.0,0.0,1366.95,cash,online,USD
TXN0001533,2024-04-13 08:02:00,STR018,PRD0092,CUS00194,3,353.85,0.1,106.16,955.39,credit_card,mobile_app,USD
TXN0001534,2024-11-17 16:10:00,STR008,PRD0037,CUS00246,5,47.85,0.0,0.0,239.25,credit_card,mobile_app,USD
TXN0001535,2024-02-13 08:08:00,STR012,PRD0033,CUS00392,5,269.98,0.0,0.0,1349.9,credit_card,mobile_app,USD
TXN0001536,2024-08-06 15:02:00,STR007,PRD0006,CUS00393,2,101.59,0.05,10.16,193.02,credit_card,mobile_app,USD
TXN0001537,2024-03-13 13:31:00,STR003,PRD0084,CUS00284,4,127.62,0.0,0.0,510.48,debit_card,online,USD
TXN0001538,2024-04-26 09:11:00,STR010,PRD0037,CUS00451,5,47.85,0.0,0.0,239.25,credit_card,mobile_app,USD
TXN0001539,2024-09-17 11:54:00,STR010,PRD0083,CUS00040,2,247.1,0.15,74.13,420.07,gift_card,mobile_app,USD
TXN0001540,2024-03-26 11:30:00,STR007,PRD0054,,4,694.62,0.0,0.0,2778.48,mobile_pay,mobile_app,USD
TXN0001541,2024-06-06 17:32:00,STR022,PRD0048,CUS00110,4,473.17,0.0,0.0,1892.68,credit_card,mobile_app,USD
TXN0001542,2024-08-31 18:16:00,STR001,PRD0108,CUS00037,4,99.37,0.0,0.0,397.48,debit_card,mobile_app,USD
TXN0001543,2024-06-20 18:57:00,STR019,PRD0053,CUS00191,4,321.56,0.0,0.0,1286.24,mobile_pay,online,USD
TXN0001544,2024-01-06 09:31:00,STR023,PRD0105,CUS00314,4,554.1,0.0,0.0,2216.4,gift_card,online,USD
TXN0001545,2024-03-20 16:26:00,STR007,PRD0115,CUS00468,5,145.51,0.0,0.0,727.55,mobile_pay,in_store,USD
TXN0001546,2024-04-06 18:52:00,STR019,PRD0016,CUS00248,1,539.04,0.0,0.0,539.04,mobile_pay,mobile_app,USD
TXN0001547,2024-09-21 14:09:00,STR006,PRD0007,CUS00148,5,274.3,0.0,0.0,1371.5,credit_card,online,USD
TXN0001548,2024-09-04 14:43:00,STR009,PRD0057,CUS00108,2,412.83,0.15,123.85,701.81,mobile_pay,mobile_app,USD
TXN0001549,2024-01-01 13:14:00,STR023,PRD0078,CUS00188,3,678.93,0.0,0.0,2036.79,debit_card,mobile_app,USD
TXN0001550,2024-02-25 10:56:00,STR012,PRD0058,CUS00209,3,61.42,0.0,0.0,184.26,debit_card,mobile_app,USD
TXN0001551,2024-07-14 19:23:00,STR023,PRD0110,,4,406.78,0.1,162.71,1464.41,gift_card,mobile_app,USD
TXN0001552,2024-04-18 09:01:00,STR005,PRD0007,CUS00461,1,274.3,0.0,0.0,274.3,mobile_pay,mobile_app,USD
TXN0001553,2024-11-08 15:19:00,STR015,PRD0036,CUS00472,4,405.13,0.0,0.0,1620.52,gift_card,online,USD
TXN0001554,2024-09-30 20:58:00,STR002,PRD0072,CUS00016,5,500.55,0.0,0.0,2502.75,credit_card,online,USD
TXN0001555,2024-10-29 09:47:00,STR009,PRD0020,CUS00020,5,595.59,0.0,0.0,2977.95,cash,mobile_app,USD
TXN0001556,2024-11-01 09:58:00,STR019,PRD0112,CUS00321,1,268.87,0.0,0.0,268.87,mobile_pay,mobile_app,USD
TXN0001557,2024-06-29 08:39:00,STR001,PRD0018,CUS00397,2,94.47,0.0,0.0,188.94,mobile_pay,mobile_app,USD
TXN0001558,2024-07-18 17:01:00,STR016,PRD0014,CUS00224,5,10.52,0.0,0.0,52.6,gift_card,mobile_app,USD
TXN0001559,2024-03-20 21:09:00,STR020,PRD0009,CUS00111,5,675.27,0.0,0.0,3376.35,mobile_pay,in_store,USD
TXN0001560,2024-09-16 15:18:00,STR007,PRD0047,CUS00497,4,487.35,0.05,97.47,1851.93,mobile_pay,mobile_app,USD
TXN0001561,2024-03-14 15:12:00,STR018,PRD0053,CUS00015,3,321.56,0.0,0.0,964.68,gift_card,mobile_app,USD
TXN0001562,2024-01-29 15:55:00,STR011,PRD0003,,4,569.87,0.0,0.0,2279.48,debit_card,in_store,USD
TXN0001563,2024-06-17 15:54:00,STR008,PRD0107,CUS00281,2,368.5,0.0,0.0,737.0,gift_card,online,USD
TXN0001564,2024-03-19 09:42:00,STR009,PRD0036,CUS00353,1,405.13,0.0,0.0,405.13,mobile_pay,in_store,USD
TXN0001565,2024-01-24 09:24:00,STR011,PRD0037,CUS00497,1,47.85,0.0,0.0,47.85,mobile_pay,online,USD
TXN0001566,2024-01-08 20:30:00,STR019,PRD0057,CUS00139,1,412.83,0.0,0.0,412.83,gift_card,online,USD
TXN0001567,2024-08-20 10:01:00,STR011,PRD0111,CUS00418,3,661.33,0.2,396.8,1587.19,gift_card,mobile_app,USD
TXN0001568,2024-03-06 19:18:00,STR005,PRD0066,CUS00186,5,404.74,0.0,0.0,2023.7,mobile_pay,in_store,USD
TXN0001569,2024-08-05 09:20:00,STR015,PRD0043,CUS00108,2,621.23,0.0,0.0,1242.46,credit_card,in_store,USD
TXN0001570,2024-03-11 18:33:00,STR003,PRD0081,CUS00175,4,429.07,0.0,0.0,1716.28,gift_card,online,USD
TXN0001571,2024-01-12 19:28:00,STR014,PRD0082,CUS00180,4,82.51,0.0,0.0,330.04,gift_card,in_store,USD
TXN0001572,2024-01-06 09:32:00,STR007,PRD0108,CUS00300,2,99.37,0.0,0.0,198.74,gift_card,in_store,USD
TXN0001573,2024-06-03 08:32:00,STR009,PRD0063,,4,23.14,0.0,0.0,92.56,credit_card,mobile_app,USD
TXN0001574,2024-03-22 19:27:00,STR003,PRD0027,CUS00194,1,490.08,0.0,0.0,490.08,credit_card,online,USD
TXN0001575,2024-12-25 15:10:00,STR012,PRD0032,CUS00127,5,251.17,0.0,0.0,1255.85,mobile_pay,online,USD
TXN0001576,2024-09-23 15:26:00,STR008,PRD0088,CUS00406,5,266.3,0.0,0.0,1331.5,gift_card,online,USD
TXN0001577,2024-09-26 14:47:00,STR011,PRD0081,CUS00032,5,429.07,0.0,0.0,2145.35,cash,online,USD
TXN0001578,2024-02-26 21:37:00,STR019,PRD0101,CUS00426,1,437.08,0.0,0.0,437.08,mobile_pay,online,USD
TXN0001579,2024-12-25 12:08:00,STR020,PRD0029,CUS00237,5,354.91,0.1,177.46,1597.09,gift_card,mobile_app,USD
TXN0001580,2024-08-10 10:38:00,STR001,PRD0031,CUS00047,2,77.68,0.0,0.0,155.36,credit_card,mobile_app,USD
TXN0001581,2024-01-13 08:24:00,STR016,PRD0004,CUS00055,3,602.78,0.0,0.0,1808.34,cash,mobile_app,USD
TXN0001582,2024-04-25 16:26:00,STR001,PRD0075,CUS00473,4,507.8,0.0,0.0,2031.2,mobile_pay,in_store,USD
TXN0001583,2024-12-25 18:27:00,STR006,PRD0006,CUS00135,4,101.59,0.0,0.0,406.36,cash,in_store,USD
TXN0001584,2024-02-11 13:21:00,STR016,PRD0044,,2,126.49,0.0,0.0,252.98,cash,in_store,USD
TXN0001585,2024-06-20 18:27:00,STR004,PRD0116,CUS00054,4,648.85,0.1,259.54,2335.86,debit_card,in_store,USD
TXN0001586,2024-11-13 20:00:00,STR016,PRD0025,CUS00496,3,116.31,0.0,0.0,348.93,cash,online,USD
TXN0001587,2024-05-25 14:07:00,STR021,PRD0059,CUS00081,2,458.19,0.0,0.0,916.38,mobile_pay,in_store,USD
TXN0001588,2024-06-01 08:15:00,STR004,PRD0033,CUS00201,1,269.98,0.0,0.0,269.98,gift_card,mobile_app,USD
TXN0001589,2024-06-26 16:46:00,STR008,PRD0120,CUS00018,1,136.37,0.0,0.0,136.37,cash,online,USD
TXN0001590,2024-09-26 21:13:00,STR018,PRD0075,CUS00064,1,507.8,0.0,0.0,507.8,gift_card,online,USD
TXN0001591,2024-08-09 14:39:00,STR015,PRD0090,CUS00233,4,69.19,0.05,13.84,262.92,credit_card,in_store,USD
TXN0001592,2024-09-14 14:13:00,STR004,PRD0112,CUS00198,3,268.87,0.0,0.0,806.61,cash,in_store,USD
TXN0001593,2024-04-17 14:09:00,STR013,PRD0029,CUS00481,2,354.91,0.0,0.0,709.82,mobile_pay,online,USD
TXN0001594,2024-10-10 19:58:00,STR015,PRD0037,CUS00466,2,47.85,0.0,0.0,95.7,cash,in_store,USD
TXN0001595,2024-09-28 18:22:00,STR017,PRD0029,,2,354.91,0.15,106.47,603.35,credit_card,online,USD
TXN0001596,2024-01-03 20:58:00,STR023,PRD0013,CUS00497,1,80.66,0.0,0.0,80.66,credit_card,mobile_app,USD
TXN0001597,2024-11-18 12:04:00,STR008,PRD0087,CUS00003,1,488.55,0.15,73.28,415.27,mobile_pay,online,USD
TXN0001598,2024-10-28 08:46:00,STR019,PRD0006,CUS00392,5,101.59,0.2,101.59,406.36,debit_card,online,USD
TXN0001599,2024-10-18 16:46:00,STR021,PRD0111,CUS00383,1,661.33,0.05,33.07,628.26,credit_card,in_store,USD
TXN0001600,2024-05-11 09:47:00,STR016,PRD0037,CUS00481,2,47.85,0.0,0.0,95.7,credit_card,in_store,USD
TXN0001601,2024-10-05 11:57:00,STR009,PRD0108,CUS00095,3,99.37,0.0,0.0,298.11,cash,online,USD
TXN0001602,2024-05-13 10:49:00,STR006,PRD0057,CUS00121,5,412.83,0.0,0.0,2064.15,credit_card,online,USD
TXN0001603,2024-04-27 19:11:00,STR005,PRD0070,CUS00179,4,31.14,0.05,6.23,118.33,cash,in_store,USD
TXN0001604,2024-05-23 13:59:00,STR011,PRD0108,CUS00057,2,99.37,0.0,0.0,198.74,mobile_pay,mobile_app,USD
TXN0001605,2024-03-03 18:12:00,STR011,PRD0026,CUS00367,5,172.92,0.0,0.0,864.6,gift_card,online,USD
TXN0001606,2024-11-14 18:45:00,STR022,PRD0109,,2,459.8,0.0,0.0,919.6,gift_card,in_store,USD
TXN0001607,2024-08-07 17:51:00,STR005,PRD0075,CUS00024,4,507.8,0.0,0.0,2031.2,cash,in_store,USD
TXN0001608,2024-03-24 21:26:00,STR011,PRD0118,CUS00026,5,317.96,0.15,238.47,1351.33,credit_card,in_store,USD
TXN0001609,2024-02-07 08:33:00,STR023,PRD0059,CUS00202,1,458.19,0.1,45.82,412.37,credit_card,in_store,USD
TXN0001610,2024-10-19 17:05:00,STR002,PRD0112,CUS00109,3,268.87,0.1,80.66,725.95,credit_card,online,USD
TXN0001611,2024-02-07 09:39:00,STR012,PRD0047,CUS00048,4,487.35,0.15,292.41,1656.99,debit_card,mobile_app,USD
TXN0001612,2024-11-03 15:25:00,STR001,PRD0105,CUS00392,2,554.1,0.0,0.0,1108.2,cash,online,USD
TXN0001613,2024-12-04 20:38:00,STR018,PRD0101,CUS00113,3,437.08,0.0,0.0,1311.24,mobile_pay,online,USD
TXN0001614,2024-10-09 10:13:00,STR022,PRD0012,CUS00211,2,233.86,0.0,0.0,467.72,gift_card,mobile_app,USD
TXN0001615,2024-10-10 09:44:00,STR004,PRD0041,CUS00142,5,491.81,0.0,0.0,2459.05,cash,in_store,USD
TXN0001616,2024-09-29 15:27:00,STR012,PRD0040,CUS00480,4,823.32,0.0,0.0,3293.28,credit_card,online,USD
TXN0001617,2024-08-07 14:02:00,STR023,PRD0006,,5,101.59,0.0,0.0,507.95,debit_card,in_store,USD
TXN0001618,2024-08-27 13:25:00,STR019,PRD0074,CUS00274,2,304.27,0.05,30.43,578.11,credit_card,online,USD
TXN0001619,2024-11-04 08:35:00,STR020,PRD0077,CUS00176,2,898.98,0.0,0.0,1797.96,debit_card,mobile_app,USD
TXN0001620,2024-07-29 12:50:00,STR023,PRD0076,CUS00350,1,33.66,0.0,0.0,33.66,mobile_pay,in_store,USD
TXN0001621,2024-09-09 12:40:00,STR017,PRD0008,CUS00121,4,455.65,0.0,0.0,1822.6,mobile_pay,in_store,USD
TXN0001622,2024-12-24 15:36:00,STR019,PRD0038,CUS00035,4,879.64,0.0,0.0,3518.56,mobile_pay,in_store,USD
TXN0001623,2024-07-25 15:01:00,STR018,PRD0019,CUS00017,3,351.82,0.0,0.0,1055.46,debit_card,online,USD
TXN0001624,2024-10-25 08:46:00,STR005,PRD0084,CUS00445,3,127.62,0.05,19.14,363.72,gift_card,in_store,USD
TXN0001625,2024-07-16 16:51:00,STR005,PRD0012,CUS00279,4,233.86,0.15,140.32,795.12,gift_card,in_store,USD
TXN0001626,2024-05-02 19:27:00,STR009,PRD0021,CUS00210,1,411.07,0.0,0.0,411.07,gift_card,online,USD
TXN0001627,2024-09-30 15:52:00,STR021,PRD0056,CUS00169,5,26.02,0.0,0.0,130.1,gift_card,in_store,USD
TXN0001628,2024-01-05 13:50:00,STR006,PRD0029,,5,354.91,0.0,0.0,1774.55,cash,in_store,USD
TXN0001629,2024-09-27 12:33:00,STR021,PRD0025,CUS00432,1,116.31,0.0,0.0,116.31,credit_card,mobile_app,USD
TXN0001630,2024-08-20 17:25:00,STR013,PRD0114,CUS00327,4,596.37,0.0,0.0,2385.48,cash,mobile_app,USD
TXN0001631,2024-08-10 18:07:00,STR009,PRD0086,CUS00352,2,139.31,0.0,0.0,278.62,gift_card,online,USD
TXN0001632,2024-01-20 11:36:00,STR023,PRD0079,CUS00248,2,643.15,0.0,0.0,1286.3,gift_card,mobile_app,USD
TXN0001633,2024-05-26 16:31:00,STR010,PRD0067,CUS00489,5,544.43,0.0,0.0,2722.15,credit_card,in_store,USD
TXN0001634,2024-05-27 10:17:00,STR014,PRD0058,CUS00476,1,61.42,0.0,0.0,61.42,mobile_pay,online,USD
TXN0001635,2024-06-09 13:50:00,STR007,PRD0016,CUS00248,2,539.04,0.0,0.0,1078.08,mobile_pay,in_store,USD
TXN0001636,2024-12-07 18:11:00,STR013,PRD0092,CUS00452,3,353.85,0.0,0.0,1061.55,debit_card,online,USD
TXN0001637,2024-07-07 10:33:00,STR005,PRD0091,CUS00475,2,122.8,0.0,0.0,245.6,cash,mobile_app,USD
TXN0001638,2024-05-25 11:08:00,STR013,PRD0047,CUS00340,2,487.35,0.0,0.0,974.7,cash,in_store,USD
TXN0001639,2024-05-06 12:15:00,STR014,PRD0029,,2,354.91,0.15,106.47,603.35,gift_card,online,USD
TXN0001640,2024-07-13 16:12:00,STR001,PRD0080,CUS00089,1,270.17,0.0,0.0,270.17,mobile_pay,online,USD
TXN0001641,2024-05-05 08:06:00,STR007,PRD0046,CUS00094,5,719.52,0.1,359.76,3237.84,credit_card,online,USD
TXN0001642,2024-03-26 19:37:00,STR022,PRD0117,CUS00279,2,54.14,0.0,0.0,108.28,cash,in_store,USD
TXN0001643,2024-02-27 08:47:00,STR002,PRD0069,CUS00458,4,527.04,0.0,0.0,2108.16,debit_card,in_store,USD
TXN0001644,2024-07-18 16:19:00,STR023,PRD0117,CUS00360,4,54.14,0.05,10.83,205.73,gift_card,mobile_app,USD
TXN0001645,2024-02-14 16:36:00,STR018,PRD0066,CUS00489,2,404.74,0.2,161.9,647.58,debit_card,mobile_app,USD
TXN0001646,2024-07-05 18:54:00,STR014,PRD0077,CUS00199,1,898.98,0.15,134.85,764.13,cash,mobile_app,USD
TXN0001647,2024-08-31 09:08:00,STR004,PRD0019,CUS00389,5,351.82,0.0,0.0,1759.1,credit_card,online,USD
TXN0001648,2024-12-22 14:41:00,STR017,PRD0013,CUS00318,4,80.66,0.0,0.0,322.64,cash,online,USD
TXN0001649,2024-11-10 16:27:00,STR014,PRD0026,CUS00347,2,172.92,0.0,0.0,345.84,credit_card,online,USD
TXN0001650,2024-01-27 11:26:00,STR004,PRD0087,,1,488.55,0.0,0.0,488.55,debit_card,in_store,USD
TXN0001651,2024-03-05 19:53:00,STR010,PRD0097,CUS00180,3,118.36,0.15,53.26,301.82,debit_card,in_store,USD
TXN0001652,2024-11-04 16:51:00,STR001,PRD0110,CUS00409,1,406.78,0.1,40.68,366.1,cash,mobile_app,USD
TXN0001653,2024-07-28 08:04:00,STR013,PRD0010,CUS00408,5,276.68,0.0,0.0,1383.4,credit_card,in_store,USD
TXN0001654,2024-06-30 21:18:00,STR012,PRD0047,CUS00041,3,487.35,0.0,0.0,1462.05,gift_card,mobile_app,USD
TXN0001655,2024-11-08 11:42:00,STR005,PRD0043,CUS00044,3,621.23,0.0,0.0,1863.69,credit_card,mobile_app,USD
TXN0001656,2024-06-28 15:01:00,STR014,PRD0105,CUS00019,5,554.1,0.0,0.0,2770.5,debit_card,in_store,USD
TXN0001657,2024-09-11 15:08:00,STR023,PRD0081,CUS00461,5,429.07,0.0,0.0,2145.35,debit_card,in_store,USD
TXN0001658,2024-08-24 10:04:00,STR001,PRD0020,CUS00354,4,595.59,0.0,0.0,2382.36,debit_card,in_store,USD
TXN0001659,2024-07-09 16:40:00,STR005,PRD0077,CUS00071,1,898.98,0.0,0.0,898.98,cash,in_store,USD
TXN0001660,2024-12-29 15:26:00,STR006,PRD0055,CUS00337,4,264.5,0.0,0.0,1058.0,gift_card,in_store,USD
TXN0001661,2024-08-18 08:39:00,STR010,PRD0009,,1,675.27,0.0,0.0,675.27,cash,in_store,USD
TXN0001662,2024-01-20 16:08:00,STR004,PRD0087,CUS00341,4,488.55,0.0,0.0,1954.2,cash,in_store,USD
TXN0001663,2024-03-22 08:57:00,STR006,PRD0073,CUS00258,1,577.08,0.0,0.0,577.08,gift_card,mobile_app,USD
TXN0001664,2024-11-07 10:31:00,STR021,PRD0097,CUS00387,2,118.36,0.0,0.0,236.72,gift_card,in_store,USD
TXN0001665,2024-02-08 20:17:00,STR015,PRD0090,CUS00473,4,69.19,0.0,0.0,276.76,cash,in_store,USD
TXN0001666,2024-03-07 17:43:00,STR013,PRD0058,CUS00271,2,61.42,0.0,0.0,122.84,credit_card,online,USD
TXN0001667,2024-12-24 13:49:00,STR005,PRD0090,CUS00285,1,69.19,0.0,0.0,69.19,gift_card,online,USD
TXN0001668,2024-07-11 10:21:00,STR015,PRD0061,CUS00472,1,169.37,0.2,33.87,135.5,debit_card,mobile_app,USD
TXN0001669,2024-04-15 08:09:00,STR011,PRD0106,CUS00071,4,558.66,0.0,0.0,2234.64,credit_card,mobile_app,USD
TXN0001670,2024-08-05 08:10:00,STR018,PRD0009,CUS00366,1,675.27,0.0,0.0,675.27,debit_card,mobile_app,USD
TXN0001671,2024-02-24 17:56:00,STR006,PRD0107,CUS00008,4,368.5,0.05,73.7,1400.3,debit_card,in_store,USD
TXN0001672,2024-08-29 18:58:00,STR016,PRD0114,,3,596.37,0.05,89.46,1699.65,debit_card,mobile_app,USD
TXN0001673,2024-08-23 21:34:00,STR016,PRD0039,CUS00405,2,415.77,0.0,0.0,831.54,mobile_pay,online,USD
TXN0001674,2024-03-07 10:52:00,STR021,PRD0095,CUS00497,2,658.33,0.0,0.0,1316.66,credit_card,mobile_app,USD
TXN0001675,2024-06-30 08:30:00,STR006,PRD0104,CUS00100,4,398.02,0.0,0.0,1592.08,credit_card,online,USD
TXN0001676,2024-04-19 10:30:00,STR016,PRD0006,CUS00010,5,101.59,0.05,25.4,482.55,gift_card,online,USD
TXN0001677,2024-06-04 17:55:00,STR013,PRD0098,CUS00198,1,244.56,0.0,0.0,244.56,mobile_pay,online,USD
TXN0001678,2024-05-28 19:31:00,STR002,PRD0043,CUS00429,4,621.23,0.0,0.0,2484.92,mobile_pay,in_store,USD
TXN0001679,2024-12-29 19:52:00,STR013,PRD0116,CUS00140,5,648.85,0.1,324.43,2919.82,debit_card,mobile_app,USD
TXN0001680,2024-01-27 13:33:00,STR003,PRD0060,CUS00081,5,399.84,0.0,0.0,1999.2,cash,in_store,USD
TXN0001681,2024-05-27 15:34:00,STR007,PRD0084,CUS00014,3,127.62,0.0,0.0,382.86,gift_card,mobile_app,USD
TXN0001682,2024-11-26 08:28:00,STR020,PRD0109,CUS00363,2,459.8,0.0,0.0,919.6,gift_card,online,USD
TXN0001683,2024-02-25 08:11:00,STR010,PRD0011,,1,526.75,0.0,0.0,526.75,mobile_pay,mobile_app,USD
TXN0001684,2024-07-19 19:27:00,STR006,PRD0007,CUS00213,5,274.3,0.0,0.0,1371.5,credit_card,in_store,USD
TXN0001685,2024-08-10 09:13:00,STR023,PRD0038,CUS00003,2,879.64,0.0,0.0,1759.28,debit_card,online,USD
TXN0001686,2024-02-16 16:55:00,STR017,PRD0037,CUS00396,2,47.85,0.05,4.79,90.91,cash,online,USD
TXN0001687,2024-01-26 20:26:00,STR019,PRD0070,CUS00339,5,31.14,0.0,0.0,155.7,credit_card,online,USD
TXN0001688,2024-04-06 16:50:00,STR002,PRD0059,CUS00004,2,458.19,0.0,0.0,916.38,credit_card,mobile_app,USD
TXN0001689,2024-01-18 13:18:00,STR014,PRD0101,CUS00455,5,437.08,0.0,0.0,2185.4,gift_card,in_store,USD
TXN0001690,2024-04-01 18:56:00,STR017,PRD0029,CUS00149,2,354.91,0.0,0.0,709.82,credit_card,online,USD
TXN0001691,2024-01-02 09:38:00,STR014,PRD0096,CUS00323,5,389.05,0.0,0.0,1945.25,credit_card,online,USD
TXN0001692,2024-08-15 12:30:00,STR011,PRD0022,CUS00192,2,146.15,0.0,0.0,292.3,credit_card,online,USD
TXN0001693,2024-01-14 19:14:00,STR016,PRD0118,CUS00493,4,317.96,0.05,63.59,1208.25,gift_card,online,USD
TXN0001694,2024-02-18 20:53:00,STR009,PRD0100,,4,576.59,0.15,345.95,1960.41,debit_card,mobile_app,USD
TXN0001695,2024-08-08 21:44:00,STR002,PRD0003,CUS00263,5,569.87,0.0,0.0,2849.35,gift_card,in_store,USD
TXN0001696,2024-06-28 08:01:00,STR017,PRD0089,CUS00466,2,690.46,0.1,138.09,1242.83,debit_card,mobile_app,USD
TXN0001697,2024-07-12 21:39:00,STR010,PRD0055,CUS00348,1,264.5,0.0,0.0,264.5,cash,in_store,USD
TXN0001698,2024-01-31 18:21:00,STR013,PRD0105,CUS00228,2,554.1,0.0,0.0,1108.2,mobile_pay,in_store,USD
TXN0001699,2024-02-13 19:41:00,STR008,PRD0013,CUS00408,3,80.66,0.0,0.0,241.98,cash,in_store,USD
TXN0001700,2024-09-21 11:07:00,STR012,PRD0091,CUS00026,3,122.8,0.0,0.0,368.4,mobile_pay,online,USD
TXN0001701,2024-05-17 17:54:00,STR015,PRD0026,CUS00119,3,172.92,0.0,0.0,518.76,gift_card,in_store,USD
TXN0001702,2024-07-18 10:12:00,STR014,PRD0035,CUS00403,1,234.61,0.0,0.0,234.61,credit_card,in_store,USD
TXN0001703,2024-01-22 12:02:00,STR013,PRD0035,CUS00305,5,234.61,0.0,0.0,1173.05,credit_card,mobile_app,USD
TXN0001704,2024-03-12 20:30:00,STR016,PRD0007,CUS00102,4,274.3,0.0,0.0,1097.2,credit_card,in_store,USD
TXN0001705,2024-10-07 14:22:00,STR016,PRD0053,,2,321.56,0.0,0.0,643.12,mobile_pay,online,USD
TXN0001706,2024-12-18 10:01:00,STR018,PRD0007,CUS00003,2,274.3,0.0,0.0,548.6,cash,online,USD
TXN0001707,2024-12-07 20:42:00,STR013,PRD0011,CUS00349,5,526.75,0.05,131.69,2502.06,cash,in_store,USD
TXN0001708,2024-01-17 13:29:00,STR020,PRD0046,CUS00227,3,719.52,0.1,215.86,1942.7,mobile_pay,online,USD
TXN0001709,2024-09-09 17:57:00,STR017,PRD0032,CUS00012,4,251.17,0.0,0.0,1004.68,gift_card,online,USD
TXN0001710,2024-03-03 09:51:00,STR012,PRD0001,CUS00484,3,137.75,0.0,0.0,413.25,cash,online,USD
TXN0001711,2024-12-29 16:31:00,STR005,PRD0097,CUS00285,2,118.36,0.0,0.0,236.72,cash,mobile_app,USD
TXN0001712,2024-05-22 08:02:00,STR018,PRD0100,CUS00127,3,576.59,0.0,0.0,1729.77,cash,mobile_app,USD
TXN0001713,2024-06-21 09:31:00,STR003,PRD0073,CUS00472,2,577.08,0.0,0.0,1154.16,mobile_pay,in_store,USD
TXN0001714,2024-07-08 09:09:00,STR014,PRD0074,CUS00250,2,304.27,0.0,0.0,608.54,debit_card,in_store,USD
TXN0001715,2024-12-08 13:34:00,STR001,PRD0050,CUS00155,5,201.33,0.0,0.0,1006.65,mobile_pay,in_store,USD
TXN0001716,2024-12-03 20:49:00,STR009,PRD0020,,1,595.59,0.0,0.0,595.59,mobile_pay,in_store,USD
TXN0001717,2024-03-14 10:49:00,STR016,PRD0030,CUS00431,4,80.67,0.0,0.0,322.68,cash,in_store,USD
TXN0001718,2024-09-09 09:57:00,STR015,PRD0033,CUS00216,2,269.98,0.0,0.0,539.96,debit_card,online,USD
TXN0001719,2024-11-12 15:46:00,STR018,PRD0027,CUS00019,3,490.08,0.0,0.0,1470.24,credit_card,mobile_app,USD
TXN0001720,2024-01-03 08:40:00,STR021,PRD0019,CUS00172,3,351.82,0.0,0.0,1055.46,cash,mobile_app,USD
TXN0001721,2024-08-27 13:41:00,STR008,PRD0099,CUS00462,3,388.71,0.05,58.31,1107.82,credit_card,in_store,USD
TXN0001722,2024-11-21 15:37:00,STR014,PRD0042,CUS00002,2,140.2,0.0,0.0,280.4,mobile_pay,in_store,USD
TXN0001723,2024-10-14 19:51:00,STR009,PRD0065,CUS00054,5,286.09,0.0,0.0,1430.45,cash,online,USD
TXN0001724,2024-12-29 12:27:00,STR008,PRD0112,CUS00197,5,268.87,0.0,0.0,1344.35,cash,in_store,USD
TXN0001725,2024-02-09 14:12:00,STR015,PRD0049,CUS00267,2,327.25,0.1,65.45,589.05,cash,online,USD
TXN0001726,2024-02-26 21:43:00,STR016,PRD0087,CUS00350,1,488.55,0.0,0.0,488.55,credit_card,in_store,USD
TXN0001727,2024-07-04 19:40:00,STR010,PRD0095,,3,658.33,0.0,0.0,1974.99,cash,in_store,USD
TXN0001728,2024-11-16 09:17:00,STR001,PRD0025,CUS00136,2,116.31,0.0,0.0,232.62,mobile_pay,mobile_app,USD
TXN0001729,2024-10-20 11:35:00,STR019,PRD0045,CUS00153,4,318.79,0.1,127.52,1147.64,cash,online,USD
TXN0001730,2024-01-13 17:14:00,STR001,PRD0037,CUS00316,1,47.85,0.05,2.39,45.46,credit_card,online,USD
TXN0001731,2024-05-02 19:49:00,STR012,PRD0116,CUS00153,1,648.85,0.2,129.77,519.08,mobile_pay,online,USD
TXN0001732,2024-09-28 08:26:00,STR003,PRD0057,CUS00168,1,412.83,0.0,0.0,412.83,debit_card,online,USD
TXN0001733,2024-02-11 21:37:00,STR001,PRD0093,CUS00283,3,410.67,0.0,0.0,1232.01,credit_card,in_store,USD
TXN0001734,2024-08-14 10:31:00,STR020,PRD0045,CUS00362,4,318.79,0.0,0.0,1275.16,mobile_pay,in_store,USD
TXN0001735,2024-08-29 16:55:00,STR003,PRD0106,CUS00258,5,558.66,0.0,0.0,2793.3,mobile_pay,online,USD
TXN0001736,2024-02-08 13:16:00,STR016,PRD0100,CUS00006,1,576.59,0.0,0.0,576.59,debit_card,mobile_app,USD
TXN0001737,2024-10-02 21:37:00,STR020,PRD0044,CUS00255,3,126.49,0.0,0.0,379.47,gift_card,online,USD
TXN0001738,2024-05-02 14:20:00,STR015,PRD0041,,3,491.81,0.0,0.0,1475.43,debit_card,online,USD
TXN0001739,2024-05-09 08:18:00,STR017,PRD0016,CUS00083,2,539.04,0.0,0.0,1078.08,credit_card,online,USD
TXN0001740,2024-03-19 17:33:00,STR005,PRD0043,CUS00235,3,621.23,0.0,0.0,1863.69,credit_card,mobile_app,USD
TXN0001741,2024-02-27 11:58:00,STR007,PRD0037,CUS00090,2,47.85,0.0,0.0,95.7,cash,in_store,USD
TXN0001742,2024-01-08 08:05:00,STR004,PRD0055,CUS00175,4,264.5,0.0,0.0,1058.0,gift_card,mobile_app,USD
TXN0001743,2024-08-19 14:15:00,STR013,PRD0012,CUS00363,5,233.86,0.05,58.47,1110.83,mobile_pay,in_store,USD
TXN0001744,2024-01-24 21:35:00,STR005,PRD0113,CUS00001,2,336.98,0.0,0.0,673.96,credit_card,in_store,USD
TXN0001745,2024-02-29 10:39:00,STR013,PRD0111,CUS00289,1,661.33,0.1,66.13,595.2,debit_card,mobile_app,USD
TXN0001746,2024-08-27 21:32:00,STR022,PRD0106,CUS00174,4,558.66,0.0,0.0,2234.64,gift_card,mobile_app,USD
TXN0001747,2024-07-09 21:00:00,STR005,PRD0075,CUS00250,4,507.8,0.0,0.0,2031.2,debit_card,online,USD
TXN0001748,2024-09-09 14:42:00,STR015,PRD0043,CUS00165,4,621.23,0.0,0.0,2484.92,cash,mobile_app,USD
TXN0001749,2024-09-14 16:01:00,STR008,PRD0115,,1,145.51,0.0,0.0,145.51,mobile_pay,mobile_app,USD
TXN0001750,2024-11-02 17:00:00,STR021,PRD0049,CUS00194,5,327.25,0.0,0.0,1636.25,mobile_pay,mobile_app,USD
TXN0001751,2024-02-04 14:57:00,STR019,PRD0057,CUS00227,5,412.83,0.1,206.42,1857.73,credit_card,in_store,USD
TXN0001752,2024-12-03 11:57:00,STR004,PRD0069,CUS00110,4,527.04,0.0,0.0,2108.16,debit_card,in_store,USD
TXN0001753,2024-06-07 12:22:00,STR019,PRD0077,CUS00265,3,898.98,0.1,269.69,2427.25,credit_card,mobile_app,USD
TXN0001754,2024-07-22 08:43:00,STR015,PRD0090,CUS00357,2,69.19,0.0,0.0,138.38,debit_card,online,USD
TXN0001755,2024-01-24 21:07:00,STR016,PRD0117,CUS00258,2,54.14,0.0,0.0,108.28,gift_card,online,USD
TXN0001756,2024-10-29 10:29:00,STR016,PRD0083,CUS00334,5,247.1,0.0,0.0,1235.5,mobile_pay,in_store,USD
TXN0001757,2024-02-12 20:18:00,STR016,PRD0021,CUS00377,1,411.07,0.0,0.0,411.07,credit_card,mobile_app,USD
TXN0001758,2024-02-20 14:58:00,STR018,PRD0116,CUS00386,5,648.85,0.0,0.0,3244.25,cash,mobile_app,USD
TXN0001759,2024-02-04 11:46:00,STR008,PRD0110,CUS00086,5,406.78,0.0,0.0,2033.9,gift_card,online,USD
TXN0001760,2024-05-11 14:17:00,STR019,PRD0104,,2,398.02,0.0,0.0,796.04,debit_card,online,USD
TXN0001761,2024-01-04 17:56:00,STR004,PRD0104,CUS00271,3,398.02,0.0,0.0,1194.06,debit_card,online,USD
TXN0001762,2024-07-09 11:19:00,STR003,PRD0054,CUS00025,2,694.62,0.0,0.0,1389.24,credit_card,online,USD
TXN0001763,2024-04-20 09:57:00,STR016,PRD0020,CUS00062,2,595.59,0.0,0.0,1191.18,debit_card,online,USD
TXN0001764,2024-06-28 14:38:00,STR020,PRD0109,CUS00160,5,459.8,0.0,0.0,2299.0,cash,in_store,USD
TXN0001765,2024-09-25 17:21:00,STR022,PRD0025,CUS00024,2,116.31,0.0,0.0,232.62,gift_card,in_store,USD
TXN0001766,2024-11-19 09:40:00,STR012,PRD0046,CUS00104,5,719.52,0.0,0.0,3597.6,gift_card,mobile_app,USD
TXN0001767,2024-01-21 18:40:00,STR001,PRD0001,CUS00239,1,137.75,0.0,0.0,137.75,mobile_pay,mobile_app,USD
TXN0001768,2024-06-10 12:05:00,STR008,PRD0036,CUS00145,1,405.13,0.0,0.0,405.13,cash,in_store,USD
TXN0001769,2024-04-26 09:08:00,STR001,PRD0095,CUS00281,3,658.33,0.0,0.0,1974.99,debit_card,online,USD
TXN0001770,2024-10-15 21:50:00,STR021,PRD0061,CUS00233,3,169.37,0.0,0.0,508.11,gift_card,mobile_app,USD
TXN0001771,2024-02-23 21:19:00,STR020,PRD0107,,1,368.5,0.0,0.0,368.5,gift_card,mobile_app,USD
TXN0001772,2024-03-21 13:05:00,STR012,PRD0023,CUS00366,2,249.34,0.0,0.0,498.68,cash,in_store,USD
TXN0001773,2024-04-24 16:51:00,STR005,PRD0071,CUS00141,4,327.28,0.1,130.91,1178.21,credit_card,online,USD
TXN0001774,2024-02-02 21:20:00,STR008,PRD0006,CUS00122,4,101.59,0.0,0.0,406.36,cash,in_store,USD
TXN0001775,2024-08-13 12:10:00,STR011,PRD0013,CUS00395,5,80.66,0.0,0.0,403.3,credit_card,online,USD
TXN0001776,2024-02-06 21:37:00,STR002,PRD0111,CUS00405,2,661.33,0.0,0.0,1322.66,mobile_pay,online,USD
TXN0001777,2024-07-04 14:38:00,STR017,PRD0108,CUS00052,4,99.37,0.0,0.0,397.48,cash,in_store,USD
TXN0001778,2024-03-16 08:21:00,STR018,PRD0061,CUS00005,3,169.37,0.0,0.0,508.11,cash,online,USD
TXN0001779,2024-03-06 17:16:00,STR013,PRD0104,CUS00019,1,398.02,0.0,0.0,398.02,mobile_pay,online,USD
TXN0001780,2024-01-22 13:48:00,STR006,PRD0001,CUS00359,2,137.75,0.0,0.0,275.5,mobile_pay,online,USD
TXN0001781,2024-06-12 18:50:00,STR017,PRD0099,CUS00305,4,388.71,0.0,0.0,1554.84,credit_card,online,USD
TXN0001782,2024-05-11 20:45:00,STR010,PRD0008,,1,455.65,0.0,0.0,455.65,debit_card,mobile_app,USD
TXN0001783,2024-10-12 16:49:00,STR002,PRD0033,CUS00088,5,269.98,0.0,0.0,1349.9,cash,online,USD
TXN0001784,2024-05-11 08:14:00,STR006,PRD0086,CUS00382,3,139.31,0.0,0.0,417.93,debit_card,in_store,USD
TXN0001785,2024-10-13 19:23:00,STR019,PRD0038,CUS00018,3,879.64,0.0,0.0,2638.92,mobile_pay,mobile_app,USD
TXN0001786,2024-09-28 20:53:00,STR008,PRD0005,CUS00209,4,259.57,0.2,207.66,830.62,mobile_pay,in_store,USD
TXN0001787,2024-11-20 14:22:00,STR018,PRD0037,CUS00457,1,47.85,0.0,0.0,47.85,cash,mobile_app,USD
TXN0001788,2024-01-09 11:50:00,STR007,PRD0013,CUS00396,5,80.66,0.0,0.0,403.3,cash,in_store,USD
TXN0001789,2024-04-16 16:13:00,STR017,PRD0057,CUS00349,2,412.83,0.05,41.28,784.38,debit_card,mobile_app,USD
TXN0001790,2024-06-09 10:18:00,STR004,PRD0101,CUS00078,4,437.08,0.0,0.0,1748.32,mobile_pay,in_store,USD
TXN0001791,2024-01-17 16:40:00,STR006,PRD0057,CUS00423,3,412.83,0.2,247.7,990.79,mobile_pay,online,USD
TXN0001792,2024-04-30 10:19:00,STR021,PRD0084,CUS00095,5,127.62,0.0,0.0,638.1,gift_card,in_store,USD
TXN0001793,2024-02-15 08:45:00,STR013,PRD0060,,3,399.84,0.0,0.0,1199.52,gift_card,mobile_app,USD
TXN0001794,2024-01-23 14:44:00,STR020,PRD0042,CUS00213,5,140.2,0.0,0.0,701.0,debit_card,online,USD
TXN0001795,2024-03-15 16:24:00,STR015,PRD0105,CUS00463,5,554.1,0.0,0.0,2770.5,cash,online,USD
TXN0001796,2024-08-08 13:07:00,STR005,PRD0105,CUS00352,3,554.1,0.0,0.0,1662.3,credit_card,in_store,USD
TXN0001797,2024-08-15 16:32:00,STR023,PRD0007,CUS00125,1,274.3,0.0,0.0,274.3,mobile_pay,in_store,USD
TXN0001798,2024-05-06 13:58:00,STR005,PRD0101,CUS00209,2,437.08,0.0,0.0,874.16,gift_card,mobile_app,USD
TXN0001799,2024-10-22 16:20:00,STR006,PRD0092,CUS00261,3,353.85,0.0,0.0,1061.55,credit_card,mobile_app,USD
TXN0001800,2024-03-11 10:53:00,STR018,PRD0028,CUS00194,2,621.82,0.0,0.0,1243.64,credit_card,mobile_app,USD
TXN0001801,2024-06-21 10:39:00,STR022,PRD0083,CUS00266,3,247.1,0.0,0.0,741.3,mobile_pay,mobile_app,USD
TXN0001802,2024-04-23 14:46:00,STR011,PRD0112,CUS00489,1,268.87,0.0,0.0,268.87,mobile_pay,in_store,USD
TXN0001803,2024-12-20 19:28:00,STR013,PRD0118,CUS00015,5,317.96,0.0,0.0,1589.8,cash,online,USD
TXN0001804,2024-10-29 13:29:00,STR006,PRD0043,,2,621.23,0.0,0.0,1242.46,cash,mobile_app,USD
TXN0001805,2024-06-21 18:29:00,STR008,PRD0089,CUS00330,2,690.46,0.0,0.0,1380.92,credit_card,mobile_app,USD
TXN0001806,2024-07-13 15:51:00,STR005,PRD0108,CUS00390,4,99.37,0.05,19.87,377.61,mobile_pay,online,USD
TXN0001807,2024-03-20 13:26:00,STR001,PRD0009,CUS00249,4,675.27,0.05,135.05,2566.03,credit_card,mobile_app,USD
TXN0001808,2024-07-19 09:03:00,STR006,PRD0077,CUS00147,2,898.98,0.0,0.0,1797.96,mobile_pay,mobile_app,USD
TXN0001809,2024-07-25 21:31:00,STR013,PRD0093,CUS00008,4,410.67,0.0,0.0,1642.68,cash,mobile_app,USD
TXN0001810,2024-11-26 19:25:00,STR018,PRD0059,CUS00033,4,458.19,0.0,0.0,1832.76,debit_card,in_store,USD
TXN0001811,2024-08-07 21:11:00,STR013,PRD0076,CUS00342,5,33.66,0.0,0.0,168.3,gift_card,mobile_app,USD
TXN0001812,2024-09-03 17:35:00,STR011,PRD0072,CUS00098,3,500.55,0.0,0.0,1501.65,credit_card,online,USD
TXN0001813,2024-11-24 16:55:00,STR022,PRD0047,CUS00077,4,487.35,0.05,97.47,1851.93,mobile_pay,online,USD
TXN0001814,2024-02-17 10:05:00,STR018,PRD0116,CUS00247,3,648.85,0.0,0.0,1946.55,mobile_pay,mobile_app,USD
TXN0001815,2024-04-07 18:01:00,STR004,PRD0078,,3,678.93,0.0,0.0,2036.79,credit_card,mobile_app,USD
TXN0001816,2024-04-23 21:28:00,STR016,PRD0062,CUS00042,2,355.41,0.15,106.62,604.2,gift_card,in_store,USD
TXN0001817,2024-08-29 10:03:00,STR010,PRD0041,CUS00289,4,491.81,0.0,0.0,1967.24,debit_card,mobile_app,USD
TXN0001818,2024-06-26 16:47:00,STR010,PRD0074,CUS00213,3,304.27,0.0,0.0,912.81,gift_card,online,USD
TXN0001819,2024-08-16 11:11:00,STR012,PRD0036,CUS00379,1,405.13,0.0,0.0,405.13,debit_card,online,USD
TXN0001820,2024-03-25 15:55:00,STR022,PRD0120,CUS00211,2,136.37,0.1,27.27,245.47,credit_card,in_store,USD
TXN0001821,2024-04-20 16:56:00,STR013,PRD0065,CUS00348,2,286.09,0.2,114.44,457.74,credit_card,mobile_app,USD
TXN0001822,2024-01-31 20:16:00,STR013,PRD0101,CUS00238,-1,437.08,0.0,0.0,2185.4,mobile_pay,mobile_app,USD
TXN0001823,2024-02-08 13:33:00,STR018,PRD0039,CUS00425,4,415.77,0.0,0.0,1663.08,cash,online,USD
TXN0001824,2024-05-24 21:58:00,STR017,PRD0021,CUS00332,5,411.07,0.0,0.0,2055.35,credit_card,in_store,USD
TXN0001825,2024-07-02 20:05:00,STR009,PRD0065,CUS00473,4,286.09,0.0,0.0,1144.36,credit_card,in_store,USD
TXN0001826,2024-04-03 13:34:00,STR001,PRD0056,,4,26.02,0.0,0.0,104.08,mobile_pay,mobile_app,USD
TXN0001827,2024-05-25 14:29:00,STR011,PRD0100,CUS00217,2,576.59,0.0,0.0,1153.18,mobile_pay,in_store,USD
TXN0001828,2024-04-05 08:23:00,STR019,PRD0107,CUS00423,5,368.5,0.15,276.38,1566.12,mobile_pay,mobile_app,USD
TXN0001829,2024-08-19 11:04:00,STR007,PRD0031,CUS00497,5,77.68,0.0,0.0,388.4,debit_card,online,USD
TXN0001830,2024-04-14 21:39:00,STR011,PRD0117,CUS00406,2,54.14,0.0,0.0,108.28,gift_card,mobile_app,USD
TXN0001831,2024-05-05 19:39:00,STR014,PRD0105,CUS00386,2,554.1,0.0,0.0,1108.2,credit_card,online,USD
TXN0001832,2024-10-14 16:50:00,STR018,PRD0084,CUS00259,1,127.62,0.0,0.0,127.62,mobile_pay,online,USD
TXN0001833,2024-01-31 15:46:00,STR001,PRD0070,CUS00275,5,31.14,0.0,0.0,155.7,cash,mobile_app,USD
TXN0001834,2024-06-26 20:27:00,STR004,PRD0026,CUS00350,1,172.92,0.0,0.0,172.92,credit_card,online,USD
TXN0001835,2024-08-05 12:54:00,STR015,PRD0078,CUS00375,2,678.93,0.15,203.68,1154.18,credit_card,in_store,USD
TXN0001836,2024-04-29 14:43:00,STR023,PRD0088,CUS00450,3,266.3,0.1,79.89,719.01,mobile_pay,in_store,USD
TXN0001837,2024-07-04 21:03:00,STR019,PRD0013,,4,80.66,0.0,0.0,322.64,debit_card,online,USD
TXN0001838,2024-02-27 10:41:00,STR005,PRD0087,CUS00388,2,488.55,0.0,0.0,977.1,credit_card,online,USD
TXN0001839,2024-03-31 14:48:00,STR004,PRD0048,CUS00465,5,473.17,0.1,236.59,2129.26,mobile_pay,mobile_app,USD
TXN0001840,2024-11-03 08:23:00,STR004,PRD0029,CUS00279,5,354.91,0.0,0.0,1774.55,cash,online,USD
TXN0001841,2024-03-19 20:05:00,STR001,PRD0081,CUS00080,5,429.07,0.0,0.0,2145.35,mobile_pay,online,USD
TXN0001842,2024-05-23 20:48:00,STR004,PRD0110,CUS00422,2,406.78,0.0,0.0,813.56,cash,online,USD
TXN0001843,2024-09-18 10:40:00,STR015,PRD0113,CUS00137,3,336.98,0.05,50.55,960.39,cash,mobile_app,USD
TXN0001844,2024-10-30 11:56:00,STR011,PRD0021,CUS00285,4,411.07,0.0,0.0,1644.28,cash,online,USD
TXN0001845,2024-08-27 19:33:00,STR016,PRD0075,CUS00206,3,507.8,0.0,0.0,1523.4,mobile_pay,online,USD
TXN0001846,2024-04-05 11:46:00,STR021,PRD0050,CUS00208,1,201.33,0.0,0.0,201.33,cash,online,USD
TXN0001847,2024-04-02 17:08:00,STR015,PRD0093,CUS00065,3,410.67,0.0,0.0,1232.01,gift_card,online,USD
TXN0001848,2024-07-28 10:48:00,STR011,PRD0016,,5,539.04,0.0,0.0,2695.2,mobile_pay,mobile_app,USD
TXN0001849,2024-10-19 19:13:00,STR007,PRD0052,CUS00237,2,76.14,0.0,0.0,152.28,credit_card,in_store,USD
TXN0001850,2024-06-04 18:19:00,STR021,PRD0030,CUS00186,5,80.67,0.0,0.0,403.35,mobile_pay,mobile_app,USD
TXN0001851,2024-02-13 21:56:00,STR019,PRD0052,CUS00475,4,76.14,0.0,0.0,304.56,gift_card,mobile_app,USD
TXN0001852,2024-03-08 20:06:00,STR004,PRD0072,CUS00256,2,500.55,0.0,0.0,1001.1,cash,in_store,USD
TXN0001853,2024-04-20 14:57:00,STR001,PRD0045,CUS00389,2,318.79,0.0,0.0,637.58,gift_card,online,USD
TXN0001854,2024-07-12 16:59:00,STR012,PRD0084,CUS00086,3,127.62,0.1,38.29,344.57,mobile_pay,mobile_app,USD
TXN0001855,2024-01-24 16:36:00,STR015,PRD0028,CUS00082,4,621.82,0.1,248.73,2238.55,gift_card,in_store,USD
TXN0001856,2024-01-16 16:26:00,STR002,PRD0094,CUS00336,5,326.53,0.0,0.0,1632.65,gift_card,in_store,USD
TXN0001857,2024-07-18 18:41:00,STR014,PRD0107,CUS00418,5,368.5,0.0,0.0,1842.5,gift_card,mobile_app,USD
TXN0001858,2024-03-09 12:54:00,STR012,PRD0071,CUS00256,5,327.28,0.0,0.0,1636.4,gift_card,in_store,USD
TXN0001859,2024-03-25 12:26:00,STR006,PRD0031,,1,77.68,0.0,0.0,77.68,gift_card,online,USD
TXN0001860,2024-05-02 20:41:00,STR004,PRD0018,CUS00380,4,94.47,0.0,0.0,377.88,mobile_pay,online,USD
TXN0001861,2024-05-04 17:33:00,STR023,PRD0020,CUS00108,3,595.59,0.0,0.0,1786.77,mobile_pay,online,USD
TXN0001862,2024-08-15 20:01:00,STR003,PRD0027,CUS00090,5,490.08,0.0,0.0,2450.4,mobile_pay,in_store,USD
TXN0001863,2024-11-16 12:04:00,STR018,PRD0096,CUS00224,1,389.05,0.05,19.45,369.6,gift_card,in_store,USD
TXN0001864,2024-06-26 16:05:00,STR012,PRD0069,CUS00215,1,527.04,0.05,26.35,500.69,mobile_pay,online,USD
TXN0001865,2024-11-19 19:57:00,STR017,PRD0055,CUS00282,5,264.5,0.05,66.12,1256.38,cash,in_store,USD
TXN0001866,2024-11-14 12:59:00,STR017,PRD0099,CUS00439,4,388.71,0.0,0.0,1554.84,cash,online,USD
TXN0001867,2024-01-30 18:37:00,STR003,PRD0004,CUS00250,1,602.78,0.0,0.0,602.78,cash,in_store,USD
TXN0001868,2024-11-16 08:45:00,STR018,PRD0073,CUS00204,2,577.08,0.05,57.71,1096.45,debit_card,in_store,USD
TXN0001869,2024-01-05 15:34:00,STR023,PRD0041,CUS00381,4,491.81,0.0,0.0,1967.24,cash,online,USD
TXN0001870,2024-09-04 20:26:00,STR011,PRD0077,,3,898.98,0.05,134.85,2562.09,cash,mobile_app,USD
TXN0001871,2024-08-12 09:30:00,STR015,PRD0021,CUS00384,2,411.07,0.0,0.0,822.14,credit_card,in_store,USD
TXN0001872,2024-06-01 11:42:00,STR001,PRD0046,CUS00445,3,719.52,0.0,0.0,2158.56,credit_card,online,USD
TXN0001873,2024-12-30 09:36:00,STR008,PRD0118,CUS00389,4,317.96,0.0,0.0,1271.84,credit_card,mobile_app,USD
TXN0001874,2024-04-23 17:57:00,STR023,PRD0058,CUS00268,3,61.42,0.0,0.0,184.26,debit_card,online,USD
TXN0001875,2024-05-11 08:43:00,STR016,PRD0056,CUS00190,2,26.02,0.0,0.0,52.04,mobile_pay,mobile_app,USD
TXN0001876,2024-07-05 19:50:00,STR018,PRD0111,CUS00494,4,661.33,0.0,0.0,2645.32,cash,in_store,USD
TXN0001877,2024-10-31 13:09:00,STR001,PRD0060,CUS00156,2,399.84,0.0,0.0,799.68,debit_card,in_store,USD
TXN0001878,2024-11-03 17:30:00,STR011,PRD0120,CUS00277,4,136.37,0.0,0.0,545.48,gift_card,mobile_app,USD
TXN0001879,2024-12-05 16:11:00,STR023,PRD0058,CUS00343,4,61.42,0.1,24.57,221.11,debit_card,in_store,USD
TXN0001880,2024-02-11 12:34:00,STR006,PRD0110,CUS00257,5,406.78,0.0,0.0,2033.9,cash,online,USD
TXN0001881,2024-10-17 14:18:00,STR005,PRD0096,,1,389.05,0.0,0.0,389.05,cash,mobile_app,USD
TXN0001882,2024-02-24 18:53:00,STR003,PRD0071,CUS00239,4,327.28,0.0,0.0,1309.12,debit_card,mobile_app,USD
TXN0001883,2024-10-12 16:35:00,STR006,PRD0025,CUS00497,3,116.31,0.0,0.0,348.93,debit_card,mobile_app,USD
TXN0001884,2024-11-13 08:08:00,STR002,PRD0118,CUS00015,3,317.96,0.0,0.0,953.88,gift_card,in_store,USD
TXN0001885,2024-12-16 15:55:00,STR023,PRD0001,CUS00073,5,137.75,0.05,34.44,654.31,credit_card,online,USD
TXN0001886,2024-03-07 11:56:00,STR010,PRD0067,CUS00434,4,544.43,0.0,0.0,2177.72,credit_card,in_store,USD
TXN0001887,2024-02-23 08:24:00,STR013,PRD0096,CUS00264,2,389.05,0.0,0.0,778.1,cash,in_store,USD
TXN0001888,2024-04-16 16:56:00,STR016,PRD0035,CUS00195,2,234.61,0.0,0.0,469.22,cash,online,USD
TXN0001889,2024-08-29 09:37:00,STR002,PRD0087,CUS00323,2,488.55,0.0,0.0,977.1,mobile_pay,in_store,USD
TXN0001890,2024-04-06 21:57:00,STR023,PRD0088,CUS00052,1,266.3,0.0,0.0,266.3,credit_card,in_store,USD
TXN0001891,2024-03-13 17:37:00,STR016,PRD0071,CUS00156,3,327.28,0.0,0.0,981.84,cash,mobile_app,USD
TXN0001892,2024-06-07 14:02:00,STR004,PRD0074,,5,304.27,0.05,76.07,1445.28,debit_card,in_store,USD
TXN0001893,2024-04-30 21:20:00,STR003,PRD0082,CUS00356,4,82.51,0.0,0.0,330.04,gift_card,in_store,USD
TXN0001894,2024-06-02 16:07:00,STR006,PRD0113,CUS00387,4,336.98,0.05,67.4,1280.52,gift_card,in_store,USD
TXN0001895,2024-11-26 13:03:00,STR018,PRD0026,CUS00400,4,172.92,0.0,0.0,691.68,cash,online,USD
TXN0001896,2024-02-18 16:14:00,STR017,PRD0028,CUS00260,3,621.82,0.0,0.0,1865.46,gift_card,in_store,USD
TXN0001897,2024-08-18 19:40:00,STR004,PRD0032,CUS00247,2,251.17,0.0,0.0,502.34,cash,online,USD
TXN0001898,2024-04-30 10:24:00,STR013,PRD0056,CUS00357,4,26.02,0.0,0.0,104.08,debit_card,in_store,USD
TXN0001899,2024-01-19 18:58:00,STR013,PRD0004,CUS00227,1,602.78,0.0,0.0,602.78,gift_card,in_store,USD
TXN0001900,2024-08-14 21:14:00,STR013,PRD0076,CUS00026,5,33.66,0.0,0.0,168.3,debit_card,mobile_app,USD
TXN0001901,2024-05-02 21:06:00,STR006,PRD0060,CUS00429,1,399.84,0.05,19.99,379.85,gift_card,mobile_app,USD
TXN0001902,2024-11-19 11:04:00,STR012,PRD0086,CUS00380,5,139.31,0.1,69.66,626.89,gift_card,in_store,USD
TXN0001903,2024-01-23 08:14:00,STR018,PRD0045,,4,318.79,0.0,0.0,1275.16,gift_card,in_store,USD
TXN0001904,2024-09-06 12:17:00,STR008,PRD0056,CUS00381,2,26.02,0.15,7.81,44.23,cash,in_store,USD
TXN0001905,2024-07-15 12:41:00,STR010,PRD0114,CUS00183,1,596.37,0.0,0.0,596.37,cash,mobile_app,USD
TXN0001906,2024-01-25 16:01:00,STR019,PRD0029,CUS00405,2,354.91,0.0,0.0,709.82,gift_card,mobile_app,USD
TXN0001907,2024-05-01 17:57:00,STR016,PRD0031,CUS00462,4,77.68,0.0,0.0,310.72,gift_card,in_store,USD
TXN0001908,2024-06-04 19:48:00,STR003,PRD0115,CUS00001,5,145.51,0.0,0.0,727.55,debit_card,online,USD
TXN0001909,2024-06-19 13:46:00,STR007,PRD0101,CUS00310,4,437.08,0.0,0.0,1748.32,credit_card,online,USD
TXN0001910,2024-12-01 19:21:00,STR004,PRD0067,CUS00129,4,544.43,0.1,217.77,1959.95,mobile_pay,mobile_app,USD
TXN0001911,2024-11-14 13:53:00,STR003,PRD0074,CUS00490,4,304.27,0.0,0.0,1217.08,mobile_pay,online,USD
TXN0001912,2024-05-17 09:39:00,STR007,PRD0074,CUS00466,5,304.27,0.1,152.13,1369.22,gift_card,online,USD
TXN0001913,2024-04-14 21:39:00,STR023,PRD0064,CUS00307,3,475.35,0.15,213.91,1212.14,gift_card,online,USD
TXN0001914,2024-03-17 21:56:00,STR016,PRD0056,,2,26.02,0.0,0.0,52.04,debit_card,online,USD
TXN0001915,2024-12-02 09:56:00,STR015,PRD0091,CUS00278,1,122.8,0.15,18.42,104.38,credit_card,online,USD
TXN0001916,2024-12-11 10:54:00,STR023,PRD0044,CUS00154,5,126.49,0.0,0.0,632.45,mobile_pay,mobile_app,USD
TXN0001917,2024-02-18 15:56:00,STR019,PRD0064,CUS00302,4,475.35,0.0,0.0,1901.4,cash,online,USD
TXN0001918,2024-10-09 20:59:00,STR010,PRD0003,CUS00215,3,569.87,0.1,170.96,1538.65,mobile_pay,online,USD
TXN0001919,2024-06-13 14:31:00,STR021,PRD0033,CUS00289,4,269.98,0.0,0.0,1079.92,credit_card,online,USD
TXN0001920,2024-09-19 09:22:00,STR017,PRD0107,CUS00448,2,368.5,0.0,0.0,737.0,debit_card,in_store,USD
TXN0001921,2024-12-30 13:53:00,STR013,PRD0014,CUS00305,3,10.52,0.0,0.0,31.56,mobile_pay,mobile_app,USD
TXN0001922,2024-05-31 19:02:00,STR020,PRD0072,CUS00284,3,500.55,0.0,0.0,1501.65,debit_card,in_store,USD
TXN0001923,2024-07-17 10:48:00,STR014,PRD0092,CUS00020,1,353.85,0.1,35.39,318.46,mobile_pay,mobile_app,USD
TXN0001924,2024-05-02 09:25:00,STR019,PRD0027,CUS00294,5,490.08,0.0,0.0,2450.4,mobile_pay,mobile_app,USD
TXN0001925,2024-11-18 16:51:00,STR018,PRD0041,,1,491.81,0.0,0.0,491.81,mobile_pay,mobile_app,USD
TXN0001926,2024-12-21 17:31:00,STR023,PRD0035,CUS00202,4,234.61,0.0,0.0,938.44,debit_card,in_store,USD
TXN0001927,2024-05-29 21:40:00,STR023,PRD0101,CUS00401,4,437.08,0.0,0.0,1748.32,mobile_pay,online,USD
TXN0001928,2024-09-18 21:49:00,STR009,PRD0029,CUS00247,4,354.91,0.0,0.0,1419.64,credit_card,mobile_app,USD
TXN0001929,2024-08-19 21:51:00,STR013,PRD0028,CUS00065,2,621.82,0.0,0.0,1243.64,gift_card,in_store,USD
TXN0001930,2024-07-08 10:33:00,STR010,PRD0109,CUS00425,2,459.8,0.0,0.0,919.6,cash,mobile_app,USD
TXN0001931,2024-01-27 11:54:00,STR015,PRD0036,CUS00280,2,405.13,0.0,0.0,810.26,gift_card,mobile_app,USD
TXN0001932,2024-06-12 17:15:00,STR016,PRD0107,CUS00066,4,368.5,0.0,0.0,1474.0,credit_card,online,USD
TXN0001933,2024-05-27 12:55:00,STR018,PRD0027,CUS00080,5,490.08,0.0,0.0,2450.4,debit_card,in_store,USD
TXN0001934,2024-12-07 08:24:00,STR007,PRD0030,CUS00289,4,80.67,0.0,0.0,322.68,credit_card,in_store,USD
TXN0001935,2024-01-19 12:19:00,STR021,PRD0066,CUS00447,2,404.74,0.0,0.0,809.48,cash,in_store,USD
TXN0001936,2024-05-21 13:07:00,STR003,PRD0050,,4,201.33,0.15,120.8,684.52,gift_card,online,USD
TXN0001937,2024-12-15 20:04:00,STR020,PRD0039,CUS00261,4,415.77,0.0,0.0,1663.08,credit_card,in_store,USD
TXN0001938,2024-12-27 17:42:00,STR005,PRD0081,CUS00319,4,429.07,0.0,0.0,1716.28,mobile_pay,in_store,USD
TXN0001939,2024-12-30 15:35:00,STR012,PRD0038,CUS00434,5,879.64,0.0,0.0,4398.2,cash,online,USD
TXN0001940,2024-12-12 17:57:00,STR009,PRD0080,CUS00240,3,270.17,0.0,0.0,810.51,credit_card,mobile_app,USD
TXN0001941,2024-01-19 15:09:00,STR022,PRD0098,CUS00217,2,244.56,0.0,0.0,489.12,mobile_pay,mobile_app,USD
TXN0001942,2024-11-22 16:54:00,STR020,PRD0065,CUS00108,1,286.09,0.0,0.0,286.09,credit_card,in_store,USD
TXN0001943,2024-06-13 08:21:00,STR003,PRD0096,CUS00193,2,389.05,0.0,0.0,778.1,mobile_pay,online,USD
TXN0001944,2024-04-14 17:08:00,STR012,PRD0081,CUS00212,1,429.07,0.0,0.0,429.07,credit_card,mobile_app,USD
TXN0001945,2024-06-10 16:54:00,STR002,PRD0044,CUS00275,1,126.49,0.0,0.0,126.49,debit_card,mobile_app,USD
TXN0001946,2024-06-28 12:09:00,STR009,PRD0103,CUS00003,1,58.52,0.15,8.78,49.74,debit_card,in_store,USD
TXN0001947,2024-10-15 12:16:00,STR013,PRD0010,,5,276.68,0.0,0.0,1383.4,credit_card,in_store,USD
TXN0001948,2024-10-12 17:51:00,STR999,PRD0117,CUS00259,2,54.14,0.1,10.83,97.45,gift_card,online,USD
TXN0001949,2024-03-03 09:17:00,STR009,PRD0058,CUS00359,1,61.42,0.0,0.0,61.42,credit_card,in_store,USD
TXN0001950,2024-07-06 09:43:00,STR002,PRD0087,CUS00117,1,488.55,0.0,0.0,488.55,credit_card,online,USD
TXN0001951,2024-02-20 12:13:00,STR018,PRD0083,CUS00376,4,247.1,0.0,0.0,988.4,gift_card,in_store,USD
TXN0001952,2024-03-18 20:31:00,STR005,PRD0002,CUS00156,1,26.09,0.1,2.61,23.48,debit_card,mobile_app,USD
TXN0001953,2024-09-19 19:55:00,STR013,PRD0023,CUS00415,1,249.34,0.0,0.0,249.34,gift_card,online,USD
TXN0001954,2024-02-21 18:25:00,STR019,PRD0099,CUS00333,1,388.71,0.1,38.87,349.84,credit_card,online,USD
TXN0001955,2024-10-20 20:34:00,STR008,PRD0086,CUS00255,5,139.31,0.15,104.48,592.07,mobile_pay,online,USD
TXN0001956,2024-11-04 16:11:00,STR006,PRD0099,CUS00421,4,388.71,0.1,155.48,1399.36,credit_card,online,USD
TXN0001957,2024-11-11 12:23:00,STR006,PRD0074,CUS00471,2,304.27,0.0,0.0,608.54,debit_card,online,USD
TXN0001958,2024-01-04 13:35:00,STR003,PRD0064,,2,475.35,0.0,0.0,950.7,mobile_pay,online,USD
TXN0001959,2024-02-26 16:03:00,STR001,PRD0038,CUS00127,3,879.64,0.0,0.0,2638.92,credit_card,online,USD
TXN0001960,2024-02-05 11:07:00,STR020,PRD0020,CUS00335,2,595.59,0.0,0.0,1191.18,gift_card,in_store,USD
TXN0001961,2024-01-02 15:58:00,STR015,PRD0043,CUS00379,1,621.23,0.0,0.0,621.23,gift_card,mobile_app,USD
TXN0001962,2024-08-12 18:18:00,STR009,PRD0015,CUS00040,2,541.61,0.05,54.16,1029.06,debit_card,in_store,USD
TXN0001963,2024-12-14 13:27:00,STR013,PRD0113,CUS00411,1,336.98,0.1,33.7,303.28,mobile_pay,online,USD
TXN0001964,2024-08-24 18:28:00,STR004,PRD0044,CUS00049,2,126.49,0.0,0.0,252.98,debit_card,in_store,USD
TXN0001965,2024-03-17 17:27:00,STR018,PRD0012,CUS00124,2,233.86,0.0,0.0,467.72,credit_card,in_store,USD
TXN0001966,2024-01-20 15:44:00,STR005,PRD0120,CUS00296,3,136.37,0.05,20.46,388.65,gift_card,online,USD
TXN0001967,2024-08-24 09:06:00,STR019,PRD0005,CUS00428,4,259.57,0.0,0.0,1038.28,credit_card,online,USD
TXN0001968,2024-08-23 10:27:00,STR022,PRD0060,CUS00119,2,399.84,0.05,39.98,759.7,gift_card,online,USD
TXN0001969,2024-07-28 14:05:00,STR018,PRD0062,,2,355.41,0.0,0.0,710.82,debit_card,in_store,USD
TXN0001970,2024-10-18 08:46:00,STR006,PRD0094,CUS00436,1,326.53,0.0,0.0,326.53,debit_card,in_store,USD
TXN0001971,2024-04-08 17:52:00,STR011,PRD0059,CUS00272,1,458.19,0.0,0.0,458.19,credit_card,in_store,USD
TXN0001972,2024-11-08 15:38:00,STR016,PRD0087,CUS00112,1,488.55,0.0,0.0,488.55,credit_card,online,USD
TXN0001973,2024-04-26 10:57:00,STR002,PRD0022,CUS00102,2,146.15,0.0,0.0,292.3,debit_card,in_store,USD
TXN0001974,2024-07-09 09:13:00,STR010,PRD0108,CUS00432,2,99.37,0.0,0.0,198.74,debit_card,mobile_app,USD
TXN0001975,2024-08-08 17:04:00,STR016,PRD0011,CUS00432,2,526.75,0.0,0.0,1053.5,mobile_pay,in_store,USD
TXN0001976,2024-11-29 14:07:00,STR006,PRD0042,CUS00147,5,140.2,0.15,105.15,595.85,gift_card,in_store,USD
TXN0001977,2024-02-29 21:29:00,STR012,PRD0043,CUS00426,5,621.23,0.0,0.0,3106.15,gift_card,mobile_app,USD
TXN0001978,2024-04-16 16:14:00,STR012,PRD0083,CUS00222,5,247.1,0.0,0.0,1235.5,gift_card,online,USD
TXN0001979,2024-11-05 11:34:00,STR012,PRD0115,CUS00130,5,145.51,0.05,36.38,691.17,gift_card,mobile_app,USD
TXN0001980,2024-12-20 13:02:00,STR014,PRD0069,,1,527.04,0.0,0.0,527.04,gift_card,online,USD
TXN0001981,2024-12-06 11:08:00,STR009,PRD0054,CUS00003,1,694.62,0.0,0.0,694.62,credit_card,in_store,USD
TXN0001982,2024-03-31 14:20:00,STR021,PRD0083,CUS00257,5,247.1,0.0,0.0,1235.5,cash,mobile_app,USD
TXN0001983,2024-02-05 17:29:00,STR002,PRD0079,CUS00200,1,643.15,0.0,0.0,643.15,gift_card,mobile_app,USD
TXN0001984,2024-08-09 16:24:00,STR023,PRD0115,CUS00208,5,145.51,0.15,109.13,618.42,credit_card,in_store,USD
TXN0001985,2024-07-12 14:30:00,STR012,PRD0069,CUS00498,1,527.04,0.0,0.0,527.04,debit_card,online,USD
TXN0001986,2024-03-07 11:11:00,STR007,PRD0074,CUS00349,2,304.27,0.0,0.0,608.54,gift_card,online,USD
TXN0001987,2024-07-26 13:18:00,STR023,PRD0008,CUS00045,4,455.65,0.0,0.0,1822.6,credit_card,online,USD
TXN0001988,2024-01-15 08:27:00,STR017,PRD0050,CUS00079,5,201.33,0.0,0.0,1006.65,gift_card,online,USD
TXN0001989,2024-10-13 09:52:00,STR019,PRD0058,CUS00489,5,61.42,0.0,0.0,307.1,cash,online,USD
TXN0001990,2024-04-21 17:55:00,STR012,PRD0106,CUS00086,1,558.66,0.0,0.0,558.66,credit_card,mobile_app,USD
TXN0001991,2024-03-20 10:44:00,STR010,PRD0056,,4,26.02,0.05,5.2,98.88,gift_card,in_store,USD
TXN0001992,2024-10-25 08:07:00,STR021,PRD0032,CUS00063,5,251.17,0.0,0.0,1255.85,debit_card,in_store,USD
TXN0001993,2024-04-14 14:11:00,STR011,PRD0072,CUS00229,1,500.55,0.0,0.0,500.55,debit_card,online,USD
TXN0001994,2024-04-30 09:41:00,STR017,PRD0039,CUS00339,2,415.77,0.0,0.0,831.54,credit_card,online,USD
TXN0001995,2024-05-02 18:42:00,STR019,PRD0036,CUS00214,4,405.13,0.0,0.0,1620.52,gift_card,mobile_app,USD
TXN0001996,2024-04-10 18:26:00,STR004,PRD0063,CUS00187,4,23.14,0.05,4.63,87.93,gift_card,mobile_app,USD
TXN0001997,2024-07-28 12:10:00,STR022,PRD0094,CUS00308,5,326.53,0.0,0.0,1632.65,gift_card,online,USD
TXN0001998,2024-04-25 15:04:00,STR005,PRD0048,CUS00021,4,473.17,0.0,0.0,1892.68,credit_card,in_store,USD
TXN0001999,2024-10-26 09:56:00,STR006,PRD0009,CUS00376,1,675.27,0.0,0.0,675.27,mobile_pay,mobile_app,USD
TXN0002000,2024-05-18 21:59:00,STR017,PRD0076,CUS00465,3,33.66,0.05,5.05,95.93,credit_card,online,USD
TXN0002001,2024-02-13 13:41:00,STR007,PRD0078,CUS00418,5,678.93,0.0,0.0,3394.65,gift_card,in_store,USD
TXN0002002,2024-08-07 09:10:00,STR001,PRD0031,,1,77.68,0.1,7.77,69.91,cash,mobile_app,USD
TXN0002003,2024-08-31 15:28:00,STR008,PRD0018,CUS00215,5,94.47,0.0,0.0,472.35,debit_card,in_store,USD
TXN0002004,2024-11-05 08:16:00,STR014,PRD0091,CUS00134,5,122.8,0.0,0.0,614.0,mobile_pay,in_store,USD
TXN0002005,2024-06-01 19:51:00,STR006,PRD0049,CUS00215,2,327.25,0.0,0.0,654.5,mobile_pay,online,USD
TXN0002006,2024-11-01 18:22:00,STR008,PRD0065,CUS00044,2,286.09,0.15,85.83,486.35,mobile_pay,mobile_app,USD
TXN0002007,2024-07-31 08:03:00,STR021,PRD0043,CUS00337,1,621.23,0.0,0.0,621.23,credit_card,in_store,USD
TXN0002008,2024-06-03 16:17:00,STR016,PRD0059,CUS00438,4,458.19,0.0,0.0,1832.76,credit_card,mobile_app,USD
TXN0002009,2024-03-11 19:18:00,STR018,PRD0106,CUS00158,3,558.66,0.0,0.0,1675.98,debit_card,mobile_app,USD
TXN0002010,2024-01-15 11:03:00,STR009,PRD0041,CUS00012,5,491.81,0.0,0.0,2459.05,mobile_pay,in_store,USD
TXN0002011,2024-10-09 19:33:00,STR015,PRD0116,CUS00235,5,648.85,0.05,162.21,3082.04,mobile_pay,online,USD
TXN0002012,2024-09-12 18:31:00,STR002,PRD0015,CUS00478,5,541.61,0.0,0.0,2708.05,gift_card,mobile_app,USD
TXN0002013,2024-11-21 09:41:00,STR001,PRD0057,,2,412.83,0.0,0.0,825.66,mobile_pay,in_store,USD
TXN0002014,2024-11-04 13:58:00,STR001,PRD0117,CUS00236,1,54.14,0.0,0.0,54.14,gift_card,in_store,USD
TXN0002015,2024-05-23 17:31:00,STR023,PRD0064,CUS00236,3,475.35,0.0,0.0,1426.05,mobile_pay,online,USD
TXN0002016,2024-04-20 14:29:00,STR001,PRD0096,CUS00448,5,389.05,0.0,0.0,1945.25,gift_card,online,USD
TXN0002017,2024-04-09 20:35:00,STR004,PRD0037,CUS00061,5,47.85,0.2,47.85,191.4,gift_card,in_store,USD
TXN0002018,2024-08-04 14:24:00,STR006,PRD0082,CUS00279,2,82.51,0.2,33.0,132.02,cash,in_store,USD
TXN0002019,2024-01-21 16:00:00,STR012,PRD0048,CUS00450,4,473.17,0.1,189.27,1703.41,credit_card,mobile_app,USD
TXN0002020,2024-11-28 18:31:00,STR014,PRD0100,CUS00263,1,576.59,0.0,0.0,576.59,cash,mobile_app,USD
TXN0002021,2024-01-22 08:06:00,STR007,PRD0006,CUS00121,2,101.59,0.0,0.0,203.18,cash,online,USD
TXN0002022,2024-08-21 19:54:00,STR020,PRD0043,CUS00327,1,621.23,0.05,31.06,590.17,credit_card,online,USD
TXN0002023,2024-11-05 19:41:00,STR019,PRD0052,CUS00295,4,76.14,0.0,0.0,304.56,mobile_pay,online,USD
TXN0002024,2024-05-20 09:02:00,STR020,PRD0048,,2,473.17,0.0,0.0,946.34,cash,online,USD
TXN0002025,2024-08-21 14:42:00,STR005,PRD0109,CUS00151,1,459.8,0.0,0.0,459.8,gift_card,in_store,USD
TXN0002026,2024-08-04 19:32:00,STR003,PRD0087,CUS00221,5,488.55,0.05,122.14,2320.61,cash,in_store,USD
TXN0002027,2024-09-23 14:42:00,STR017,PRD0048,CUS00080,1,473.17,0.0,0.0,473.17,cash,mobile_app,USD
TXN0002028,2024-10-30 17:19:00,STR005,PRD0072,CUS00452,2,500.55,0.2,200.22,800.88,cash,mobile_app,USD
TXN0002029,2024-11-27 11:02:00,STR016,PRD0099,CUS00277,1,388.71,0.0,0.0,388.71,cash,in_store,USD
TXN0002030,2024-10-05 20:22:00,STR022,PRD0059,CUS00433,5,458.19,0.0,0.0,2290.95,credit_card,mobile_app,USD
TXN0002031,2024-12-25 09:48:00,STR005,PRD0073,CUS00394,4,577.08,0.0,0.0,2308.32,cash,in_store,USD
TXN0002032,2024-11-24 16:25:00,STR021,PRD0028,CUS00137,2,621.82,0.0,0.0,1243.64,gift_card,online,USD
TXN0002033,2024-10-06 09:09:00,STR020,PRD0041,CUS00491,3,491.81,0.0,0.0,1475.43,credit_card,mobile_app,USD
TXN0002034,2024-12-28 19:06:00,STR008,PRD0031,CUS00319,5,77.68,0.0,0.0,388.4,credit_card,online,USD
TXN0002035,2024-08-28 09:16:00,STR013,PRD0096,,1,389.05,0.0,0.0,389.05,debit_card,in_store,USD
TXN0002036,2024-06-19 10:54:00,STR008,PRD0100,CUS00164,4,576.59,0.1,230.64,2075.72,credit_card,mobile_app,USD
TXN0002037,2024-03-28 15:20:00,STR016,PRD0035,CUS00248,3,234.61,0.05,35.19,668.64,gift_card,mobile_app,USD
TXN0002038,2024-06-08 10:56:00,STR023,PRD0004,CUS00078,5,602.78,0.0,0.0,3013.9,debit_card,online,USD
TXN0002039,2024-09-04 10:13:00,STR018,PRD0080,CUS00071,3,270.17,0.0,0.0,810.51,credit_card,online,USD
TXN0002040,2024-05-19 17:12:00,STR021,PRD0089,CUS00142,3,690.46,0.05,103.57,1967.81,gift_card,online,USD
TXN0002041,2024-01-28 10:36:00,STR004,PRD0088,CUS00295,3,266.3,0.0,0.0,798.9,debit_card,in_store,USD
TXN0002042,2024-05-04 12:24:00,STR020,PRD0044,CUS00289,3,126.49,0.0,0.0,379.47,cash,mobile_app,USD
TXN0002043,2024-07-24 18:12:00,STR005,PRD0063,CUS00301,5,23.14,0.0,0.0,115.7,gift_card,online,USD
TXN0002044,2024-05-24 21:53:00,STR018,PRD0061,CUS00012,4,169.37,0.0,0.0,677.48,cash,in_store,USD
TXN0002045,2024-05-21 18:39:00,STR019,PRD0037,CUS00352,5,47.85,0.0,0.0,239.25,mobile_pay,mobile_app,USD
TXN0002046,2024-06-22 14:09:00,STR015,PRD0039,,3,415.77,0.0,0.0,1247.31,credit_card,online,USD
TXN0002047,2024-07-03 11:22:00,STR007,PRD0049,CUS00083,4,327.25,0.0,0.0,1309.0,gift_card,in_store,USD
TXN0002048,2024-05-12 21:27:00,STR001,PRD0061,CUS00434,5,169.37,0.0,0.0,846.85,gift_card,mobile_app,USD
TXN0002049,2024-12-17 10:22:00,STR007,PRD0015,CUS00152,5,541.61,0.05,135.4,2572.65,cash,online,USD
TXN0002050,2024-03-14 10:11:00,STR014,PRD0079,CUS00131,4,643.15,0.0,0.0,2572.6,credit_card,in_store,USD
TXN0002051,2024-11-24 15:24:00,STR019,PRD0063,CUS00151,5,23.14,0.0,0.0,115.7,gift_card,mobile_app,USD
TXN0002052,2024-10-12 21:30:00,STR001,PRD0047,CUS00059,4,487.35,0.0,0.0,1949.4,mobile_pay,online,USD
TXN0002053,2024-05-07 14:46:00,STR015,PRD0013,CUS00043,3,80.66,0.0,0.0,241.98,mobile_pay,mobile_app,USD
TXN0002054,2024-02-04 18:50:00,STR020,PRD0007,CUS00435,5,274.3,0.0,0.0,1371.5,gift_card,in_store,USD
TXN0002055,2024-07-12 21:02:00,STR003,PRD0056,CUS00015,4,26.02,0.0,0.0,104.08,cash,online,USD
TXN0002056,2024-04-22 18:03:00,STR016,PRD0071,CUS00227,2,327.28,0.0,0.0,654.56,gift_card,mobile_app,USD
TXN0002057,2024-07-01 20:49:00,STR009,PRD0057,,4,412.83,0.0,0.0,1651.32,debit_card,mobile_app,USD
TXN0002058,2024-11-23 20:00:00,STR019,PRD0067,CUS00056,1,544.43,0.05,27.22,517.21,gift_card,mobile_app,USD
TXN0002059,2024-09-17 12:25:00,STR019,PRD0043,CUS00497,1,621.23,0.0,0.0,621.23,cash,in_store,USD
TXN0002060,2024-12-27 12:09:00,STR004,PRD0100,CUS00300,3,576.59,0.1,172.98,1556.79,debit_card,online,USD
TXN0002061,2024-11-09 18:37:00,STR023,PRD0091,CUS00284,1,122.8,0.0,0.0,122.8,cash,mobile_app,USD
TXN0002062,2024-04-20 12:16:00,STR007,PRD0092,CUS00107,4,353.85,0.15,212.31,1203.09,cash,mobile_app,USD
TXN0002063,2024-06-21 20:08:00,STR004,PRD0052,CUS00469,5,76.14,0.0,0.0,380.7,cash,in_store,USD
TXN0002064,2024-09-01 08:37:00,STR006,PRD0053,CUS00367,3,321.56,0.05,48.23,916.45,debit_card,in_store,USD
TXN0002065,2024-05-04 14:13:00,STR014,PRD0061,CUS00013,3,169.37,0.0,0.0,508.11,gift_card,in_store,USD
TXN0002066,2024-01-10 21:45:00,STR002,PRD0083,CUS00016,2,247.1,0.0,0.0,494.2,cash,mobile_app,USD
TXN0002067,2024-09-12 12:00:00,STR001,PRD0070,CUS00316,1,31.14,0.0,0.0,31.14,mobile_pay,in_store,USD
TXN0002068,2024-06-14 18:59:00,STR015,PRD0010,,4,276.68,0.0,0.0,1106.72,gift_card,online,USD
TXN0002069,2024-12-21 18:20:00,STR012,PRD0101,CUS00056,1,437.08,0.0,0.0,437.08,debit_card,mobile_app,USD
TXN0002070,2024-04-15 20:24:00,STR020,PRD0020,CUS00352,3,595.59,0.05,89.34,1697.43,gift_card,mobile_app,USD
TXN0002071,2024-09-15 16:06:00,STR012,PRD0066,CUS00356,4,404.74,0.0,0.0,1618.96,credit_card,mobile_app,USD
TXN0002072,2024-12-17 20:55:00,STR003,PRD0101,CUS00500,3,437.08,0.0,0.0,1311.24,credit_card,online,USD
TXN0002073,2024-03-19 11:54:00,STR002,PRD0112,CUS00481,4,268.87,0.0,0.0,1075.48,cash,in_store,USD
TXN0002074,2024-04-28 13:39:00,STR002,PRD0094,CUS00349,1,326.53,0.05,16.33,310.2,mobile_pay,in_store,USD
TXN0002075,2024-12-06 11:37:00,STR003,PRD0106,CUS00022,3,558.66,0.0,0.0,1675.98,credit_card,mobile_app,USD
TXN0002076,2024-07-30 14:16:00,STR014,PRD0025,CUS00431,5,116.31,0.0,0.0,581.55,gift_card,online,USD
TXN0002077,2024-10-09 08:36:00,STR022,PRD0107,CUS00134,5,368.5,0.0,0.0,1842.5,gift_card,mobile_app,USD
TXN0002078,2024-07-14 15:28:00,STR019,PRD0076,CUS00385,4,33.66,0.0,0.0,134.64,debit_card,online,USD
TXN0002079,2024-11-07 09:19:00,STR006,PRD0026,,1,172.92,0.0,0.0,172.92,debit_card,online,USD
TXN0002080,2024-06-20 12:47:00,STR006,PRD0087,CUS00201,5,488.55,0.0,0.0,2442.75,cash,online,USD
TXN0002081,2024-07-13 21:59:00,STR001,PRD0074,CUS00420,4,304.27,0.15,182.56,1034.52,gift_card,mobile_app,USD
TXN0002082,2024-10-30 12:44:00,STR019,PRD0090,CUS00418,2,69.19,0.0,0.0,138.38,credit_card,mobile_app,USD
TXN0002083,2024-01-15 15:41:00,STR010,PRD0026,CUS00002,5,172.92,0.0,0.0,864.6,mobile_pay,online,USD
TXN0002084,2024-03-07 08:10:00,STR002,PRD0061,CUS00355,2,169.37,0.05,16.94,321.8,mobile_pay,online,USD
TXN0002085,2024-10-30 16:56:00,STR018,PRD0071,CUS00157,5,327.28,0.0,0.0,1636.4,gift_card,online,USD
TXN0002086,2024-03-16 19:07:00,STR001,PRD0091,CUS00129,5,122.8,0.0,0.0,614.0,cash,in_store,USD
TXN0002087,2024-08-06 21:01:00,STR016,PRD0019,CUS00082,2,351.82,0.05,35.18,668.46,debit_card,online,USD
TXN0002088,2024-10-24 21:30:00,STR003,PRD0084,CUS00351,2,127.62,0.0,0.0,255.24,cash,online,USD
TXN0002089,2024-04-12 14:42:00,STR006,PRD0055,CUS00309,2,264.5,0.0,0.0,529.0,gift_card,mobile_app,USD
TXN0002090,2024-04-28 20:10:00,STR020,PRD0004,,3,602.78,0.0,0.0,1808.34,debit_card,mobile_app,USD
TXN0002091,2024-09-24 19:33:00,STR019,PRD0024,CUS00314,2,364.86,0.2,145.94,583.78,mobile_pay,mobile_app,USD
TXN0002092,2024-06-10 21:41:00,STR022,PRD0118,CUS00366,3,317.96,0.0,0.0,953.88,gift_card,mobile_app,USD
TXN0002093,2024-10-18 13:27:00,STR018,PRD0106,CUS00270,1,558.66,0.0,0.0,558.66,mobile_pay,in_store,USD
TXN0002094,2024-10-14 16:08:00,STR011,PRD0100,CUS00318,3,576.59,0.0,0.0,1729.77,gift_card,mobile_app,USD
TXN0002095,2024-11-12 21:29:00,STR009,PRD0046,CUS00380,4,719.52,0.1,287.81,2590.27,mobile_pay,in_store,USD
TXN0002096,2024-06-15 13:14:00,STR007,PRD0065,CUS00093,4,286.09,0.0,0.0,1144.36,debit_card,online,USD
TXN0002097,2024-08-01 15:30:00,STR011,PRD0045,CUS00378,1,318.79,0.0,0.0,318.79,gift_card,mobile_app,USD
TXN0002098,2024-01-31 11:50:00,STR018,PRD0054,CUS00331,2,694.62,0.2,277.85,1111.39,cash,mobile_app,USD
TXN0002099,2024-06-06 10:02:00,STR012,PRD0012,CUS00199,1,233.86,0.05,11.69,222.17,credit_card,in_store,USD
TXN0002100,2024-03-30 13:06:00,STR022,PRD0091,CUS00361,4,122.8,0.0,0.0,491.2,gift_card,in_store,USD
TXN0002101,2024-10-23 18:43:00,STR006,PRD0105,,3,554.1,0.0,0.0,1662.3,mobile_pay,mobile_app,USD
TXN0002102,2024-12-30 11:10:00,STR002,PRD0006,CUS00491,2,101.59,0.0,0.0,203.18,cash,mobile_app,USD
TXN0002103,2024-11-19 10:14:00,STR014,PRD0030,CUS00226,4,80.67,0.0,0.0,322.68,credit_card,in_store,USD
TXN0002104,2024-04-16 09:30:00,STR005,PRD0052,CUS00315,1,76.14,0.0,0.0,76.14,gift_card,mobile_app,USD
TXN0002105,2024-12-02 15:51:00,STR016,PRD0080,CUS00181,5,270.17,0.0,0.0,1350.85,credit_card,in_store,USD
TXN0002106,2024-12-01 13:23:00,STR019,PRD0045,CUS00189,5,318.79,0.0,0.0,1593.95,mobile_pay,mobile_app,USD
TXN0002107,2024-05-09 11:59:00,STR012,PRD0062,CUS00087,4,355.41,0.0,0.0,1421.64,cash,in_store,USD
TXN0002108,2024-01-31 18:04:00,STR011,PRD0063,CUS00335,2,23.14,0.1,4.63,41.65,gift_card,in_store,USD
TXN0002109,2024-11-22 15:23:00,STR011,PRD0006,CUS00027,4,101.59,0.0,0.0,406.36,debit_card,mobile_app,USD
TXN0002110,2024-12-06 11:59:00,STR007,PRD0006,CUS00175,5,101.59,0.0,0.0,507.95,cash,online,USD
TXN0002111,2024-01-08 15:36:00,STR018,PRD0039,CUS00453,4,415.77,0.0,0.0,1663.08,debit_card,online,USD
TXN0002112,2024-08-04 10:24:00,STR015,PRD0067,,2,544.43,0.0,0.0,1088.86,cash,mobile_app,USD
TXN0002113,2024-10-24 20:28:00,STR012,PRD0016,CUS00148,1,539.04,0.0,0.0,539.04,cash,mobile_app,USD
TXN0002114,2024-07-29 17:48:00,STR013,PRD0087,CUS00463,5,488.55,0.0,0.0,2442.75,debit_card,in_store,USD
TXN0002115,2024-06-07 16:44:00,STR009,PRD0076,CUS00306,1,33.66,0.0,0.0,33.66,cash,online,USD
TXN0002116,2024-07-03 10:05:00,STR005,PRD0084,CUS00220,2,127.62,0.0,0.0,255.24,gift_card,mobile_app,USD
TXN0002117,2024-10-06 20:57:00,STR009,PRD0092,CUS00244,3,353.85,0.0,0.0,1061.55,cash,in_store,USD
TXN0002118,2024-09-26 13:47:00,STR003,PRD0014,CUS00163,1,10.52,0.0,0.0,10.52,debit_card,online,USD
TXN0002119,2024-01-16 09:57:00,STR015,PRD0067,CUS00461,1,544.43,0.15,81.66,462.77,mobile_pay,mobile_app,USD
TXN0002120,2024-05-13 08:33:00,STR023,PRD0019,CUS00498,3,351.82,0.0,0.0,1055.46,cash,online,USD
TXN0002121,2024-07-04 13:29:00,STR021,PRD0032,CUS00135,5,251.17,0.0,0.0,1255.85,gift_card,in_store,USD
TXN0002122,2024-09-04 10:46:00,STR004,PRD0039,CUS00315,1,415.77,0.1,41.58,374.19,mobile_pay,in_store,USD
TXN0002123,2024-02-13 15:47:00,STR006,PRD0013,,1,80.66,0.0,0.0,80.66,mobile_pay,in_store,USD
TXN0002124,2024-03-15 13:37:00,STR009,PRD0031,CUS00329,2,77.68,0.0,0.0,155.36,credit_card,in_store,USD
TXN0002125,2024-08-10 21:25:00,STR021,PRD0104,CUS00209,3,398.02,0.0,0.0,1194.06,cash,online,USD
TXN0002126,2024-01-26 17:02:00,STR003,PRD0023,CUS00143,4,249.34,0.0,0.0,997.36,debit_card,in_store,USD
TXN0002127,2024-06-14 17:44:00,STR007,PRD0002,CUS00084,4,26.09,0.0,0.0,104.36,gift_card,online,USD
TXN0002128,2024-04-29 18:42:00,STR002,PRD0118,CUS00294,2,317.96,0.0,0.0,635.92,debit_card,online,USD
TXN0002129,2024-09-18 17:56:00,STR011,PRD0047,CUS00499,3,487.35,0.0,0.0,1462.05,credit_card,mobile_app,USD
TXN0002130,2024-11-13 09:38:00,STR021,PRD0118,CUS00016,2,317.96,0.0,0.0,635.92,cash,in_store,USD
TXN0002131,2024-04-29 10:52:00,STR005,PRD0021,CUS00260,3,411.07,0.05,61.66,1171.55,mobile_pay,online,USD
TXN0002132,2024-09-08 18:25:00,STR009,PRD0050,CUS00286,4,201.33,0.05,40.27,765.05,mobile_pay,mobile_app,USD
TXN0002133,2024-02-25 16:03:00,STR003,PRD0103,CUS00204,1,58.52,0.0,0.0,58.52,mobile_pay,mobile_app,USD
TXN0002134,2024-07-18 08:26:00,STR021,PRD0108,,1,99.37,0.0,0.0,99.37,credit_card,mobile_app,USD
TXN0002135,2024-08-20 09:17:00,STR020,PRD0054,CUS00020,3,694.62,0.0,0.0,2083.86,mobile_pay,online,USD
TXN0002136,2024-12-23 08:37:00,STR022,PRD0014,CUS00086,1,10.52,0.0,0.0,10.52,mobile_pay,mobile_app,USD
TXN0002137,2024-02-11 14:48:00,STR023,PRD0027,CUS00314,1,490.08,0.0,0.0,490.08,debit_card,in_store,USD
TXN0002138,2024-07-08 08:17:00,STR006,PRD0074,CUS00278,1,304.27,0.05,15.21,289.06,credit_card,mobile_app,USD
TXN0002139,2024-01-16 20:46:00,STR008,PRD0110,CUS00274,2,406.78,0.0,0.0,813.56,debit_card,in_store,USD
TXN0002140,2024-10-22 08:37:00,STR013,PRD0037,CUS00312,1,47.85,0.15,7.18,40.67,gift_card,online,USD
TXN0002141,2024-02-21 10:16:00,STR003,PRD0016,CUS00243,1,539.04,0.0,0.0,539.04,mobile_pay,in_store,USD
TXN0002142,2024-02-01 13:14:00,STR007,PRD0016,CUS00073,3,539.04,0.0,0.0,1617.12,cash,in_store,USD
TXN0002143,2024-08-19 18:33:00,STR020,PRD0081,CUS00130,2,429.07,0.0,0.0,858.14,mobile_pay,online,USD
TXN0002144,2024-11-27 10:38:00,STR001,PRD0075,CUS00206,3,507.8,0.0,0.0,1523.4,credit_card,in_store,USD
TXN0002145,2024-09-17 19:27:00,STR002,PRD0058,,2,61.42,0.0,0.0,122.84,credit_card,mobile_app,USD
TXN0002146,2024-02-29 08:45:00,STR010,PRD0111,CUS00249,5,661.33,0.0,0.0,3306.65,debit_card,in_store,USD
TXN0002147,2024-09-09 12:30:00,STR004,PRD0118,CUS00355,5,317.96,0.0,0.0,1589.8,credit_card,mobile_app,USD
TXN0002148,2024-06-22 08:43:00,STR012,PRD0073,CUS00181,1,577.08,0.0,0.0,577.08,gift_card,online,USD
TXN0002149,2024-07-01 16:10:00,STR016,PRD0073,CUS00037,1,577.08,0.1,57.71,519.37,debit_card,mobile_app,USD
TXN0002150,2024-09-12 11:56:00,STR023,PRD0096,CUS00055,5,389.05,0.0,0.0,1945.25,mobile_pay,online,USD
TXN0002151,2024-03-22 19:49:00,STR007,PRD0081,CUS00431,3,429.07,0.0,0.0,1287.21,debit_card,online,USD
TXN0002152,2024-06-21 15:39:00,STR010,PRD0039,CUS00263,3,415.77,0.0,0.0,1247.31,credit_card,mobile_app,USD
TXN0002153,2024-10-04 11:03:00,STR010,PRD0015,CUS00453,5,541.61,0.0,0.0,2708.05,mobile_pay,mobile_app,USD
TXN0002154,2024-09-09 18:41:00,STR010,PRD0101,CUS00306,1,437.08,0.0,0.0,437.08,cash,online,USD
TXN0002155,2024-03-14 20:06:00,STR005,PRD0055,CUS00254,2,264.5,0.0,0.0,529.0,mobile_pay,in_store,USD
TXN0002156,2024-09-23 20:29:00,STR005,PRD0039,,1,415.77,0.0,0.0,415.77,gift_card,in_store,USD
TXN0002157,2024-05-24 14:20:00,STR022,PRD0019,CUS00342,1,351.82,0.0,0.0,351.82,mobile_pay,online,USD
TXN0002158,2024-08-27 20:57:00,STR016,PRD0064,CUS00479,5,475.35,0.0,0.0,2376.75,cash,in_store,USD
TXN0002159,2024-04-16 15:08:00,STR018,PRD0073,CUS00055,4,577.08,0.0,0.0,2308.32,gift_card,mobile_app,USD
TXN0002160,2024-09-10 15:13:00,STR021,PRD0041,CUS00315,2,491.81,0.0,0.0,983.62,credit_card,online,USD
TXN0002161,2024-12-04 08:24:00,STR005,PRD0049,CUS00225,4,327.25,0.2,261.8,1047.2,credit_card,online,USD
TXN0002162,2024-06-14 16:26:00,STR017,PRD0019,CUS00335,4,351.82,0.1,140.73,1266.55,credit_card,online,USD
TXN0002163,2024-12-06 17:38:00,STR009,PRD0120,CUS00180,2,136.37,0.05,13.64,259.1,gift_card,mobile_app,USD
TXN0002164,2024-03-09 15:40:00,STR019,PRD0060,CUS00183,2,399.84,0.0,0.0,799.68,credit_card,mobile_app,USD
TXN0002165,2024-08-14 20:30:00,STR011,PRD0092,CUS00191,3,353.85,0.0,0.0,1061.55,cash,in_store,USD
TXN0002166,2024-05-12 21:10:00,STR005,PRD0012,CUS00294,4,233.86,0.0,0.0,935.44,gift_card,in_store,USD
TXN0002167,2024-08-26 11:17:00,STR015,PRD0060,,2,399.84,0.0,0.0,799.68,debit_card,mobile_app,USD
TXN0002168,2024-04-05 14:08:00,STR003,PRD0019,CUS00440,2,351.82,0.0,0.0,703.64,cash,mobile_app,USD
TXN0002169,2024-08-14 20:56:00,STR013,PRD0088,CUS00051,1,266.3,0.0,0.0,266.3,mobile_pay,mobile_app,USD
TXN0002170,2024-12-11 10:26:00,STR004,PRD0070,CUS00328,5,31.14,0.0,0.0,155.7,gift_card,mobile_app,USD
TXN0002171,2024-11-15 10:27:00,STR018,PRD0028,CUS00310,4,621.82,0.0,0.0,2487.28,debit_card,in_store,USD
TXN0002172,2024-01-04 11:55:00,STR022,PRD0078,CUS00151,3,678.93,0.15,305.52,1731.27,gift_card,in_store,USD
TXN0002173,2024-07-12 19:37:00,STR014,PRD0006,CUS00495,2,101.59,0.0,0.0,203.18,debit_card,mobile_app,USD
TXN0002174,2024-03-17 15:30:00,STR006,PRD0043,CUS00130,5,621.23,0.0,0.0,3106.15,gift_card,mobile_app,USD
TXN0002175,2024-02-26 17:10:00,STR006,PRD0023,CUS00095,4,249.34,0.0,0.0,997.36,credit_card,in_store,USD
TXN0002176,2024-07-17 11:03:00,STR019,PRD0066,CUS00011,5,404.74,0.05,101.19,1922.51,cash,in_store,USD
TXN0002177,2024-04-27 15:22:00,STR009,PRD0093,CUS00094,5,410.67,0.0,0.0,2053.35,debit_card,online,USD
TXN0002178,2024-08-04 12:21:00,STR012,PRD0088,,4,266.3,0.05,53.26,1011.94,debit_card,mobile_app,USD
TXN0002179,2024-03-10 13:00:00,STR006,PRD0022,CUS00272,1,146.15,0.0,0.0,146.15,debit_card,mobile_app,USD
TXN0002180,2024-08-04 08:47:00,STR008,PRD0011,CUS00326,4,526.75,0.0,0.0,2107.0,debit_card,online,USD
TXN0002181,2024-07-15 15:57:00,STR005,PRD0084,CUS00478,5,127.62,0.0,0.0,638.1,mobile_pay,online,USD
TXN0002182,2024-09-06 18:54:00,STR022,PRD0071,CUS00475,5,327.28,0.05,81.82,1554.58,credit_card,online,USD
TXN0002183,2024-11-17 08:53:00,STR015,PRD0112,CUS00287,5,268.87,0.1,134.44,1209.91,credit_card,mobile_app,USD
TXN0002184,2024-04-18 09:00:00,STR023,PRD0036,CUS00118,3,405.13,0.0,0.0,1215.39,mobile_pay,in_store,USD
TXN0002185,2024-04-18 21:35:00,STR011,PRD0108,CUS00030,4,99.37,0.1,39.75,357.73,debit_card,in_store,USD
TXN0002186,2024-02-11 21:42:00,STR002,PRD0103,CUS00252,1,58.52,0.15,8.78,49.74,gift_card,in_store,USD
TXN0002187,2024-11-20 13:47:00,STR020,PRD0095,CUS00163,1,658.33,0.0,0.0,658.33,mobile_pay,online,USD
TXN0002188,2024-03-23 19:09:00,STR008,PRD0052,CUS00334,4,76.14,0.0,0.0,304.56,cash,online,USD
TXN0002189,2024-06-06 11:26:00,STR020,PRD0063,,5,23.14,0.0,0.0,115.7,cash,mobile_app,USD
TXN0002190,2024-12-07 20:09:00,STR006,PRD0050,CUS00478,4,201.33,0.0,0.0,805.32,cash,in_store,USD
TXN0002191,2024-02-18 18:21:00,STR020,PRD0095,CUS00063,4,658.33,0.05,131.67,2501.65,gift_card,in_store,USD
TXN0002192,2024-05-05 12:15:00,STR003,PRD0076,CUS00139,5,33.66,0.05,8.42,159.88,debit_card,mobile_app,USD
TXN0002193,2024-09-24 17:12:00,STR019,PRD0026,CUS00016,1,172.92,0.0,0.0,172.92,cash,online,USD
TXN0002194,2024-03-22 15:45:00,STR023,PRD0045,CUS00180,4,318.79,0.0,0.0,1275.16,cash,online,USD
TXN0002195,2024-08-23 18:48:00,STR017,PRD0104,CUS00292,5,398.02,0.0,0.0,1990.1,gift_card,online,USD
TXN0002196,2024-11-12 20:50:00,STR005,PRD0101,CUS00246,1,437.08,0.0,0.0,437.08,credit_card,mobile_app,USD
TXN0002197,2024-06-26 18:38:00,STR003,PRD0031,CUS00461,4,77.68,0.05,15.54,295.18,credit_card,online,USD
TXN0002198,2024-07-30 11:54:00,STR017,PRD0045,CUS00208,2,318.79,0.0,0.0,637.58,credit_card,in_store,USD
TXN0002199,2024-11-19 12:02:00,STR015,PRD0029,CUS00353,3,354.91,0.0,0.0,,gift_card,online,USD
TXN0002200,2024-12-10 08:55:00,STR005,PRD0039,,5,415.77,0.0,0.0,2078.85,cash,in_store,USD
TXN0002201,2024-06-25 18:57:00,STR012,PRD0018,CUS00078,4,94.47,0.0,0.0,377.88,debit_card,online,USD
TXN0002202,2024-03-14 20:33:00,STR012,PRD0012,CUS00470,2,233.86,0.0,0.0,467.72,mobile_pay,in_store,USD
TXN0002203,2024-01-28 17:26:00,STR001,PRD0033,CUS00372,4,269.98,0.0,0.0,1079.92,mobile_pay,mobile_app,USD
TXN0002204,2024-03-06 11:22:00,STR002,PRD0020,CUS00236,5,595.59,0.0,0.0,2977.95,mobile_pay,in_store,USD
TXN0002205,2024-02-13 15:12:00,STR020,PRD0064,CUS00146,5,475.35,0.0,0.0,2376.75,mobile_pay,in_store,USD
TXN0002206,2024-07-20 15:32:00,STR008,PRD0039,CUS00216,1,415.77,0.0,0.0,415.77,cash,mobile_app,USD
TXN0002207,2024-05-27 09:40:00,STR009,PRD0054,CUS00183,5,694.62,0.0,0.0,3473.1,cash,in_store,USD
TXN0002208,2024-08-17 14:56:00,STR022,PRD0045,CUS00205,5,318.79,0.0,0.0,1593.95,gift_card,in_store,USD
TXN0002209,2024-06-21 11:30:00,STR007,PRD0039,CUS00249,2,415.77,0.0,0.0,831.54,debit_card,mobile_app,USD
TXN0002210,2024-12-09 15:11:00,STR002,PRD0090,CUS00211,1,69.19,0.0,0.0,69.19,mobile_pay,online,USD
TXN0002211,2024-01-17 17:42:00,STR022,PRD0046,,5,719.52,0.0,0.0,3597.6,gift_card,online,USD
TXN0002212,2024-06-08 13:42:00,STR010,PRD0013,CUS00078,2,80.66,0.0,0.0,161.32,gift_card,online,USD
TXN0002213,2024-06-20 11:10:00,STR003,PRD0033,CUS00303,1,269.98,0.0,0.0,269.98,debit_card,mobile_app,USD
TXN0002214,2024-05-31 08:25:00,STR011,PRD0048,CUS00202,4,473.17,0.0,0.0,1892.68,cash,mobile_app,USD
TXN0002215,2024-08-21 12:46:00,STR019,PRD0093,CUS00183,1,410.67,0.1,41.07,369.6,gift_card,online,USD
TXN0002216,2024-11-08 13:33:00,STR015,PRD0090,CUS00429,4,69.19,0.15,41.51,235.25,debit_card,in_store,USD
TXN0002217,2024-11-28 19:09:00,STR001,PRD0089,CUS00102,5,690.46,0.1,345.23,3107.07,gift_card,mobile_app,USD
TXN0002218,2024-02-27 12:12:00,STR020,PRD0070,CUS00270,4,31.14,0.1,12.46,112.1,mobile_pay,mobile_app,USD
TXN0002219,2024-02-16 19:09:00,STR023,PRD0024,CUS00398,5,364.86,0.0,0.0,1824.3,credit_card,online,USD
TXN0002220,2024-07-07 21:36:00,STR017,PRD0098,CUS00390,3,244.56,0.0,0.0,733.68,mobile_pay,online,USD
TXN0002221,2024-08-01 18:35:00,STR011,PRD0092,CUS00261,2,353.85,0.15,106.16,601.54,mobile_pay,in_store,USD
TXN0002222,2024-09-15 12:38:00,STR017,PRD0099,,2,388.71,0.0,0.0,777.42,mobile_pay,mobile_app,USD
TXN0002223,2024-07-28 17:41:00,STR001,PRD0103,CUS00351,3,58.52,0.0,0.0,175.56,mobile_pay,mobile_app,USD
TXN0002224,2024-06-27 16:30:00,STR013,PRD0063,CUS00163,1,23.14,0.0,0.0,23.14,mobile_pay,in_store,USD
TXN0002225,2024-08-19 09:40:00,STR008,PRD0059,CUS00025,3,458.19,0.1,137.46,1237.11,credit_card,mobile_app,USD
TXN0002226,2024-02-18 12:06:00,STR009,PRD0052,CUS00333,2,76.14,0.05,7.61,144.67,credit_card,in_store,USD
TXN0002227,2024-02-11 18:29:00,STR022,PRD0001,CUS00198,3,137.75,0.0,0.0,413.25,debit_card,in_store,USD
TXN0002228,2024-04-28 09:42:00,STR003,PRD0114,CUS00100,3,596.37,0.0,0.0,1789.11,mobile_pay,online,USD
TXN0002229,2024-03-15 13:20:00,STR021,PRD0027,CUS00396,1,490.08,0.0,0.0,490.08,debit_card,online,USD
TXN0002230,2024-02-21 21:18:00,STR002,PRD0111,CUS00091,2,661.33,0.0,0.0,1322.66,cash,in_store,USD
TXN0002231,2024-07-09 16:40:00,STR023,PRD0004,CUS00444,4,602.78,0.0,0.0,2411.12,debit_card,mobile_app,USD
TXN0002232,2024-02-22 09:27:00,STR015,PRD0004,CUS00373,5,602.78,0.0,0.0,3013.9,credit_card,in_store,USD
TXN0002233,2024-03-17 12:55:00,STR014,PRD0015,,1,541.61,0.0,0.0,541.61,debit_card,mobile_app,USD
TXN0002234,2024-01-26 19:13:00,STR016,PRD0024,CUS00168,2,364.86,0.0,0.0,729.72,mobile_pay,mobile_app,USD
TXN0002235,2024-07-16 14:43:00,STR006,PRD0093,CUS00350,5,410.67,0.0,0.0,2053.35,cash,mobile_app,USD
TXN0002236,2024-01-26 11:25:00,STR004,PRD0050,CUS00459,2,201.33,0.05,20.13,382.53,debit_card,in_store,USD
TXN0002237,2024-08-30 20:39:00,STR010,PRD0030,CUS00257,1,80.67,0.0,0.0,80.67,mobile_pay,in_store,USD
TXN0002238,2024-11-15 18:18:00,STR010,PRD0097,CUS00298,2,118.36,0.0,0.0,236.72,debit_card,mobile_app,USD
TXN0002239,2024-02-04 19:58:00,STR003,PRD0036,CUS00049,2,405.13,0.0,0.0,810.26,gift_card,in_store,USD
TXN0002240,2024-05-19 14:55:00,STR015,PRD0049,CUS00160,5,327.25,0.0,0.0,1636.25,gift_card,online,USD
TXN0002241,2024-03-29 08:46:00,STR022,PRD0012,CUS00498,2,233.86,0.1,46.77,420.95,mobile_pay,in_store,USD
TXN0002242,2024-09-24 18:48:00,STR021,PRD0018,CUS00440,5,94.47,0.0,0.0,472.35,credit_card,in_store,USD
TXN0002243,2024-07-31 19:04:00,STR016,PRD0025,CUS00426,4,116.31,0.05,23.26,441.98,gift_card,online,USD
TXN0002244,2024-04-01 20:10:00,STR004,PRD0093,,3,410.67,0.0,0.0,1232.01,cash,online,USD
TXN0002245,2024-02-02 19:07:00,STR006,PRD0067,CUS00450,1,544.43,0.1,54.44,489.99,debit_card,online,USD
TXN0002246,2024-05-27 15:33:00,STR019,PRD0046,CUS00214,4,719.52,0.05,143.9,2734.18,gift_card,mobile_app,USD
TXN0002247,2024-02-10 09:37:00,STR008,PRD0106,CUS00145,3,558.66,0.0,0.0,1675.98,mobile_pay,online,USD
TXN0002248,2024-07-19 11:41:00,STR006,PRD0016,CUS00014,3,539.04,0.0,0.0,1617.12,debit_card,online,USD
TXN0002249,2024-05-05 08:16:00,STR011,PRD0092,CUS00313,1,353.85,0.0,0.0,353.85,mobile_pay,online,USD
TXN0002250,2024-09-25 15:30:00,STR023,PRD0012,CUS00301,2,233.86,0.0,0.0,467.72,cash,online,USD
TXN0002251,2024-08-29 18:01:00,STR007,PRD0059,CUS00122,4,458.19,0.05,91.64,1741.12,mobile_pay,mobile_app,USD
TXN0002252,2024-06-29 20:11:00,STR007,PRD0018,CUS00316,1,94.47,0.0,0.0,94.47,mobile_pay,mobile_app,USD
TXN0002253,2024-04-05 16:15:00,STR022,PRD0001,CUS00088,1,137.75,0.0,0.0,137.75,mobile_pay,online,USD
TXN0002254,2024-02-23 09:12:00,STR007,PRD0012,CUS00465,4,233.86,0.0,0.0,935.44,debit_card,mobile_app,USD
TXN0002255,2024-07-23 18:04:00,STR016,PRD0064,,5,475.35,0.0,0.0,2376.75,cash,in_store,USD
TXN0002256,2024-07-16 13:53:00,STR022,PRD0104,CUS00385,2,398.02,0.0,0.0,796.04,gift_card,mobile_app,USD
TXN0002257,2024-07-12 17:16:00,STR016,PRD0036,CUS00033,5,405.13,0.0,0.0,2025.65,mobile_pay,online,USD
TXN0002258,2024-06-09 20:57:00,STR004,PRD0063,CUS00179,4,23.14,0.05,4.63,87.93,mobile_pay,online,USD
TXN0002259,2024-05-16 09:02:00,STR007,PRD0016,CUS00079,3,539.04,0.0,0.0,1617.12,gift_card,in_store,USD
TXN0002260,2024-08-22 12:44:00,STR012,PRD0076,CUS00118,1,33.66,0.15,5.05,28.61,gift_card,mobile_app,USD
TXN0002261,2024-05-30 18:13:00,STR012,PRD0069,CUS00089,1,527.04,0.1,52.7,474.34,cash,online,USD
TXN0002262,2024-07-03 08:44:00,STR015,PRD0061,CUS00349,3,169.37,0.05,25.41,482.7,mobile_pay,in_store,USD
TXN0002263,2024-02-23 21:55:00,STR007,PRD0116,CUS00316,5,648.85,0.0,0.0,3244.25,debit_card,in_store,USD
TXN0002264,2024-03-08 15:12:00,STR014,PRD0028,CUS00449,1,621.82,0.05,31.09,590.73,gift_card,mobile_app,USD
TXN0002265,2024-02-28 17:52:00,STR003,PRD0029,CUS00133,1,354.91,0.0,0.0,354.91,mobile_pay,mobile_app,USD
TXN0002266,2024-07-14 20:11:00,STR003,PRD0052,,1,76.14,0.0,0.0,76.14,mobile_pay,in_store,USD
TXN0002267,2024-05-21 13:50:00,STR019,PRD0118,CUS00102,4,317.96,0.0,0.0,1271.84,credit_card,online,USD
TXN0002268,2024-04-24 14:41:00,STR008,PRD0078,CUS00159,4,678.93,0.0,0.0,2715.72,cash,mobile_app,USD
TXN0002269,2024-01-16 12:25:00,STR006,PRD0073,CUS00495,5,577.08,0.05,144.27,2741.13,gift_card,online,USD
TXN0002270,2024-09-15 10:16:00,STR001,PRD0055,CUS00060,4,264.5,0.05,52.9,1005.1,credit_card,online,USD
TXN0002271,2024-02-07 16:08:00,STR019,PRD0103,CUS00204,3,58.52,0.0,0.0,175.56,debit_card,in_store,USD
TXN0002272,2024-09-21 15:57:00,STR019,PRD0029,CUS00074,1,354.91,0.05,17.75,337.16,credit_card,mobile_app,USD
TXN0002273,2024-04-07 12:33:00,STR001,PRD0032,CUS00156,4,251.17,0.0,0.0,1004.68,cash,in_store,USD
TXN0002274,2024-04-15 17:09:00,STR005,PRD0035,CUS00468,5,234.61,0.1,117.31,1055.74,credit_card,online,USD
TXN0002275,2024-07-02 16:57:00,STR013,PRD0072,CUS00061,5,500.55,0.0,0.0,2502.75,gift_card,online,USD
TXN0002276,2024-03-15 14:05:00,STR021,PRD0022,CUS00318,1,146.15,0.15,21.92,124.23,cash,in_store,USD
TXN0002277,2024-07-06 15:23:00,STR014,PRD0116,,1,648.85,0.0,0.0,648.85,debit_card,online,USD
TXN0002278,2024-02-05 11:20:00,STR008,PRD0081,CUS00176,4,429.07,0.2,343.26,1373.02,debit_card,online,USD
TXN0002279,2024-05-07 08:26:00,STR006,PRD0092,CUS00305,5,353.85,0.0,0.0,1769.25,credit_card,mobile_app,USD
TXN0002280,2024-06-12 11:46:00,STR012,PRD0032,CUS00108,3,251.17,0.0,0.0,753.51,debit_card,online,USD
TXN0002281,2024-05-21 15:14:00,STR019,PRD0101,CUS00268,5,437.08,0.0,0.0,2185.4,debit_card,mobile_app,USD
TXN0002282,2024-05-17 13:49:00,STR023,PRD0098,CUS00374,2,244.56,0.0,0.0,489.12,gift_card,in_store,USD
TXN0002283,2024-08-12 10:46:00,STR021,PRD0018,CUS00245,5,94.47,0.05,23.62,448.73,mobile_pay,mobile_app,USD
TXN0002284,2024-05-09 08:41:00,STR009,PRD0106,CUS00356,3,558.66,0.0,0.0,1675.98,credit_card,in_store,USD
TXN0002285,2024-10-29 19:02:00,STR020,PRD0047,CUS00035,1,487.35,0.05,24.37,462.98,gift_card,mobile_app,USD
TXN0002286,2024-02-13 19:32:00,STR005,PRD0098,CUS00062,3,244.56,0.0,0.0,733.68,credit_card,in_store,USD
TXN0002287,2024-08-09 12:41:00,STR004,PRD0090,CUS00456,5,69.19,0.0,0.0,345.95,mobile_pay,in_store,USD
TXN0002288,2024-09-29 14:40:00,STR010,PRD0023,,4,249.34,0.0,0.0,997.36,cash,online,USD
TXN0002289,2024-06-03 13:51:00,STR021,PRD0019,CUS00118,1,351.82,0.05,17.59,334.23,debit_card,online,USD
TXN0002290,2024-07-17 08:42:00,STR022,PRD0100,CUS00394,4,576.59,0.0,0.0,2306.36,debit_card,online,USD
TXN0002291,2024-07-01 16:13:00,STR010,PRD0115,CUS00152,3,145.51,0.0,0.0,436.53,mobile_pay,online,USD
TXN0002292,2024-06-14 20:59:00,STR008,PRD0048,CUS00130,5,473.17,0.0,0.0,2365.85,gift_card,in_store,USD
TXN0002293,2024-07-09 14:38:00,STR009,PRD0090,CUS00199,1,69.19,0.0,0.0,69.19,debit_card,in_store,USD
TXN0002294,2024-06-10 16:06:00,STR013,PRD0107,CUS00054,4,368.5,0.0,0.0,1474.0,mobile_pay,in_store,USD
TXN0002295,2024-03-14 11:53:00,STR009,PRD0062,CUS00202,2,355.41,0.0,0.0,710.82,credit_card,in_store,USD
TXN0002296,2024-02-13 17:00:00,STR019,PRD0042,CUS00349,4,140.2,0.0,0.0,560.8,gift_card,mobile_app,USD
TXN0002297,2024-08-23 21:22:00,STR023,PRD0100,CUS00254,4,576.59,0.0,0.0,2306.36,cash,in_store,USD
TXN0002298,2024-09-20 10:46:00,STR011,PRD0013,CUS00312,5,80.66,0.15,60.49,342.81,credit_card,online,USD
TXN0002299,2024-01-23 10:17:00,STR020,PRD0081,,5,429.07,0.0,0.0,2145.35,credit_card,in_store,USD
TXN0002300,2024-06-29 11:48:00,STR001,PRD0004,CUS00101,2,602.78,0.0,0.0,1205.56,cash,mobile_app,USD
TXN0002301,2024-07-20 20:56:00,STR006,PRD0048,CUS00296,1,473.17,0.0,0.0,473.17,cash,mobile_app,USD
TXN0002302,2024-01-02 18:44:00,STR020,PRD0113,CUS00070,2,336.98,0.0,0.0,673.96,credit_card,in_store,USD
TXN0002303,2024-08-29 18:33:00,STR022,PRD0075,CUS00122,1,507.8,0.0,0.0,507.8,debit_card,in_store,USD
TXN0002304,2024-09-21 18:55:00,STR017,PRD0084,CUS00461,5,127.62,0.0,0.0,638.1,gift_card,mobile_app,USD
TXN0002305,2024-06-05 18:37:00,STR002,PRD0053,CUS00243,3,321.56,0.0,0.0,964.68,credit_card,mobile_app,USD
TXN0002306,2024-10-05 20:17:00,STR020,PRD0054,CUS00277,2,694.62,0.0,0.0,1389.24,debit_card,online,USD
TXN0002307,2024-06-28 15:23:00,STR011,PRD0083,CUS00268,5,247.1,0.05,61.78,1173.72,credit_card,in_store,USD
TXN0002308,2024-03-19 13:58:00,STR001,PRD0080,CUS00378,1,270.17,0.05,13.51,256.66,credit_card,mobile_app,USD
TXN0002309,2024-09-19 15:44:00,STR010,PRD0049,CUS00430,1,327.25,0.0,0.0,327.25,cash,online,USD
TXN0002310,2024-09-30 13:20:00,STR003,PRD0041,,5,491.81,0.0,0.0,2459.05,gift_card,in_store,USD
TXN0002311,2024-06-28 19:35:00,STR013,PRD0120,CUS00059,1,136.37,0.0,0.0,136.37,gift_card,online,USD
TXN0002312,2024-08-17 14:32:00,STR005,PRD0064,CUS00193,5,475.35,0.0,0.0,2376.75,gift_card,mobile_app,USD
TXN0002313,2024-11-08 16:51:00,STR015,PRD0099,CUS00062,5,388.71,0.0,0.0,1943.55,cash,mobile_app,USD
TXN0002314,2024-08-26 09:20:00,STR022,PRD0015,CUS00258,3,541.61,0.05,81.24,1543.59,credit_card,in_store,USD
TXN0002315,2024-05-16 10:07:00,STR007,PRD0072,CUS00321,5,500.55,0.0,0.0,2502.75,gift_card,in_store,USD
TXN0002316,2024-01-03 17:45:00,STR020,PRD0084,CUS00202,5,127.62,0.0,0.0,638.1,mobile_pay,in_store,USD
TXN0002317,2024-09-12 15:27:00,STR006,PRD0054,CUS00086,5,694.62,0.0,0.0,3473.1,mobile_pay,online,USD
TXN0002318,2024-05-24 11:54:00,STR010,PRD0093,CUS00408,3,410.67,0.0,0.0,1232.01,cash,online,USD
TXN0002319,2024-09-13 08:03:00,STR001,PRD0055,CUS00346,3,264.5,0.1,79.35,714.15,debit_card,online,USD
TXN0002320,2024-02-25 09:37:00,STR017,PRD0099,CUS00093,1,388.71,0.0,0.0,388.71,cash,in_store,USD
TXN0002321,2024-10-14 21:03:00,STR004,PRD0010,,3,276.68,0.0,0.0,830.04,debit_card,mobile_app,USD
TXN0002322,2024-01-16 09:03:00,STR012,PRD0018,CUS00469,3,94.47,0.0,0.0,283.41,debit_card,in_store,USD
TXN0002323,2024-12-16 10:55:00,STR001,PRD0028,CUS00082,5,621.82,0.0,0.0,3109.1,mobile_pay,in_store,USD
TXN0002324,2024-08-22 10:45:00,STR003,PRD0013,CUS00307,3,80.66,0.0,0.0,241.98,credit_card,mobile_app,USD
TXN0002325,2024-04-12 18:10:00,STR001,PRD0091,CUS00177,4,122.8,0.15,73.68,417.52,mobile_pay,online,USD
TXN0002326,2024-06-21 19:26:00,STR001,PRD0097,CUS00154,3,118.36,0.1,35.51,319.57,cash,mobile_app,USD
TXN0002327,2024-01-01 18:15:00,STR019,PRD0099,CUS00206,1,388.71,0.0,0.0,388.71,debit_card,online,USD
TXN0002328,2024-01-07 15:42:00,STR021,PRD0113,CUS00031,2,336.98,0.1,67.4,606.56,mobile_pay,mobile_app,USD
TXN0002329,2024-06-29 10:49:00,STR005,PRD0042,CUS00094,4,140.2,0.0,0.0,560.8,gift_card,mobile_app,USD
TXN0002330,2024-08-10 15:39:00,STR013,PRD0073,CUS00441,3,577.08,0.0,0.0,1731.24,mobile_pay,online,USD
TXN0002331,2024-03-19 08:21:00,STR023,PRD0079,CUS00319,2,643.15,0.0,0.0,1286.3,gift_card,online,USD
TXN0002332,2024-10-03 14:43:00,STR013,PRD0005,,1,259.57,0.0,0.0,259.57,mobile_pay,mobile_app,USD
TXN0002333,2024-11-29 10:40:00,STR003,PRD0055,CUS00189,4,264.5,0.0,0.0,1058.0,mobile_pay,in_store,USD
TXN0002334,2024-02-11 12:18:00,STR023,PRD0028,CUS00497,2,621.82,0.0,0.0,1243.64,credit_card,in_store,USD
TXN0002335,2024-02-29 21:03:00,STR006,PRD0088,CUS00255,2,266.3,0.1,53.26,479.34,gift_card,online,USD
TXN0002336,2024-10-04 15:24:00,STR001,PRD0016,CUS00124,2,539.04,0.0,0.0,1078.08,gift_card,mobile_app,USD
TXN0002337,2024-06-14 17:10:00,STR002,PRD0009,CUS00337,1,675.27,0.0,0.0,675.27,gift_card,in_store,USD
TXN0002338,2024-03-01 15:20:00,STR016,PRD0043,CUS00100,4,621.23,0.0,0.0,2484.92,credit_card,online,USD
TXN0002339,2024-02-21 13:59:00,STR018,PRD0104,CUS00352,4,398.02,0.0,0.0,1592.08,debit_card,online,USD
TXN0002340,2024-11-21 11:37:00,STR020,PRD0075,CUS00475,4,507.8,0.0,0.0,2031.2,mobile_pay,online,USD
TXN0002341,2024-05-01 15:17:00,STR008,PRD0098,CUS00012,5,244.56,0.0,0.0,1222.8,credit_card,online,USD
TXN0002342,2024-03-28 17:39:00,STR005,PRD0120,CUS00452,2,136.37,0.15,40.91,231.83,credit_card,mobile_app,USD
TXN0002343,2024-07-30 18:35:00,STR013,PRD0114,,3,596.37,0.2,357.82,1431.29,debit_card,online,USD
TXN0002344,2024-12-06 11:47:00,STR011,PRD0032,CUS00170,1,251.17,0.0,0.0,251.17,debit_card,mobile_app,USD
TXN0002345,2024-08-28 14:53:00,STR021,PRD0062,CUS00484,3,355.41,0.0,0.0,1066.23,credit_card,mobile_app,USD
TXN0002346,2024-01-03 21:53:00,STR005,PRD0023,CUS00302,4,249.34,0.0,0.0,997.36,credit_card,online,USD
TXN0002347,2024-07-28 14:00:00,STR014,PRD0038,CUS00389,4,879.64,0.0,0.0,3518.56,cash,in_store,USD
TXN0002348,2024-12-14 12:25:00,STR018,PRD0001,CUS00308,2,137.75,0.0,0.0,275.5,credit_card,in_store,USD
TXN0002349,2024-01-09 16:59:00,STR006,PRD0024,CUS00330,5,364.86,0.05,91.22,1733.08,credit_card,online,USD
TXN0002350,2024-12-25 08:47:00,STR012,PRD0012,CUS00344,5,233.86,0.0,0.0,1169.3,debit_card,mobile_app,USD
TXN0002351,2024-06-15 09:29:00,STR011,PRD0054,CUS00191,3,694.62,0.0,0.0,2083.86,gift_card,in_store,USD
TXN0002352,2024-03-17 08:51:00,STR003,PRD0109,CUS00150,5,459.8,0.0,0.0,2299.0,credit_card,in_store,USD
TXN0002353,2024-01-22 20:50:00,STR015,PRD0007,CUS00415,5,274.3,0.0,0.0,1371.5,debit_card,mobile_app,USD
TXN0002354,2024-04-08 18:52:00,STR021,PRD0027,,4,490.08,0.0,0.0,1960.32,mobile_pay,mobile_app,USD
TXN0002355,2024-03-06 15:20:00,STR005,PRD0094,CUS00142,4,326.53,0.05,65.31,1240.81,credit_card,online,USD
TXN0002356,2024-02-03 19:01:00,STR002,PRD0050,CUS00150,3,201.33,0.0,0.0,603.99,cash,mobile_app,USD
TXN0002357,2024-11-23 13:18:00,STR007,PRD0063,CUS00005,2,23.14,0.0,0.0,46.28,mobile_pay,online,USD
TXN0002358,2024-01-10 17:02:00,STR018,PRD0076,CUS00339,4,33.66,0.0,0.0,134.64,debit_card,mobile_app,USD
TXN0002359,2024-12-29 18:11:00,STR019,PRD0078,CUS00215,5,678.93,0.0,0.0,3394.65,gift_card,in_store,USD
TXN0002360,2024-06-13 17:01:00,STR008,PRD0031,CUS00330,2,77.68,0.0,0.0,155.36,debit_card,online,USD
TXN0002361,2024-12-20 14:20:00,STR023,PRD0073,CUS00364,2,577.08,0.05,57.71,1096.45,mobile_pay,in_store,USD
TXN0002362,2024-10-09 09:03:00,STR015,PRD0105,CUS00458,3,554.1,0.0,0.0,1662.3,credit_card,in_store,USD
TXN0002363,2024-11-26 10:00:00,STR006,PRD0058,CUS00093,2,61.42,0.0,0.0,122.84,cash,in_store,USD
TXN0002364,2024-09-03 08:29:00,STR014,PRD0043,CUS00087,1,621.23,0.0,0.0,621.23,debit_card,online,USD
TXN0002365,2024-12-04 19:18:00,STR006,PRD0057,,1,412.83,0.0,0.0,412.83,credit_card,mobile_app,USD
TXN0002366,2024-11-30 12:05:00,STR021,PRD0110,CUS00473,2,406.78,0.0,0.0,813.56,debit_card,mobile_app,USD
TXN0002367,2024-07-14 19:47:00,STR003,PRD0029,CUS00496,2,354.91,0.0,0.0,709.82,credit_card,online,USD
TXN0002368,2024-01-12 21:08:00,STR012,PRD0050,CUS00108,3,201.33,0.0,0.0,603.99,credit_card,online,USD
TXN0002369,2024-12-16 20:20:00,STR012,PRD0116,CUS00340,3,648.85,0.0,0.0,1946.55,cash,mobile_app,USD
TXN0002370,2024-11-12 12:18:00,STR008,PRD0020,CUS00339,3,595.59,0.0,0.0,1786.77,credit_card,in_store,USD
TXN0002371,2024-02-08 08:50:00,STR003,PRD0093,CUS00202,2,410.67,0.0,0.0,821.34,debit_card,in_store,USD
TXN0002372,2024-03-13 20:24:00,STR002,PRD0006,CUS00068,5,101.59,0.0,0.0,507.95,cash,online,USD
TXN0002373,2024-05-15 12:12:00,STR019,PRD0076,CUS00285,1,33.66,0.0,0.0,33.66,cash,in_store,USD
TXN0002374,2024-01-15 14:16:00,STR002,PRD0009,CUS00072,4,675.27,0.0,0.0,2701.08,cash,online,USD
TXN0002375,2024-04-06 10:04:00,STR020,PRD0067,CUS00104,4,544.43,0.0,0.0,2177.72,credit_card,mobile_app,USD
TXN0002376,2024-09-03 17:49:00,STR017,PRD0064,,1,475.35,0.0,0.0,475.35,mobile_pay,in_store,USD
TXN0002377,2024-04-15 16:03:00,STR011,PRD0113,CUS00175,1,336.98,0.0,0.0,336.98,mobile_pay,online,USD
TXN0002378,2024-12-12 15:09:00,STR019,PRD0091,CUS00132,1,122.8,0.0,0.0,122.8,gift_card,in_store,USD
TXN0002379,2024-02-17 12:56:00,STR004,PRD0104,CUS00052,2,398.02,0.1,79.6,716.44,cash,in_store,USD
TXN0002380,2024-03-09 15:49:00,STR023,PRD0120,CUS00201,5,136.37,0.05,34.09,647.76,debit_card,online,USD
TXN0002381,2024-07-09 13:27:00,STR003,PRD0076,CUS00441,3,33.66,0.0,0.0,100.98,mobile_pay,mobile_app,USD
TXN0002382,2024-04-22 20:13:00,STR001,PRD0099,CUS00064,4,388.71,0.0,0.0,1554.84,credit_card,online,USD
TXN0002383,2024-06-03 11:17:00,STR019,PRD0018,CUS00217,1,94.47,0.05,4.72,89.75,debit_card,mobile_app,USD
TXN0002384,2024-09-30 17:12:00,STR003,PRD0044,CUS00426,2,126.49,0.0,0.0,252.98,debit_card,online,USD
TXN0002385,2024-12-19 16:34:00,STR015,PRD0071,CUS00431,1,327.28,0.0,0.0,327.28,gift_card,in_store,USD
TXN0002386,2024-03-22 19:06:00,STR014,PRD0065,CUS00369,3,286.09,0.0,0.0,858.27,cash,in_store,USD
TXN0002387,2024-02-06 18:27:00,STR002,PRD0015,,4,541.61,0.0,0.0,2166.44,debit_card,in_store,USD
TXN0002388,2024-01-03 14:09:00,STR018,PRD0118,CUS00036,5,317.96,0.0,0.0,1589.8,gift_card,in_store,USD
TXN0002389,2024-11-25 19:58:00,STR012,PRD0031,CUS00082,5,77.68,0.0,0.0,388.4,credit_card,in_store,USD
TXN0002390,2024-02-22 21:59:00,STR007,PRD0082,CUS00056,1,82.51,0.05,4.13,78.38,debit_card,in_store,USD
TXN0002391,2024-02-26 08:03:00,STR007,PRD0033,CUS00485,5,269.98,0.05,67.5,1282.4,gift_card,mobile_app,USD
TXN0002392,2024-03-01 21:36:00,STR020,PRD0104,CUS00129,1,398.02,0.0,0.0,398.02,mobile_pay,in_store,USD
TXN0002393,2024-01-25 14:22:00,STR007,PRD0003,CUS00335,4,569.87,0.05,113.97,2165.51,gift_card,mobile_app,USD
TXN0002394,2024-04-07 13:59:00,STR021,PRD0043,CUS00057,3,621.23,0.0,0.0,1863.69,debit_card,in_store,USD
TXN0002395,2024-12-16 13:32:00,STR020,PRD0008,CUS00416,2,455.65,0.0,0.0,911.3,gift_card,online,USD
TXN0002396,2024-06-23 11:10:00,STR009,PRD0006,CUS00168,5,101.59,0.1,50.8,457.15,debit_card,mobile_app,USD
TXN0002397,2024-08-21 21:57:00,STR010,PRD0079,CUS00237,2,643.15,0.0,0.0,1286.3,debit_card,mobile_app,USD
TXN0002398,2024-10-17 08:35:00,STR016,PRD0112,,4,268.87,0.0,0.0,1075.48,cash,online,USD
TXN0002399,2024-10-27 14:59:00,STR008,PRD0108,CUS00221,1,99.37,0.05,4.97,94.4,gift_card,online,USD
TXN0002400,2024-08-14 10:03:00,STR023,PRD0041,CUS00212,3,491.81,0.0,0.0,1475.43,debit_card,in_store,USD
TXN0002401,2024-08-06 08:40:00,STR023,PRD0012,CUS00463,1,233.86,0.0,0.0,233.86,debit_card,online,USD
TXN0002402,2024-12-01 11:36:00,STR007,PRD0036,CUS00349,5,405.13,0.0,0.0,2025.65,gift_card,mobile_app,USD
TXN0002403,2024-05-26 21:26:00,STR001,PRD0022,CUS00489,1,146.15,0.0,0.0,146.15,mobile_pay,in_store,USD
TXN0002404,2024-07-20 11:59:00,STR023,PRD0074,CUS00024,4,304.27,0.05,60.85,1156.23,debit_card,online,USD
TXN0002405,2024-02-05 20:31:00,STR011,PRD0106,CUS00491,4,558.66,0.0,0.0,2234.64,credit_card,in_store,USD
TXN0002406,2024-12-10 14:45:00,STR012,PRD0103,CUS00107,2,58.52,0.0,0.0,117.04,credit_card,in_store,USD
TXN0002407,2024-07-04 09:04:00,STR004,PRD0022,CUS00157,2,146.15,0.1,29.23,263.07,mobile_pay,in_store,USD
TXN0002408,2024-02-24 10:47:00,STR022,PRD0048,CUS00312,3,473.17,0.0,0.0,1419.51,mobile_pay,mobile_app,USD
TXN0002409,2024-07-17 19:29:00,STR007,PRD0106,,1,558.66,0.0,0.0,558.66,credit_card,in_store,USD
TXN0002410,2024-08-06 10:35:00,STR022,PRD0010,CUS00158,2,276.68,0.0,0.0,553.36,cash,mobile_app,USD
TXN0002411,2024-02-14 08:33:00,STR023,PRD0073,CUS00467,2,577.08,0.0,0.0,1154.16,credit_card,online,USD
TXN0002412,2024-10-05 16:31:00,STR022,PRD0118,CUS00189,4,317.96,0.0,0.0,1271.84,mobile_pay,in_store,USD
TXN0002413,2024-11-15 16:12:00,STR004,PRD0086,CUS00098,3,139.31,0.1,41.79,376.14,debit_card,online,USD
TXN0002414,2024-08-11 12:14:00,STR013,PRD0105,CUS00415,5,554.1,0.0,0.0,2770.5,credit_card,in_store,USD
TXN0002415,2024-02-24 12:43:00,STR004,PRD0022,CUS00163,2,146.15,0.0,0.0,292.3,gift_card,in_store,USD
TXN0002416,2024-04-28 13:07:00,STR008,PRD0118,CUS00448,3,317.96,0.0,0.0,953.88,credit_card,online,USD
TXN0002417,2024-02-10 21:11:00,STR004,PRD0082,CUS00166,1,82.51,0.0,0.0,82.51,debit_card,in_store,USD
TXN0002418,2024-02-05 08:03:00,STR021,PRD0080,CUS00132,2,270.17,0.0,0.0,540.34,debit_card,online,USD
TXN0002419,2024-07-09 08:46:00,STR009,PRD0011,CUS00031,4,526.75,0.0,0.0,2107.0,cash,online,USD
TXN0002420,2024-09-29 10:50:00,STR014,PRD0114,,5,596.37,0.0,0.0,2981.85,debit_card,mobile_app,USD
TXN0002421,2024-04-08 10:07:00,STR015,PRD0062,CUS00462,2,355.41,0.0,0.0,710.82,debit_card,in_store,USD
TXN0002422,2024-02-02 08:14:00,STR005,PRD0074,CUS00341,1,304.27,0.0,0.0,304.27,mobile_pay,mobile_app,USD
TXN0002423,2024-11-14 14:47:00,STR016,PRD0012,CUS00387,5,233.86,0.2,233.86,935.44,credit_card,in_store,USD
TXN0002424,2024-08-12 13:26:00,STR015,PRD0109,CUS00380,4,459.8,0.0,0.0,1839.2,debit_card,mobile_app,USD
TXN0002425,2024-05-16 13:21:00,STR022,PRD0011,CUS00013,5,526.75,0.0,0.0,2633.75,mobile_pay,mobile_app,USD
TXN0002426,2024-08-06 20:42:00,STR020,PRD0065,CUS00277,4,286.09,0.0,0.0,1144.36,mobile_pay,mobile_app,USD
TXN0002427,2024-10-09 10:41:00,STR014,PRD0025,CUS00445,5,116.31,0.0,0.0,581.55,mobile_pay,online,USD
TXN0002428,2024-11-21 15:17:00,STR004,PRD0063,CUS00433,3,23.14,0.0,0.0,69.42,gift_card,mobile_app,USD
TXN0002429,2024-01-20 13:37:00,STR011,PRD0047,CUS00106,3,487.35,0.0,0.0,1462.05,cash,mobile_app,USD
TXN0002430,2024-04-24 13:37:00,STR001,PRD0033,CUS00332,3,269.98,0.0,0.0,809.94,credit_card,online,USD
TXN0002431,2024-11-25 21:54:00,STR010,PRD0105,,2,554.1,0.0,0.0,1108.2,debit_card,online,USD
TXN0002432,2024-10-01 13:14:00,STR010,PRD0098,CUS00288,3,244.56,0.1,73.37,660.31,gift_card,in_store,USD
TXN0002433,2024-08-04 11:59:00,STR012,PRD0020,CUS00361,2,595.59,0.0,0.0,1191.18,cash,in_store,USD
TXN0002434,2024-10-05 15:34:00,STR006,PRD0031,CUS00125,5,77.68,0.0,0.0,388.4,credit_card,in_store,USD
TXN0002435,2024-06-09 17:15:00,STR999,PRD0076,CUS00141,5,33.66,0.1,16.83,151.47,mobile_pay,in_store,USD
TXN0002436,2024-08-20 18:23:00,STR015,PRD0030,CUS00086,3,80.67,0.0,0.0,242.01,debit_card,online,USD
TXN0002437,2024-05-08 09:01:00,STR013,PRD0015,CUS00348,2,541.61,0.05,54.16,1029.06,cash,online,USD
TXN0002438,2024-01-14 08:36:00,STR009,PRD0003,CUS00482,2,569.87,0.0,0.0,1139.74,cash,in_store,USD
TXN0002439,2024-05-12 17:47:00,STR012,PRD0084,CUS00398,4,127.62,0.0,0.0,510.48,gift_card,mobile_app,USD
TXN0002440,2024-11-01 08:48:00,STR006,PRD0060,CUS00499,3,399.84,0.0,0.0,1199.52,credit_card,mobile_app,USD
TXN0002441,2024-02-13 09:47:00,STR016,PRD0081,CUS00064,2,429.07,0.05,42.91,815.23,debit_card,online,USD
TXN0002442,2024-05-30 21:13:00,STR022,PRD0079,,2,643.15,0.0,0.0,1286.3,credit_card,mobile_app,USD
TXN0002443,2024-11-02 12:47:00,STR023,PRD0052,CUS00404,5,76.14,0.0,0.0,380.7,mobile_pay,online,USD
TXN0002444,2024-11-13 09:54:00,STR014,PRD0013,CUS00024,3,80.66,0.0,0.0,241.98,mobile_pay,in_store,USD
TXN0002445,2024-09-29 13:45:00,STR022,PRD0074,CUS00104,3,304.27,0.0,0.0,912.81,debit_card,mobile_app,USD
TXN0002446,2024-07-31 14:36:00,STR007,PRD0038,CUS00366,2,879.64,0.0,0.0,1759.28,debit_card,online,USD
TXN0002447,2024-07-27 21:18:00,STR007,PRD0022,CUS00255,1,146.15,0.1,14.62,131.53,debit_card,mobile_app,USD
TXN0002448,2024-02-22 14:50:00,STR011,PRD0012,CUS00093,3,233.86,0.05,35.08,666.5,credit_card,online,USD
TXN0002449,2024-08-11 17:08:00,STR019,PRD0015,CUS00455,2,541.61,0.05,54.16,1029.06,debit_card,online,USD
TXN0002450,2024-08-25 20:21:00,STR013,PRD0047,CUS00053,3,487.35,0.1,146.21,1315.84,debit_card,online,USD
TXN0002451,2024-04-09 09:19:00,STR005,PRD0021,CUS00348,5,411.07,0.05,102.77,1952.58,gift_card,in_store,USD
TXN0002452,2024-07-09 15:00:00,STR014,PRD0050,CUS00285,3,201.33,0.0,0.0,603.99,gift_card,online,USD
TXN0002453,2024-09-10 15:55:00,STR013,PRD0108,,2,99.37,0.0,0.0,198.74,gift_card,online,USD
TXN0002454,2024-06-23 12:45:00,STR011,PRD0107,CUS00195,4,368.5,0.0,0.0,1474.0,cash,online,USD
TXN0002455,2024-08-23 12:04:00,STR016,PRD0097,CUS00281,2,118.36,0.0,0.0,236.72,mobile_pay,online,USD
TXN0002456,2024-01-20 20:24:00,STR013,PRD0061,CUS00225,5,169.37,0.15,127.03,719.82,gift_card,online,USD
TXN0002457,2024-05-25 08:10:00,STR021,PRD0091,CUS00183,2,122.8,0.0,0.0,245.6,credit_card,mobile_app,USD
TXN0002458,2024-08-17 12:33:00,STR013,PRD0120,CUS00166,3,136.37,0.0,0.0,409.11,credit_card,mobile_app,USD
TXN0002459,2024-06-11 14:40:00,STR023,PRD0074,CUS00389,4,304.27,0.0,0.0,1217.08,mobile_pay,in_store,USD
TXN0002460,2024-05-25 10:42:00,STR008,PRD0062,CUS00294,5,355.41,0.0,0.0,1777.05,cash,mobile_app,USD
TXN0002461,2024-11-18 14:33:00,STR018,PRD0113,CUS00220,3,336.98,0.0,0.0,1010.94,cash,online,USD
TXN0002462,2024-04-29 20:53:00,STR019,PRD0103,CUS00385,3,58.52,0.0,0.0,175.56,cash,online,USD
TXN0002463,2024-01-06 08:25:00,STR019,PRD0067,CUS00396,4,544.43,0.0,0.0,2177.72,gift_card,mobile_app,USD
TXN0002464,2024-12-11 11:54:00,STR005,PRD0003,,5,569.87,0.0,0.0,2849.35,mobile_pay,mobile_app,USD
TXN0002465,2024-10-31 13:37:00,STR019,PRD0108,CUS00113,3,99.37,0.15,44.72,253.39,debit_card,online,USD
TXN0002466,2024-04-28 21:35:00,STR005,PRD0043,CUS00303,4,621.23,0.0,0.0,2484.92,gift_card,online,USD
TXN0002467,2024-11-02 18:25:00,STR012,PRD0058,CUS00349,4,61.42,0.15,36.85,208.83,credit_card,in_store,USD
TXN0002468,2024-02-08 12:18:00,STR001,PRD0028,CUS00129,5,621.82,0.05,155.46,2953.64,cash,mobile_app,USD
TXN0002469,2024-10-25 14:56:00,STR019,PRD0021,CUS00487,5,411.07,0.0,0.0,2055.35,debit_card,mobile_app,USD
TXN0002470,2024-02-16 19:18:00,STR017,PRD0115,CUS00134,3,145.51,0.0,0.0,436.53,gift_card,mobile_app,USD
TXN0002471,2024-01-22 19:50:00,STR015,PRD0045,CUS00111,3,318.79,0.2,191.27,765.1,credit_card,mobile_app,USD
TXN0002472,2024-11-02 13:59:00,STR009,PRD0040,CUS00367,1,823.32,0.0,0.0,823.32,debit_card,online,USD
TXN0002473,2024-06-14 12:27:00,STR007,PRD0033,CUS00289,4,269.98,0.0,0.0,1079.92,gift_card,mobile_app,USD
TXN0002474,2024-03-25 08:50:00,STR020,PRD0038,CUS00208,4,879.64,0.0,0.0,3518.56,gift_card,online,USD
TXN0002475,2024-12-16 10:53:00,STR008,PRD0117,,5,54.14,0.0,0.0,270.7,cash,online,USD
TXN0002476,2024-12-14 16:24:00,STR022,PRD0094,CUS00189,4,326.53,0.05,65.31,1240.81,mobile_pay,in_store,USD
TXN0002477,2024-10-07 17:04:00,STR006,PRD0058,CUS00109,2,61.42,0.05,6.14,116.7,mobile_pay,mobile_app,USD
TXN0002478,2024-07-22 11:31:00,STR022,PRD0045,CUS00365,2,318.79,0.0,0.0,637.58,cash,mobile_app,USD
TXN0002479,2024-05-07 17:14:00,STR006,PRD0002,CUS00443,4,26.09,0.0,0.0,104.36,cash,mobile_app,USD
TXN0002480,2024-09-07 18:18:00,STR004,PRD0070,CUS00423,4,31.14,0.1,12.46,112.1,debit_card,in_store,USD
TXN0002481,2024-09-30 18:32:00,STR020,PRD0013,CUS00493,3,80.66,0.05,12.1,229.88,gift_card,online,USD
TXN0002482,2024-12-28 19:25:00,STR004,PRD0033,CUS00024,1,269.98,0.15,40.5,229.48,mobile_pay,in_store,USD
TXN0002483,2024-07-18 19:07:00,STR010,PRD0045,CUS00091,5,318.79,0.15,239.09,1354.86,credit_card,mobile_app,USD
TXN0002484,2024-05-17 20:06:00,STR009,PRD0062,CUS00077,2,355.41,0.0,0.0,710.82,gift_card,in_store,USD
TXN0002485,2024-07-24 14:17:00,STR014,PRD0047,CUS00182,4,487.35,0.0,0.0,1949.4,gift_card,online,USD
TXN0002486,2024-08-23 14:43:00,STR002,PRD0091,,2,122.8,0.0,0.0,245.6,mobile_pay,mobile_app,USD
TXN0002487,2024-07-25 09:23:00,STR023,PRD0060,CUS00135,1,399.84,0.0,0.0,399.84,cash,online,USD
TXN0002488,2024-07-27 14:15:00,STR003,PRD0086,CUS00346,3,139.31,0.0,0.0,417.93,debit_card,online,USD
TXN0002489,2024-09-15 18:00:00,STR002,PRD0045,CUS00042,5,318.79,0.0,0.0,1593.95,debit_card,online,USD
TXN0002490,2024-04-18 16:22:00,STR022,PRD0036,CUS00497,1,405.13,0.0,0.0,405.13,mobile_pay,online,USD
TXN0002491,2024-05-18 08:15:00,STR018,PRD0004,CUS00464,4,602.78,0.05,120.56,2290.56,cash,online,USD
TXN0002492,2024-06-23 20:35:00,STR023,PRD0116,CUS00252,1,648.85,0.0,0.0,648.85,gift_card,in_store,USD
TXN0002493,2024-10-07 10:23:00,STR004,PRD0039,CUS00349,2,415.77,0.0,0.0,831.54,gift_card,mobile_app,USD
TXN0002494,2024-06-14 11:06:00,STR010,PRD0028,CUS00047,3,621.82,0.0,0.0,1865.46,credit_card,online,USD
TXN0002495,2024-01-09 12:16:00,STR021,PRD0104,CUS00239,3,398.02,0.0,0.0,1194.06,credit_card,in_store,USD
TXN0002496,2024-04-27 16:29:00,STR022,PRD0031,CUS00415,3,77.68,0.0,0.0,233.04,debit_card,in_store,USD
TXN0002497,2024-11-25 12:51:00,STR003,PRD0071,,2,327.28,0.0,0.0,654.56,gift_card,in_store,USD
TXN0002498,2024-07-26 17:28:00,STR011,PRD0101,CUS00300,3,437.08,0.0,0.0,1311.24,cash,mobile_app,USD
TXN0002499,2024-05-07 15:01:00,STR005,PRD0005,CUS00473,2,259.57,0.05,25.96,493.18,mobile_pay,in_store,USD
TXN0002500,2024-07-26 09:21:00,STR007,PRD0095,CUS00457,3,658.33,0.05,98.75,1876.24,mobile_pay,online,USD
TXN0002501,2024-06-10 14:17:00,STR021,PRD0007,CUS00459,5,274.3,0.0,0.0,1371.5,credit_card,mobile_app,USD
TXN0002502,2024-10-11 17:51:00,STR010,PRD0048,CUS00371,4,473.17,0.0,0.0,1892.68,gift_card,mobile_app,USD
TXN0002503,2024-08-24 19:31:00,STR017,PRD0018,CUS00450,3,94.47,0.0,0.0,283.41,credit_card,online,USD
TXN0002504,2024-07-20 11:32:00,STR018,PRD0044,CUS00389,5,126.49,0.05,31.62,600.83,debit_card,mobile_app,USD
TXN0002505,2024-07-16 15:58:00,STR006,PRD0020,CUS00150,2,595.59,0.0,0.0,1191.18,cash,mobile_app,USD
TXN0002506,2024-10-25 14:04:00,STR002,PRD0065,CUS00244,4,286.09,0.0,0.0,1144.36,mobile_pay,mobile_app,USD
TXN0002507,2024-02-27 20:32:00,STR004,PRD0049,CUS00126,3,327.25,0.0,0.0,981.75,debit_card,in_store,USD
TXN0002508,2024-09-26 12:03:00,STR004,PRD0053,,5,321.56,0.05,80.39,1527.41,mobile_pay,online,USD
TXN0002509,2024-11-22 11:46:00,STR013,PRD0087,CUS00096,3,488.55,0.1,146.57,1319.08,debit_card,in_store,USD
TXN0002510,2024-07-27 15:37:00,STR022,PRD0019,CUS00485,5,351.82,0.0,0.0,1759.1,gift_card,online,USD
TXN0002511,2024-11-18 19:45:00,STR004,PRD0088,CUS00484,1,266.3,0.0,0.0,266.3,credit_card,in_store,USD
TXN0002512,2024-08-09 15:59:00,STR002,PRD0115,CUS00464,2,145.51,0.05,14.55,276.47,debit_card,online,USD
TXN0002513,2024-04-27 09:39:00,STR020,PRD0039,CUS00369,2,415.77,0.1,83.15,748.39,gift_card,in_store,USD
TXN0002514,2024-04-02 19:13:00,STR022,PRD0043,CUS00018,3,621.23,0.0,0.0,1863.69,cash,online,USD
TXN0002515,2024-01-06 20:46:00,STR005,PRD0116,CUS00180,4,648.85,0.0,0.0,2595.4,gift_card,mobile_app,USD
TXN0002516,2024-08-06 10:17:00,STR005,PRD0073,CUS00235,2,577.08,0.05,57.71,1096.45,cash,online,USD
TXN0002517,2024-08-01 21:00:00,STR009,PRD0113,CUS00029,4,336.98,0.0,0.0,1347.92,debit_card,in_store,USD
TXN0002518,2024-09-12 12:18:00,STR015,PRD0071,CUS00340,5,327.28,0.0,0.0,1636.4,cash,in_store,USD
TXN0002519,2024-01-02 09:44:00,STR002,PRD0049,,2,327.25,0.0,0.0,654.5,debit_card,mobile_app,USD
TXN0002520,2024-01-06 19:57:00,STR019,PRD0086,CUS00002,3,139.31,0.1,41.79,376.14,gift_card,online,USD
TXN0002521,2024-12-21 15:16:00,STR015,PRD0083,CUS00250,3,247.1,0.05,37.06,704.24,debit_card,mobile_app,USD
TXN0002522,2024-09-09 21:49:00,STR006,PRD0009,CUS00423,3,675.27,0.0,0.0,2025.81,debit_card,online,USD
TXN0002523,2024-12-10 19:33:00,STR021,PRD0024,CUS00053,3,364.86,0.1,109.46,985.12,gift_card,in_store,USD
TXN0002524,2024-09-18 16:10:00,STR023,PRD0048,CUS00318,5,473.17,0.0,0.0,2365.85,mobile_pay,online,USD
TXN0002525,2024-09-11 18:12:00,STR017,PRD0114,CUS00499,3,596.37,0.0,0.0,1789.11,cash,mobile_app,USD
TXN0002526,2024-07-22 14:20:00,STR005,PRD0019,CUS00187,3,351.82,0.0,0.0,1055.46,cash,mobile_app,USD
TXN0002527,2024-04-10 20:25:00,STR010,PRD0059,CUS00032,3,458.19,0.0,0.0,1374.57,gift_card,online,USD
TXN0002528,2024-05-13 09:33:00,STR012,PRD0016,CUS00479,1,539.04,0.0,0.0,539.04,mobile_pay,online,USD
TXN0002529,2024-05-15 21:32:00,STR011,PRD0040,CUS00399,4,823.32,0.0,0.0,3293.28,debit_card,in_store,USD
TXN0002530,2024-06-03 17:02:00,STR017,PRD0118,,5,317.96,0.0,0.0,1589.8,credit_card,in_store,USD
TXN0002531,2024-06-25 14:05:00,STR007,PRD0097,CUS00309,2,118.36,0.15,35.51,201.21,debit_card,mobile_app,USD
TXN0002532,2024-03-09 16:55:00,STR016,PRD0120,CUS00377,4,136.37,0.0,0.0,545.48,gift_card,online,USD
TXN0002533,2024-06-16 09:18:00,STR008,PRD0041,CUS00089,5,491.81,0.0,0.0,2459.05,mobile_pay,mobile_app,USD
TXN0002534,2024-01-23 16:51:00,STR002,PRD0116,CUS00321,1,648.85,0.0,0.0,648.85,credit_card,mobile_app,USD
TXN0002535,2024-02-14 15:49:00,STR023,PRD0008,CUS00171,3,455.65,0.0,0.0,1366.95,gift_card,online,USD
TXN0002536,2024-08-03 14:08:00,STR009,PRD0014,CUS00214,4,10.52,0.0,0.0,42.08,debit_card,mobile_app,USD
TXN0002537,2024-01-05 20:58:00,STR002,PRD0046,CUS00432,4,719.52,0.1,287.81,2590.27,debit_card,in_store,USD
TXN0002538,2024-11-17 09:04:00,STR022,PRD0011,CUS00304,4,526.75,0.0,0.0,2107.0,mobile_pay,online,USD
TXN0002539,2024-12-17 12:27:00,STR015,PRD0018,CUS00080,3,94.47,0.0,0.0,283.41,gift_card,in_store,USD
TXN0002540,2024-06-07 11:30:00,STR018,PRD0024,CUS00006,5,364.86,0.0,0.0,1824.3,gift_card,in_store,USD
TXN0002541,2024-12-06 20:38:00,STR021,PRD0110,,5,406.78,0.1,203.39,1830.51,debit_card,mobile_app,USD
TXN0002542,2024-02-14 15:26:00,STR020,PRD0111,CUS00142,4,661.33,0.0,0.0,2645.32,credit_card,online,USD
TXN0002543,2024-12-12 15:48:00,STR010,PRD0016,CUS00378,5,539.04,0.0,0.0,2695.2,mobile_pay,online,USD
TXN0002544,2024-01-18 18:32:00,STR010,PRD0012,CUS00204,5,233.86,0.0,0.0,1169.3,gift_card,online,USD
TXN0002545,2024-09-03 13:41:00,STR011,PRD0103,CUS00297,1,58.52,0.0,0.0,58.52,gift_card,mobile_app,USD
TXN0002546,2024-03-21 17:07:00,STR018,PRD0089,CUS00097,5,690.46,0.0,0.0,3452.3,cash,mobile_app,USD
TXN0002547,2024-10-28 20:20:00,STR017,PRD0031,CUS00112,1,77.68,0.0,0.0,77.68,gift_card,in_store,USD
TXN0002548,2024-04-24 17:22:00,STR006,PRD0106,CUS00349,4,558.66,0.0,0.0,2234.64,credit_card,online,USD
TXN0002549,2024-12-08 18:59:00,STR002,PRD0016,CUS00499,1,539.04,0.0,0.0,539.04,cash,mobile_app,USD
TXN0002550,2024-09-27 14:12:00,STR005,PRD0103,CUS00462,2,58.52,0.0,0.0,117.04,mobile_pay,online,USD
TXN0002551,2024-12-27 11:48:00,STR011,PRD0083,CUS00355,3,247.1,0.15,111.19,630.11,credit_card,online,USD
TXN0002552,2024-05-25 21:20:00,STR017,PRD0015,,5,541.61,0.0,0.0,2708.05,mobile_pay,online,USD
TXN0002553,2024-11-16 21:46:00,STR019,PRD0096,CUS00074,1,389.05,0.0,0.0,389.05,mobile_pay,mobile_app,USD
TXN0002554,2024-04-02 10:54:00,STR015,PRD0109,CUS00059,2,459.8,0.0,0.0,919.6,credit_card,mobile_app,USD
TXN0002555,2024-08-12 17:42:00,STR014,PRD0021,CUS00343,2,411.07,0.0,0.0,822.14,debit_card,online,USD
TXN0002556,2024-01-11 20:26:00,STR002,PRD0001,CUS00268,4,137.75,0.05,27.55,523.45,cash,online,USD
TXN0002557,2024-03-20 09:16:00,STR021,PRD0090,CUS00287,3,69.19,0.0,0.0,207.57,debit_card,online,USD
TXN0002558,2024-12-28 17:24:00,STR006,PRD0104,CUS00024,4,398.02,0.0,0.0,1592.08,mobile_pay,mobile_app,USD
TXN0002559,2024-02-17 16:18:00,STR020,PRD0080,CUS00469,3,270.17,0.0,0.0,810.51,debit_card,in_store,USD
TXN0002560,2024-06-07 08:08:00,STR010,PRD0111,CUS00030,1,661.33,0.0,0.0,661.33,mobile_pay,online,USD
TXN0002561,2024-11-02 17:28:00,STR019,PRD0054,CUS00395,3,694.62,0.0,0.0,2083.86,mobile_pay,mobile_app,USD
TXN0002562,2024-03-25 15:20:00,STR016,PRD0025,CUS00203,5,116.31,0.0,0.0,581.55,credit_card,online,USD
TXN0002563,2024-04-23 21:45:00,STR001,PRD0098,,5,244.56,0.0,0.0,1222.8,mobile_pay,online,USD
TXN0002564,2024-11-21 14:38:00,STR006,PRD0106,CUS00500,2,558.66,0.0,0.0,1117.32,credit_card,in_store,USD
TXN0002565,2024-03-28 09:31:00,STR022,PRD0060,CUS00002,3,399.84,0.1,119.95,1079.57,cash,mobile_app,USD
TXN0002566,2024-08-14 17:46:00,STR011,PRD0107,CUS00034,1,368.5,0.0,0.0,368.5,mobile_pay,online,USD
TXN0002567,2024-01-04 21:08:00,STR015,PRD0103,CUS00342,5,58.52,0.15,43.89,248.71,mobile_pay,mobile_app,USD
TXN0002568,2024-08-09 13:02:00,STR015,PRD0066,CUS00044,1,404.74,0.0,0.0,404.74,debit_card,online,USD
TXN0002569,2024-07-28 10:31:00,STR019,PRD0106,CUS00040,2,558.66,0.0,0.0,1117.32,gift_card,online,USD
TXN0002570,2024-12-11 12:13:00,STR015,PRD0075,CUS00077,4,507.8,0.1,203.12,1828.08,credit_card,in_store,USD
TXN0002571,2024-03-14 11:55:00,STR021,PRD0032,CUS00061,1,251.17,0.0,0.0,251.17,mobile_pay,in_store,USD
TXN0002572,2024-12-25 19:46:00,STR019,PRD0043,CUS00397,3,621.23,0.15,279.55,1584.14,debit_card,mobile_app,USD
TXN0002573,2024-02-25 08:59:00,STR013,PRD0110,CUS00361,4,406.78,0.1,162.71,1464.41,cash,online,USD
TXN0002574,2024-02-01 19:17:00,STR018,PRD0005,,2,259.57,0.0,0.0,519.14,credit_card,in_store,USD
TXN0002575,2024-10-23 17:40:00,STR018,PRD0050,CUS00016,4,201.33,0.0,0.0,805.32,cash,mobile_app,USD
TXN0002576,2024-07-05 15:41:00,STR022,PRD0053,CUS00348,1,321.56,0.0,0.0,321.56,gift_card,in_store,USD
TXN0002577,2024-09-23 08:39:00,STR005,PRD0094,CUS00073,3,326.53,0.0,0.0,979.59,credit_card,in_store,USD
TXN0002578,2024-08-02 12:56:00,STR006,PRD0115,CUS00091,5,145.51,0.15,109.13,618.42,debit_card,in_store,USD
TXN0002579,2024-03-22 20:04:00,STR015,PRD0058,CUS00052,1,61.42,0.0,0.0,61.42,gift_card,in_store,USD
TXN0002580,2024-04-25 14:26:00,STR016,PRD0103,CUS00233,4,58.52,0.0,0.0,234.08,mobile_pay,online,USD
TXN0002581,2024-09-23 12:38:00,STR003,PRD0037,CUS00225,2,47.85,0.0,0.0,95.7,mobile_pay,mobile_app,USD
TXN0002582,2024-03-29 20:15:00,STR004,PRD0053,CUS00039,5,321.56,0.05,80.39,1527.41,mobile_pay,online,USD
TXN0002583,2024-04-11 16:44:00,STR022,PRD0024,CUS00361,5,364.86,0.0,0.0,1824.3,gift_card,mobile_app,USD
TXN0002584,2024-12-18 20:44:00,STR020,PRD0043,CUS00398,3,621.23,0.1,186.37,1677.32,debit_card,in_store,USD
TXN0002585,2024-09-25 19:00:00,STR008,PRD0064,,3,475.35,0.15,213.91,1212.14,debit_card,online,USD
TXN0002586,2024-04-15 13:02:00,STR008,PRD0041,CUS00180,5,491.81,0.05,122.95,2336.1,mobile_pay,mobile_app,USD
TXN0002587,2024-03-07 16:51:00,STR013,PRD0066,CUS00030,3,404.74,0.0,0.0,1214.22,gift_card,in_store,USD
TXN0002588,2024-12-25 17:45:00,STR020,PRD0090,CUS00277,5,69.19,0.0,0.0,345.95,credit_card,mobile_app,USD
TXN0002589,2024-10-22 08:50:00,STR020,PRD0080,CUS00344,3,270.17,0.0,0.0,810.51,gift_card,mobile_app,USD
TXN0002590,2024-08-23 16:33:00,STR004,PRD0020,CUS00158,3,595.59,0.0,0.0,1786.77,cash,mobile_app,USD
TXN0002591,2024-06-16 17:25:00,STR017,PRD0104,CUS00109,4,398.02,0.0,0.0,1592.08,credit_card,in_store,USD
TXN0002592,2024-04-14 13:53:00,STR023,PRD0111,CUS00326,1,661.33,0.05,33.07,628.26,debit_card,online,USD
TXN0002593,2024-11-04 16:51:00,STR002,PRD0080,CUS00021,1,270.17,0.0,0.0,270.17,credit_card,mobile_app,USD
TXN0002594,2024-05-01 19:15:00,STR013,PRD0120,CUS00324,5,136.37,0.0,0.0,681.85,debit_card,online,USD
TXN0002595,2024-02-26 08:38:00,STR012,PRD0080,CUS00130,4,270.17,0.0,0.0,1080.68,credit_card,mobile_app,USD
TXN0002596,2024-02-11 09:27:00,STR015,PRD0099,,5,388.71,0.0,0.0,1943.55,credit_card,online,USD
TXN0002597,2024-06-17 12:05:00,STR020,PRD0064,CUS00289,2,475.35,0.15,142.6,808.1,cash,mobile_app,USD
TXN0002598,2024-08-01 20:18:00,STR019,PRD0117,CUS00286,1,54.14,0.0,0.0,54.14,gift_card,online,USD
TXN0002599,2024-05-23 19:13:00,STR020,PRD0087,CUS00292,3,488.55,0.1,146.57,1319.08,credit_card,mobile_app,USD
TXN0002600,2024-06-25 09:46:00,STR017,PRD0020,CUS00151,5,595.59,0.1,297.8,2680.15,debit_card,mobile_app,USD
TXN0002601,2024-09-12 17:49:00,STR022,PRD0094,CUS00232,2,326.53,0.0,0.0,653.06,credit_card,online,USD
TXN0002602,2024-07-05 16:05:00,STR001,PRD0081,CUS00304,5,429.07,0.0,0.0,2145.35,credit_card,online,USD
TXN0002603,2024-05-01 13:31:00,STR015,PRD0004,CUS00346,5,602.78,0.0,0.0,3013.9,gift_card,in_store,USD
TXN0002604,2024-09-15 10:10:00,STR016,PRD0105,CUS00365,4,554.1,0.1,221.64,1994.76,credit_card,online,USD
TXN0002605,2024-09-27 18:20:00,STR013,PRD0064,CUS00440,5,475.35,0.0,0.0,2376.75,gift_card,in_store,USD
TXN0002606,2024-01-20 10:44:00,STR018,PRD0029,CUS00449,4,354.91,0.0,0.0,1419.64,cash,online,USD
TXN0002607,2024-12-12 12:44:00,STR018,PRD0013,,4,80.66,0.0,0.0,322.64,debit_card,mobile_app,USD
TXN0002608,2024-09-27 11:16:00,STR002,PRD0016,CUS00374,4,539.04,0.0,0.0,2156.16,gift_card,online,USD
TXN0002609,2024-06-06 16:08:00,STR012,PRD0093,CUS00426,2,410.67,0.05,41.07,780.27,mobile_pay,in_store,USD
TXN0002610,2024-12-08 18:21:00,STR009,PRD0065,CUS00233,4,286.09,0.05,57.22,1087.14,cash,mobile_app,USD
TXN0002611,2024-02-22 11:39:00,STR009,PRD0105,CUS00328,5,554.1,0.0,0.0,2770.5,gift_card,online,USD
TXN0002612,2024-10-19 21:53:00,STR014,PRD0111,CUS00016,3,661.33,0.0,0.0,1983.99,credit_card,online,USD
TXN0002613,2024-02-19 15:21:00,STR006,PRD0108,CUS00338,2,99.37,0.0,0.0,198.74,debit_card,mobile_app,USD
TXN0002614,2024-01-28 18:11:00,STR018,PRD0096,CUS00160,4,389.05,0.0,0.0,1556.2,mobile_pay,in_store,USD
TXN0002615,2024-01-01 12:47:00,STR020,PRD0112,CUS00500,4,268.87,0.0,0.0,1075.48,credit_card,in_store,USD
TXN0002616,2024-03-31 20:00:00,STR020,PRD0092,CUS00279,2,353.85,0.1,70.77,636.93,gift_card,online,USD
TXN0002617,2024-07-04 09:05:00,STR010,PRD0082,CUS00237,3,82.51,0.05,12.38,235.15,gift_card,in_store,USD
TXN0002618,2024-06-30 08:45:00,STR004,PRD0107,,1,368.5,0.0,0.0,368.5,mobile_pay,online,USD
TXN0002619,2024-11-04 17:38:00,STR019,PRD0107,CUS00242,5,368.5,0.0,0.0,1842.5,cash,in_store,USD
TXN0002620,2024-05-05 08:02:00,STR016,PRD0021,CUS00321,5,411.07,0.0,0.0,2055.35,debit_card,in_store,USD
TXN0002621,2024-08-09 19:31:00,STR007,PRD0008,CUS00003,4,455.65,0.0,0.0,1822.6,mobile_pay,online,USD
TXN0002622,2024-06-24 11:37:00,STR021,PRD0042,CUS00294,1,140.2,0.1,14.02,126.18,credit_card,in_store,USD
TXN0002623,2024-06-13 09:56:00,STR007,PRD0011,CUS00261,3,526.75,0.05,79.01,1501.24,debit_card,online,USD
TXN0002624,2024-07-27 13:22:00,STR021,PRD0100,CUS00121,1,576.59,0.0,0.0,576.59,cash,online,USD
TXN0002625,2024-11-05 13:26:00,STR002,PRD0092,CUS00448,5,353.85,0.0,0.0,1769.25,gift_card,online,USD
TXN0002626,2024-02-03 11:25:00,STR021,PRD0092,CUS00296,3,353.85,0.1,106.16,955.39,debit_card,in_store,USD
TXN0002627,2024-04-29 09:02:00,STR009,PRD0072,CUS00033,2,500.55,0.0,0.0,1001.1,cash,online,USD
TXN0002628,2024-08-21 08:05:00,STR004,PRD0106,CUS00389,2,558.66,0.0,0.0,1117.32,debit_card,mobile_app,USD
TXN0002629,2024-03-31 19:35:00,STR002,PRD0053,,5,321.56,0.0,0.0,1607.8,mobile_pay,mobile_app,USD
TXN0002630,2024-04-10 16:36:00,STR018,PRD0082,CUS00308,5,82.51,0.1,41.26,371.29,credit_card,in_store,USD
TXN0002631,2024-08-14 11:18:00,STR016,PRD0093,CUS00086,2,410.67,0.0,0.0,821.34,debit_card,mobile_app,USD
TXN0002632,2024-02-25 16:26:00,STR016,PRD0019,CUS00002,3,351.82,0.0,0.0,1055.46,cash,online,USD
TXN0002633,2024-07-30 21:24:00,STR020,PRD0029,CUS00488,2,354.91,0.0,0.0,709.82,cash,in_store,USD
TXN0002634,2024-09-11 17:29:00,STR005,PRD0050,CUS00050,1,201.33,0.1,20.13,181.2,mobile_pay,mobile_app,USD
TXN0002635,2024-07-30 09:06:00,STR003,PRD0032,CUS00380,1,251.17,0.05,12.56,238.61,mobile_pay,online,USD
TXN0002636,2024-07-24 14:51:00,STR013,PRD0082,CUS00229,1,82.51,0.05,4.13,78.38,gift_card,mobile_app,USD
TXN0002637,2024-05-21 19:53:00,STR010,PRD0055,CUS00195,2,264.5,0.0,0.0,529.0,gift_card,in_store,USD
TXN0002638,2024-02-10 12:36:00,STR015,PRD0007,CUS00417,1,274.3,0.0,0.0,274.3,gift_card,online,USD
TXN0002639,2024-11-23 12:45:00,STR015,PRD0028,CUS00357,1,621.82,0.0,0.0,621.82,mobile_pay,in_store,USD
TXN0002640,2024-06-02 17:15:00,STR012,PRD0012,,1,233.86,0.0,0.0,233.86,cash,in_store,USD
TXN0002641,2024-05-27 21:13:00,STR016,PRD0074,CUS00388,2,304.27,0.0,0.0,608.54,credit_card,in_store,USD
TXN0002642,2024-11-06 14:53:00,STR018,PRD0049,CUS00086,5,327.25,0.0,0.0,1636.25,debit_card,in_store,USD
TXN0002643,2024-02-08 13:28:00,STR018,PRD0028,CUS00405,1,621.82,0.0,0.0,621.82,cash,online,USD
TXN0002644,2024-03-10 10:39:00,STR020,PRD0078,CUS00212,3,678.93,0.0,0.0,2036.79,credit_card,online,USD
TXN0002645,2024-01-10 20:03:00,STR018,PRD0108,CUS00390,3,99.37,0.0,0.0,298.11,credit_card,in_store,USD
TXN0002646,2024-02-03 17:47:00,STR005,PRD0001,CUS00126,3,137.75,0.1,41.33,371.92,mobile_pay,in_store,USD
TXN0002647,2024-01-05 12:48:00,STR003,PRD0053,CUS00215,2,321.56,0.0,0.0,643.12,credit_card,mobile_app,USD
TXN0002648,2024-01-19 12:56:00,STR017,PRD0066,CUS00039,4,404.74,0.0,0.0,1618.96,debit_card,mobile_app,USD
TXN0002649,2024-04-27 17:17:00,STR001,PRD0021,CUS00118,4,411.07,0.1,164.43,1479.85,cash,in_store,USD
TXN0002650,2024-05-02 15:04:00,STR017,PRD0106,CUS00490,1,558.66,0.15,83.8,474.86,mobile_pay,in_store,USD
TXN0002651,2024-10-18 10:44:00,STR012,PRD0042,,4,140.2,0.15,84.12,476.68,mobile_pay,online,USD
TXN0002652,2024-11-03 13:44:00,STR020,PRD0052,CUS00181,5,76.14,0.0,0.0,380.7,mobile_pay,online,USD
TXN0002653,2024-04-15 08:27:00,STR017,PRD0026,CUS00164,5,172.92,0.0,0.0,864.6,gift_card,mobile_app,USD
TXN0002654,2024-11-10 17:51:00,STR003,PRD0077,CUS00172,5,898.98,0.05,224.75,4270.15,gift_card,online,USD
TXN0002655,2024-01-06 10:30:00,STR005,PRD0002,CUS00261,5,26.09,0.1,13.04,117.41,debit_card,in_store,USD
TXN0002656,2024-11-15 21:06:00,STR022,PRD0093,CUS00152,1,410.67,0.0,0.0,410.67,mobile_pay,mobile_app,USD
TXN0002657,2024-02-09 12:36:00,STR019,PRD0028,CUS00282,2,621.82,0.0,0.0,1243.64,cash,mobile_app,USD
TXN0002658,2024-04-24 17:25:00,STR008,PRD0021,CUS00221,5,411.07,0.15,308.3,1747.05,mobile_pay,in_store,USD
TXN0002659,2024-03-17 19:54:00,STR011,PRD0021,CUS00481,2,411.07,0.05,41.11,781.03,gift_card,mobile_app,USD
TXN0002660,2024-11-11 18:20:00,STR022,PRD0045,CUS00428,2,318.79,0.0,0.0,637.58,credit_card,mobile_app,USD
TXN0002661,2024-11-12 19:25:00,STR017,PRD0114,CUS00193,4,596.37,0.0,0.0,2385.48,debit_card,mobile_app,USD
TXN0002662,2024-08-29 13:53:00,STR020,PRD0056,,2,26.02,0.0,0.0,52.04,cash,mobile_app,USD
TXN0002663,2024-03-19 10:00:00,STR017,PRD0022,CUS00435,5,146.15,0.05,36.54,694.21,mobile_pay,in_store,USD
TXN0002664,2024-10-18 13:19:00,STR019,PRD0077,CUS00058,2,898.98,0.05,89.9,1708.06,credit_card,in_store,USD
TXN0002665,2024-07-31 14:05:00,STR016,PRD0061,CUS00170,1,169.37,0.1,16.94,152.43,debit_card,online,USD
TXN0002666,2024-03-17 19:56:00,STR012,PRD0114,CUS00262,5,596.37,0.05,149.09,2832.76,cash,in_store,USD
TXN0002667,2024-11-13 13:49:00,STR023,PRD0104,CUS00441,4,398.02,0.05,79.6,1512.48,gift_card,in_store,USD
TXN0002668,2024-09-07 15:48:00,STR005,PRD0040,CUS00331,2,823.32,0.15,247.0,1399.64,cash,in_store,USD
TXN0002669,2024-10-29 14:02:00,STR023,PRD0077,CUS00227,5,898.98,0.05,224.75,4270.15,mobile_pay,in_store,USD
TXN0002670,2024-11-03 16:08:00,STR014,PRD0107,CUS00239,5,368.5,0.0,0.0,1842.5,mobile_pay,in_store,USD
TXN0002671,2024-09-18 17:05:00,STR019,PRD0067,CUS00183,4,544.43,0.0,0.0,2177.72,cash,online,USD
TXN0002672,2024-08-19 12:20:00,STR020,PRD0117,CUS00419,2,54.14,0.05,5.41,102.87,credit_card,online,USD
TXN0002673,2024-03-07 14:19:00,STR004,PRD0092,,1,353.85,0.0,0.0,353.85,mobile_pay,mobile_app,USD
TXN0002674,2024-10-17 10:57:00,STR022,PRD0026,CUS00356,4,172.92,0.0,0.0,691.68,gift_card,online,USD
TXN0002675,2024-03-15 16:14:00,STR009,PRD0079,CUS00247,5,643.15,0.0,0.0,3215.75,mobile_pay,online,USD
TXN0002676,2024-06-05 11:27:00,STR023,PRD0003,CUS00119,4,569.87,0.0,0.0,2279.48,gift_card,online,USD
TXN0002677,2024-10-15 13:54:00,STR023,PRD0112,CUS00307,5,268.87,0.0,0.0,1344.35,gift_card,online,USD
TXN0002678,2024-07-12 18:55:00,STR017,PRD0004,CUS00221,5,602.78,0.0,0.0,3013.9,debit_card,online,USD
TXN0002679,2024-03-20 10:16:00,STR019,PRD0039,CUS00287,2,415.77,0.0,0.0,831.54,cash,online,USD
TXN0002680,2024-11-02 19:10:00,STR002,PRD0069,CUS00211,3,527.04,0.0,0.0,1581.12,debit_card,mobile_app,USD
TXN0002681,2024-09-24 15:36:00,STR013,PRD0083,CUS00116,1,247.1,0.05,12.36,234.74,cash,mobile_app,USD
TXN0002682,2024-04-01 13:24:00,STR015,PRD0007,CUS00281,4,274.3,0.05,54.86,1042.34,mobile_pay,mobile_app,USD
TXN0002683,2024-06-21 13:11:00,STR003,PRD0078,CUS00073,1,678.93,0.0,0.0,678.93,gift_card,online,USD
TXN0002684,2024-04-23 15:02:00,STR007,PRD0115,,2,145.51,0.15,43.65,247.37,gift_card,in_store,USD
TXN0002685,2024-03-19 19:47:00,STR002,PRD0100,CUS00159,5,576.59,0.0,0.0,2882.95,gift_card,online,USD
TXN0002686,2024-10-18 09:53:00,STR006,PRD0029,CUS00054,4,354.91,0.0,0.0,1419.64,mobile_pay,in_store,USD
TXN0002687,2024-07-04 11:11:00,STR002,PRD0044,CUS00326,2,126.49,0.0,0.0,252.98,cash,in_store,USD
TXN0002688,2024-09-28 17:42:00,STR009,PRD0040,CUS00242,4,823.32,0.0,0.0,3293.28,gift_card,mobile_app,USD
TXN0002689,2024-11-22 15:02:00,STR003,PRD0007,CUS00282,5,274.3,0.0,0.0,1371.5,debit_card,in_store,USD
TXN0002690,2024-08-31 19:55:00,STR014,PRD0036,CUS00181,3,405.13,0.05,60.77,1154.62,gift_card,online,USD
TXN0002691,2024-01-15 17:13:00,STR022,PRD0056,CUS00088,3,26.02,0.05,3.9,74.16,debit_card,in_store,USD
TXN0002692,2024-12-14 12:31:00,STR014,PRD0035,CUS00416,2,234.61,0.0,0.0,469.22,mobile_pay,mobile_app,USD
TXN0002693,2024-02-04 14:35:00,STR007,PRD0112,CUS00050,1,268.87,0.0,0.0,268.87,gift_card,online,USD
TXN0002694,2024-04-06 11:59:00,STR016,PRD0100,CUS00146,4,576.59,0.05,115.32,2191.04,mobile_pay,online,USD
TXN0002695,2024-04-24 13:45:00,STR006,PRD0104,,3,398.02,0.05,59.7,1134.36,debit_card,mobile_app,USD
TXN0002696,2024-09-03 13:27:00,STR021,PRD0075,CUS00218,1,507.8,0.0,0.0,507.8,debit_card,mobile_app,USD
TXN0002697,2024-07-28 10:28:00,STR015,PRD0065,CUS00339,1,286.09,0.0,0.0,286.09,mobile_pay,mobile_app,USD
TXN0002698,2024-07-16 17:18:00,STR018,PRD0060,CUS00373,3,399.84,0.0,0.0,1199.52,gift_card,in_store,USD
TXN0002699,2024-09-25 20:13:00,STR006,PRD0044,CUS00236,4,126.49,0.0,0.0,505.96,cash,mobile_app,USD
TXN0002700,2024-11-29 11:37:00,STR009,PRD0005,CUS00366,2,259.57,0.0,0.0,519.14,credit_card,in_store,USD
TXN0002701,2024-01-06 09:21:00,STR023,PRD0077,CUS00239,4,898.98,0.05,179.8,3416.12,gift_card,in_store,USD
TXN0002702,2024-10-22 12:34:00,STR017,PRD0115,CUS00060,1,145.51,0.0,0.0,145.51,debit_card,mobile_app,USD
TXN0002703,2024-11-12 11:40:00,STR004,PRD0097,CUS00099,1,118.36,0.1,11.84,106.52,credit_card,online,USD
TXN0002704,2024-03-08 19:10:00,STR007,PRD0086,CUS00153,1,139.31,0.0,0.0,139.31,debit_card,mobile_app,USD
TXN0002705,2024-06-21 10:28:00,STR001,PRD0025,CUS00220,3,116.31,0.0,0.0,348.93,debit_card,online,USD
TXN0002706,2024-01-10 21:19:00,STR010,PRD0013,,5,80.66,0.0,0.0,403.3,mobile_pay,in_store,USD
TXN0002707,2024-09-04 20:52:00,STR007,PRD0008,CUS00093,1,455.65,0.0,0.0,455.65,credit_card,mobile_app,USD
TXN0002708,2024-11-22 19:48:00,STR003,PRD0080,CUS00373,5,270.17,0.15,202.63,1148.22,gift_card,in_store,USD
TXN0002709,2024-03-18 14:56:00,STR004,PRD0098,CUS00078,2,244.56,0.0,0.0,489.12,gift_card,mobile_app,USD
TXN0002710,2024-11-27 09:31:00,STR017,PRD0056,CUS00018,3,26.02,0.0,0.0,78.06,cash,in_store,USD
TXN0002711,2024-03-09 19:11:00,STR014,PRD0108,CUS00039,4,99.37,0.0,0.0,397.48,credit_card,mobile_app,USD
TXN0002712,2024-08-03 19:41:00,STR006,PRD0046,CUS00119,1,719.52,0.0,0.0,719.52,debit_card,online,USD
TXN0002713,2024-05-25 17:38:00,STR003,PRD0080,CUS00145,3,270.17,0.05,40.53,769.98,debit_card,online,USD
TXN0002714,2024-05-28 18:19:00,STR010,PRD0094,CUS00394,5,326.53,0.0,0.0,1632.65,cash,online,USD
TXN0002715,2024-01-23 12:05:00,STR022,PRD0088,CUS00363,2,266.3,0.0,0.0,532.6,debit_card,online,USD
TXN0002716,2024-12-21 20:52:00,STR008,PRD0056,CUS00499,2,26.02,0.0,0.0,52.04,debit_card,mobile_app,USD
TXN0002717,2024-07-29 14:50:00,STR011,PRD0012,,2,233.86,0.0,0.0,467.72,mobile_pay,online,USD
TXN0002718,2024-07-25 21:00:00,STR006,PRD0001,CUS00310,2,137.75,0.0,0.0,275.5,cash,in_store,USD
TXN0002719,2024-01-22 10:04:00,STR023,PRD0007,CUS00385,5,274.3,0.0,0.0,1371.5,cash,mobile_app,USD
TXN0002720,2024-07-07 09:25:00,STR003,PRD0020,CUS00213,5,595.59,0.15,446.69,2531.26,debit_card,online,USD
TXN0002721,2024-09-18 16:58:00,STR021,PRD0084,CUS00081,2,127.62,0.0,0.0,255.24,mobile_pay,in_store,USD
TXN0002722,2024-05-26 15:18:00,STR023,PRD0011,CUS00335,4,526.75,0.0,0.0,2107.0,mobile_pay,in_store,USD
TXN0002723,2024-12-02 17:03:00,STR021,PRD0108,CUS00011,5,99.37,0.0,0.0,496.85,mobile_pay,in_store,USD
TXN0002724,2024-10-21 20:17:00,STR013,PRD0108,CUS00149,4,99.37,0.0,0.0,397.48,credit_card,mobile_app,USD
TXN0002725,2024-08-29 12:51:00,STR017,PRD0060,CUS00143,1,399.84,0.15,59.98,339.86,debit_card,mobile_app,USD
TXN0002726,2024-01-14 15:52:00,STR020,PRD0114,CUS00137,4,596.37,0.0,0.0,2385.48,credit_card,in_store,USD
TXN0002727,2024-08-27 09:41:00,STR014,PRD0028,CUS00002,5,621.82,0.05,155.46,2953.64,debit_card,online,USD
TXN0002728,2024-08-12 17:28:00,STR007,PRD0026,,3,172.92,0.0,0.0,518.76,debit_card,in_store,USD
TXN0002729,2024-07-21 12:55:00,STR003,PRD0103,CUS00412,5,58.52,0.0,0.0,292.6,debit_card,in_store,USD
TXN0002730,2024-08-03 12:11:00,STR009,PRD0097,CUS00031,5,118.36,0.0,0.0,591.8,credit_card,online,USD
TXN0002731,2024-07-22 15:14:00,STR017,PRD0082,CUS00085,2,82.51,0.1,16.5,148.52,credit_card,online,USD
TXN0002732,2024-09-04 18:03:00,STR019,PRD0040,CUS00182,1,823.32,0.15,123.5,699.82,mobile_pay,online,USD
TXN0002733,2024-02-21 18:49:00,STR004,PRD0029,CUS00166,-1,354.91,0.0,0.0,709.82,credit_card,in_store,USD
TXN0002734,2024-08-03 15:13:00,STR001,PRD0118,CUS00235,4,317.96,0.0,0.0,1271.84,cash,mobile_app,USD
TXN0002735,2024-11-17 08:02:00,STR001,PRD0047,CUS00396,1,487.35,0.0,0.0,487.35,debit_card,mobile_app,USD
TXN0002736,2024-09-20 19:36:00,STR006,PRD0113,CUS00052,4,336.98,0.1,134.79,1213.13,debit_card,online,USD
TXN0002737,2024-07-03 21:36:00,STR020,PRD0042,CUS00156,1,140.2,0.15,21.03,119.17,gift_card,mobile_app,USD
TXN0002738,2024-05-30 20:55:00,STR008,PRD0015,CUS00232,4,541.61,0.0,0.0,2166.44,cash,mobile_app,USD
TXN0002739,2024-12-03 12:19:00,STR013,PRD0058,,2,61.42,0.0,0.0,122.84,mobile_pay,in_store,USD
TXN0002740,2024-02-11 18:56:00,STR016,PRD0107,CUS00389,2,368.5,0.0,0.0,737.0,cash,online,USD
TXN0002741,2024-07-01 17:11:00,STR013,PRD0074,CUS00378,2,304.27,0.0,0.0,608.54,mobile_pay,in_store,USD
TXN0002742,2024-10-25 16:52:00,STR006,PRD0007,CUS00021,1,274.3,0.0,0.0,274.3,credit_card,in_store,USD
TXN0002743,2024-07-19 13:39:00,STR016,PRD0025,CUS00297,1,116.31,0.0,0.0,116.31,gift_card,in_store,USD
TXN0002744,2024-07-13 21:48:00,STR010,PRD0063,CUS00055,2,23.14,0.0,0.0,46.28,mobile_pay,in_store,USD
TXN0002745,2024-01-13 16:58:00,STR003,PRD0040,CUS00027,1,823.32,0.0,0.0,823.32,credit_card,online,USD
TXN0002746,2024-02-13 12:21:00,STR006,PRD0099,CUS00449,2,388.71,0.0,0.0,777.42,debit_card,mobile_app,USD
TXN0002747,2024-11-18 13:09:00,STR007,PRD0089,CUS00475,1,690.46,0.1,69.05,621.41,mobile_pay,in_store,USD
TXN0002748,2024-04-20 17:09:00,STR021,PRD0087,CUS00297,1,488.55,0.0,0.0,488.55,debit_card,mobile_app,USD
TXN0002749,2024-11-04 10:56:00,STR019,PRD0058,CUS00211,3,61.42,0.2,36.85,147.41,gift_card,online,USD
TXN0002750,2024-02-09 21:05:00,STR018,PRD0082,,1,82.51,0.0,0.0,82.51,mobile_pay,mobile_app,USD
TXN0002751,2024-05-16 14:16:00,STR006,PRD0120,CUS00286,5,136.37,0.0,0.0,681.85,credit_card,online,USD
TXN0002752,2024-08-10 09:33:00,STR015,PRD0048,CUS00342,2,473.17,0.05,47.32,899.02,cash,in_store,USD
TXN0002753,2024-08-19 12:26:00,STR002,PRD0015,CUS00400,2,541.61,0.0,0.0,1083.22,debit_card,online,USD
TXN0002754,2024-02-13 21:06:00,STR003,PRD0054,CUS00452,2,694.62,0.15,208.39,1180.85,gift_card,mobile_app,USD
TXN0002755,2024-02-08 18:02:00,STR002,PRD0093,CUS00295,3,410.67,0.0,0.0,1232.01,gift_card,mobile_app,USD
TXN0002756,2024-08-13 11:23:00,STR013,PRD0069,CUS00426,2,527.04,0.0,0.0,1054.08,gift_card,mobile_app,USD
TXN0002757,2024-07-21 20:44:00,STR015,PRD0026,CUS00352,3,172.92,0.0,0.0,518.76,mobile_pay,mobile_app,USD
TXN0002758,2024-11-03 17:59:00,STR016,PRD0081,CUS00204,2,429.07,0.0,0.0,858.14,cash,online,USD
TXN0002759,2024-03-31 17:57:00,STR015,PRD0104,CUS00031,2,398.02,0.0,0.0,796.04,debit_card,mobile_app,USD
TXN0002760,2024-07-06 15:43:00,STR019,PRD0006,CUS00258,4,101.59,0.1,40.64,365.72,mobile_pay,mobile_app,USD
TXN0002761,2024-05-12 17:15:00,STR019,PRD0063,,4,23.14,0.0,0.0,92.56,gift_card,mobile_app,USD
TXN0002762,2024-10-01 14:18:00,STR014,PRD0033,CUS00496,4,269.98,0.0,0.0,1079.92,debit_card,in_store,USD
TXN0002763,2024-12-12 09:10:00,STR005,PRD0007,CUS00228,3,274.3,0.0,0.0,822.9,mobile_pay,in_store,USD
TXN0002764,2024-10-19 16:06:00,STR013,PRD0013,CUS00144,1,80.66,0.0,0.0,80.66,cash,in_store,USD
TXN0002765,2024-08-24 08:43:00,STR013,PRD0080,CUS00153,4,270.17,0.0,0.0,1080.68,cash,mobile_app,USD
TXN0002766,2024-01-13 17:20:00,STR002,PRD0077,CUS00344,4,898.98,0.0,0.0,3595.92,cash,online,USD
TXN0002767,2024-10-23 17:59:00,STR001,PRD0045,CUS00293,2,318.79,0.0,0.0,637.58,cash,mobile_app,USD
TXN0002768,2024-03-28 21:13:00,STR006,PRD0050,CUS00283,5,201.33,0.0,0.0,1006.65,cash,in_store,USD
TXN0002769,2024-09-11 08:55:00,STR015,PRD0078,CUS00130,3,678.93,0.0,0.0,2036.79,mobile_pay,mobile_app,USD
TXN0002770,2024-03-15 20:18:00,STR008,PRD0115,CUS00446,4,145.51,0.0,0.0,582.04,debit_card,online,USD
TXN0002771,2024-04-06 08:38:00,STR013,PRD0036,CUS00330,2,405.13,0.0,0.0,810.26,cash,mobile_app,USD
TXN0002772,2024-09-23 16:38:00,STR014,PRD0075,,4,507.8,0.0,0.0,2031.2,cash,online,USD
TXN0002773,2024-11-17 18:55:00,STR006,PRD0016,CUS00361,3,539.04,0.05,80.86,1536.26,credit_card,in_store,USD
TXN0002774,2024-02-19 08:28:00,STR010,PRD0004,CUS00209,3,602.78,0.0,0.0,1808.34,debit_card,online,USD
TXN0002775,2024-11-05 18:30:00,STR006,PRD0001,CUS00393,3,137.75,0.0,0.0,413.25,debit_card,online,USD
TXN0002776,2024-03-17 18:37:00,STR020,PRD0066,CUS00410,1,404.74,0.0,0.0,404.74,debit_card,mobile_app,USD
TXN0002777,2024-08-09 10:46:00,STR021,PRD0004,CUS00340,2,602.78,0.0,0.0,1205.56,cash,mobile_app,USD
TXN0002778,2024-05-04 20:14:00,STR015,PRD0029,CUS00078,5,354.91,0.0,0.0,1774.55,credit_card,online,USD
TXN0002779,2024-09-10 12:14:00,STR021,PRD0096,CUS00167,2,389.05,0.15,116.72,661.38,debit_card,mobile_app,USD
TXN0002780,2024-04-11 15:14:00,STR004,PRD0097,CUS00066,1,118.36,0.0,0.0,118.36,credit_card,online,USD
TXN0002781,2024-01-06 19:43:00,STR009,PRD0097,CUS00326,3,118.36,0.0,0.0,355.08,credit_card,online,USD
TXN0002782,2024-03-21 09:35:00,STR007,PRD0064,CUS00491,1,475.35,0.05,23.77,451.58,gift_card,mobile_app,USD
TXN0002783,2024-04-03 17:05:00,STR021,PRD0037,,5,47.85,0.15,35.89,203.36,credit_card,mobile_app,USD
TXN0002784,2024-10-14 16:45:00,STR021,PRD0053,CUS00489,1,321.56,0.1,32.16,289.4,cash,in_store,USD
TXN0002785,2024-05-24 20:19:00,STR022,PRD0042,CUS00402,4,140.2,0.0,0.0,560.8,debit_card,in_store,USD
TXN0002786,2024-08-18 13:36:00,STR002,PRD0099,CUS00489,4,388.71,0.0,0.0,1554.84,cash,in_store,USD
TXN0002787,2024-01-14 13:39:00,STR010,PRD0029,CUS00326,1,354.91,0.15,53.24,301.67,mobile_pay,mobile_app,USD
TXN0002788,2024-04-20 09:49:00,STR001,PRD0073,CUS00242,4,577.08,0.0,0.0,2308.32,mobile_pay,mobile_app,USD
TXN0002789,2024-02-18 20:56:00,STR018,PRD0008,CUS00167,5,455.65,0.0,0.0,2278.25,gift_card,in_store,USD
TXN0002790,2024-04-27 10:55:00,STR004,PRD0028,CUS00497,4,621.82,0.0,0.0,2487.28,debit_card,online,USD
TXN0002791,2024-07-08 17:57:00,STR020,PRD0030,CUS00462,3,80.67,0.0,0.0,242.01,mobile_pay,mobile_app,USD
TXN0002792,2024-12-17 08:29:00,STR015,PRD0042,CUS00278,5,140.2,0.0,0.0,701.0,gift_card,online,USD
TXN0002793,2024-07-22 09:38:00,STR005,PRD0079,CUS00185,4,643.15,0.0,0.0,2572.6,cash,in_store,USD
TXN0002794,2024-07-06 13:03:00,STR005,PRD0083,,2,247.1,0.0,0.0,494.2,mobile_pay,in_store,USD
TXN0002795,2024-07-15 18:15:00,STR013,PRD0060,CUS00139,1,399.84,0.0,0.0,399.84,cash,in_store,USD
TXN0002796,2024-04-04 12:16:00,STR023,PRD0032,CUS00326,4,251.17,0.0,0.0,1004.68,debit_card,online,USD
TXN0002797,2024-05-21 13:00:00,STR012,PRD0061,CUS00428,3,169.37,0.0,0.0,508.11,gift_card,online,USD
TXN0002798,2024-07-03 08:54:00,STR016,PRD0016,CUS00401,4,539.04,0.15,323.42,1832.74,credit_card,online,USD
TXN0002799,2024-11-05 11:59:00,STR003,PRD0055,CUS00291,2,264.5,0.0,0.0,529.0,credit_card,online,USD
TXN0002800,2024-01-06 14:36:00,STR005,PRD0066,CUS00081,1,404.74,0.0,0.0,404.74,cash,mobile_app,USD
TXN0002801,2024-12-30 18:28:00,STR009,PRD0002,CUS00393,2,26.09,0.0,0.0,52.18,credit_card,mobile_app,USD
TXN0002802,2024-02-16 10:54:00,STR009,PRD0046,CUS00408,5,719.52,0.15,539.64,3057.96,mobile_pay,online,USD
TXN0002803,2024-09-18 11:54:00,STR015,PRD0006,CUS00360,1,101.59,0.0,0.0,101.59,mobile_pay,online,USD
TXN0002804,2024-11-24 18:48:00,STR019,PRD0030,CUS00334,3,80.67,0.2,48.4,193.61,gift_card,in_store,USD
TXN0002805,2024-01-20 21:39:00,STR001,PRD0003,,3,569.87,0.0,0.0,1709.61,mobile_pay,mobile_app,USD
TXN0002806,2024-12-21 14:46:00,STR011,PRD0039,CUS00241,5,415.77,0.0,0.0,2078.85,debit_card,online,USD
TXN0002807,2024-02-20 18:31:00,STR008,PRD0083,CUS00228,1,247.1,0.0,0.0,247.1,cash,in_store,USD
TXN0002808,2024-05-14 15:26:00,STR022,PRD0073,CUS00440,4,577.08,0.0,0.0,2308.32,debit_card,mobile_app,USD
TXN0002809,2024-01-21 12:47:00,STR022,PRD0097,CUS00497,1,118.36,0.05,5.92,112.44,mobile_pay,in_store,USD
TXN0002810,2024-09-25 10:52:00,STR018,PRD0004,CUS00475,5,602.78,0.0,0.0,3013.9,credit_card,mobile_app,USD
TXN0002811,2024-01-03 14:15:00,STR002,PRD0111,CUS00298,3,661.33,0.0,0.0,1983.99,gift_card,in_store,USD
TXN0002812,2024-04-24 08:59:00,STR012,PRD0040,CUS00472,4,823.32,0.0,0.0,3293.28,mobile_pay,online,USD
TXN0002813,2024-07-20 13:35:00,STR023,PRD0113,CUS00141,2,336.98,0.05,33.7,640.26,gift_card,mobile_app,USD
TXN0002814,2024-02-02 13:59:00,STR001,PRD0091,CUS00187,1,122.8,0.0,0.0,122.8,debit_card,mobile_app,USD
TXN0002815,2024-11-30 17:09:00,STR003,PRD0014,CUS00205,3,10.52,0.15,4.73,26.83,cash,online,USD
TXN0002816,2024-05-24 12:13:00,STR012,PRD0006,,4,101.59,0.1,40.64,365.72,gift_card,mobile_app,USD
TXN0002817,2024-08-30 18:39:00,STR009,PRD0012,CUS00450,4,233.86,0.15,140.32,795.12,gift_card,mobile_app,USD
TXN0002818,2024-03-28 08:58:00,STR010,PRD0114,CUS00438,4,596.37,0.05,119.27,2266.21,debit_card,online,USD
TXN0002819,2024-09-04 14:55:00,STR012,PRD0099,CUS00044,3,388.71,0.0,0.0,1166.13,mobile_pay,mobile_app,USD
TXN0002820,2024-10-31 16:58:00,STR008,PRD0106,CUS00305,1,558.66,0.0,0.0,558.66,mobile_pay,in_store,USD
TXN0002821,2024-10-29 14:10:00,STR002,PRD0093,CUS00027,1,410.67,0.0,0.0,410.67,debit_card,online,USD
TXN0002822,2024-10-03 19:01:00,STR022,PRD0005,CUS00342,1,259.57,0.0,0.0,259.57,gift_card,online,USD
TXN0002823,2024-07-26 10:22:00,STR011,PRD0001,CUS00214,5,137.75,0.0,0.0,688.75,gift_card,mobile_app,USD
TXN0002824,2024-07-22 16:17:00,STR022,PRD0081,CUS00118,4,429.07,0.0,0.0,1716.28,credit_card,in_store,USD
TXN0002825,2024-03-20 10:53:00,STR008,PRD0098,CUS00001,2,244.56,0.0,0.0,489.12,cash,mobile_app,USD
TXN0002826,2024-08-28 16:20:00,STR020,PRD0091,CUS00039,1,122.8,0.0,0.0,122.8,gift_card,mobile_app,USD
TXN0002827,2024-05-18 11:38:00,STR013,PRD0082,,3,82.51,0.0,0.0,247.53,cash,online,USD
TXN0002828,2024-12-14 16:00:00,STR003,PRD0009,CUS00451,5,675.27,0.0,0.0,3376.35,credit_card,online,USD
TXN0002829,2024-09-19 13:58:00,STR015,PRD0106,CUS00006,4,558.66,0.0,0.0,2234.64,debit_card,mobile_app,USD
TXN0002830,2024-03-26 17:00:00,STR019,PRD0084,CUS00142,4,127.62,0.0,0.0,510.48,cash,in_store,USD
TXN0002831,2024-01-21 10:41:00,STR014,PRD0052,CUS00306,4,76.14,0.0,0.0,304.56,debit_card,in_store,USD
TXN0002832,2024-11-20 10:39:00,STR005,PRD0052,CUS00141,1,76.14,0.0,0.0,76.14,cash,in_store,USD
TXN0002833,2024-08-23 16:37:00,STR023,PRD0015,CUS00316,4,541.61,0.0,0.0,2166.44,debit_card,in_store,USD
TXN0002834,2024-07-23 11:03:00,STR002,PRD0096,CUS00309,3,389.05,0.0,0.0,1167.15,cash,in_store,USD
TXN0002835,2024-11-26 14:29:00,STR013,PRD0025,CUS00048,4,116.31,0.0,0.0,465.24,mobile_pay,online,USD
TXN0002836,2024-11-16 18:58:00,STR012,PRD0056,CUS00017,1,26.02,0.0,0.0,26.02,gift_card,in_store,USD
TXN0002837,2024-09-06 11:51:00,STR004,PRD0029,CUS00454,4,354.91,0.0,0.0,1419.64,mobile_pay,in_store,USD
TXN0002838,2024-01-24 21:12:00,STR017,PRD0070,,5,31.14,0.0,0.0,155.7,gift_card,online,USD
TXN0002839,2024-08-06 21:34:00,STR015,PRD0013,CUS00479,2,80.66,0.0,0.0,161.32,gift_card,online,USD
TXN0002840,2024-09-11 17:54:00,STR009,PRD0035,CUS00378,4,234.61,0.0,0.0,938.44,debit_card,mobile_app,USD
TXN0002841,2024-02-07 19:47:00,STR011,PRD0010,CUS00123,4,276.68,0.15,166.01,940.71,gift_card,online,USD
TXN0002842,2024-06-04 14:36:00,STR017,PRD0098,CUS00100,4,244.56,0.0,0.0,978.24,debit_card,in_store,USD
TXN0002843,2024-03-17 20:41:00,STR016,PRD0063,CUS00354,4,23.14,0.0,0.0,92.56,debit_card,mobile_app,USD
TXN0002844,2024-04-23 21:14:00,STR015,PRD0090,CUS00335,1,69.19,0.0,0.0,69.19,gift_card,online,USD
TXN0002845,2024-10-19 18:37:00,STR002,PRD0120,CUS00249,2,136.37,0.2,54.55,218.19,credit_card,mobile_app,USD
TXN0002846,2024-10-04 12:06:00,STR006,PRD0045,CUS00275,5,318.79,0.0,0.0,1593.95,gift_card,mobile_app,USD
TXN0002847,2024-04-20 08:04:00,STR002,PRD0028,CUS00481,2,621.82,0.0,0.0,1243.64,cash,online,USD
TXN0002848,2024-03-17 19:49:00,STR015,PRD0092,CUS00455,1,353.85,0.0,0.0,353.85,cash,in_store,USD
TXN0002849,2024-11-24 11:43:00,STR008,PRD0040,,1,823.32,0.05,41.17,782.15,cash,online,USD
TXN0002850,2024-09-16 21:57:00,STR008,PRD0117,CUS00449,3,54.14,0.0,0.0,162.42,cash,mobile_app,USD
TXN0002851,2024-09-12 15:47:00,STR005,PRD0062,CUS00365,4,355.41,0.0,0.0,1421.64,cash,online,USD
TXN0002852,2024-05-06 14:09:00,STR006,PRD0044,CUS00416,4,126.49,0.15,75.89,430.07,debit_card,in_store,USD
TXN0002853,2024-10-31 14:13:00,STR011,PRD0059,CUS00088,1,458.19,0.0,0.0,458.19,debit_card,in_store,USD
TXN0002854,2024-06-26 19:20:00,STR007,PRD0080,CUS00051,5,270.17,0.0,0.0,1350.85,mobile_pay,in_store,USD
TXN0002855,2024-05-09 17:02:00,STR020,PRD0109,CUS00155,2,459.8,0.0,0.0,919.6,mobile_pay,mobile_app,USD
TXN0002856,2024-04-24 10:38:00,STR001,PRD0064,CUS00145,2,475.35,0.0,0.0,950.7,mobile_pay,in_store,USD
TXN0002857,2024-11-27 08:29:00,STR022,PRD0112,CUS00294,5,268.87,0.0,0.0,1344.35,debit_card,in_store,USD
TXN0002858,2024-01-30 12:58:00,STR021,PRD0047,CUS00348,3,487.35,0.0,0.0,1462.05,cash,online,USD
TXN0002859,2024-06-21 16:21:00,STR006,PRD0008,CUS00356,2,455.65,0.0,0.0,911.3,credit_card,in_store,USD
TXN0002860,2024-11-13 17:50:00,STR004,PRD0083,,3,247.1,0.1,74.13,667.17,cash,mobile_app,USD
TXN0002861,2024-12-04 19:24:00,STR001,PRD0095,CUS00102,3,658.33,0.0,0.0,1974.99,credit_card,mobile_app,USD
TXN0002862,2024-07-24 12:40:00,STR022,PRD0101,CUS00231,5,437.08,0.05,109.27,2076.13,credit_card,mobile_app,USD
TXN0002863,2024-08-13 20:53:00,STR003,PRD0023,CUS00150,1,249.34,0.05,12.47,236.87,mobile_pay,online,USD
TXN0002864,2024-08-10 20:49:00,STR008,PRD0086,CUS00339,3,139.31,0.0,0.0,417.93,credit_card,online,USD
TXN0002865,2024-09-16 18:12:00,STR007,PRD0049,CUS00086,5,327.25,0.1,163.62,1472.63,debit_card,mobile_app,USD
TXN0002866,2024-12-15 10:45:00,STR023,PRD0108,CUS00428,3,99.37,0.0,0.0,298.11,mobile_pay,mobile_app,USD
TXN0002867,2024-02-03 16:14:00,STR015,PRD0026,CUS00056,5,172.92,0.0,0.0,864.6,mobile_pay,in_store,USD
TXN0002868,2024-08-08 14:35:00,STR011,PRD0063,CUS00037,1,23.14,0.0,0.0,23.14,gift_card,online,USD
TXN0002869,2024-11-19 18:57:00,STR016,PRD0030,CUS00090,1,80.67,0.1,8.07,72.6,credit_card,in_store,USD
TXN0002870,2024-08-19 09:28:00,STR002,PRD0053,CUS00188,4,321.56,0.0,0.0,1286.24,mobile_pay,mobile_app,USD
TXN0002871,2024-04-04 21:47:00,STR018,PRD0096,,3,389.05,0.15,175.07,992.08,credit_card,online,USD
TXN0002872,2024-01-25 20:44:00,STR003,PRD0049,CUS00343,2,327.25,0.1,65.45,589.05,credit_card,mobile_app,USD
TXN0002873,2024-07-26 20:01:00,STR018,PRD0004,CUS00240,2,602.78,0.15,180.83,1024.73,cash,mobile_app,USD
TXN0002874,2024-01-11 15:35:00,STR015,PRD0006,CUS00400,5,101.59,0.0,0.0,507.95,mobile_pay,mobile_app,USD
TXN0002875,2024-08-08 08:57:00,STR023,PRD0054,CUS00082,1,694.62,0.0,0.0,694.62,mobile_pay,online,USD
TXN0002876,2024-07-29 09:15:00,STR023,PRD0058,CUS00093,4,61.42,0.0,0.0,245.68,cash,in_store,USD
TXN0002877,2024-08-13 12:34:00,STR017,PRD0056,CUS00360,2,26.02,0.0,0.0,52.04,cash,in_store,USD
TXN0002878,2024-12-13 18:38:00,STR010,PRD0064,CUS00001,3,475.35,0.0,0.0,1426.05,mobile_pay,mobile_app,USD
TXN0002879,2024-06-16 08:30:00,STR017,PRD0112,CUS00394,3,268.87,0.0,0.0,806.61,mobile_pay,mobile_app,USD
TXN0002880,2024-06-08 16:34:00,STR018,PRD0080,CUS00120,4,270.17,0.0,0.0,1080.68,debit_card,online,USD
TXN0002881,2024-07-18 14:52:00,STR011,PRD0077,CUS00081,3,898.98,0.05,134.85,2562.09,gift_card,online,USD
TXN0002882,2024-03-29 21:08:00,STR023,PRD0108,,3,99.37,0.1,29.81,268.3,gift_card,online,USD
TXN0002883,2024-06-04 16:05:00,STR008,PRD0022,CUS00421,3,146.15,0.2,87.69,350.76,cash,online,USD
TXN0002884,2024-02-04 15:40:00,STR021,PRD0018,CUS00281,1,94.47,0.15,14.17,80.3,gift_card,in_store,USD
TXN0002885,2024-04-06 13:32:00,STR023,PRD0002,CUS00036,3,26.09,0.0,0.0,78.27,cash,online,USD
TXN0002886,2024-10-04 17:42:00,STR011,PRD0005,CUS00160,5,259.57,0.0,0.0,1297.85,credit_card,in_store,USD
TXN0002887,2024-02-21 12:05:00,STR012,PRD0022,CUS00412,3,146.15,0.0,0.0,438.45,debit_card,mobile_app,USD
TXN0002888,2024-11-18 21:06:00,STR001,PRD0035,CUS00285,1,234.61,0.1,23.46,211.15,gift_card,mobile_app,USD
TXN0002889,2024-08-30 21:49:00,STR002,PRD0033,CUS00422,2,269.98,0.0,0.0,539.96,mobile_pay,mobile_app,USD
TXN0002890,2024-06-12 17:10:00,STR007,PRD0025,CUS00195,5,116.31,0.0,0.0,581.55,credit_card,in_store,USD
TXN0002891,2024-12-07 09:03:00,STR009,PRD0018,CUS00493,5,94.47,0.0,0.0,472.35,cash,mobile_app,USD
TXN0002892,2024-09-24 18:43:00,STR016,PRD0044,CUS00405,2,126.49,0.0,0.0,252.98,cash,in_store,USD
TXN0002893,2024-01-16 15:20:00,STR017,PRD0061,,2,169.37,0.0,0.0,338.74,debit_card,online,USD
TXN0002894,2024-08-24 18:25:00,STR019,PRD0032,CUS00080,5,251.17,0.0,0.0,1255.85,gift_card,mobile_app,USD
TXN0002895,2024-09-10 10:25:00,STR017,PRD0029,CUS00448,2,354.91,0.0,0.0,709.82,cash,in_store,USD
TXN0002896,2024-11-15 10:31:00,STR014,PRD0049,CUS00235,4,327.25,0.05,65.45,1243.55,gift_card,mobile_app,USD
TXN0002897,2024-05-19 18:35:00,STR021,PRD0025,CUS00356,5,116.31,0.0,0.0,581.55,gift_card,online,USD
TXN0002898,2024-12-30 16:35:00,STR002,PRD0010,CUS00206,3,276.68,0.0,0.0,830.04,credit_card,online,USD
TXN0002899,2024-03-23 10:57:00,STR015,PRD0087,CUS00099,5,488.55,0.0,0.0,2442.75,credit_card,in_store,USD
TXN0002900,2024-07-31 10:08:00,STR003,PRD0060,CUS00048,1,399.84,0.0,0.0,399.84,credit_card,in_store,USD
TXN0002901,2024-10-04 18:53:00,STR018,PRD0096,CUS00479,4,389.05,0.15,233.43,1322.77,debit_card,mobile_app,USD
TXN0002902,2024-11-21 12:06:00,STR006,PRD0013,CUS00268,2,80.66,0.0,0.0,161.32,mobile_pay,mobile_app,USD
TXN0002903,2024-05-22 16:22:00,STR001,PRD0015,CUS00110,2,541.61,0.0,0.0,1083.22,cash,online,USD
TXN0002904,2024-12-30 09:01:00,STR022,PRD0099,,3,388.71,0.0,0.0,1166.13,cash,online,USD
TXN0002905,2024-11-21 15:24:00,STR010,PRD0033,CUS00382,1,269.98,0.0,0.0,269.98,debit_card,online,USD
TXN0002906,2024-07-17 10:56:00,STR008,PRD0037,CUS00178,3,47.85,0.1,14.36,129.19,gift_card,in_store,USD
TXN0002907,2024-04-26 21:25:00,STR016,PRD0056,CUS00250,5,26.02,0.0,0.0,130.1,cash,online,USD
TXN0002908,2024-04-09 16:49:00,STR021,PRD0003,CUS00487,2,569.87,0.0,0.0,1139.74,mobile_pay,online,USD
TXN0002909,2024-10-25 13:18:00,STR009,PRD0078,CUS00026,1,678.93,0.0,0.0,678.93,credit_card,online,USD
TXN0002910,2024-11-30 20:03:00,STR002,PRD0037,CUS00048,5,47.85,0.0,0.0,239.25,cash,online,USD
TXN0002911,2024-03-14 09:39:00,STR015,PRD0042,CUS00245,1,140.2,0.0,0.0,140.2,gift_card,mobile_app,USD
TXN0002912,2024-11-25 21:01:00,STR002,PRD0005,CUS00121,5,259.57,0.0,0.0,1297.85,debit_card,in_store,USD
TXN0002913,2024-07-31 12:34:00,STR015,PRD0050,CUS00449,2,201.33,0.0,0.0,402.66,gift_card,in_store,USD
TXN0002914,2024-02-25 14:02:00,STR007,PRD0110,CUS00294,5,406.78,0.0,0.0,2033.9,debit_card,in_store,USD
TXN0002915,2024-10-05 10:09:00,STR003,PRD0046,,3,719.52,0.0,0.0,2158.56,mobile_pay,mobile_app,USD
TXN0002916,2024-12-12 16:39:00,STR012,PRD0079,CUS00240,2,643.15,0.0,0.0,1286.3,debit_card,mobile_app,USD
TXN0002917,2024-05-31 21:44:00,STR017,PRD0080,CUS00432,3,270.17,0.0,0.0,810.51,mobile_pay,online,USD
TXN0002918,2024-09-16 19:19:00,STR009,PRD0058,CUS00062,5,61.42,0.0,0.0,307.1,debit_card,in_store,USD
TXN0002919,2024-11-11 11:25:00,STR020,PRD0012,CUS00354,1,233.86,0.05,11.69,222.17,gift_card,online,USD
TXN0002920,2024-09-15 12:55:00,STR023,PRD0021,CUS00243,1,411.07,0.0,0.0,411.07,cash,online,USD
TXN0002921,2024-03-03 11:22:00,STR020,PRD0093,CUS00321,2,410.67,0.1,82.13,739.21,credit_card,online,USD
TXN0002922,2024-06-13 08:07:00,STR999,PRD0077,CUS00206,5,898.98,0.0,0.0,4494.9,debit_card,in_store,USD
TXN0002923,2024-09-23 21:28:00,STR020,PRD0092,CUS00049,3,353.85,0.0,0.0,1061.55,gift_card,mobile_app,USD
TXN0002924,2024-03-17 20:45:00,STR008,PRD0030,CUS00175,4,80.67,0.1,32.27,290.41,debit_card,online,USD
TXN0002925,2024-02-23 16:18:00,STR018,PRD0108,CUS00381,5,99.37,0.0,0.0,496.85,credit_card,mobile_app,USD
TXN0002926,2024-12-30 11:48:00,STR009,PRD0092,,5,353.85,0.0,0.0,1769.25,gift_card,mobile_app,USD
TXN0002927,2024-10-19 15:52:00,STR019,PRD0072,CUS00194,2,500.55,0.15,150.16,850.94,gift_card,mobile_app,USD
TXN0002928,2024-09-27 17:48:00,STR003,PRD0058,CUS00412,1,61.42,0.0,0.0,61.42,debit_card,online,USD
TXN0002929,2024-05-16 21:21:00,STR015,PRD0105,CUS00256,2,554.1,0.15,166.23,941.97,gift_card,online,USD
TXN0002930,2024-05-17 18:02:00,STR012,PRD0060,CUS00275,3,399.84,0.0,0.0,1199.52,mobile_pay,online,USD
TXN0002931,2024-03-15 18:28:00,STR019,PRD0052,CUS00070,1,76.14,0.0,0.0,76.14,gift_card,online,USD
TXN0002932,2024-11-03 21:07:00,STR007,PRD0030,CUS00365,2,80.67,0.0,0.0,,cash,online,USD
TXN0002933,2024-11-06 10:48:00,STR013,PRD0111,CUS00300,4,661.33,0.0,0.0,2645.32,credit_card,mobile_app,USD
TXN0002934,2024-03-01 18:45:00,STR013,PRD0033,CUS00060,3,269.98,0.0,0.0,809.94,debit_card,online,USD
TXN0002935,2024-02-01 14:05:00,STR016,PRD0064,CUS00284,3,475.35,0.0,0.0,1426.05,gift_card,online,USD
TXN0002936,2024-10-24 17:28:00,STR006,PRD0020,CUS00256,2,595.59,0.0,0.0,1191.18,gift_card,in_store,USD
TXN0002937,2024-01-23 08:48:00,STR014,PRD0100,,1,576.59,0.0,0.0,576.59,mobile_pay,in_store,USD
TXN0002938,2024-02-22 12:02:00,STR004,PRD0111,CUS00422,5,661.33,0.1,330.67,2975.98,cash,online,USD
TXN0002939,2024-05-25 19:59:00,STR012,PRD0106,CUS00250,4,558.66,0.0,0.0,2234.64,gift_card,online,USD
TXN0002940,2024-02-28 14:29:00,STR008,PRD0048,CUS00482,5,473.17,0.1,236.59,2129.26,cash,mobile_app,USD
TXN0002941,2024-06-23 12:37:00,STR007,PRD0026,CUS00380,2,172.92,0.0,0.0,345.84,cash,mobile_app,USD
TXN0002942,2024-09-14 10:08:00,STR013,PRD0028,CUS00394,5,621.82,0.0,0.0,3109.1,debit_card,online,USD
TXN0002943,2024-10-02 15:03:00,STR023,PRD0002,CUS00255,1,26.09,0.0,0.0,26.09,debit_card,mobile_app,USD
TXN0002944,2024-01-17 15:50:00,STR021,PRD0067,CUS00288,4,544.43,0.0,0.0,2177.72,credit_card,online,USD
TXN0002945,2024-09-20 14:09:00,STR002,PRD0077,CUS00454,3,898.98,0.0,0.0,2696.94,cash,in_store,USD
TXN0002946,2024-03-20 14:21:00,STR001,PRD0036,CUS00165,1,405.13,0.0,0.0,405.13,mobile_pay,in_store,USD
TXN0002947,2024-01-05 13:58:00,STR019,PRD0104,CUS00015,2,398.02,0.05,39.8,756.24,debit_card,mobile_app,USD
TXN0002948,2024-11-02 15:48:00,STR021,PRD0008,,5,455.65,0.05,113.91,2164.34,mobile_pay,mobile_app,USD
TXN0002949,2024-05-31 15:23:00,STR009,PRD0046,CUS00301,2,719.52,0.0,0.0,1439.04,debit_card,mobile_app,USD
TXN0002950,2024-11-04 17:19:00,STR018,PRD0022,CUS00119,2,146.15,0.0,0.0,292.3,mobile_pay,in_store,USD
TXN0002951,2024-01-15 09:11:00,STR023,PRD0083,CUS00295,1,247.1,0.0,0.0,247.1,debit_card,in_store,USD
TXN0002952,2024-11-08 08:20:00,STR009,PRD0003,CUS00059,2,569.87,0.0,0.0,1139.74,mobile_pay,online,USD
TXN0002953,2024-05-07 16:44:00,STR021,PRD0120,CUS00159,2,136.37,0.05,13.64,259.1,mobile_pay,in_store,USD
TXN0002954,2024-09-11 09:41:00,STR012,PRD0094,CUS00332,1,326.53,0.0,0.0,326.53,debit_card,in_store,USD
TXN0002955,2024-09-18 15:12:00,STR003,PRD0070,CUS00163,4,31.14,0.0,0.0,124.56,credit_card,mobile_app,USD
TXN0002956,2024-02-27 16:07:00,STR019,PRD0002,CUS00280,1,26.09,0.0,0.0,26.09,credit_card,online,USD
TXN0002957,2024-05-16 10:14:00,STR010,PRD0016,CUS00386,5,539.04,0.05,134.76,2560.44,cash,mobile_app,USD
TXN0002958,2024-06-29 09:38:00,STR009,PRD0043,CUS00179,2,621.23,0.0,0.0,1242.46,mobile_pay,mobile_app,USD
TXN0002959,2024-12-29 21:47:00,STR007,PRD0111,,2,661.33,0.05,66.13,1256.53,mobile_pay,mobile_app,USD
TXN0002960,2024-11-10 09:41:00,STR019,PRD0035,CUS00020,5,234.61,0.0,0.0,1173.05,cash,online,USD
TXN0002961,2024-08-16 09:05:00,STR018,PRD0025,CUS00493,5,116.31,0.0,0.0,581.55,debit_card,in_store,USD
TXN0002962,2024-03-17 09:27:00,STR018,PRD0082,CUS00261,3,82.51,0.0,0.0,247.53,mobile_pay,in_store,USD
TXN0002963,2024-07-11 08:54:00,STR017,PRD0059,CUS00056,4,458.19,0.15,274.91,1557.85,debit_card,online,USD
TXN0002964,2024-02-13 19:49:00,STR009,PRD0115,CUS00021,3,145.51,0.1,43.65,392.88,gift_card,mobile_app,USD
TXN0002965,2024-04-08 15:21:00,STR015,PRD0045,CUS00312,1,318.79,0.0,0.0,318.79,credit_card,online,USD
TXN0002966,2024-01-23 11:27:00,STR012,PRD0104,CUS00394,4,398.02,0.15,238.81,1353.27,mobile_pay,mobile_app,USD
TXN0002967,2024-10-17 09:08:00,STR018,PRD0019,CUS00434,4,351.82,0.0,0.0,1407.28,gift_card,online,USD
TXN0002968,2024-10-17 18:03:00,STR022,PRD0071,CUS00399,1,327.28,0.0,0.0,327.28,debit_card,online,USD
TXN0002969,2024-02-06 20:22:00,STR021,PRD0009,CUS00214,5,675.27,0.0,0.0,3376.35,debit_card,online,USD
TXN0002970,2024-07-21 15:22:00,STR004,PRD0114,,3,596.37,0.0,0.0,1789.11,gift_card,online,USD
TXN0002971,2024-12-18 09:31:00,STR004,PRD0116,CUS00434,3,648.85,0.0,0.0,1946.55,cash,mobile_app,USD
TXN0002972,2024-08-17 12:13:00,STR004,PRD0033,CUS00329,1,269.98,0.0,0.0,269.98,mobile_pay,online,USD
TXN0002973,2024-07-19 14:38:00,STR022,PRD0033,CUS00496,1,269.98,0.05,13.5,256.48,credit_card,online,USD
TXN0002974,2024-10-24 16:31:00,STR007,PRD0106,CUS00328,4,558.66,0.0,0.0,2234.64,credit_card,online,USD
TXN0002975,2024-12-11 17:19:00,STR023,PRD0049,CUS00500,2,327.25,0.15,98.17,556.33,gift_card,mobile_app,USD
TXN0002976,2024-09-21 13:53:00,STR015,PRD0098,CUS00307,4,244.56,0.0,0.0,978.24,mobile_pay,in_store,USD
TXN0002977,2024-03-26 21:41:00,STR015,PRD0110,CUS00202,3,406.78,0.0,0.0,1220.34,cash,online,USD
TXN0002978,2024-07-07 18:40:00,STR011,PRD0024,CUS00303,3,364.86,0.0,0.0,1094.58,debit_card,online,USD
TXN0002979,2024-12-09 14:54:00,STR020,PRD0067,CUS00373,2,544.43,0.0,0.0,1088.86,gift_card,online,USD
TXN0002980,2024-04-26 18:55:00,STR003,PRD0091,CUS00497,1,122.8,0.0,0.0,122.8,credit_card,in_store,USD
TXN0002981,2024-07-27 10:41:00,STR023,PRD0092,,4,353.85,0.0,0.0,1415.4,cash,mobile_app,USD
TXN0002982,2024-05-12 14:04:00,STR021,PRD0047,CUS00120,5,487.35,0.0,0.0,2436.75,mobile_pay,mobile_app,USD
TXN0002983,2024-07-07 13:36:00,STR003,PRD0053,CUS00430,4,321.56,0.0,0.0,1286.24,mobile_pay,in_store,USD
TXN0002984,2024-06-25 15:29:00,STR008,PRD0002,CUS00004,1,26.09,0.0,0.0,26.09,credit_card,mobile_app,USD
TXN0002985,2024-03-29 16:33:00,STR001,PRD0090,CUS00216,2,69.19,0.0,0.0,138.38,mobile_pay,online,USD
TXN0002986,2024-07-26 15:15:00,STR011,PRD0097,CUS00084,4,118.36,0.0,0.0,473.44,cash,in_store,USD
TXN0002987,2024-06-14 20:12:00,STR020,PRD0059,CUS00363,5,458.19,0.0,0.0,2290.95,gift_card,in_store,USD
TXN0002988,2024-08-02 08:31:00,STR016,PRD0108,CUS00103,5,99.37,0.0,0.0,496.85,debit_card,online,USD
TXN0002989,2024-12-07 08:34:00,STR009,PRD0112,CUS00461,1,268.87,0.05,13.44,255.43,mobile_pay,online,USD
TXN0002990,2024-11-15 20:29:00,STR016,PRD0004,CUS00306,5,602.78,0.0,0.0,3013.9,debit_card,mobile_app,USD
TXN0002991,2024-09-07 20:00:00,STR008,PRD0120,CUS00277,5,136.37,0.1,68.19,613.66,cash,mobile_app,USD
TXN0002992,2024-09-10 17:26:00,STR007,PRD0062,,1,355.41,0.05,17.77,337.64,debit_card,mobile_app,USD
TXN0002993,2024-08-06 20:30:00,STR012,PRD0060,CUS00475,1,399.84,0.05,19.99,379.85,cash,in_store,USD
TXN0002994,2024-05-06 14:18:00,STR003,PRD0048,CUS00201,4,473.17,0.1,189.27,1703.41,mobile_pay,in_store,USD
TXN0002995,2024-04-14 10:40:00,STR006,PRD0057,CUS00196,4,412.83,0.05,82.57,1568.75,credit_card,mobile_app,USD
TXN0002996,2024-05-28 16:32:00,STR005,PRD0020,CUS00027,2,595.59,0.05,59.56,1131.62,credit_card,online,USD
TXN0002997,2024-01-01 11:47:00,STR018,PRD0090,CUS00255,4,69.19,0.0,0.0,276.76,credit_card,mobile_app,USD
TXN0002998,2024-10-20 16:05:00,STR015,PRD0098,CUS00054,2,244.56,0.1,48.91,440.21,debit_card,mobile_app,USD
TXN0002999,2024-03-29 16:25:00,STR002,PRD0116,CUS00306,3,648.85,0.0,0.0,1946.55,mobile_pay,mobile_app,USD
TXN0003000,2024-09-03 14:57:00,STR011,PRD0113,CUS00344,4,336.98,0.0,0.0,1347.92,cash,in_store,USD
TXN0003001,2024-12-07 12:01:00,STR015,PRD0112,CUS00008,4,268.87,0.0,0.0,1075.48,debit_card,mobile_app,USD
TXN0003002,2024-08-13 14:31:00,STR021,PRD0005,CUS00131,4,259.57,0.0,0.0,1038.28,cash,mobile_app,USD
TXN0003003,2024-04-05 19:48:00,STR004,PRD0002,,5,26.09,0.0,0.0,130.45,gift_card,in_store,USD
TXN0003004,2024-07-17 09:08:00,STR018,PRD0036,CUS00192,2,405.13,0.0,0.0,810.26,mobile_pay,mobile_app,USD
TXN0003005,2024-12-07 09:08:00,STR012,PRD0120,CUS00006,1,136.37,0.0,0.0,136.37,credit_card,online,USD
TXN0003006,2024-04-30 10:13:00,STR011,PRD0067,CUS00497,5,544.43,0.0,0.0,2722.15,gift_card,mobile_app,USD
TXN0003007,2024-09-20 15:22:00,STR011,PRD0055,CUS00221,4,264.5,0.0,0.0,1058.0,credit_card,mobile_app,USD
TXN0003008,2024-01-21 11:51:00,STR004,PRD0108,CUS00274,4,99.37,0.0,0.0,397.48,credit_card,in_store,USD
TXN0003009,2024-03-01 12:49:00,STR010,PRD0013,CUS00369,1,80.66,0.0,0.0,80.66,cash,mobile_app,USD
TXN0003010,2024-09-13 11:56:00,STR004,PRD0117,CUS00235,5,54.14,0.15,40.6,230.1,credit_card,mobile_app,USD
TXN0003011,2024-02-07 09:31:00,STR001,PRD0108,CUS00307,5,99.37,0.0,0.0,496.85,cash,online,USD
TXN0003012,2024-10-19 19:38:00,STR002,PRD0110,CUS00218,4,406.78,0.0,0.0,1627.12,gift_card,in_store,USD
TXN0003013,2024-03-22 16:56:00,STR011,PRD0071,CUS00424,3,327.28,0.15,147.28,834.56,mobile_pay,mobile_app,USD
TXN0003014,2024-02-20 10:18:00,STR021,PRD0039,,2,415.77,0.0,0.0,831.54,debit_card,mobile_app,USD
TXN0003015,2024-06-02 16:48:00,STR004,PRD0098,CUS00029,5,244.56,0.05,61.14,1161.66,credit_card,mobile_app,USD
TXN0003016,2024-10-07 14:54:00,STR018,PRD0057,CUS00342,2,412.83,0.0,0.0,825.66,mobile_pay,in_store,USD
TXN0003017,2024-01-31 18:21:00,STR009,PRD0054,CUS00337,5,694.62,0.0,0.0,3473.1,debit_card,online,USD
TXN0003018,2024-07-15 13:58:00,STR007,PRD0002,CUS00447,1,26.09,0.05,1.3,24.79,cash,in_store,USD
TXN0003019,2024-12-28 08:20:00,STR018,PRD0001,CUS00027,5,137.75,0.0,0.0,688.75,gift_card,mobile_app,USD
TXN0003020,2024-10-28 11:09:00,STR016,PRD0114,CUS00030,5,596.37,0.0,0.0,2981.85,cash,online,USD
TXN0003021,2024-12-26 14:35:00,STR014,PRD0064,CUS00185,3,475.35,0.0,0.0,1426.05,mobile_pay,online,USD
TXN0003022,2024-04-26 08:41:00,STR019,PRD0049,CUS00135,5,327.25,0.0,0.0,1636.25,gift_card,in_store,USD
TXN0003023,2024-08-08 10:29:00,STR014,PRD0022,CUS00044,5,146.15,0.05,36.54,694.21,cash,in_store,USD
TXN0003024,2024-03-10 19:30:00,STR009,PRD0015,CUS00096,1,541.61,0.15,81.24,460.37,gift_card,mobile_app,USD
TXN0003025,2024-06-26 12:18:00,STR002,PRD0090,,3,69.19,0.0,0.0,207.57,gift_card,in_store,USD
TXN0003026,2024-01-25 19:30:00,STR001,PRD0097,CUS00386,5,118.36,0.0,0.0,591.8,mobile_pay,mobile_app,USD
TXN0003027,2024-08-30 12:37:00,STR018,PRD0058,CUS00018,5,61.42,0.0,0.0,307.1,cash,in_store,USD
TXN0003028,2024-09-18 08:00:00,STR021,PRD0047,CUS00016,4,487.35,0.0,0.0,1949.4,debit_card,in_store,USD
TXN0003029,2024-11-02 14:02:00,STR022,PRD0070,CUS00281,3,31.14,0.0,0.0,93.42,debit_card,online,USD
TXN0003030,2024-02-29 21:03:00,STR004,PRD0047,CUS00338,2,487.35,0.05,48.74,925.96,credit_card,mobile_app,USD
TXN0003031,2024-06-14 16:08:00,STR014,PRD0089,CUS00020,3,690.46,0.05,103.57,1967.81,debit_card,mobile_app,USD
TXN0003032,2024-11-18 20:06:00,STR009,PRD0049,CUS00475,5,327.25,0.0,0.0,1636.25,credit_card,in_store,USD
TXN0003033,2024-04-11 10:17:00,STR015,PRD0061,CUS00241,5,169.37,0.0,0.0,846.85,debit_card,in_store,USD
TXN0003034,2024-08-31 13:42:00,STR011,PRD0066,CUS00379,5,404.74,0.1,202.37,1821.33,gift_card,mobile_app,USD
TXN0003035,2024-10-22 11:52:00,STR011,PRD0018,CUS00147,1,94.47,0.0,0.0,94.47,debit_card,in_store,USD
TXN0003036,2024-05-12 10:38:00,STR023,PRD0033,,2,269.98,0.0,0.0,539.96,mobile_pay,in_store,USD
TXN0003037,2024-07-02 13:40:00,STR013,PRD0061,CUS00470,1,169.37,0.0,0.0,169.37,credit_card,mobile_app,USD
TXN0003038,2024-10-28 08:47:00,STR009,PRD0095,CUS00181,4,658.33,0.0,0.0,2633.32,mobile_pay,online,USD
TXN0003039,2024-07-13 13:55:00,STR012,PRD0077,CUS00064,5,898.98,0.1,449.49,4045.41,debit_card,mobile_app,USD
TXN0003040,2024-09-05 14:55:00,STR003,PRD0062,CUS00360,3,355.41,0.0,0.0,1066.23,gift_card,in_store,USD
TXN0003041,2024-10-17 12:17:00,STR012,PRD0016,CUS00254,5,539.04,0.0,0.0,2695.2,gift_card,online,USD
TXN0003042,2024-04-12 08:51:00,STR018,PRD0116,CUS00495,2,648.85,0.0,0.0,1297.7,gift_card,in_store,USD
TXN0003043,2024-07-31 08:51:00,STR011,PRD0090,CUS00229,3,69.19,0.1,20.76,186.81,cash,mobile_app,USD
TXN0003044,2024-09-24 15:47:00,STR021,PRD0063,CUS00142,2,23.14,0.0,0.0,46.28,cash,mobile_app,USD
TXN0003045,2024-09-08 21:36:00,STR018,PRD0070,CUS00339,3,31.14,0.0,0.0,93.42,debit_card,online,USD
TXN0003046,2024-08-02 11:17:00,STR004,PRD0032,CUS00475,2,251.17,0.2,100.47,401.87,mobile_pay,in_store,USD
TXN0003047,2024-07-26 09:10:00,STR022,PRD0116,,4,648.85,0.0,0.0,2595.4,debit_card,in_store,USD
TXN0003048,2024-11-02 11:00:00,STR022,PRD0104,CUS00134,5,398.02,0.0,0.0,1990.1,mobile_pay,in_store,USD
TXN0003049,2024-08-04 20:52:00,STR022,PRD0023,CUS00025,5,249.34,0.0,0.0,1246.7,credit_card,online,USD
TXN0003050,2024-11-04 21:08:00,STR020,PRD0014,CUS00021,1,10.52,0.0,0.0,10.52,debit_card,in_store,USD
TXN0003051,2024-02-14 17:04:00,STR014,PRD0028,CUS00315,4,621.82,0.1,248.73,2238.55,debit_card,online,USD
TXN0003052,2024-04-25 15:00:00,STR022,PRD0057,CUS00228,5,412.83,0.0,0.0,2064.15,gift_card,in_store,USD
TXN0003053,2024-10-17 10:25:00,STR002,PRD0070,CUS00029,4,31.14,0.0,0.0,124.56,mobile_pay,mobile_app,USD
TXN0003054,2024-10-06 11:06:00,STR017,PRD0108,CUS00294,4,99.37,0.0,0.0,397.48,credit_card,online,USD
TXN0003055,2024-09-19 11:15:00,STR019,PRD0083,CUS00187,3,247.1,0.0,0.0,741.3,mobile_pay,online,USD
TXN0003056,2024-12-03 20:55:00,STR001,PRD0063,CUS00380,4,23.14,0.0,0.0,92.56,mobile_pay,online,USD
TXN0003057,2024-11-02 16:33:00,STR004,PRD0038,CUS00274,1,879.64,0.0,0.0,879.64,gift_card,in_store,USD
TXN0003058,2024-04-18 09:21:00,STR015,PRD0088,,5,266.3,0.0,0.0,1331.5,debit_card,online,USD
TXN0003059,2024-08-12 10:16:00,STR020,PRD0120,CUS00295,2,136.37,0.0,0.0,272.74,cash,online,USD
TXN0003060,2024-05-23 08:53:00,STR007,PRD0029,CUS00035,5,354.91,0.1,177.46,1597.09,debit_card,online,USD
TXN0003061,2024-08-26 20:15:00,STR021,PRD0065,CUS00204,1,286.09,0.0,0.0,286.09,credit_card,in_store,USD
TXN0003062,2024-09-22 17:47:00,STR013,PRD0105,CUS00254,5,554.1,0.05,138.53,2631.97,gift_card,mobile_app,USD
TXN0003063,2024-09-04 12:02:00,STR019,PRD0064,CUS00475,2,475.35,0.0,0.0,950.7,credit_card,in_store,USD
TXN0003064,2024-10-09 13:14:00,STR011,PRD0053,CUS00131,4,321.56,0.0,0.0,1286.24,credit_card,mobile_app,USD
TXN0003065,2024-01-09 15:27:00,STR022,PRD0094,CUS00187,2,326.53,0.0,0.0,653.06,mobile_pay,online,USD
TXN0003066,2024-11-18 17:44:00,STR018,PRD0022,CUS00259,2,146.15,0.05,14.62,277.68,mobile_pay,in_store,USD
TXN0003067,2024-07-04 12:03:00,STR001,PRD0083,CUS00104,4,247.1,0.0,0.0,988.4,debit_card,in_store,USD
TXN0003068,2024-02-10 21:49:00,STR018,PRD0073,CUS00159,3,577.08,0.0,0.0,1731.24,mobile_pay,in_store,USD
TXN0003069,2024-01-16 19:42:00,STR015,PRD0021,,1,411.07,0.0,0.0,411.07,credit_card,mobile_app,USD
TXN0003070,2024-03-12 17:48:00,STR011,PRD0001,CUS00030,5,137.75,0.0,0.0,688.75,cash,online,USD
TXN0003071,2024-05-05 16:37:00,STR012,PRD0039,CUS00159,5,415.77,0.0,0.0,2078.85,debit_card,in_store,USD
TXN0003072,2024-10-20 15:06:00,STR001,PRD0022,CUS00114,3,146.15,0.0,0.0,438.45,debit_card,in_store,USD
TXN0003073,2024-09-28 09:28:00,STR012,PRD0093,CUS00219,2,410.67,0.0,0.0,821.34,gift_card,online,USD
TXN0003074,2024-08-01 21:28:00,STR009,PRD0088,CUS00473,1,266.3,0.0,0.0,266.3,debit_card,online,USD
TXN0003075,2024-01-21 08:58:00,STR020,PRD0004,CUS00003,1,602.78,0.15,90.42,512.36,credit_card,mobile_app,USD
TXN0003076,2024-08-19 17:12:00,STR009,PRD0071,CUS00064,1,327.28,0.0,0.0,327.28,cash,mobile_app,USD
TXN0003077,2024-03-11 09:12:00,STR017,PRD0075,CUS00005,4,507.8,0.2,406.24,1624.96,debit_card,mobile_app,USD
TXN0003078,2024-04-04 11:45:00,STR001,PRD0003,CUS00065,3,569.87,0.0,0.0,1709.61,debit_card,mobile_app,USD
TXN0003079,2024-07-08 09:52:00,STR020,PRD0047,CUS00456,1,487.35,0.0,0.0,487.35,gift_card,in_store,USD
TXN0003080,2024-08-24 20:00:00,STR017,PRD0050,,5,201.33,0.1,100.67,905.98,gift_card,in_store,USD
TXN0003081,2024-01-02 15:22:00,STR021,PRD0089,CUS00160,1,690.46,0.1,69.05,621.41,mobile_pay,in_store,USD
TXN0003082,2024-05-20 21:01:00,STR006,PRD0026,CUS00358,5,172.92,0.15,129.69,734.91,gift_card,mobile_app,USD
TXN0003083,2024-10-22 15:11:00,STR020,PRD0087,CUS00495,1,488.55,0.0,0.0,488.55,cash,mobile_app,USD
TXN0003084,2024-02-16 14:19:00,STR013,PRD0007,CUS00110,2,274.3,0.0,0.0,548.6,debit_card,mobile_app,USD
TXN0003085,2024-03-06 20:17:00,STR015,PRD0067,CUS00238,1,544.43,0.05,27.22,517.21,mobile_pay,mobile_app,USD
TXN0003086,2024-07-26 20:13:00,STR005,PRD0018,CUS00292,2,94.47,0.0,0.0,188.94,credit_card,in_store,USD
TXN0003087,2024-06-24 14:26:00,STR004,PRD0105,CUS00430,2,554.1,0.0,0.0,1108.2,credit_card,online,USD
TXN0003088,2024-07-19 11:07:00,STR021,PRD0032,CUS00307,4,251.17,0.0,0.0,1004.68,mobile_pay,mobile_app,USD
TXN0003089,2024-03-27 16:54:00,STR021,PRD0109,CUS00252,3,459.8,0.0,0.0,1379.4,gift_card,in_store,USD
TXN0003090,2024-03-15 15:46:00,STR003,PRD0005,CUS00022,3,259.57,0.0,0.0,778.71,cash,mobile_app,USD
TXN0003091,2024-09-13 11:18:00,STR011,PRD0002,,1,26.09,0.0,0.0,26.09,debit_card,online,USD
TXN0003092,2024-10-14 13:37:00,STR017,PRD0114,CUS00413,4,596.37,0.0,0.0,2385.48,gift_card,in_store,USD
TXN0003093,2024-09-25 21:54:00,STR006,PRD0095,CUS00243,4,658.33,0.0,0.0,2633.32,gift_card,mobile_app,USD
TXN0003094,2024-01-12 08:08:00,STR018,PRD0040,CUS00195,5,823.32,0.0,0.0,4116.6,mobile_pay,in_store,USD
TXN0003095,2024-12-22 14:20:00,STR015,PRD0073,CUS00283,4,577.08,0.0,0.0,2308.32,gift_card,in_store,USD
TXN0003096,2024-09-03 08:29:00,STR020,PRD0027,CUS00438,3,490.08,0.1,147.02,1323.22,gift_card,online,USD
TXN0003097,2024-11-05 08:29:00,STR022,PRD0012,CUS00123,2,233.86,0.05,23.39,444.33,credit_card,in_store,USD
TXN0003098,2024-08-02 12:39:00,STR022,PRD0008,CUS00467,4,455.65,0.0,0.0,1822.6,mobile_pay,mobile_app,USD
TXN0003099,2024-12-14 16:14:00,STR013,PRD0089,CUS00330,1,690.46,0.0,0.0,690.46,credit_card,online,USD
TXN0003100,2024-05-30 08:44:00,STR013,PRD0007,CUS00071,1,274.3,0.05,13.72,260.58,cash,in_store,USD
TXN0003101,2024-04-25 13:53:00,STR002,PRD0076,CUS00466,5,33.66,0.0,0.0,168.3,credit_card,online,USD
TXN0003102,2024-09-20 12:29:00,STR005,PRD0022,,1,146.15,0.0,0.0,146.15,mobile_pay,in_store,USD
TXN0003103,2024-12-29 11:56:00,STR020,PRD0104,CUS00235,1,398.02,0.0,0.0,398.02,cash,online,USD
TXN0003104,2024-02-23 21:03:00,STR017,PRD0052,CUS00120,3,76.14,0.1,22.84,205.58,mobile_pay,online,USD
TXN0003105,2024-08-24 13:20:00,STR008,PRD0106,CUS00179,4,558.66,0.05,111.73,2122.91,debit_card,in_store,USD
TXN0003106,2024-05-07 09:01:00,STR018,PRD0069,CUS00475,2,527.04,0.0,0.0,1054.08,mobile_pay,in_store,USD
TXN0003107,2024-10-27 18:30:00,STR014,PRD0067,CUS00458,2,544.43,0.1,108.89,979.97,mobile_pay,online,USD
TXN0003108,2024-10-22 21:57:00,STR010,PRD0011,CUS00116,5,526.75,0.0,0.0,2633.75,mobile_pay,online,USD
TXN0003109,2024-08-08 13:12:00,STR018,PRD0108,CUS00173,3,99.37,0.0,0.0,298.11,debit_card,mobile_app,USD
TXN0003110,2024-04-17 16:37:00,STR018,PRD0115,CUS00236,3,145.51,0.0,0.0,436.53,mobile_pay,online,USD
TXN0003111,2024-12-22 15:31:00,STR014,PRD0095,CUS00281,4,658.33,0.0,0.0,2633.32,cash,mobile_app,USD
TXN0003112,2024-02-28 16:55:00,STR007,PRD0009,CUS00013,5,675.27,0.0,0.0,3376.35,debit_card,online,USD
TXN0003113,2024-09-02 18:24:00,STR017,PRD0043,,2,621.23,0.0,0.0,1242.46,gift_card,mobile_app,USD
TXN0003114,2024-06-11 15:28:00,STR007,PRD0036,CUS00136,4,405.13,0.0,0.0,1620.52,gift_card,in_store,USD
TXN0003115,2024-02-09 19:27:00,STR016,PRD0094,CUS00482,2,326.53,0.0,0.0,653.06,credit_card,in_store,USD
TXN0003116,2024-10-28 17:15:00,STR015,PRD0110,CUS00002,3,406.78,0.0,0.0,1220.34,debit_card,in_store,USD
TXN0003117,2024-02-03 14:12:00,STR010,PRD0094,CUS00295,4,326.53,0.05,65.31,1240.81,mobile_pay,online,USD
TXN0003118,2024-08-21 15:30:00,STR001,PRD0012,CUS00154,4,233.86,0.0,0.0,935.44,debit_card,mobile_app,USD
TXN0003119,2024-06-17 19:37:00,STR014,PRD0099,CUS00217,5,388.71,0.0,0.0,1943.55,mobile_pay,mobile_app,USD
TXN0003120,2024-10-17 20:15:00,STR010,PRD0080,CUS00125,3,270.17,0.15,121.58,688.93,debit_card,mobile_app,USD
TXN0003121,2024-10-02 15:14:00,STR023,PRD0081,CUS00074,1,429.07,0.0,0.0,429.07,credit_card,mobile_app,USD
TXN0003122,2024-07-30 15:05:00,STR018,PRD0035,CUS00429,4,234.61,0.0,0.0,938.44,gift_card,in_store,USD
TXN0003123,2024-04-21 11:37:00,STR005,PRD0022,CUS00068,5,146.15,0.0,0.0,730.75,cash,in_store,USD
TXN0003124,2024-02-22 10:23:00,STR009,PRD0023,,4,249.34,0.0,0.0,997.36,cash,in_store,USD
TXN0003125,2024-06-21 09:40:00,STR002,PRD0108,CUS00375,2,99.37,0.0,0.0,198.74,gift_card,online,USD
TXN0003126,2024-01-01 17:05:00,STR016,PRD0107,CUS00406,4,368.5,0.0,0.0,1474.0,credit_card,mobile_app,USD
TXN0003127,2024-06-14 13:46:00,STR006,PRD0064,CUS00030,4,475.35,0.0,0.0,1901.4,cash,mobile_app,USD
TXN0003128,2024-09-02 09:10:00,STR012,PRD0016,CUS00294,5,539.04,0.0,0.0,2695.2,mobile_pay,mobile_app,USD
TXN0003129,2024-10-26 19:50:00,STR001,PRD0092,CUS00218,3,353.85,0.0,0.0,1061.55,mobile_pay,in_store,USD
TXN0003130,2024-03-11 20:24:00,STR001,PRD0049,CUS00168,1,327.25,0.15,49.09,278.16,cash,in_store,USD
TXN0003131,2024-10-30 08:33:00,STR014,PRD0079,CUS00051,5,643.15,0.1,321.58,2894.17,credit_card,online,USD
TXN0003132,2024-06-25 16:33:00,STR018,PRD0086,CUS00456,2,139.31,0.0,0.0,278.62,credit_card,online,USD
TXN0003133,2024-02-06 09:41:00,STR011,PRD0103,CUS00495,1,58.52,0.15,8.78,49.74,cash,online,USD
TXN0003134,2024-03-05 20:04:00,STR012,PRD0028,CUS00255,2,621.82,0.0,0.0,1243.64,credit_card,mobile_app,USD
TXN0003135,2024-08-14 13:24:00,STR001,PRD0060,,1,399.84,0.0,0.0,399.84,credit_card,online,USD
TXN0003136,2024-04-17 12:16:00,STR016,PRD0044,CUS00028,2,126.49,0.0,0.0,252.98,gift_card,online,USD
TXN0003137,2024-12-09 10:04:00,STR017,PRD0029,CUS00097,4,354.91,0.0,0.0,1419.64,debit_card,mobile_app,USD
TXN0003138,2024-01-31 17:38:00,STR010,PRD0074,CUS00420,4,304.27,0.15,182.56,1034.52,gift_card,in_store,USD
TXN0003139,2024-10-15 20:49:00,STR013,PRD0115,CUS00089,2,145.51,0.0,0.0,291.02,cash,mobile_app,USD
TXN0003140,2024-08-21 10:28:00,STR004,PRD0024,CUS00182,5,364.86,0.0,0.0,1824.3,gift_card,in_store,USD
TXN0003141,2024-09-30 11:30:00,STR001,PRD0105,CUS00445,4,554.1,0.15,332.46,1883.94,mobile_pay,in_store,USD
TXN0003142,2024-12-05 12:00:00,STR010,PRD0079,CUS00464,1,643.15,0.0,0.0,643.15,mobile_pay,in_store,USD
TXN0003143,2024-09-20 11:50:00,STR004,PRD0007,CUS00101,4,274.3,0.0,0.0,1097.2,cash,mobile_app,USD
TXN0003144,2024-01-16 11:12:00,STR002,PRD0099,CUS00373,3,388.71,0.0,0.0,1166.13,debit_card,online,USD
TXN0003145,2024-02-19 12:12:00,STR018,PRD0024,CUS00111,3,364.86,0.0,0.0,1094.58,credit_card,online,USD
TXN0003146,2024-05-07 17:26:00,STR014,PRD0116,,3,648.85,0.0,0.0,1946.55,cash,online,USD
TXN0003147,2024-10-20 17:31:00,STR008,PRD0054,CUS00242,2,694.62,0.0,0.0,1389.24,gift_card,in_store,USD
TXN0003148,2024-08-19 10:55:00,STR009,PRD0071,CUS00211,4,327.28,0.0,0.0,1309.12,gift_card,online,USD
TXN0003149,2024-01-28 14:27:00,STR007,PRD0023,CUS00283,5,249.34,0.0,0.0,1246.7,debit_card,online,USD
TXN0003150,2024-04-12 12:01:00,STR003,PRD0096,CUS00490,4,389.05,0.0,0.0,1556.2,gift_card,online,USD
TXN0003151,2024-01-29 12:07:00,STR019,PRD0093,CUS00412,3,410.67,0.1,123.2,1108.81,mobile_pay,online,USD
TXN0003152,2024-10-09 12:12:00,STR016,PRD0057,CUS00009,1,412.83,0.15,61.92,350.91,credit_card,mobile_app,USD
TXN0003153,2024-02-20 11:17:00,STR020,PRD0115,CUS00219,3,145.51,0.0,0.0,436.53,mobile_pay,in_store,USD
TXN0003154,2024-06-22 19:30:00,STR007,PRD0114,CUS00311,5,596.37,0.15,447.28,2534.57,debit_card,mobile_app,USD
TXN0003155,2024-11-09 11:57:00,STR009,PRD0100,CUS00342,3,576.59,0.0,0.0,1729.77,mobile_pay,in_store,USD
TXN0003156,2024-09-12 09:16:00,STR013,PRD0005,CUS00348,5,259.57,0.0,0.0,1297.85,debit_card,in_store,USD
TXN0003157,2024-01-03 14:27:00,STR010,PRD0030,,5,80.67,0.2,80.67,322.68,debit_card,in_store,USD
TXN0003158,2024-05-06 21:28:00,STR023,PRD0004,CUS00081,4,602.78,0.0,0.0,2411.12,credit_card,online,USD
TXN0003159,2024-06-19 12:10:00,STR003,PRD0082,CUS00362,5,82.51,0.0,0.0,412.55,mobile_pay,in_store,USD
TXN0003160,2024-01-21 16:30:00,STR022,PRD0067,CUS00278,5,544.43,0.0,0.0,2722.15,mobile_pay,online,USD
TXN0003161,2024-05-26 21:20:00,STR011,PRD0065,CUS00474,2,286.09,0.0,0.0,572.18,credit_card,in_store,USD
TXN0003162,2024-07-01 13:28:00,STR021,PRD0059,CUS00493,3,458.19,0.05,68.73,1305.84,debit_card,in_store,USD
TXN0003163,2024-08-17 13:55:00,STR014,PRD0004,CUS00212,3,602.78,0.0,0.0,1808.34,cash,in_store,USD
TXN0003164,2024-08-21 16:57:00,STR007,PRD0057,CUS00351,2,412.83,0.0,0.0,825.66,cash,mobile_app,USD
TXN0003165,2024-06-03 19:13:00,STR021,PRD0109,CUS00401,4,459.8,0.0,0.0,1839.2,credit_card,in_store,USD
TXN0003166,2024-03-10 08:27:00,STR008,PRD0028,CUS00252,3,621.82,0.0,0.0,1865.46,debit_card,in_store,USD
TXN0003167,2024-04-07 17:29:00,STR017,PRD0107,CUS00110,5,368.5,0.15,276.38,1566.12,cash,online,USD
TXN0003168,2024-03-12 09:49:00,STR021,PRD0087,,1,488.55,0.05,24.43,464.12,cash,in_store,USD
TXN0003169,2024-10-20 17:38:00,STR012,PRD0065,CUS00110,2,286.09,0.0,0.0,572.18,gift_card,in_store,USD
TXN0003170,2024-01-15 13:34:00,STR014,PRD0044,CUS00415,5,126.49,0.05,31.62,600.83,mobile_pay,online,USD
TXN0003171,2024-06-26 21:06:00,STR004,PRD0066,CUS00498,4,404.74,0.0,0.0,1618.96,gift_card,in_store,USD
TXN0003172,2024-10-12 15:52:00,STR014,PRD0026,CUS00238,4,172.92,0.1,69.17,622.51,mobile_pay,online,USD
TXN0003173,2024-01-03 16:15:00,STR006,PRD0073,CUS00442,5,577.08,0.0,0.0,2885.4,cash,mobile_app,USD
TXN0003174,2024-08-30 15:24:00,STR011,PRD0044,CUS00425,4,126.49,0.0,0.0,505.96,credit_card,online,USD
TXN0003175,2024-02-03 14:00:00,STR012,PRD0046,CUS00112,5,719.52,0.0,0.0,3597.6,cash,online,USD
TXN0003176,2024-02-24 20:08:00,STR002,PRD0082,CUS00315,1,82.51,0.0,0.0,82.51,gift_card,mobile_app,USD
TXN0003177,2024-06-12 14:33:00,STR017,PRD0067,CUS00097,1,544.43,0.0,0.0,544.43,credit_card,in_store,USD
TXN0003178,2024-10-13 21:44:00,STR016,PRD0048,CUS00182,3,473.17,0.0,0.0,1419.51,credit_card,mobile_app,USD
TXN0003179,2024-12-24 15:47:00,STR011,PRD0066,,1,404.74,0.0,0.0,404.74,credit_card,online,USD
TXN0003180,2024-09-09 18:08:00,STR007,PRD0078,CUS00082,2,678.93,0.0,0.0,1357.86,mobile_pay,in_store,USD
TXN0003181,2024-01-31 11:52:00,STR017,PRD0077,CUS00409,3,898.98,0.0,0.0,2696.94,credit_card,in_store,USD
TXN0003182,2024-12-16 16:37:00,STR007,PRD0007,CUS00001,3,274.3,0.1,82.29,740.61,credit_card,in_store,USD
TXN0003183,2024-10-08 18:54:00,STR015,PRD0082,CUS00170,3,82.51,0.1,24.75,222.78,mobile_pay,online,USD
TXN0003184,2024-02-06 09:37:00,STR022,PRD0022,CUS00249,1,146.15,0.0,0.0,146.15,credit_card,online,USD
TXN0003185,2024-06-07 20:32:00,STR008,PRD0058,CUS00002,3,61.42,0.0,0.0,184.26,mobile_pay,online,USD
TXN0003186,2024-07-17 17:38:00,STR020,PRD0030,CUS00003,3,80.67,0.05,12.1,229.91,debit_card,mobile_app,USD
TXN0003187,2024-05-26 09:12:00,STR018,PRD0016,CUS00087,3,539.04,0.15,242.57,1374.55,cash,mobile_app,USD
TXN0003188,2024-03-05 18:10:00,STR010,PRD0117,CUS00409,5,54.14,0.0,0.0,270.7,cash,mobile_app,USD
TXN0003189,2024-12-19 16:46:00,STR020,PRD0060,CUS00003,2,399.84,0.0,0.0,799.68,credit_card,online,USD
TXN0003190,2024-07-30 20:22:00,STR018,PRD0089,,4,690.46,0.05,138.09,2623.75,credit_card,mobile_app,USD
TXN0003191,2024-01-28 14:00:00,STR010,PRD0088,CUS00411,2,266.3,0.2,106.52,426.08,cash,in_store,USD
TXN0003192,2024-08-04 08:14:00,STR002,PRD0047,CUS00465,1,487.35,0.0,0.0,487.35,mobile_pay,mobile_app,USD
TXN0003193,2024-11-30 13:13:00,STR009,PRD0082,CUS00197,3,82.51,0.15,37.13,210.4,gift_card,in_store,USD
TXN0003194,2024-10-05 12:24:00,STR003,PRD0076,CUS00041,4,33.66,0.0,0.0,134.64,credit_card,mobile_app,USD
TXN0003195,2024-05-13 09:23:00,STR015,PRD0050,CUS00312,2,201.33,0.0,0.0,402.66,debit_card,online,USD
TXN0003196,2024-07-11 10:00:00,STR013,PRD0092,CUS00106,5,353.85,0.0,0.0,1769.25,debit_card,mobile_app,USD
TXN0003197,2024-01-19 15:07:00,STR006,PRD0039,CUS00369,5,415.77,0.0,0.0,2078.85,gift_card,online,USD
TXN0003198,2024-10-01 11:26:00,STR015,PRD0116,CUS00496,4,648.85,0.0,0.0,2595.4,credit_card,in_store,USD
TXN0003199,2024-09-29 18:24:00,STR015,PRD0036,CUS00085,4,405.13,0.15,243.08,1377.44,cash,in_store,USD
TXN0003200,2024-05-24 21:25:00,STR023,PRD0111,CUS00379,2,661.33,0.1,132.27,1190.39,gift_card,mobile_app,USD
TXN0003201,2024-06-18 08:12:00,STR019,PRD0040,,3,823.32,0.0,0.0,2469.96,credit_card,online,USD
TXN0003202,2024-10-31 20:37:00,STR021,PRD0092,CUS00199,2,353.85,0.1,70.77,636.93,mobile_pay,mobile_app,USD
TXN0003203,2024-11-15 17:58:00,STR011,PRD0117,CUS00274,2,54.14,0.0,0.0,108.28,gift_card,mobile_app,USD
TXN0003204,2024-09-19 12:18:00,STR001,PRD0048,CUS00429,4,473.17,0.0,0.0,1892.68,debit_card,mobile_app,USD
TXN0003205,2024-11-11 19:12:00,STR015,PRD0082,CUS00337,4,82.51,0.0,0.0,330.04,credit_card,in_store,USD
TXN0003206,2024-03-01 16:50:00,STR014,PRD0109,CUS00143,1,459.8,0.0,0.0,459.8,gift_card,online,USD
TXN0003207,2024-02-19 16:59:00,STR018,PRD0038,CUS00180,3,879.64,0.05,131.95,2506.97,mobile_pay,mobile_app,USD
TXN0003208,2024-03-27 13:15:00,STR003,PRD0076,CUS00309,4,33.66,0.1,13.46,121.18,credit_card,in_store,USD
TXN0003209,2024-11-11 08:03:00,STR019,PRD0092,CUS00033,2,353.85,0.0,0.0,707.7,gift_card,online,USD
TXN0003210,2024-05-29 17:50:00,STR013,PRD0058,CUS00141,5,61.42,0.0,0.0,307.1,gift_card,online,USD
TXN0003211,2024-03-13 12:50:00,STR001,PRD0100,CUS00466,3,576.59,0.0,0.0,1729.77,cash,online,USD
TXN0003212,2024-02-16 17:44:00,STR007,PRD0002,,1,26.09,0.0,0.0,26.09,mobile_pay,mobile_app,USD
TXN0003213,2024-06-15 13:50:00,STR001,PRD0058,CUS00156,2,61.42,0.1,12.28,110.56,cash,online,USD
TXN0003214,2024-11-13 21:05:00,STR017,PRD0075,CUS00464,2,507.8,0.0,0.0,1015.6,mobile_pay,online,USD
TXN0003215,2024-06-17 09:29:00,STR003,PRD0044,CUS00469,2,126.49,0.1,25.3,227.68,cash,in_store,USD
TXN0003216,2024-07-05 19:15:00,STR006,PRD0075,CUS00496,3,507.8,0.1,152.34,1371.06,mobile_pay,in_store,USD
TXN0003217,2024-04-02 09:50:00,STR011,PRD0063,CUS00277,1,23.14,0.0,0.0,23.14,gift_card,mobile_app,USD
TXN0003218,2024-09-28 20:51:00,STR020,PRD0098,CUS00198,1,244.56,0.0,0.0,244.56,credit_card,mobile_app,USD
TXN0003219,2024-11-25 15:51:00,STR022,PRD0075,CUS00229,4,507.8,0.0,0.0,2031.2,debit_card,mobile_app,USD
TXN0003220,2024-12-15 08:23:00,STR011,PRD0086,CUS00226,4,139.31,0.0,0.0,557.24,credit_card,mobile_app,USD
TXN0003221,2024-11-21 11:51:00,STR023,PRD0059,CUS00376,3,458.19,0.0,0.0,1374.57,gift_card,mobile_app,USD
TXN0003222,2024-12-16 09:57:00,STR018,PRD0072,CUS00081,4,500.55,0.0,0.0,2002.2,debit_card,in_store,USD
TXN0003223,2024-10-11 13:53:00,STR018,PRD0039,,5,415.77,0.0,0.0,2078.85,debit_card,online,USD
TXN0003224,2024-02-12 13:31:00,STR003,PRD0058,CUS00372,2,61.42,0.0,0.0,122.84,debit_card,in_store,USD
TXN0003225,2024-10-12 08:23:00,STR022,PRD0064,CUS00326,1,475.35,0.0,0.0,475.35,cash,in_store,USD
TXN0003226,2024-12-30 17:18:00,STR003,PRD0038,CUS00298,2,879.64,0.0,0.0,1759.28,cash,mobile_app,USD
TXN0003227,2024-10-31 13:56:00,STR010,PRD0072,CUS00340,4,500.55,0.0,0.0,2002.2,gift_card,online,USD
TXN0003228,2024-07-17 11:05:00,STR004,PRD0012,CUS00136,2,233.86,0.0,0.0,467.72,debit_card,mobile_app,USD
TXN0003229,2024-09-09 09:30:00,STR001,PRD0084,CUS00108,4,127.62,0.0,0.0,510.48,mobile_pay,online,USD
TXN0003230,2024-03-20 11:47:00,STR023,PRD0083,CUS00041,3,247.1,0.0,0.0,741.3,cash,online,USD
TXN0003231,2024-01-03 08:21:00,STR016,PRD0067,CUS00484,2,544.43,0.0,0.0,1088.86,mobile_pay,in_store,USD
TXN0003232,2024-08-27 14:26:00,STR008,PRD0043,CUS00209,2,621.23,0.2,248.49,993.97,mobile_pay,mobile_app,USD
TXN0003233,2024-12-15 15:47:00,STR006,PRD0060,CUS00140,1,399.84,0.0,0.0,399.84,debit_card,mobile_app,USD
TXN0003234,2024-04-23 20:59:00,STR017,PRD0115,,5,145.51,0.05,36.38,691.17,gift_card,in_store,USD
TXN0003235,2024-12-20 14:45:00,STR007,PRD0078,CUS00037,1,678.93,0.0,0.0,678.93,mobile_pay,in_store,USD
TXN0003236,2024-12-20 18:47:00,STR003,PRD0087,CUS00372,3,488.55,0.0,0.0,1465.65,cash,mobile_app,USD
TXN0003237,2024-10-13 08:34:00,STR023,PRD0076,CUS00496,4,33.66,0.0,0.0,134.64,mobile_pay,online,USD
TXN0003238,2024-10-16 12:45:00,STR014,PRD0097,CUS00466,1,118.36,0.0,0.0,118.36,mobile_pay,mobile_app,USD
TXN0003239,2024-01-09 08:46:00,STR011,PRD0019,CUS00377,2,351.82,0.0,0.0,703.64,gift_card,in_store,USD
TXN0003240,2024-05-27 21:30:00,STR001,PRD0101,CUS00417,2,437.08,0.0,0.0,874.16,credit_card,online,USD
TXN0003241,2024-02-05 15:02:00,STR013,PRD0055,CUS00113,1,264.5,0.0,0.0,264.5,gift_card,mobile_app,USD
TXN0003242,2024-02-06 09:23:00,STR010,PRD0112,CUS00148,5,268.87,0.0,0.0,1344.35,credit_card,online,USD
TXN0003243,2024-12-18 19:55:00,STR003,PRD0019,CUS00233,1,351.82,0.0,0.0,351.82,gift_card,online,USD
TXN0003244,2024-04-22 17:00:00,STR022,PRD0037,CUS00178,5,47.85,0.0,0.0,239.25,credit_card,mobile_app,USD
TXN0003245,2024-03-24 08:02:00,STR004,PRD0116,,5,648.85,0.0,0.0,3244.25,cash,mobile_app,USD
TXN0003246,2024-06-17 20:08:00,STR021,PRD0071,CUS00135,2,327.28,0.0,0.0,654.56,mobile_pay,in_store,USD
TXN0003247,2024-05-19 21:40:00,STR020,PRD0020,CUS00390,3,595.59,0.0,0.0,1786.77,mobile_pay,in_store,USD
TXN0003248,2024-03-08 19:55:00,STR002,PRD0071,CUS00401,5,327.28,0.0,0.0,1636.4,debit_card,mobile_app,USD
TXN0003249,2024-09-19 10:20:00,STR001,PRD0002,CUS00392,1,26.09,0.0,0.0,26.09,mobile_pay,mobile_app,USD
TXN0003250,2024-06-13 17:38:00,STR015,PRD0057,CUS00436,4,412.83,0.0,0.0,1651.32,debit_card,mobile_app,USD
TXN0003251,2024-06-10 11:28:00,STR019,PRD0004,CUS00233,3,602.78,0.0,0.0,1808.34,mobile_pay,in_store,USD
TXN0003252,2024-02-17 15:42:00,STR022,PRD0113,CUS00035,4,336.98,0.0,0.0,1347.92,debit_card,mobile_app,USD
TXN0003253,2024-03-07 17:12:00,STR021,PRD0031,CUS00435,4,77.68,0.0,0.0,310.72,credit_card,in_store,USD
TXN0003254,2024-12-17 12:13:00,STR017,PRD0066,CUS00286,3,404.74,0.0,0.0,1214.22,mobile_pay,online,USD
TXN0003255,2024-08-09 11:26:00,STR014,PRD0091,CUS00359,4,122.8,0.0,0.0,491.2,mobile_pay,online,USD
TXN0003256,2024-04-07 17:12:00,STR002,PRD0088,,3,266.3,0.0,0.0,798.9,debit_card,mobile_app,USD
TXN0003257,2024-12-01 11:25:00,STR007,PRD0018,CUS00125,1,94.47,0.0,0.0,94.47,debit_card,in_store,USD
TXN0003258,2024-03-05 20:06:00,STR010,PRD0087,CUS00166,4,488.55,0.0,0.0,1954.2,debit_card,mobile_app,USD
TXN0003259,2024-02-22 14:24:00,STR011,PRD0065,CUS00175,2,286.09,0.05,28.61,543.57,gift_card,mobile_app,USD
TXN0003260,2024-11-11 09:21:00,STR006,PRD0004,CUS00454,5,602.78,0.0,0.0,3013.9,credit_card,online,USD
TXN0003261,2024-04-23 11:34:00,STR008,PRD0058,CUS00008,5,61.42,0.15,46.07,261.03,gift_card,in_store,USD
TXN0003262,2024-09-24 11:12:00,STR015,PRD0024,CUS00250,5,364.86,0.0,0.0,1824.3,debit_card,mobile_app,USD
TXN0003263,2024-03-17 11:58:00,STR010,PRD0093,CUS00395,4,410.67,0.0,0.0,1642.68,debit_card,mobile_app,USD
TXN0003264,2024-04-27 10:12:00,STR017,PRD0033,CUS00021,1,269.98,0.0,0.0,269.98,cash,mobile_app,USD
TXN0003265,2024-10-08 12:52:00,STR001,PRD0054,CUS00024,1,694.62,0.15,104.19,590.43,gift_card,mobile_app,USD
TXN0003266,2024-10-25 13:21:00,STR014,PRD0072,CUS00328,2,500.55,0.0,0.0,1001.1,gift_card,online,USD
TXN0003267,2024-01-27 12:04:00,STR002,PRD0030,,3,80.67,0.0,0.0,242.01,gift_card,mobile_app,USD
TXN0003268,2024-06-08 11:38:00,STR011,PRD0005,CUS00094,2,259.57,0.15,77.87,441.27,debit_card,in_store,USD
TXN0003269,2024-10-22 08:22:00,STR001,PRD0083,CUS00373,5,247.1,0.0,0.0,1235.5,gift_card,in_store,USD
TXN0003270,2024-09-05 11:47:00,STR016,PRD0081,CUS00156,3,429.07,0.0,0.0,1287.21,mobile_pay,online,USD
TXN0003271,2024-04-28 14:46:00,STR004,PRD0014,CUS00284,1,10.52,0.0,0.0,10.52,mobile_pay,online,USD
TXN0003272,2024-05-29 08:59:00,STR006,PRD0109,CUS00407,2,459.8,0.0,0.0,919.6,credit_card,in_store,USD
TXN0003273,2024-08-07 19:02:00,STR010,PRD0014,CUS00297,2,10.52,0.0,0.0,21.04,cash,in_store,USD
TXN0003274,2024-05-14 15:18:00,STR001,PRD0025,CUS00199,2,116.31,0.2,46.52,186.1,debit_card,in_store,USD
TXN0003275,2024-03-22 16:25:00,STR019,PRD0080,CUS00011,2,270.17,0.15,81.05,459.29,debit_card,online,USD
TXN0003276,2024-12-05 20:28:00,STR021,PRD0059,CUS00320,4,458.19,0.0,0.0,1832.76,credit_card,in_store,USD
TXN0003277,2024-04-23 13:36:00,STR012,PRD0010,CUS00136,2,276.68,0.0,0.0,553.36,mobile_pay,mobile_app,USD
TXN0003278,2024-07-12 19:04:00,STR003,PRD0038,,2,879.64,0.05,87.96,1671.32,cash,in_store,USD
TXN0003279,2024-10-12 12:57:00,STR020,PRD0003,CUS00126,2,569.87,0.1,113.97,1025.77,cash,mobile_app,USD
TXN0003280,2024-11-25 20:44:00,STR008,PRD0055,CUS00213,2,264.5,0.0,0.0,529.0,credit_card,in_store,USD
TXN0003281,2024-07-16 18:59:00,STR009,PRD0114,CUS00464,1,596.37,0.0,0.0,596.37,cash,mobile_app,USD
TXN0003282,2024-08-15 13:37:00,STR015,PRD0012,CUS00493,2,233.86,0.05,23.39,444.33,credit_card,in_store,USD
TXN0003283,2024-04-07 11:20:00,STR016,PRD0069,CUS00183,1,527.04,0.0,0.0,527.04,mobile_pay,in_store,USD
TXN0003284,2024-11-30 12:41:00,STR009,PRD0012,CUS00193,1,233.86,0.0,0.0,233.86,credit_card,mobile_app,USD
TXN0003285,2024-08-10 21:24:00,STR012,PRD0026,CUS00179,1,172.92,0.15,25.94,146.98,cash,mobile_app,USD
TXN0003286,2024-07-30 15:35:00,STR020,PRD0076,CUS00430,1,33.66,0.0,0.0,33.66,gift_card,online,USD
TXN0003287,2024-01-14 11:40:00,STR004,PRD0035,CUS00025,1,234.61,0.1,23.46,211.15,gift_card,in_store,USD
TXN0003288,2024-02-06 15:49:00,STR001,PRD0026,CUS00031,5,172.92,0.0,0.0,864.6,credit_card,online,USD
TXN0003289,2024-03-12 12:12:00,STR004,PRD0115,,1,145.51,0.0,0.0,145.51,cash,mobile_app,USD
TXN0003290,2024-10-28 20:48:00,STR022,PRD0048,CUS00484,4,473.17,0.05,94.63,1798.05,mobile_pay,online,USD
TXN0003291,2024-10-29 09:16:00,STR014,PRD0037,CUS00193,3,47.85,0.0,0.0,143.55,cash,in_store,USD
TXN0003292,2024-02-10 14:51:00,STR007,PRD0009,CUS00158,3,675.27,0.05,101.29,1924.52,credit_card,online,USD
TXN0003293,2024-06-01 13:45:00,STR007,PRD0103,CUS00426,3,58.52,0.0,0.0,175.56,debit_card,online,USD
TXN0003294,2024-09-28 21:01:00,STR014,PRD0030,CUS00360,4,80.67,0.0,0.0,322.68,mobile_pay,in_store,USD
TXN0003295,2024-08-20 15:27:00,STR012,PRD0013,CUS00341,3,80.66,0.0,0.0,241.98,gift_card,mobile_app,USD
TXN0003296,2024-08-23 11:50:00,STR013,PRD0001,CUS00026,2,137.75,0.1,27.55,247.95,credit_card,mobile_app,USD
TXN0003297,2024-11-22 09:54:00,STR014,PRD0035,CUS00165,3,234.61,0.0,0.0,703.83,credit_card,mobile_app,USD
TXN0003298,2024-07-26 20:16:00,STR013,PRD0005,CUS00153,1,259.57,0.0,0.0,259.57,debit_card,in_store,USD
TXN0003299,2024-09-17 18:39:00,STR001,PRD0095,CUS00333,4,658.33,0.0,0.0,2633.32,gift_card,mobile_app,USD
TXN0003300,2024-09-25 21:24:00,STR014,PRD0033,,2,269.98,0.0,0.0,539.96,cash,online,USD
TXN0003301,2024-07-28 13:49:00,STR018,PRD0009,CUS00192,5,675.27,0.0,0.0,3376.35,mobile_pay,in_store,USD
TXN0003302,2024-08-26 17:23:00,STR016,PRD0116,CUS00044,3,648.85,0.0,0.0,1946.55,credit_card,mobile_app,USD
TXN0003303,2024-01-03 13:19:00,STR004,PRD0089,CUS00150,1,690.46,0.0,0.0,690.46,debit_card,in_store,USD
TXN0003304,2024-01-12 09:54:00,STR004,PRD0076,CUS00042,2,33.66,0.15,10.1,57.22,cash,mobile_app,USD
TXN0003305,2024-03-02 12:48:00,STR019,PRD0009,CUS00355,2,675.27,0.0,0.0,1350.54,mobile_pay,in_store,USD
TXN0003306,2024-09-19 18:44:00,STR023,PRD0028,CUS00270,5,621.82,0.0,0.0,3109.1,credit_card,mobile_app,USD
TXN0003307,2024-10-18 19:39:00,STR008,PRD0002,CUS00101,4,26.09,0.0,0.0,104.36,mobile_pay,in_store,USD
TXN0003308,2024-05-02 19:41:00,STR001,PRD0081,CUS00425,1,429.07,0.0,0.0,429.07,mobile_pay,mobile_app,USD
TXN0003309,2024-03-26 12:17:00,STR018,PRD0072,CUS00263,4,500.55,0.0,0.0,2002.2,cash,mobile_app,USD
TXN0003310,2024-04-22 10:36:00,STR019,PRD0088,CUS00301,5,266.3,0.0,0.0,1331.5,gift_card,online,USD
TXN0003311,2024-08-29 14:57:00,STR018,PRD0106,,2,558.66,0.05,55.87,1061.45,debit_card,online,USD
TXN0003312,2024-01-05 16:38:00,STR012,PRD0047,CUS00150,3,487.35,0.0,0.0,1462.05,mobile_pay,mobile_app,USD
TXN0003313,2024-11-28 11:13:00,STR009,PRD0010,CUS00386,4,276.68,0.0,0.0,1106.72,credit_card,in_store,USD
TXN0003314,2024-05-27 12:09:00,STR002,PRD0120,CUS00308,5,136.37,0.0,0.0,681.85,credit_card,online,USD
TXN0003315,2024-01-02 12:18:00,STR022,PRD0011,CUS00216,1,526.75,0.0,0.0,526.75,gift_card,in_store,USD
TXN0003316,2024-01-08 10:09:00,STR008,PRD0058,CUS00373,1,61.42,0.0,0.0,61.42,credit_card,online,USD
TXN0003317,2024-12-02 11:10:00,STR019,PRD0044,CUS00333,3,126.49,0.0,0.0,379.47,debit_card,online,USD
TXN0003318,2024-07-14 18:06:00,STR023,PRD0061,CUS00320,1,169.37,0.05,8.47,160.9,gift_card,mobile_app,USD
TXN0003319,2024-09-07 17:53:00,STR004,PRD0071,CUS00277,2,327.28,0.0,0.0,654.56,mobile_pay,in_store,USD
TXN0003320,2024-12-20 15:17:00,STR019,PRD0041,CUS00094,1,491.81,0.0,0.0,491.81,credit_card,online,USD
TXN0003321,2024-01-06 17:23:00,STR003,PRD0098,CUS00166,2,244.56,0.0,0.0,489.12,cash,online,USD
TXN0003322,2024-07-27 19:52:00,STR006,PRD0107,,2,368.5,0.0,0.0,737.0,cash,mobile_app,USD
TXN0003323,2024-02-11 20:40:00,STR019,PRD0006,CUS00346,4,101.59,0.0,0.0,406.36,mobile_pay,online,USD
TXN0003324,2024-07-31 13:10:00,STR017,PRD0097,CUS00036,1,118.36,0.2,23.67,94.69,mobile_pay,mobile_app,USD
TXN0003325,2024-05-12 13:11:00,STR008,PRD0083,CUS00417,2,247.1,0.0,0.0,494.2,gift_card,online,USD
TXN0003326,2024-03-09 16:46:00,STR008,PRD0018,CUS00417,1,94.47,0.0,0.0,94.47,credit_card,in_store,USD
TXN0003327,2024-09-12 19:13:00,STR002,PRD0110,CUS00093,5,406.78,0.0,0.0,2033.9,debit_card,in_store,USD
TXN0003328,2024-07-29 12:32:00,STR002,PRD0063,CUS00333,1,23.14,0.0,0.0,23.14,mobile_pay,online,USD
TXN0003329,2024-11-05 20:16:00,STR014,PRD0002,CUS00021,3,26.09,0.0,0.0,78.27,cash,mobile_app,USD
TXN0003330,2024-08-30 19:38:00,STR010,PRD0113,CUS00481,1,336.98,0.0,0.0,336.98,mobile_pay,in_store,USD
TXN0003331,2024-07-15 19:51:00,STR015,PRD0010,CUS00500,4,276.68,0.0,0.0,1106.72,gift_card,mobile_app,USD
TXN0003332,2024-01-07 17:54:00,STR016,PRD0080,CUS00117,5,270.17,0.0,0.0,1350.85,gift_card,in_store,USD
TXN0003333,2024-02-19 08:58:00,STR007,PRD0011,,4,526.75,0.0,0.0,2107.0,mobile_pay,in_store,USD
TXN0003334,2024-07-04 14:35:00,STR019,PRD0026,CUS00356,4,172.92,0.0,0.0,691.68,debit_card,in_store,USD
TXN0003335,2024-05-14 12:33:00,STR005,PRD0081,CUS00349,4,429.07,0.0,0.0,1716.28,gift_card,mobile_app,USD
TXN0003336,2024-08-31 14:07:00,STR013,PRD0054,CUS00360,2,694.62,0.0,0.0,1389.24,debit_card,online,USD
TXN0003337,2024-10-18 14:27:00,STR004,PRD0107,CUS00020,4,368.5,0.0,0.0,1474.0,gift_card,online,USD
TXN0003338,2024-06-20 15:31:00,STR004,PRD0064,CUS00087,3,475.35,0.1,142.6,1283.45,credit_card,in_store,USD
TXN0003339,2024-12-08 13:49:00,STR018,PRD0020,CUS00421,2,595.59,0.05,59.56,1131.62,debit_card,in_store,USD
TXN0003340,2024-12-28 11:26:00,STR012,PRD0037,CUS00075,4,47.85,0.0,0.0,191.4,mobile_pay,in_store,USD
TXN0003341,2024-02-10 20:55:00,STR020,PRD0108,CUS00463,1,99.37,0.1,9.94,89.43,cash,in_store,USD
TXN0003342,2024-03-01 12:23:00,STR002,PRD0053,CUS00351,2,321.56,0.0,0.0,643.12,mobile_pay,online,USD
TXN0003343,2024-06-11 20:26:00,STR011,PRD0004,CUS00456,4,602.78,0.15,361.67,2049.45,credit_card,online,USD
TXN0003344,2024-04-07 13:50:00,STR008,PRD0069,,2,527.04,0.0,0.0,1054.08,credit_card,mobile_app,USD
TXN0003345,2024-12-02 09:00:00,STR015,PRD0042,CUS00158,5,140.2,0.0,0.0,701.0,cash,online,USD
TXN0003346,2024-04-04 09:31:00,STR013,PRD0036,CUS00009,3,405.13,0.0,0.0,1215.39,cash,mobile_app,USD
TXN0003347,2024-01-07 15:24:00,STR005,PRD0001,CUS00037,2,137.75,0.0,0.0,275.5,gift_card,mobile_app,USD
TXN0003348,2024-11-13 20:25:00,STR006,PRD0082,CUS00119,1,82.51,0.0,0.0,82.51,gift_card,online,USD
TXN0003349,2024-12-13 10:57:00,STR007,PRD0070,CUS00148,3,31.14,0.0,0.0,93.42,credit_card,online,USD
TXN0003350,2024-07-30 15:10:00,STR017,PRD0039,CUS00028,3,415.77,0.15,187.1,1060.21,gift_card,in_store,USD
TXN0003351,2024-08-14 08:02:00,STR023,PRD0087,CUS00265,1,488.55,0.0,0.0,488.55,gift_card,in_store,USD
TXN0003352,2024-12-02 12:59:00,STR008,PRD0059,CUS00140,3,458.19,0.0,0.0,1374.57,mobile_pay,mobile_app,USD
TXN0003353,2024-03-22 21:56:00,STR009,PRD0103,CUS00013,1,58.52,0.0,0.0,58.52,debit_card,online,USD
TXN0003354,2024-02-24 13:25:00,STR001,PRD0007,CUS00271,2,274.3,0.0,0.0,548.6,gift_card,mobile_app,USD
TXN0003355,2024-12-02 16:28:00,STR018,PRD0030,,1,80.67,0.05,4.03,76.64,mobile_pay,mobile_app,USD
TXN0003356,2024-08-26 16:33:00,STR021,PRD0035,CUS00436,5,234.61,0.0,0.0,1173.05,mobile_pay,in_store,USD
TXN0003357,2024-08-12 09:16:00,STR008,PRD0011,CUS00316,1,526.75,0.05,26.34,500.41,credit_card,mobile_app,USD
TXN0003358,2024-09-07 15:49:00,STR014,PRD0010,CUS00425,3,276.68,0.0,0.0,830.04,cash,in_store,USD
TXN0003359,2024-06-07 17:47:00,STR013,PRD0081,CUS00403,5,429.07,0.1,214.53,1930.82,debit_card,online,USD
TXN0003360,2024-01-11 08:00:00,STR012,PRD0009,CUS00168,1,675.27,0.0,0.0,675.27,credit_card,mobile_app,USD
TXN0003361,2024-09-07 21:25:00,STR002,PRD0063,CUS00061,1,23.14,0.0,0.0,23.14,credit_card,in_store,USD
TXN0003362,2024-01-05 20:14:00,STR022,PRD0046,CUS00067,3,719.52,0.1,215.86,1942.7,credit_card,in_store,USD
TXN0003363,2024-06-17 15:42:00,STR018,PRD0036,CUS00394,5,405.13,0.0,0.0,2025.65,credit_card,online,USD
TXN0003364,2024-10-23 11:31:00,STR019,PRD0076,CUS00134,3,33.66,0.15,15.15,85.83,mobile_pay,in_store,USD
TXN0003365,2024-12-04 11:46:00,STR006,PRD0016,CUS00063,2,539.04,0.1,107.81,970.27,debit_card,in_store,USD
TXN0003366,2024-06-23 09:49:00,STR010,PRD0077,,4,898.98,0.0,0.0,3595.92,cash,in_store,USD
TXN0003367,2024-04-08 09:18:00,STR013,PRD0084,CUS00058,4,127.62,0.0,0.0,510.48,credit_card,in_store,USD
TXN0003368,2024-06-26 09:20:00,STR001,PRD0008,CUS00311,1,455.65,0.0,0.0,455.65,debit_card,online,USD
TXN0003369,2024-12-05 18:30:00,STR014,PRD0108,CUS00312,3,99.37,0.0,0.0,298.11,credit_card,in_store,USD
TXN0003370,2024-10-13 17:36:00,STR009,PRD0082,CUS00396,3,82.51,0.0,0.0,247.53,debit_card,in_store,USD
TXN0003371,2024-04-21 18:36:00,STR021,PRD0014,CUS00448,5,10.52,0.0,0.0,52.6,gift_card,in_store,USD
TXN0003372,2024-09-14 20:17:00,STR023,PRD0070,CUS00426,2,31.14,0.0,0.0,62.28,credit_card,online,USD
TXN0003373,2024-11-02 11:22:00,STR004,PRD0046,CUS00079,5,719.52,0.0,0.0,3597.6,cash,in_store,USD
TXN0003374,2024-05-05 08:47:00,STR003,PRD0010,CUS00381,4,276.68,0.2,221.34,885.38,debit_card,in_store,USD
TXN0003375,2024-09-22 08:58:00,STR010,PRD0027,CUS00056,2,490.08,0.0,0.0,980.16,gift_card,mobile_app,USD
TXN0003376,2024-11-26 17:11:00,STR009,PRD0010,CUS00098,3,276.68,0.0,0.0,830.04,mobile_pay,mobile_app,USD
TXN0003377,2024-02-20 13:12:00,STR021,PRD0006,,4,101.59,0.05,20.32,386.04,credit_card,online,USD
TXN0003378,2024-01-13 18:17:00,STR016,PRD0014,CUS00482,3,10.52,0.05,1.58,29.98,credit_card,online,USD
TXN0003379,2024-04-05 12:23:00,STR019,PRD0104,CUS00060,1,398.02,0.2,79.6,318.42,debit_card,in_store,USD
TXN0003380,2024-11-30 19:57:00,STR016,PRD0048,CUS00291,3,473.17,0.0,0.0,1419.51,debit_card,in_store,USD
TXN0003381,2024-10-14 10:23:00,STR009,PRD0064,CUS00463,3,475.35,0.1,142.6,1283.45,mobile_pay,in_store,USD
TXN0003382,2024-01-13 13:09:00,STR001,PRD0103,CUS00281,4,58.52,0.05,11.7,222.38,mobile_pay,online,USD
TXN0003383,2024-02-25 08:46:00,STR015,PRD0041,CUS00094,3,491.81,0.0,0.0,1475.43,cash,online,USD
TXN0003384,2024-10-22 15:48:00,STR013,PRD0013,CUS00083,5,80.66,0.05,20.17,383.13,credit_card,mobile_app,USD
TXN0003385,2024-02-22 11:06:00,STR005,PRD0054,CUS00304,4,694.62,0.0,0.0,2778.48,credit_card,in_store,USD
TXN0003386,2024-10-11 09:08:00,STR017,PRD0083,CUS00173,1,247.1,0.1,24.71,222.39,cash,online,USD
TXN0003387,2024-01-09 11:49:00,STR023,PRD0070,CUS00238,3,31.14,0.0,0.0,93.42,credit_card,in_store,USD
TXN0003388,2024-11-16 09:51:00,STR013,PRD0098,,2,244.56,0.0,0.0,489.12,cash,online,USD
TXN0003389,2024-12-23 13:46:00,STR021,PRD0039,CUS00009,4,415.77,0.05,83.15,1579.93,cash,mobile_app,USD
TXN0003390,2024-08-27 08:00:00,STR014,PRD0055,CUS00492,1,264.5,0.0,0.0,264.5,mobile_pay,mobile_app,USD
TXN0003391,2024-08-14 18:31:00,STR022,PRD0101,CUS00423,2,437.08,0.0,0.0,874.16,cash,online,USD
TXN0003392,2024-09-05 10:40:00,STR012,PRD0003,CUS00294,4,569.87,0.0,0.0,2279.48,cash,online,USD
TXN0003393,2024-07-29 16:44:00,STR007,PRD0079,CUS00004,1,643.15,0.0,0.0,643.15,credit_card,mobile_app,USD
TXN0003394,2024-11-09 13:39:00,STR014,PRD0027,CUS00258,2,490.08,0.0,0.0,980.16,cash,mobile_app,USD
TXN0003395,2024-10-31 10:19:00,STR001,PRD0070,CUS00286,3,31.14,0.0,0.0,93.42,gift_card,online,USD
TXN0003396,2024-10-04 12:49:00,STR001,PRD0079,CUS00494,2,643.15,0.0,0.0,1286.3,gift_card,online,USD
TXN0003397,2024-05-03 16:21:00,STR018,PRD0075,CUS00427,2,507.8,0.0,0.0,1015.6,cash,online,USD
TXN0003398,2024-09-19 14:17:00,STR006,PRD0037,CUS00421,3,47.85,0.0,0.0,143.55,cash,online,USD
TXN0003399,2024-11-03 16:54:00,STR010,PRD0005,,2,259.57,0.0,0.0,519.14,mobile_pay,in_store,USD
TXN0003400,2024-06-23 08:50:00,STR013,PRD0098,CUS00304,4,244.56,0.0,0.0,978.24,cash,in_store,USD
TXN0003401,2024-05-03 14:26:00,STR001,PRD0040,CUS00406,4,823.32,0.0,0.0,3293.28,credit_card,online,USD
TXN0003402,2024-07-25 17:15:00,STR013,PRD0109,CUS00418,5,459.8,0.0,0.0,2299.0,mobile_pay,mobile_app,USD
TXN0003403,2024-07-05 17:56:00,STR001,PRD0107,CUS00468,5,368.5,0.0,0.0,1842.5,gift_card,mobile_app,USD
TXN0003404,2024-08-09 14:28:00,STR017,PRD0093,CUS00410,1,410.67,0.0,0.0,410.67,credit_card,mobile_app,USD
TXN0003405,2024-07-31 10:43:00,STR008,PRD0045,CUS00114,4,318.79,0.0,0.0,1275.16,credit_card,mobile_app,USD
TXN0003406,2024-06-24 15:16:00,STR007,PRD0047,CUS00432,2,487.35,0.0,0.0,974.7,cash,mobile_app,USD
TXN0003407,2024-07-19 14:42:00,STR003,PRD0101,CUS00091,4,437.08,0.0,0.0,1748.32,credit_card,online,USD
TXN0003408,2024-11-20 08:46:00,STR007,PRD0065,CUS00037,3,286.09,0.0,0.0,858.27,credit_card,in_store,USD
TXN0003409,2024-08-14 18:03:00,STR999,PRD0049,CUS00338,3,327.25,0.0,0.0,981.75,credit_card,online,USD
TXN0003410,2024-07-12 11:12:00,STR011,PRD0079,,5,643.15,0.05,160.79,3054.96,credit_card,in_store,USD
TXN0003411,2024-08-20 14:05:00,STR010,PRD0043,CUS00036,1,621.23,0.0,0.0,621.23,debit_card,mobile_app,USD
TXN0003412,2024-12-01 12:50:00,STR008,PRD0118,CUS00320,2,317.96,0.0,0.0,635.92,debit_card,in_store,USD
TXN0003413,2024-01-06 09:50:00,STR009,PRD0118,CUS00070,2,317.96,0.0,0.0,635.92,gift_card,in_store,USD
TXN0003414,2024-10-03 13:36:00,STR020,PRD0076,CUS00421,2,33.66,0.0,0.0,67.32,mobile_pay,online,USD
TXN0003415,2024-03-31 14:51:00,STR010,PRD0064,CUS00419,5,475.35,0.05,118.84,2257.91,mobile_pay,in_store,USD
TXN0003416,2024-07-05 21:18:00,STR007,PRD0099,CUS00029,4,388.71,0.0,0.0,1554.84,mobile_pay,mobile_app,USD
TXN0003417,2024-11-16 16:51:00,STR023,PRD0082,CUS00180,2,82.51,0.0,0.0,165.02,credit_card,in_store,USD
TXN0003418,2024-08-24 09:42:00,STR015,PRD0089,CUS00493,2,690.46,0.05,69.05,1311.87,gift_card,mobile_app,USD
TXN0003419,2024-09-01 21:06:00,STR004,PRD0108,CUS00249,4,99.37,0.05,19.87,377.61,debit_card,online,USD
TXN0003420,2024-10-08 09:47:00,STR017,PRD0038,CUS00356,4,879.64,0.0,0.0,3518.56,cash,in_store,USD
TXN0003421,2024-06-24 16:30:00,STR008,PRD0101,,1,437.08,0.05,21.85,415.23,mobile_pay,in_store,USD
TXN0003422,2024-04-07 21:53:00,STR008,PRD0087,CUS00116,5,488.55,0.0,0.0,2442.75,credit_card,mobile_app,USD
TXN0003423,2024-06-21 11:39:00,STR014,PRD0110,CUS00406,1,406.78,0.05,20.34,386.44,cash,in_store,USD
TXN0003424,2024-06-28 11:40:00,STR009,PRD0024,CUS00497,2,364.86,0.1,72.97,656.75,gift_card,mobile_app,USD
TXN0003425,2024-01-10 21:58:00,STR013,PRD0092,CUS00435,4,353.85,0.0,0.0,1415.4,cash,in_store,USD
TXN0003426,2024-12-09 17:08:00,STR023,PRD0100,CUS00305,3,576.59,0.0,0.0,1729.77,credit_card,mobile_app,USD
TXN0003427,2024-02-23 15:33:00,STR007,PRD0106,CUS00150,2,558.66,0.0,0.0,1117.32,mobile_pay,mobile_app,USD
TXN0003428,2024-10-14 12:49:00,STR018,PRD0046,CUS00153,1,719.52,0.0,0.0,719.52,cash,mobile_app,USD
TXN0003429,2024-02-07 21:20:00,STR012,PRD0087,CUS00277,4,488.55,0.0,0.0,1954.2,cash,in_store,USD
TXN0003430,2024-12-01 17:58:00,STR007,PRD0109,CUS00165,2,459.8,0.0,0.0,919.6,mobile_pay,in_store,USD
TXN0003431,2024-01-02 16:16:00,STR008,PRD0096,CUS00241,1,389.05,0.0,0.0,389.05,cash,in_store,USD
TXN0003432,2024-05-09 16:06:00,STR023,PRD0006,,3,101.59,0.0,0.0,304.77,mobile_pay,in_store,USD
TXN0003433,2024-07-26 21:57:00,STR005,PRD0092,CUS00017,5,353.85,0.1,176.93,1592.32,mobile_pay,mobile_app,USD
TXN0003434,2024-09-27 16:53:00,STR017,PRD0069,CUS00317,2,527.04,0.0,0.0,1054.08,gift_card,in_store,USD
TXN0003435,2024-10-10 11:07:00,STR014,PRD0084,CUS00011,3,127.62,0.0,0.0,382.86,credit_card,online,USD
TXN0003436,2024-06-06 14:02:00,STR006,PRD0108,CUS00063,4,99.37,0.0,0.0,397.48,cash,online,USD
TXN0003437,2024-03-14 15:19:00,STR011,PRD0047,CUS00259,3,487.35,0.0,0.0,1462.05,mobile_pay,mobile_app,USD
TXN0003438,2024-11-11 15:52:00,STR015,PRD0067,CUS00286,2,544.43,0.0,0.0,1088.86,debit_card,in_store,USD
TXN0003439,2024-12-02 20:26:00,STR008,PRD0012,CUS00291,3,233.86,0.15,105.24,596.34,gift_card,in_store,USD
TXN0003440,2024-04-25 18:45:00,STR006,PRD0054,CUS00257,1,694.62,0.0,0.0,694.62,credit_card,online,USD
TXN0003441,2024-01-09 11:32:00,STR004,PRD0001,CUS00290,5,137.75,0.0,0.0,688.75,mobile_pay,online,USD
TXN0003442,2024-01-03 12:01:00,STR006,PRD0043,CUS00389,3,621.23,0.05,93.18,1770.51,gift_card,online,USD
TXN0003443,2024-06-23 12:08:00,STR006,PRD0082,,2,82.51,0.0,0.0,165.02,credit_card,mobile_app,USD
TXN0003444,2024-08-04 15:09:00,STR020,PRD0103,CUS00140,3,58.52,0.0,0.0,175.56,mobile_pay,in_store,USD
TXN0003445,2024-04-17 20:30:00,STR017,PRD0015,CUS00295,3,541.61,0.0,0.0,1624.83,gift_card,online,USD
TXN0003446,2024-12-02 18:18:00,STR004,PRD0104,CUS00105,5,398.02,0.2,398.02,1592.08,cash,in_store,USD
TXN0003447,2024-12-30 09:38:00,STR019,PRD0028,CUS00071,4,621.82,0.0,0.0,2487.28,mobile_pay,online,USD
TXN0003448,2024-06-07 18:30:00,STR021,PRD0076,CUS00080,1,33.66,0.0,0.0,33.66,mobile_pay,online,USD
TXN0003449,2024-10-05 14:28:00,STR014,PRD0078,CUS00042,2,678.93,0.0,0.0,1357.86,debit_card,in_store,USD
TXN0003450,2024-01-03 10:00:00,STR005,PRD0115,CUS00108,3,145.51,0.1,43.65,392.88,credit_card,mobile_app,USD
TXN0003451,2024-02-18 18:19:00,STR010,PRD0007,CUS00126,4,274.3,0.0,0.0,1097.2,mobile_pay,online,USD
TXN0003452,2024-10-16 09:51:00,STR014,PRD0019,CUS00371,3,351.82,0.15,158.32,897.14,debit_card,online,USD
TXN0003453,2024-05-28 20:37:00,STR015,PRD0031,CUS00142,3,77.68,0.0,0.0,233.04,cash,online,USD
TXN0003454,2024-01-20 18:48:00,STR010,PRD0094,,1,326.53,0.05,16.33,310.2,debit_card,online,USD
TXN0003455,2024-09-17 11:59:00,STR001,PRD0005,CUS00005,5,259.57,0.0,0.0,1297.85,debit_card,in_store,USD
TXN0003456,2024-03-24 16:40:00,STR020,PRD0081,CUS00366,1,429.07,0.05,21.45,407.62,gift_card,in_store,USD
TXN0003457,2024-03-25 21:51:00,STR003,PRD0073,CUS00123,4,577.08,0.0,0.0,2308.32,cash,mobile_app,USD
TXN0003458,2024-04-16 16:29:00,STR022,PRD0099,CUS00224,5,388.71,0.0,0.0,1943.55,mobile_pay,in_store,USD
TXN0003459,2024-06-08 08:23:00,STR023,PRD0082,CUS00474,3,82.51,0.0,0.0,247.53,mobile_pay,online,USD
TXN0003460,2024-12-12 19:04:00,STR010,PRD0031,CUS00372,4,77.68,0.0,0.0,310.72,mobile_pay,in_store,USD
TXN0003461,2024-11-22 17:27:00,STR016,PRD0005,CUS00152,5,259.57,0.0,0.0,1297.85,credit_card,in_store,USD
TXN0003462,2024-05-28 14:11:00,STR011,PRD0036,CUS00338,2,405.13,0.0,0.0,810.26,cash,in_store,USD
TXN0003463,2024-06-02 09:51:00,STR008,PRD0084,CUS00213,3,127.62,0.0,0.0,382.86,mobile_pay,online,USD
TXN0003464,2024-10-30 15:09:00,STR013,PRD0008,CUS00123,5,455.65,0.05,113.91,2164.34,gift_card,mobile_app,USD
TXN0003465,2024-03-06 16:51:00,STR015,PRD0099,,5,388.71,0.0,0.0,1943.55,gift_card,online,USD
TXN0003466,2024-06-08 13:15:00,STR014,PRD0015,CUS00340,1,541.61,0.0,0.0,541.61,credit_card,online,USD
TXN0003467,2024-04-09 19:21:00,STR020,PRD0113,CUS00328,2,336.98,0.0,0.0,673.96,gift_card,mobile_app,USD
TXN0003468,2024-12-13 13:05:00,STR021,PRD0110,CUS00401,3,406.78,0.0,0.0,1220.34,mobile_pay,online,USD
TXN0003469,2024-04-01 12:06:00,STR021,PRD0073,CUS00265,2,577.08,0.15,173.12,981.04,cash,in_store,USD
TXN0003470,2024-11-10 16:38:00,STR004,PRD0005,CUS00308,5,259.57,0.05,64.89,1232.96,credit_card,in_store,USD
TXN0003471,2024-11-25 10:52:00,STR008,PRD0043,CUS00462,2,621.23,0.0,0.0,1242.46,cash,online,USD
TXN0003472,2024-07-22 09:15:00,STR006,PRD0015,CUS00475,3,541.61,0.0,0.0,1624.83,credit_card,mobile_app,USD
TXN0003473,2024-08-12 18:50:00,STR005,PRD0013,CUS00309,5,80.66,0.0,0.0,403.3,cash,online,USD
TXN0003474,2024-05-18 20:42:00,STR002,PRD0107,CUS00151,3,368.5,0.1,110.55,994.95,credit_card,in_store,USD
TXN0003475,2024-04-11 09:22:00,STR003,PRD0099,CUS00369,5,388.71,0.0,0.0,1943.55,gift_card,online,USD
TXN0003476,2024-12-18 09:18:00,STR011,PRD0029,,3,354.91,0.0,0.0,1064.73,debit_card,in_store,USD
TXN0003477,2024-06-07 17:13:00,STR007,PRD0093,CUS00431,4,410.67,0.0,0.0,1642.68,mobile_pay,mobile_app,USD
TXN0003478,2024-10-19 14:38:00,STR019,PRD0031,CUS00469,3,77.68,0.0,0.0,233.04,credit_card,online,USD
TXN0003479,2024-11-09 18:52:00,STR004,PRD0120,CUS00341,1,136.37,0.0,0.0,136.37,gift_card,online,USD
TXN0003480,2024-10-18 14:18:00,STR019,PRD0065,CUS00485,1,286.09,0.1,28.61,257.48,debit_card,mobile_app,USD
TXN0003481,2024-12-18 12:03:00,STR002,PRD0037,CUS00419,5,47.85,0.0,0.0,239.25,mobile_pay,in_store,USD
TXN0003482,2024-02-12 09:39:00,STR014,PRD0066,CUS00344,5,404.74,0.1,202.37,1821.33,gift_card,in_store,USD
TXN0003483,2024-07-10 11:36:00,STR021,PRD0112,CUS00102,1,268.87,0.0,0.0,268.87,gift_card,online,USD
TXN0003484,2024-12-11 13:20:00,STR020,PRD0010,CUS00394,2,276.68,0.0,0.0,553.36,debit_card,mobile_app,USD
TXN0003485,2024-01-03 17:58:00,STR016,PRD0030,CUS00217,5,80.67,0.0,0.0,403.35,gift_card,in_store,USD
TXN0003486,2024-06-10 14:48:00,STR019,PRD0065,CUS00170,5,286.09,0.0,0.0,1430.45,mobile_pay,in_store,USD
TXN0003487,2024-09-15 09:40:00,STR010,PRD0023,,4,249.34,0.0,0.0,997.36,debit_card,online,USD
TXN0003488,2024-07-23 10:56:00,STR021,PRD0097,CUS00428,1,118.36,0.0,0.0,118.36,debit_card,mobile_app,USD
TXN0003489,2024-05-13 16:51:00,STR001,PRD0016,CUS00203,2,539.04,0.0,0.0,1078.08,mobile_pay,in_store,USD
TXN0003490,2024-07-24 20:52:00,STR011,PRD0089,CUS00298,3,690.46,0.0,0.0,2071.38,cash,online,USD
TXN0003491,2024-11-06 18:11:00,STR002,PRD0086,CUS00110,3,139.31,0.0,0.0,417.93,cash,online,USD
TXN0003492,2024-03-16 14:00:00,STR022,PRD0021,CUS00447,1,411.07,0.0,0.0,411.07,debit_card,mobile_app,USD
TXN0003493,2024-09-15 18:37:00,STR001,PRD0064,CUS00119,1,475.35,0.0,0.0,475.35,cash,in_store,USD
TXN0003494,2024-08-03 14:10:00,STR001,PRD0013,CUS00479,2,80.66,0.2,32.26,129.06,cash,mobile_app,USD
TXN0003495,2024-11-06 19:15:00,STR014,PRD0093,CUS00494,5,410.67,0.05,102.67,1950.68,gift_card,in_store,USD
TXN0003496,2024-09-27 09:03:00,STR018,PRD0013,CUS00146,2,80.66,0.0,0.0,161.32,credit_card,in_store,USD
TXN0003497,2024-08-08 11:29:00,STR007,PRD0039,CUS00172,3,415.77,0.0,0.0,1247.31,cash,online,USD
TXN0003498,2024-03-29 16:26:00,STR009,PRD0016,,1,539.04,0.0,0.0,539.04,credit_card,online,USD
TXN0003499,2024-04-19 20:33:00,STR022,PRD0120,CUS00428,5,136.37,0.0,0.0,681.85,debit_card,online,USD
TXN0003500,2024-03-16 14:49:00,STR010,PRD0069,CUS00356,2,527.04,0.0,0.0,1054.08,gift_card,online,USD
TXN0003501,2024-07-24 17:34:00,STR016,PRD0120,CUS00477,3,136.37,0.0,0.0,409.11,cash,mobile_app,USD
TXN0003502,2024-11-24 10:29:00,STR019,PRD0069,CUS00005,2,527.04,0.0,0.0,1054.08,cash,online,USD
TXN0003503,2024-04-28 16:52:00,STR005,PRD0041,CUS00205,4,491.81,0.0,0.0,1967.24,debit_card,in_store,USD
TXN0003504,2024-08-31 18:39:00,STR019,PRD0116,CUS00164,4,648.85,0.0,0.0,2595.4,credit_card,online,USD
TXN0003505,2024-01-19 16:56:00,STR007,PRD0001,CUS00166,1,137.75,0.0,0.0,137.75,cash,mobile_app,USD
TXN0003506,2024-03-07 14:14:00,STR004,PRD0112,CUS00198,4,268.87,0.15,161.32,914.16,mobile_pay,in_store,USD
TXN0003507,2024-09-15 10:22:00,STR019,PRD0098,CUS00346,4,244.56,0.1,97.82,880.42,debit_card,in_store,USD
TXN0003508,2024-02-26 10:21:00,STR001,PRD0052,CUS00339,3,76.14,0.0,0.0,228.42,mobile_pay,in_store,USD
TXN0003509,2024-04-24 21:00:00,STR001,PRD0105,,3,554.1,0.0,0.0,1662.3,cash,mobile_app,USD
TXN0003510,2024-07-28 10:30:00,STR016,PRD0033,CUS00338,4,269.98,0.1,107.99,971.93,gift_card,mobile_app,USD
TXN0003511,2024-05-15 09:05:00,STR011,PRD0079,CUS00362,1,643.15,0.0,0.0,643.15,gift_card,mobile_app,USD
TXN0003512,2024-06-15 16:18:00,STR012,PRD0058,CUS00469,5,61.42,0.0,0.0,307.1,cash,in_store,USD
TXN0003513,2024-03-23 09:57:00,STR008,PRD0080,CUS00238,4,270.17,0.0,0.0,1080.68,gift_card,mobile_app,USD
TXN0003514,2024-09-22 17:36:00,STR011,PRD0026,CUS00294,5,172.92,0.0,0.0,864.6,debit_card,online,USD
TXN0003515,2024-11-29 20:28:00,STR014,PRD0019,CUS00146,2,351.82,0.0,0.0,703.64,debit_card,mobile_app,USD
TXN0003516,2024-01-25 18:25:00,STR020,PRD0049,CUS00066,5,327.25,0.0,0.0,1636.25,gift_card,online,USD
TXN0003517,2024-02-01 17:18:00,STR012,PRD0035,CUS00232,4,234.61,0.1,93.84,844.6,mobile_pay,online,USD
TXN0003518,2024-09-01 15:04:00,STR015,PRD0033,CUS00313,3,269.98,0.0,0.0,809.94,gift_card,in_store,USD
TXN0003519,2024-07-19 08:48:00,STR010,PRD0095,CUS00053,4,658.33,0.0,0.0,2633.32,mobile_pay,mobile_app,USD
TXN0003520,2024-10-24 15:50:00,STR004,PRD0086,,2,139.31,0.0,0.0,278.62,debit_card,online,USD
TXN0003521,2024-08-10 12:07:00,STR015,PRD0001,CUS00129,1,137.75,0.0,0.0,137.75,mobile_pay,mobile_app,USD
TXN0003522,2024-04-27 12:58:00,STR011,PRD0058,CUS00375,5,61.42,0.15,46.07,261.03,gift_card,online,USD
TXN0003523,2024-05-20 20:34:00,STR019,PRD0038,CUS00330,3,879.64,0.0,0.0,2638.92,debit_card,in_store,USD
TXN0003524,2024-07-18 16:01:00,STR006,PRD0118,CUS00301,1,317.96,0.0,0.0,317.96,debit_card,online,USD
TXN0003525,2024-08-18 21:38:00,STR019,PRD0115,CUS00478,4,145.51,0.0,0.0,582.04,gift_card,online,USD
TXN0003526,2024-10-27 19:39:00,STR003,PRD0036,CUS00356,2,405.13,0.0,0.0,810.26,debit_card,online,USD
TXN0003527,2024-08-20 14:22:00,STR001,PRD0027,CUS00139,1,490.08,0.0,0.0,490.08,gift_card,mobile_app,USD
TXN0003528,2024-01-09 10:10:00,STR021,PRD0056,CUS00478,1,26.02,0.0,0.0,26.02,cash,in_store,USD
TXN0003529,2024-02-14 08:42:00,STR009,PRD0077,CUS00275,2,898.98,0.0,0.0,1797.96,cash,mobile_app,USD
TXN0003530,2024-01-10 20:46:00,STR010,PRD0092,CUS00194,3,353.85,0.0,0.0,1061.55,gift_card,online,USD
TXN0003531,2024-04-29 11:00:00,STR008,PRD0045,,4,318.79,0.05,63.76,1211.4,credit_card,online,USD
TXN0003532,2024-07-05 10:00:00,STR011,PRD0009,CUS00081,3,675.27,0.0,0.0,2025.81,gift_card,in_store,USD
TXN0003533,2024-12-06 10:23:00,STR020,PRD0052,CUS00214,2,76.14,0.0,0.0,152.28,mobile_pay,in_store,USD
TXN0003534,2024-04-06 15:20:00,STR020,PRD0036,CUS00199,4,405.13,0.0,0.0,1620.52,gift_card,mobile_app,USD
TXN0003535,2024-01-30 09:22:00,STR016,PRD0100,CUS00003,4,576.59,0.0,0.0,2306.36,gift_card,mobile_app,USD
TXN0003536,2024-11-05 10:42:00,STR004,PRD0009,CUS00093,1,675.27,0.0,0.0,675.27,debit_card,online,USD
TXN0003537,2024-06-01 16:14:00,STR015,PRD0118,CUS00464,2,317.96,0.0,0.0,635.92,mobile_pay,mobile_app,USD
TXN0003538,2024-09-13 15:40:00,STR015,PRD0008,CUS00062,5,455.65,0.0,0.0,2278.25,credit_card,online,USD
TXN0003539,2024-11-20 16:43:00,STR003,PRD0087,CUS00042,2,488.55,0.15,146.56,830.54,mobile_pay,mobile_app,USD
TXN0003540,2024-04-14 14:46:00,STR020,PRD0023,CUS00473,3,249.34,0.0,0.0,748.02,credit_card,mobile_app,USD
TXN0003541,2024-06-17 19:58:00,STR007,PRD0062,CUS00087,1,355.41,0.0,0.0,355.41,cash,in_store,USD
TXN0003542,2024-03-09 18:52:00,STR017,PRD0117,,2,54.14,0.0,0.0,108.28,mobile_pay,in_store,USD
TXN0003543,2024-08-18 14:48:00,STR010,PRD0112,CUS00380,5,268.87,0.0,0.0,1344.35,gift_card,mobile_app,USD
TXN0003544,2024-09-28 12:13:00,STR007,PRD0035,CUS00383,3,234.61,0.0,0.0,703.83,gift_card,in_store,USD
TXN0003545,2024-07-12 18:21:00,STR016,PRD0117,CUS00426,1,54.14,0.15,8.12,46.02,debit_card,online,USD
TXN0003546,2024-08-20 16:05:00,STR020,PRD0036,CUS00086,4,405.13,0.0,0.0,1620.52,debit_card,online,USD
TXN0003547,2024-03-07 16:43:00,STR017,PRD0101,CUS00376,4,437.08,0.0,0.0,1748.32,mobile_pay,mobile_app,USD
TXN0003548,2024-04-07 15:39:00,STR021,PRD0109,CUS00297,2,459.8,0.0,0.0,919.6,gift_card,online,USD
TXN0003549,2024-06-27 12:12:00,STR003,PRD0103,CUS00462,5,58.52,0.1,29.26,263.34,cash,online,USD
TXN0003550,2024-03-04 18:23:00,STR006,PRD0032,CUS00008,2,251.17,0.0,0.0,502.34,credit_card,in_store,USD
TXN0003551,2024-12-13 11:08:00,STR013,PRD0088,CUS00323,5,266.3,0.0,0.0,1331.5,mobile_pay,in_store,USD
TXN0003552,2024-03-15 14:11:00,STR008,PRD0090,CUS00265,2,69.19,0.0,0.0,138.38,credit_card,mobile_app,USD
TXN0003553,2024-08-24 10:08:00,STR006,PRD0037,,4,47.85,0.0,0.0,191.4,cash,online,USD
TXN0003554,2024-10-30 21:42:00,STR010,PRD0091,CUS00418,5,122.8,0.0,0.0,614.0,credit_card,mobile_app,USD
TXN0003555,2024-08-08 12:59:00,STR008,PRD0114,CUS00157,3,596.37,0.0,0.0,1789.11,debit_card,mobile_app,USD
TXN0003556,2024-03-17 14:59:00,STR012,PRD0114,CUS00310,2,596.37,0.0,0.0,1192.74,gift_card,in_store,USD
TXN0003557,2024-02-29 08:59:00,STR010,PRD0109,CUS00334,5,459.8,0.0,0.0,2299.0,debit_card,in_store,USD
TXN0003558,2024-03-21 09:02:00,STR007,PRD0098,CUS00466,4,244.56,0.05,48.91,929.33,mobile_pay,in_store,USD
TXN0003559,2024-01-06 20:49:00,STR020,PRD0110,CUS00244,5,406.78,0.0,0.0,2033.9,cash,in_store,USD
TXN0003560,2024-08-14 14:33:00,STR022,PRD0005,CUS00316,2,259.57,0.0,0.0,519.14,gift_card,mobile_app,USD
TXN0003561,2024-01-28 09:07:00,STR004,PRD0074,CUS00205,5,304.27,0.0,0.0,1521.35,mobile_pay,mobile_app,USD
TXN0003562,2024-06-08 08:21:00,STR020,PRD0117,CUS00193,1,54.14,0.0,0.0,54.14,debit_card,mobile_app,USD
TXN0003563,2024-07-05 12:07:00,STR002,PRD0045,CUS00325,4,318.79,0.0,0.0,1275.16,mobile_pay,online,USD
TXN0003564,2024-01-21 15:54:00,STR023,PRD0081,,4,429.07,0.0,0.0,1716.28,gift_card,in_store,USD
TXN0003565,2024-06-25 14:43:00,STR003,PRD0069,CUS00477,1,527.04,0.2,105.41,421.63,cash,in_store,USD
TXN0003566,2024-09-17 20:39:00,STR016,PRD0044,CUS00018,2,126.49,0.0,0.0,252.98,credit_card,in_store,USD
TXN0003567,2024-12-14 15:38:00,STR018,PRD0117,CUS00335,4,54.14,0.0,0.0,216.56,cash,in_store,USD
TXN0003568,2024-02-08 20:48:00,STR020,PRD0113,CUS00220,4,336.98,0.0,0.0,1347.92,gift_card,in_store,USD
TXN0003569,2024-03-01 10:42:00,STR018,PRD0091,CUS00162,3,122.8,0.0,0.0,368.4,gift_card,mobile_app,USD
TXN0003570,2024-12-14 15:40:00,STR016,PRD0003,CUS00257,2,569.87,0.0,0.0,1139.74,cash,online,USD
TXN0003571,2024-06-08 18:38:00,STR011,PRD0077,CUS00288,4,898.98,0.05,179.8,3416.12,cash,online,USD
TXN0003572,2024-12-14 17:06:00,STR005,PRD0022,CUS00286,3,146.15,0.0,0.0,438.45,gift_card,online,USD
TXN0003573,2024-07-11 11:40:00,STR001,PRD0097,CUS00071,1,118.36,0.05,5.92,112.44,gift_card,mobile_app,USD
TXN0003574,2024-01-10 11:47:00,STR014,PRD0025,CUS00257,5,116.31,0.0,0.0,581.55,cash,online,USD
TXN0003575,2024-08-02 10:04:00,STR010,PRD0077,,1,898.98,0.05,44.95,854.03,cash,online,USD
TXN0003576,2024-05-12 11:01:00,STR001,PRD0104,CUS00112,4,398.02,0.0,0.0,1592.08,gift_card,online,USD
TXN0003577,2024-01-05 16:56:00,STR021,PRD0055,CUS00185,2,264.5,0.0,0.0,529.0,gift_card,in_store,USD
TXN0003578,2024-01-07 18:19:00,STR008,PRD0029,CUS00174,2,354.91,0.1,70.98,638.84,credit_card,in_store,USD
TXN0003579,2024-11-08 10:58:00,STR012,PRD0120,CUS00166,4,136.37,0.0,0.0,545.48,mobile_pay,online,USD
TXN0003580,2024-09-20 12:24:00,STR021,PRD0032,CUS00180,4,251.17,0.0,0.0,1004.68,gift_card,in_store,USD
TXN0003581,2024-05-04 09:37:00,STR023,PRD0020,CUS00498,2,595.59,0.1,119.12,1072.06,credit_card,mobile_app,USD
TXN0003582,2024-08-09 20:08:00,STR017,PRD0043,CUS00071,5,621.23,0.05,155.31,2950.84,gift_card,online,USD
TXN0003583,2024-03-24 19:43:00,STR002,PRD0023,CUS00142,2,249.34,0.0,0.0,498.68,gift_card,online,USD
TXN0003584,2024-11-24 09:40:00,STR015,PRD0005,CUS00493,4,259.57,0.15,155.74,882.54,cash,mobile_app,USD
TXN0003585,2024-11-15 08:41:00,STR011,PRD0018,CUS00324,1,94.47,0.0,0.0,94.47,mobile_pay,online,USD
TXN0003586,2024-09-04 12:02:00,STR018,PRD0058,,3,61.42,0.0,0.0,184.26,debit_card,online,USD
TXN0003587,2024-05-06 16:09:00,STR022,PRD0120,CUS00494,4,136.37,0.0,0.0,545.48,debit_card,in_store,USD
TXN0003588,2024-09-16 08:20:00,STR017,PRD0064,CUS00444,4,475.35,0.0,0.0,1901.4,mobile_pay,in_store,USD
TXN0003589,2024-03-25 13:33:00,STR019,PRD0081,CUS00486,1,429.07,0.2,85.81,343.26,gift_card,in_store,USD
TXN0003590,2024-03-25 18:29:00,STR018,PRD0047,CUS00190,3,487.35,0.0,0.0,1462.05,cash,in_store,USD
TXN0003591,2024-03-04 10:50:00,STR020,PRD0002,CUS00145,1,26.09,0.0,0.0,26.09,gift_card,in_store,USD
TXN0003592,2024-11-05 21:16:00,STR008,PRD0004,CUS00360,2,602.78,0.0,0.0,1205.56,gift_card,in_store,USD
TXN0003593,2024-07-25 16:41:00,STR015,PRD0082,CUS00343,1,82.51,0.0,0.0,82.51,gift_card,in_store,USD
TXN0003594,2024-07-31 12:50:00,STR010,PRD0106,CUS00156,5,558.66,0.0,0.0,2793.3,mobile_pay,in_store,USD
TXN0003595,2024-05-16 20:24:00,STR009,PRD0045,CUS00075,2,318.79,0.0,0.0,637.58,gift_card,mobile_app,USD
TXN0003596,2024-03-21 17:54:00,STR018,PRD0058,CUS00435,2,61.42,0.15,18.43,104.41,gift_card,in_store,USD
TXN0003597,2024-07-26 15:06:00,STR010,PRD0028,,1,621.82,0.0,0.0,621.82,debit_card,mobile_app,USD
TXN0003598,2024-10-30 18:44:00,STR001,PRD0082,CUS00112,4,82.51,0.0,0.0,330.04,debit_card,in_store,USD
TXN0003599,2024-10-05 14:58:00,STR007,PRD0079,CUS00280,1,643.15,0.0,0.0,643.15,credit_card,mobile_app,USD
TXN0003600,2024-10-25 19:44:00,STR009,PRD0069,CUS00317,1,527.04,0.0,0.0,527.04,mobile_pay,online,USD
TXN0003601,2024-03-17 14:14:00,STR010,PRD0080,CUS00137,1,270.17,0.1,27.02,243.15,gift_card,mobile_app,USD
TXN0003602,2024-09-22 18:07:00,STR003,PRD0101,CUS00381,4,437.08,0.05,87.42,1660.9,debit_card,in_store,USD
TXN0003603,2024-05-25 08:02:00,STR010,PRD0047,CUS00009,5,487.35,0.0,0.0,2436.75,mobile_pay,online,USD
TXN0003604,2024-10-05 14:10:00,STR014,PRD0060,CUS00282,2,399.84,0.0,0.0,799.68,cash,online,USD
TXN0003605,2024-01-31 17:05:00,STR010,PRD0072,CUS00372,4,500.55,0.15,300.33,1701.87,cash,mobile_app,USD
TXN0003606,2024-09-02 11:18:00,STR008,PRD0110,CUS00373,5,406.78,0.05,101.7,1932.2,debit_card,in_store,USD
TXN0003607,2024-10-16 20:15:00,STR003,PRD0096,CUS00171,4,389.05,0.1,155.62,1400.58,gift_card,mobile_app,USD
TXN0003608,2024-06-23 08:29:00,STR003,PRD0013,,5,80.66,0.0,0.0,403.3,debit_card,mobile_app,USD
TXN0003609,2024-08-29 14:31:00,STR005,PRD0082,CUS00354,4,82.51,0.0,0.0,330.04,mobile_pay,online,USD
TXN0003610,2024-12-29 18:29:00,STR007,PRD0007,CUS00084,1,274.3,0.0,0.0,274.3,credit_card,in_store,USD
TXN0003611,2024-11-11 21:47:00,STR004,PRD0110,CUS00486,1,406.78,0.0,0.0,406.78,credit_card,online,USD
TXN0003612,2024-12-23 20:23:00,STR016,PRD0077,CUS00411,2,898.98,0.0,0.0,1797.96,credit_card,mobile_app,USD
TXN0003613,2024-10-02 19:59:00,STR017,PRD0110,CUS00361,1,406.78,0.0,0.0,406.78,debit_card,mobile_app,USD
TXN0003614,2024-07-05 18:47:00,STR009,PRD0079,CUS00085,5,643.15,0.0,0.0,3215.75,gift_card,mobile_app,USD
TXN0003615,2024-10-29 14:47:00,STR004,PRD0106,CUS00149,4,558.66,0.05,111.73,2122.91,debit_card,online,USD
TXN0003616,2024-09-01 17:08:00,STR015,PRD0098,CUS00113,1,244.56,0.05,12.23,232.33,debit_card,mobile_app,USD
TXN0003617,2024-06-14 16:51:00,STR002,PRD0074,CUS00263,5,304.27,0.2,304.27,1217.08,gift_card,mobile_app,USD
TXN0003618,2024-10-19 16:11:00,STR017,PRD0086,CUS00360,1,139.31,0.0,0.0,139.31,credit_card,in_store,USD
TXN0003619,2024-07-15 16:25:00,STR020,PRD0024,,1,364.86,0.0,0.0,364.86,cash,mobile_app,USD
TXN0003620,2024-04-25 17:00:00,STR009,PRD0111,CUS00061,1,661.33,0.0,0.0,661.33,mobile_pay,mobile_app,USD
TXN0003621,2024-05-17 21:02:00,STR019,PRD0056,CUS00082,3,26.02,0.0,0.0,78.06,credit_card,in_store,USD
TXN0003622,2024-11-06 10:56:00,STR020,PRD0032,CUS00038,2,251.17,0.0,0.0,502.34,debit_card,mobile_app,USD
TXN0003623,2024-06-10 18:32:00,STR017,PRD0011,CUS00063,1,526.75,0.0,0.0,526.75,credit_card,in_store,USD
TXN0003624,2024-10-11 10:19:00,STR005,PRD0024,CUS00093,2,364.86,0.0,0.0,729.72,cash,in_store,USD
TXN0003625,2024-01-26 15:41:00,STR016,PRD0019,CUS00346,5,351.82,0.0,0.0,1759.1,credit_card,online,USD
TXN0003626,2024-05-01 18:47:00,STR023,PRD0076,CUS00398,4,33.66,0.05,6.73,127.91,cash,online,USD
TXN0003627,2024-07-02 13:27:00,STR002,PRD0043,CUS00355,5,621.23,0.0,0.0,3106.15,credit_card,in_store,USD
TXN0003628,2024-04-19 13:59:00,STR003,PRD0030,CUS00072,3,80.67,0.1,24.2,217.81,debit_card,mobile_app,USD
TXN0003629,2024-12-06 21:26:00,STR017,PRD0060,CUS00312,4,399.84,0.0,0.0,1599.36,cash,in_store,USD
TXN0003630,2024-03-30 16:12:00,STR020,PRD0025,,5,116.31,0.1,58.16,523.39,credit_card,mobile_app,USD
TXN0003631,2024-06-24 15:56:00,STR020,PRD0032,CUS00210,4,251.17,0.0,0.0,1004.68,gift_card,mobile_app,USD
TXN0003632,2024-03-18 10:51:00,STR007,PRD0075,CUS00308,3,507.8,0.0,0.0,1523.4,gift_card,online,USD
TXN0003633,2024-06-12 12:49:00,STR005,PRD0094,CUS00056,4,326.53,0.1,130.61,1175.51,cash,online,USD
TXN0003634,2024-11-25 09:26:00,STR006,PRD0070,CUS00329,4,31.14,0.05,6.23,118.33,cash,in_store,USD
TXN0003635,2024-02-09 21:30:00,STR022,PRD0030,CUS00078,2,80.67,0.0,0.0,161.34,gift_card,online,USD
TXN0003636,2024-11-23 19:51:00,STR021,PRD0090,CUS00361,1,69.19,0.0,0.0,69.19,debit_card,in_store,USD
TXN0003637,2024-11-21 10:58:00,STR006,PRD0104,CUS00123,4,398.02,0.0,0.0,1592.08,credit_card,in_store,USD
TXN0003638,2024-04-24 12:55:00,STR002,PRD0045,CUS00029,5,318.79,0.0,0.0,1593.95,credit_card,mobile_app,USD
TXN0003639,2024-03-08 09:16:00,STR017,PRD0011,CUS00409,5,526.75,0.15,395.06,2238.69,gift_card,in_store,USD
TXN0003640,2024-11-25 10:28:00,STR007,PRD0093,CUS00308,2,410.67,0.1,82.13,739.21,gift_card,in_store,USD
TXN0003641,2024-01-20 11:24:00,STR016,PRD0014,,1,10.52,0.15,1.58,8.94,mobile_pay,in_store,USD
TXN0003642,2024-03-21 17:40:00,STR021,PRD0015,CUS00147,1,541.61,0.0,0.0,541.61,mobile_pay,mobile_app,USD
TXN0003643,2024-10-30 14:33:00,STR015,PRD0004,CUS00289,4,602.78,0.0,0.0,2411.12,mobile_pay,mobile_app,USD
TXN0003644,2024-11-07 18:56:00,STR006,PRD0016,CUS00478,-1,539.04,0.0,0.0,1617.12,mobile_pay,in_store,USD
TXN0003645,2024-07-29 15:03:00,STR019,PRD0104,CUS00171,2,398.02,0.0,0.0,796.04,credit_card,online,USD
TXN0003646,2024-12-10 17:00:00,STR005,PRD0075,CUS00487,1,507.8,0.2,101.56,406.24,cash,in_store,USD
TXN0003647,2024-03-12 16:26:00,STR001,PRD0009,CUS00029,3,675.27,0.0,0.0,2025.81,debit_card,online,USD
TXN0003648,2024-11-30 11:42:00,STR022,PRD0036,CUS00338,1,405.13,0.0,0.0,405.13,debit_card,online,USD
TXN0003649,2024-08-22 14:07:00,STR022,PRD0111,CUS00277,1,661.33,0.0,0.0,661.33,debit_card,mobile_app,USD
TXN0003650,2024-10-28 13:17:00,STR002,PRD0083,CUS00467,1,247.1,0.1,24.71,222.39,cash,online,USD
TXN0003651,2024-07-12 11:50:00,STR019,PRD0103,CUS00124,3,58.52,0.05,8.78,166.78,mobile_pay,mobile_app,USD
TXN0003652,2024-11-08 15:02:00,STR017,PRD0096,,1,389.05,0.0,0.0,389.05,debit_card,mobile_app,USD
TXN0003653,2024-08-16 17:23:00,STR002,PRD0106,CUS00252,3,558.66,0.1,167.6,1508.38,gift_card,mobile_app,USD
TXN0003654,2024-06-12 08:08:00,STR021,PRD0012,CUS00315,4,233.86,0.0,0.0,935.44,mobile_pay,online,USD
TXN0003655,2024-07-18 14:24:00,STR021,PRD0054,CUS00082,1,694.62,0.0,0.0,694.62,credit_card,in_store,USD
TXN0003656,2024-04-03 19:39:00,STR011,PRD0019,CUS00400,5,351.82,0.0,0.0,1759.1,credit_card,mobile_app,USD
TXN0003657,2024-02-27 19:54:00,STR006,PRD0043,CUS00382,2,621.23,0.0,0.0,1242.46,credit_card,mobile_app,USD
TXN0003658,2024-06-19 15:32:00,STR017,PRD0067,CUS00300,5,544.43,0.05,136.11,2586.04,cash,online,USD
TXN0003659,2024-09-14 11:13:00,STR022,PRD0008,CUS00477,4,455.65,0.0,0.0,1822.6,gift_card,in_store,USD
TXN0003660,2024-10-14 12:30:00,STR021,PRD0066,CUS00427,4,404.74,0.15,242.84,1376.12,gift_card,mobile_app,USD
TXN0003661,2024-12-14 12:29:00,STR004,PRD0090,CUS00338,5,69.19,0.0,0.0,345.95,gift_card,online,USD
TXN0003662,2024-11-17 13:30:00,STR019,PRD0083,CUS00015,2,247.1,0.0,0.0,494.2,gift_card,online,USD
TXN0003663,2024-03-16 20:34:00,STR010,PRD0117,,3,54.14,0.0,0.0,162.42,credit_card,in_store,USD
TXN0003664,2024-05-12 19:15:00,STR004,PRD0070,CUS00418,2,31.14,0.15,9.34,52.94,gift_card,mobile_app,USD
TXN0003665,2024-07-10 11:45:00,STR023,PRD0065,CUS00038,4,286.09,0.0,0.0,,credit_card,in_store,USD
TXN0003666,2024-12-23 15:44:00,STR016,PRD0014,CUS00080,1,10.52,0.05,0.53,9.99,credit_card,online,USD
TXN0003667,2024-07-12 10:51:00,STR001,PRD0044,CUS00424,5,126.49,0.0,0.0,632.45,mobile_pay,mobile_app,USD
TXN0003668,2024-11-11 10:09:00,STR014,PRD0036,CUS00481,5,405.13,0.0,0.0,2025.65,cash,mobile_app,USD
TXN0003669,2024-11-09 10:35:00,STR011,PRD0091,CUS00441,4,122.8,0.1,49.12,442.08,debit_card,mobile_app,USD
TXN0003670,2024-10-15 10:00:00,STR012,PRD0058,CUS00195,5,61.42,0.05,15.36,291.74,credit_card,mobile_app,USD
TXN0003671,2024-03-18 13:40:00,STR008,PRD0005,CUS00361,3,259.57,0.0,0.0,778.71,cash,mobile_app,USD
TXN0003672,2024-07-04 20:30:00,STR007,PRD0054,CUS00014,2,694.62,0.0,0.0,1389.24,debit_card,in_store,USD
TXN0003673,2024-09-23 19:32:00,STR003,PRD0005,CUS00426,2,259.57,0.1,51.91,467.23,cash,online,USD
TXN0003674,2024-06-24 15:59:00,STR023,PRD0073,,1,577.08,0.0,0.0,577.08,credit_card,in_store,USD
TXN0003675,2024-07-06 21:10:00,STR011,PRD0062,CUS00319,5,355.41,0.0,0.0,1777.05,debit_card,in_store,USD
TXN0003676,2024-08-27 12:00:00,STR023,PRD0080,CUS00102,4,270.17,0.0,0.0,1080.68,gift_card,online,USD
TXN0003677,2024-12-27 18:08:00,STR022,PRD0064,CUS00296,1,475.35,0.05,23.77,451.58,credit_card,online,USD
TXN0003678,2024-03-27 14:50:00,STR002,PRD0074,CUS00202,4,304.27,0.15,182.56,1034.52,cash,mobile_app,USD
TXN0003679,2024-05-10 19:18:00,STR011,PRD0095,CUS00341,4,658.33,0.0,0.0,2633.32,mobile_pay,in_store,USD
TXN0003680,2024-09-18 14:06:00,STR004,PRD0092,CUS00361,2,353.85,0.0,0.0,707.7,credit_card,online,USD
TXN0003681,2024-02-27 20:35:00,STR023,PRD0083,CUS00021,5,247.1,0.0,0.0,1235.5,mobile_pay,in_store,USD
TXN0003682,2024-01-25 15:20:00,STR023,PRD0013,CUS00396,3,80.66,0.0,0.0,241.98,cash,mobile_app,USD
TXN0003683,2024-12-01 15:46:00,STR018,PRD0070,CUS00274,3,31.14,0.0,0.0,93.42,credit_card,online,USD
TXN0003684,2024-12-30 20:54:00,STR012,PRD0052,CUS00135,5,76.14,0.0,0.0,380.7,mobile_pay,mobile_app,USD
TXN0003685,2024-04-05 19:56:00,STR017,PRD0054,,5,694.62,0.0,0.0,3473.1,mobile_pay,online,USD
TXN0003686,2024-04-16 15:20:00,STR010,PRD0105,CUS00116,1,554.1,0.0,0.0,554.1,debit_card,online,USD
TXN0003687,2024-01-01 14:47:00,STR009,PRD0026,CUS00116,5,172.92,0.1,86.46,778.14,mobile_pay,in_store,USD
TXN0003688,2024-09-06 16:01:00,STR023,PRD0074,CUS00038,3,304.27,0.0,0.0,912.81,gift_card,mobile_app,USD
TXN0003689,2024-07-11 12:40:00,STR013,PRD0087,CUS00181,4,488.55,0.15,293.13,1661.07,debit_card,in_store,USD
TXN0003690,2024-04-15 09:10:00,STR006,PRD0109,CUS00053,4,459.8,0.0,0.0,1839.2,gift_card,in_store,USD
TXN0003691,2024-03-04 21:00:00,STR015,PRD0097,CUS00157,3,118.36,0.05,17.75,337.33,cash,mobile_app,USD
TXN0003692,2024-01-24 15:45:00,STR012,PRD0094,CUS00265,2,326.53,0.05,32.65,620.41,credit_card,in_store,USD
TXN0003693,2024-08-19 21:45:00,STR015,PRD0084,CUS00418,2,127.62,0.0,0.0,255.24,cash,in_store,USD
TXN0003694,2024-10-11 20:05:00,STR022,PRD0059,CUS00339,5,458.19,0.0,0.0,2290.95,gift_card,in_store,USD
TXN0003695,2024-12-23 11:09:00,STR022,PRD0078,CUS00455,2,678.93,0.0,0.0,1357.86,gift_card,mobile_app,USD
TXN0003696,2024-12-18 14:22:00,STR012,PRD0118,,5,317.96,0.0,0.0,1589.8,mobile_pay,in_store,USD
TXN0003697,2024-12-28 16:31:00,STR010,PRD0002,CUS00335,4,26.09,0.0,0.0,104.36,cash,mobile_app,USD
TXN0003698,2024-11-24 12:52:00,STR014,PRD0109,CUS00032,4,459.8,0.0,0.0,1839.2,mobile_pay,in_store,USD
TXN0003699,2024-10-11 20:20:00,STR002,PRD0062,CUS00480,5,355.41,0.0,0.0,1777.05,credit_card,in_store,USD
TXN0003700,2024-11-13 21:52:00,STR004,PRD0018,CUS00103,4,94.47,0.0,0.0,377.88,debit_card,online,USD
TXN0003701,2024-08-31 18:23:00,STR004,PRD0104,CUS00206,2,398.02,0.0,0.0,796.04,mobile_pay,mobile_app,USD
TXN0003702,2024-11-13 21:51:00,STR013,PRD0074,CUS00481,4,304.27,0.1,121.71,1095.37,mobile_pay,online,USD
TXN0003703,2024-11-02 19:06:00,STR007,PRD0079,CUS00472,1,643.15,0.0,0.0,643.15,debit_card,online,USD
TXN0003704,2024-01-06 14:35:00,STR016,PRD0067,CUS00390,5,544.43,0.0,0.0,2722.15,mobile_pay,online,USD
TXN0003705,2024-05-28 20:59:00,STR004,PRD0009,CUS00006,2,675.27,0.05,67.53,1283.01,cash,in_store,USD
TXN0003706,2024-05-04 08:19:00,STR013,PRD0105,CUS00447,3,554.1,0.0,0.0,1662.3,mobile_pay,in_store,USD
TXN0003707,2024-05-15 09:28:00,STR015,PRD0050,,4,201.33,0.2,161.06,644.26,mobile_pay,mobile_app,USD
TXN0003708,2024-10-30 17:16:00,STR009,PRD0035,CUS00329,3,234.61,0.05,35.19,668.64,debit_card,mobile_app,USD
TXN0003709,2024-06-18 12:23:00,STR012,PRD0062,CUS00309,3,355.41,0.05,53.31,1012.92,gift_card,online,USD
TXN0003710,2024-02-23 13:59:00,STR004,PRD0022,CUS00080,5,146.15,0.0,0.0,730.75,mobile_pay,in_store,USD
TXN0003711,2024-12-17 15:36:00,STR023,PRD0003,CUS00252,4,569.87,0.05,113.97,2165.51,credit_card,in_store,USD
TXN0003712,2024-08-09 17:53:00,STR007,PRD0075,CUS00277,5,507.8,0.0,0.0,2539.0,cash,in_store,USD
TXN0003713,2024-06-22 20:08:00,STR006,PRD0048,CUS00361,1,473.17,0.0,0.0,473.17,gift_card,mobile_app,USD
TXN0003714,2024-12-25 08:06:00,STR005,PRD0014,CUS00043,2,10.52,0.05,1.05,19.99,gift_card,mobile_app,USD
TXN0003715,2024-09-22 19:32:00,STR021,PRD0047,CUS00465,1,487.35,0.0,0.0,487.35,mobile_pay,in_store,USD
TXN0003716,2024-07-23 16:20:00,STR017,PRD0107,CUS00394,5,368.5,0.05,92.12,1750.38,credit_card,mobile_app,USD
TXN0003717,2024-08-31 14:30:00,STR015,PRD0021,CUS00062,3,411.07,0.2,246.64,986.57,cash,mobile_app,USD
TXN0003718,2024-04-30 16:23:00,STR008,PRD0031,,3,77.68,0.15,34.96,198.08,mobile_pay,in_store,USD
TXN0003719,2024-11-20 10:04:00,STR011,PRD0069,CUS00178,2,527.04,0.05,52.7,1001.38,mobile_pay,mobile_app,USD
TXN0003720,2024-04-02 12:14:00,STR002,PRD0047,CUS00301,1,487.35,0.0,0.0,487.35,gift_card,mobile_app,USD
TXN0003721,2024-09-29 17:59:00,STR021,PRD0112,CUS00316,4,268.87,0.0,0.0,1075.48,credit_card,mobile_app,USD
TXN0003722,2024-04-20 17:57:00,STR021,PRD0038,CUS00082,1,879.64,0.0,0.0,879.64,credit_card,mobile_app,USD
TXN0003723,2024-08-02 14:47:00,STR013,PRD0038,CUS00463,1,879.64,0.2,175.93,703.71,cash,mobile_app,USD
TXN0003724,2024-08-04 09:14:00,STR017,PRD0115,CUS00036,5,145.51,0.0,0.0,727.55,mobile_pay,online,USD
TXN0003725,2024-04-10 21:49:00,STR012,PRD0058,CUS00182,5,61.42,0.05,15.36,291.74,mobile_pay,mobile_app,USD
TXN0003726,2024-04-24 10:46:00,STR012,PRD0033,CUS00303,2,269.98,0.0,0.0,539.96,credit_card,online,USD
TXN0003727,2024-10-17 14:53:00,STR016,PRD0087,CUS00478,4,488.55,0.0,0.0,1954.2,credit_card,online,USD
TXN0003728,2024-01-28 17:25:00,STR010,PRD0084,CUS00163,1,127.62,0.0,0.0,127.62,mobile_pay,online,USD
TXN0003729,2024-08-08 21:17:00,STR010,PRD0080,,4,270.17,0.0,0.0,1080.68,debit_card,mobile_app,USD
TXN0003730,2024-09-06 21:40:00,STR003,PRD0099,CUS00252,3,388.71,0.0,0.0,1166.13,gift_card,in_store,USD
TXN0003731,2024-08-15 08:55:00,STR008,PRD0043,CUS00204,2,621.23,0.0,0.0,1242.46,mobile_pay,online,USD
TXN0003732,2024-02-10 17:16:00,STR022,PRD0014,CUS00101,5,10.52,0.0,0.0,52.6,mobile_pay,in_store,USD
TXN0003733,2024-08-11 12:18:00,STR005,PRD0013,CUS00171,2,80.66,0.2,32.26,129.06,cash,mobile_app,USD
TXN0003734,2024-07-23 17:53:00,STR013,PRD0027,CUS00465,1,490.08,0.0,0.0,490.08,debit_card,mobile_app,USD
TXN0003735,2024-11-17 12:57:00,STR019,PRD0117,CUS00353,2,54.14,0.0,0.0,108.28,credit_card,in_store,USD
TXN0003736,2024-04-27 14:19:00,STR023,PRD0079,CUS00182,3,643.15,0.0,0.0,1929.45,debit_card,mobile_app,USD
TXN0003737,2024-10-07 08:58:00,STR020,PRD0004,CUS00087,3,602.78,0.0,0.0,1808.34,cash,in_store,USD
TXN0003738,2024-06-27 20:37:00,STR011,PRD0074,CUS00008,2,304.27,0.0,0.0,608.54,credit_card,online,USD
TXN0003739,2024-08-28 18:38:00,STR006,PRD0060,CUS00203,3,399.84,0.0,0.0,1199.52,credit_card,in_store,USD
TXN0003740,2024-11-11 19:41:00,STR005,PRD0096,,4,389.05,0.0,0.0,1556.2,credit_card,mobile_app,USD
TXN0003741,2024-06-18 19:23:00,STR003,PRD0087,CUS00176,1,488.55,0.05,24.43,464.12,mobile_pay,mobile_app,USD
TXN0003742,2024-08-10 13:31:00,STR014,PRD0077,CUS00319,1,898.98,0.0,0.0,898.98,credit_card,mobile_app,USD
TXN0003743,2024-05-18 13:54:00,STR016,PRD0069,CUS00221,3,527.04,0.0,0.0,1581.12,credit_card,online,USD
TXN0003744,2024-05-28 19:25:00,STR021,PRD0101,CUS00205,3,437.08,0.0,0.0,1311.24,gift_card,online,USD
TXN0003745,2024-06-19 21:10:00,STR022,PRD0114,CUS00489,3,596.37,0.0,0.0,1789.11,mobile_pay,online,USD
TXN0003746,2024-10-20 16:23:00,STR022,PRD0104,CUS00337,2,398.02,0.05,39.8,756.24,mobile_pay,online,USD
TXN0003747,2024-07-18 11:45:00,STR009,PRD0106,CUS00053,3,558.66,0.0,0.0,1675.98,debit_card,in_store,USD
TXN0003748,2024-09-16 21:09:00,STR002,PRD0106,CUS00461,5,558.66,0.1,279.33,2513.97,debit_card,online,USD
TXN0003749,2024-02-02 08:20:00,STR013,PRD0108,CUS00441,2,99.37,0.0,0.0,198.74,debit_card,online,USD
TXN0003750,2024-08-30 09:04:00,STR017,PRD0022,CUS00147,2,146.15,0.0,0.0,292.3,mobile_pay,in_store,USD
TXN0003751,2024-06-08 12:03:00,STR012,PRD0072,,5,500.55,0.0,0.0,2502.75,gift_card,in_store,USD
TXN0003752,2024-06-30 16:59:00,STR014,PRD0050,CUS00399,5,201.33,0.0,0.0,1006.65,mobile_pay,in_store,USD
TXN0003753,2024-06-25 19:59:00,STR023,PRD0020,CUS00040,4,595.59,0.0,0.0,2382.36,mobile_pay,mobile_app,USD
TXN0003754,2024-07-02 11:38:00,STR001,PRD0104,CUS00375,3,398.02,0.0,0.0,1194.06,gift_card,in_store,USD
TXN0003755,2024-06-06 11:51:00,STR021,PRD0026,CUS00042,3,172.92,0.0,0.0,518.76,credit_card,in_store,USD
TXN0003756,2024-05-15 20:54:00,STR011,PRD0097,CUS00392,5,118.36,0.0,0.0,591.8,gift_card,mobile_app,USD
TXN0003757,2024-12-26 18:51:00,STR018,PRD0057,CUS00239,2,412.83,0.0,0.0,825.66,mobile_pay,online,USD
TXN0003758,2024-03-25 21:56:00,STR004,PRD0089,CUS00278,2,690.46,0.0,0.0,1380.92,gift_card,mobile_app,USD
TXN0003759,2024-01-31 20:52:00,STR007,PRD0074,CUS00257,3,304.27,0.1,91.28,821.53,gift_card,online,USD
TXN0003760,2024-06-09 20:19:00,STR005,PRD0036,CUS00146,1,405.13,0.1,40.51,364.62,cash,mobile_app,USD
TXN0003761,2024-04-24 17:30:00,STR013,PRD0019,CUS00020,5,351.82,0.0,0.0,1759.1,cash,online,USD
TXN0003762,2024-07-21 17:44:00,STR016,PRD0090,,3,69.19,0.05,10.38,197.19,gift_card,mobile_app,USD
TXN0003763,2024-01-25 20:38:00,STR017,PRD0097,CUS00045,2,118.36,0.05,11.84,224.88,cash,online,USD
TXN0003764,2024-09-11 14:32:00,STR013,PRD0019,CUS00312,4,351.82,0.0,0.0,1407.28,cash,mobile_app,USD
TXN0003765,2024-03-02 11:46:00,STR016,PRD0105,CUS00224,3,554.1,0.05,83.12,1579.18,credit_card,online,USD
TXN0003766,2024-05-30 15:44:00,STR006,PRD0083,CUS00168,1,247.1,0.0,0.0,247.1,gift_card,in_store,USD
TXN0003767,2024-01-21 11:51:00,STR018,PRD0074,CUS00139,2,304.27,0.0,0.0,608.54,cash,mobile_app,USD
TXN0003768,2024-12-04 14:42:00,STR012,PRD0007,CUS00453,1,274.3,0.15,41.15,233.15,cash,mobile_app,USD
TXN0003769,2024-09-21 19:09:00,STR022,PRD0044,CUS00095,5,126.49,0.0,0.0,632.45,gift_card,online,USD
TXN0003770,2024-01-28 19:23:00,STR019,PRD0047,CUS00010,5,487.35,0.0,0.0,2436.75,credit_card,mobile_app,USD
TXN0003771,2024-05-07 11:45:00,STR013,PRD0018,CUS00252,4,94.47,0.0,0.0,377.88,gift_card,online,USD
TXN0003772,2024-05-09 20:18:00,STR016,PRD0096,CUS00062,4,389.05,0.0,0.0,1556.2,debit_card,mobile_app,USD
TXN0003773,2024-04-04 20:26:00,STR016,PRD0065,,5,286.09,0.2,286.09,1144.36,gift_card,mobile_app,USD
TXN0003774,2024-07-14 10:34:00,STR004,PRD0117,CUS00045,1,54.14,0.0,0.0,54.14,credit_card,mobile_app,USD
TXN0003775,2024-11-20 17:49:00,STR003,PRD0032,CUS00500,3,251.17,0.1,75.35,678.16,cash,online,USD
TXN0003776,2024-03-02 18:01:00,STR017,PRD0024,CUS00484,5,364.86,0.0,0.0,1824.3,debit_card,online,USD
TXN0003777,2024-09-27 09:40:00,STR014,PRD0013,CUS00116,3,80.66,0.0,0.0,241.98,debit_card,in_store,USD
TXN0003778,2024-07-21 19:27:00,STR011,PRD0075,CUS00154,4,507.8,0.0,0.0,2031.2,gift_card,in_store,USD
TXN0003779,2024-04-01 11:44:00,STR013,PRD0092,CUS00216,4,353.85,0.0,0.0,1415.4,cash,mobile_app,USD
TXN0003780,2024-11-03 21:30:00,STR015,PRD0113,CUS00215,1,336.98,0.05,16.85,320.13,credit_card,in_store,USD
TXN0003781,2024-07-12 12:29:00,STR014,PRD0043,CUS00426,5,621.23,0.0,0.0,3106.15,mobile_pay,mobile_app,USD
TXN0003782,2024-02-24 16:06:00,STR010,PRD0063,CUS00486,4,23.14,0.1,9.26,83.3,credit_card,online,USD
TXN0003783,2024-09-18 13:46:00,STR019,PRD0100,CUS00137,5,576.59,0.1,288.3,2594.65,credit_card,mobile_app,USD
TXN0003784,2024-05-09 08:00:00,STR015,PRD0010,,4,276.68,0.0,0.0,1106.72,cash,in_store,USD
TXN0003785,2024-11-09 15:31:00,STR014,PRD0117,CUS00086,2,54.14,0.0,0.0,108.28,debit_card,in_store,USD
TXN0003786,2024-04-01 11:06:00,STR005,PRD0053,CUS00156,5,321.56,0.2,321.56,1286.24,debit_card,mobile_app,USD
TXN0003787,2024-02-02 08:25:00,STR015,PRD0054,CUS00118,4,694.62,0.0,0.0,2778.48,credit_card,mobile_app,USD
TXN0003788,2024-09-08 14:10:00,STR020,PRD0099,CUS00470,4,388.71,0.0,0.0,1554.84,credit_card,mobile_app,USD
TXN0003789,2024-01-18 11:08:00,STR006,PRD0107,CUS00406,3,368.5,0.1,110.55,994.95,cash,in_store,USD
TXN0003790,2024-03-24 08:24:00,STR018,PRD0071,CUS00335,5,327.28,0.0,0.0,1636.4,credit_card,in_store,USD
TXN0003791,2024-05-01 16:51:00,STR003,PRD0065,CUS00233,2,286.09,0.05,28.61,543.57,cash,mobile_app,USD
TXN0003792,2024-05-25 12:32:00,STR011,PRD0062,CUS00015,5,355.41,0.0,0.0,1777.05,debit_card,mobile_app,USD
TXN0003793,2024-03-30 13:36:00,STR023,PRD0055,CUS00317,5,264.5,0.05,66.12,1256.38,gift_card,in_store,USD
TXN0003794,2024-12-17 15:25:00,STR022,PRD0020,CUS00294,1,595.59,0.05,29.78,565.81,cash,in_store,USD
TXN0003795,2024-09-11 17:03:00,STR020,PRD0026,,4,172.92,0.0,0.0,691.68,mobile_pay,in_store,USD
TXN0003796,2024-04-02 11:37:00,STR011,PRD0026,CUS00366,5,172.92,0.0,0.0,864.6,debit_card,in_store,USD
TXN0003797,2024-02-04 13:26:00,STR002,PRD0048,CUS00157,4,473.17,0.05,94.63,1798.05,debit_card,online,USD
TXN0003798,2024-12-15 15:04:00,STR010,PRD0020,CUS00257,2,595.59,0.05,59.56,1131.62,debit_card,in_store,USD
TXN0003799,2024-05-19 09:52:00,STR006,PRD0086,CUS00402,1,139.31,0.0,0.0,139.31,debit_card,in_store,USD
TXN0003800,2024-06-19 18:22:00,STR004,PRD0049,CUS00249,3,327.25,0.0,0.0,981.75,cash,online,USD
TXN0003801,2024-04-09 16:02:00,STR005,PRD0092,CUS00204,5,353.85,0.0,0.0,1769.25,debit_card,mobile_app,USD
TXN0003802,2024-10-04 19:29:00,STR020,PRD0065,CUS00129,5,286.09,0.15,214.57,1215.88,debit_card,mobile_app,USD
TXN0003803,2024-07-22 19:09:00,STR010,PRD0095,CUS00145,2,658.33,0.0,0.0,1316.66,cash,in_store,USD
TXN0003804,2024-01-21 21:10:00,STR022,PRD0014,CUS00168,4,10.52,0.2,8.42,33.66,credit_card,online,USD
TXN0003805,2024-04-06 10:55:00,STR012,PRD0059,CUS00273,2,458.19,0.0,0.0,916.38,cash,mobile_app,USD
TXN0003806,2024-04-23 21:16:00,STR008,PRD0096,,4,389.05,0.15,233.43,1322.77,debit_card,mobile_app,USD
TXN0003807,2024-11-02 20:23:00,STR005,PRD0114,CUS00422,5,596.37,0.0,0.0,2981.85,cash,in_store,USD
TXN0003808,2024-04-08 19:41:00,STR013,PRD0108,CUS00100,2,99.37,0.0,0.0,198.74,cash,in_store,USD
TXN0003809,2024-02-12 15:07:00,STR004,PRD0115,CUS00367,4,145.51,0.05,29.1,552.94,cash,online,USD
TXN0003810,2024-06-20 20:11:00,STR011,PRD0032,CUS00118,2,251.17,0.0,0.0,502.34,credit_card,online,USD
TXN0003811,2024-08-18 12:24:00,STR021,PRD0007,CUS00122,2,274.3,0.0,0.0,548.6,cash,mobile_app,USD
TXN0003812,2024-04-06 13:13:00,STR013,PRD0043,CUS00310,2,621.23,0.0,0.0,1242.46,gift_card,online,USD
TXN0003813,2024-03-17 10:17:00,STR006,PRD0071,CUS00480,4,327.28,0.05,65.46,1243.66,debit_card,in_store,USD
TXN0003814,2024-09-15 20:05:00,STR001,PRD0098,CUS00168,5,244.56,0.1,122.28,1100.52,gift_card,online,USD
TXN0003815,2024-05-02 18:38:00,STR005,PRD0087,CUS00472,2,488.55,0.0,0.0,977.1,gift_card,mobile_app,USD
TXN0003816,2024-04-23 10:03:00,STR010,PRD0057,CUS00408,3,412.83,0.0,0.0,1238.49,mobile_pay,mobile_app,USD
TXN0003817,2024-10-12 09:22:00,STR020,PRD0073,,5,577.08,0.0,0.0,2885.4,mobile_pay,in_store,USD
TXN0003818,2024-12-23 08:52:00,STR003,PRD0011,CUS00443,4,526.75,0.15,316.05,1790.95,gift_card,online,USD
TXN0003819,2024-04-12 11:58:00,STR020,PRD0064,CUS00270,3,475.35,0.05,71.3,1354.75,debit_card,mobile_app,USD
TXN0003820,2024-07-16 17:29:00,STR023,PRD0106,CUS00305,2,558.66,0.05,55.87,1061.45,cash,mobile_app,USD
TXN0003821,2024-04-11 09:43:00,STR014,PRD0054,CUS00467,3,694.62,0.0,0.0,2083.86,mobile_pay,in_store,USD
TXN0003822,2024-01-14 13:53:00,STR006,PRD0075,CUS00349,1,507.8,0.0,0.0,507.8,debit_card,in_store,USD
TXN0003823,2024-11-18 19:21:00,STR017,PRD0024,CUS00102,1,364.86,0.0,0.0,364.86,mobile_pay,in_store,USD
TXN0003824,2024-11-09 08:19:00,STR007,PRD0077,CUS00213,2,898.98,0.0,0.0,1797.96,cash,mobile_app,USD
TXN0003825,2024-08-20 19:33:00,STR005,PRD0008,CUS00457,3,455.65,0.0,0.0,1366.95,cash,online,USD
TXN0003826,2024-12-26 21:27:00,STR021,PRD0077,CUS00453,2,898.98,0.0,0.0,1797.96,gift_card,mobile_app,USD
TXN0003827,2024-10-24 10:28:00,STR009,PRD0082,CUS00381,4,82.51,0.0,0.0,330.04,debit_card,in_store,USD
TXN0003828,2024-09-20 13:10:00,STR023,PRD0097,,3,118.36,0.05,17.75,337.33,debit_card,mobile_app,USD
TXN0003829,2024-02-29 12:22:00,STR012,PRD0092,CUS00094,3,353.85,0.0,0.0,1061.55,gift_card,in_store,USD
TXN0003830,2024-08-26 08:36:00,STR014,PRD0118,CUS00467,2,317.96,0.1,63.59,572.33,cash,mobile_app,USD
TXN0003831,2024-07-03 13:02:00,STR020,PRD0063,CUS00256,1,23.14,0.0,0.0,23.14,mobile_pay,mobile_app,USD
TXN0003832,2024-12-23 21:13:00,STR018,PRD0100,CUS00350,3,576.59,0.0,0.0,1729.77,mobile_pay,in_store,USD
TXN0003833,2024-11-23 09:39:00,STR011,PRD0061,CUS00395,1,169.37,0.0,0.0,169.37,credit_card,online,USD
TXN0003834,2024-12-02 16:10:00,STR006,PRD0043,CUS00009,5,621.23,0.2,621.23,2484.92,mobile_pay,mobile_app,USD
TXN0003835,2024-07-29 10:48:00,STR009,PRD0039,CUS00480,4,415.77,0.0,0.0,1663.08,gift_card,in_store,USD
TXN0003836,2024-02-05 09:32:00,STR006,PRD0048,CUS00320,4,473.17,0.1,189.27,1703.41,debit_card,in_store,USD
TXN0003837,2024-06-29 10:15:00,STR010,PRD0100,CUS00234,1,576.59,0.0,0.0,576.59,credit_card,in_store,USD
TXN0003838,2024-01-13 18:43:00,STR017,PRD0011,CUS00086,4,526.75,0.0,0.0,2107.0,gift_card,online,USD
TXN0003839,2024-08-07 16:30:00,STR016,PRD0019,,1,351.82,0.05,17.59,334.23,credit_card,online,USD
TXN0003840,2024-08-09 21:55:00,STR015,PRD0012,CUS00418,5,233.86,0.0,0.0,1169.3,mobile_pay,mobile_app,USD
TXN0003841,2024-08-09 09:46:00,STR002,PRD0029,CUS00256,5,354.91,0.0,0.0,1774.55,gift_card,in_store,USD
TXN0003842,2024-12-03 09:11:00,STR020,PRD0043,CUS00387,3,621.23,0.0,0.0,1863.69,cash,mobile_app,USD
TXN0003843,2024-09-21 13:09:00,STR015,PRD0110,CUS00178,5,406.78,0.0,0.0,2033.9,gift_card,online,USD
TXN0003844,2024-08-07 15:44:00,STR020,PRD0029,CUS00064,5,354.91,0.0,0.0,1774.55,cash,mobile_app,USD
TXN0003845,2024-06-16 18:38:00,STR006,PRD0079,CUS00399,1,643.15,0.0,0.0,643.15,debit_card,in_store,USD
TXN0003846,2024-08-18 10:34:00,STR011,PRD0072,CUS00087,1,500.55,0.0,0.0,500.55,cash,mobile_app,USD
TXN0003847,2024-01-18 20:31:00,STR021,PRD0099,CUS00050,1,388.71,0.0,0.0,388.71,credit_card,mobile_app,USD
TXN0003848,2024-08-07 18:43:00,STR017,PRD0028,CUS00262,3,621.82,0.0,0.0,1865.46,credit_card,in_store,USD
TXN0003849,2024-06-17 18:32:00,STR009,PRD0067,CUS00055,3,544.43,0.0,0.0,1633.29,credit_card,online,USD
TXN0003850,2024-08-18 15:52:00,STR022,PRD0042,,4,140.2,0.05,28.04,532.76,gift_card,in_store,USD
TXN0003851,2024-11-17 16:33:00,STR013,PRD0063,CUS00270,1,23.14,0.0,0.0,23.14,gift_card,mobile_app,USD
TXN0003852,2024-02-12 20:01:00,STR021,PRD0048,CUS00417,4,473.17,0.0,0.0,1892.68,gift_card,mobile_app,USD
TXN0003853,2024-12-26 18:39:00,STR021,PRD0055,CUS00217,5,264.5,0.05,66.12,1256.38,cash,mobile_app,USD
TXN0003854,2024-01-13 21:50:00,STR006,PRD0031,CUS00075,4,77.68,0.0,0.0,310.72,mobile_pay,mobile_app,USD
TXN0003855,2024-06-16 11:20:00,STR004,PRD0039,CUS00189,5,415.77,0.0,0.0,2078.85,debit_card,in_store,USD
TXN0003856,2024-01-10 12:41:00,STR001,PRD0043,CUS00370,1,621.23,0.0,0.0,621.23,credit_card,in_store,USD
TXN0003857,2024-01-18 16:34:00,STR001,PRD0024,CUS00197,5,364.86,0.15,273.64,1550.66,cash,online,USD
TXN0003858,2024-03-29 21:18:00,STR004,PRD0062,CUS00447,1,355.41,0.0,0.0,355.41,credit_card,in_store,USD
TXN0003859,2024-02-25 21:40:00,STR020,PRD0076,CUS00310,2,33.66,0.0,0.0,67.32,cash,in_store,USD
TXN0003860,2024-10-04 12:12:00,STR017,PRD0116,CUS00419,5,648.85,0.0,0.0,3244.25,mobile_pay,in_store,USD
TXN0003861,2024-09-07 11:52:00,STR020,PRD0072,,5,500.55,0.0,0.0,2502.75,cash,in_store,USD
TXN0003862,2024-10-06 19:45:00,STR022,PRD0048,CUS00141,1,473.17,0.0,0.0,473.17,credit_card,online,USD
TXN0003863,2024-03-03 09:56:00,STR011,PRD0031,CUS00070,4,77.68,0.0,0.0,310.72,gift_card,in_store,USD
TXN0003864,2024-06-19 13:21:00,STR011,PRD0120,CUS00245,2,136.37,0.0,0.0,272.74,mobile_pay,in_store,USD
TXN0003865,2024-05-13 13:46:00,STR010,PRD0043,CUS00473,5,621.23,0.0,0.0,3106.15,credit_card,online,USD
TXN0003866,2024-06-22 12:39:00,STR014,PRD0062,CUS00205,3,355.41,0.0,0.0,1066.23,cash,online,USD
TXN0003867,2024-10-04 13:04:00,STR020,PRD0006,CUS00134,5,101.59,0.0,0.0,507.95,debit_card,online,USD
TXN0003868,2024-10-19 17:56:00,STR012,PRD0053,CUS00236,2,321.56,0.0,0.0,643.12,gift_card,online,USD
TXN0003869,2024-04-21 15:31:00,STR005,PRD0036,CUS00233,1,405.13,0.0,0.0,405.13,cash,in_store,USD
TXN0003870,2024-01-08 10:38:00,STR017,PRD0035,CUS00170,4,234.61,0.0,0.0,938.44,debit_card,mobile_app,USD
TXN0003871,2024-11-14 21:32:00,STR022,PRD0026,CUS00354,1,172.92,0.0,0.0,172.92,cash,mobile_app,USD
TXN0003872,2024-11-06 15:07:00,STR016,PRD0050,,5,201.33,0.0,0.0,1006.65,credit_card,online,USD
TXN0003873,2024-10-11 11:17:00,STR005,PRD0015,CUS00081,3,541.61,0.0,0.0,1624.83,debit_card,in_store,USD
TXN0003874,2024-05-13 15:41:00,STR018,PRD0107,CUS00004,4,368.5,0.1,147.4,1326.6,debit_card,online,USD
TXN0003875,2024-06-08 15:29:00,STR015,PRD0071,CUS00424,5,327.28,0.0,0.0,1636.4,cash,in_store,USD
TXN0003876,2024-08-03 19:52:00,STR012,PRD0098,CUS00492,3,244.56,0.1,73.37,660.31,credit_card,mobile_app,USD
TXN0003877,2024-02-25 21:07:00,STR001,PRD0101,CUS00229,1,437.08,0.0,0.0,437.08,debit_card,online,USD
TXN0003878,2024-01-09 21:12:00,STR014,PRD0073,CUS00441,5,577.08,0.0,0.0,2885.4,mobile_pay,online,USD
TXN0003879,2024-03-10 14:43:00,STR017,PRD0021,CUS00103,4,411.07,0.0,0.0,1644.28,debit_card,online,USD
TXN0003880,2024-03-16 11:49:00,STR004,PRD0019,CUS00060,2,351.82,0.0,0.0,703.64,debit_card,in_store,USD
TXN0003881,2024-10-20 15:05:00,STR007,PRD0105,CUS00247,5,554.1,0.0,0.0,2770.5,mobile_pay,in_store,USD
TXN0003882,2024-04-14 19:32:00,STR003,PRD0030,CUS00074,5,80.67,0.0,0.0,403.35,gift_card,mobile_app,USD
TXN0003883,2024-09-24 14:28:00,STR015,PRD0092,,1,353.85,0.15,53.08,300.77,credit_card,mobile_app,USD
TXN0003884,2024-10-24 11:29:00,STR011,PRD0060,CUS00366,1,399.84,0.1,39.98,359.86,credit_card,in_store,USD
TXN0003885,2024-11-11 13:24:00,STR004,PRD0023,CUS00050,2,249.34,0.0,0.0,498.68,mobile_pay,online,USD
TXN0003886,2024-07-08 14:14:00,STR003,PRD0064,CUS00347,3,475.35,0.0,0.0,1426.05,mobile_pay,mobile_app,USD
TXN0003887,2024-12-09 19:54:00,STR019,PRD0003,CUS00158,1,569.87,0.05,28.49,541.38,cash,online,USD
TXN0003888,2024-10-08 19:13:00,STR006,PRD0042,CUS00201,5,140.2,0.0,0.0,701.0,credit_card,online,USD
TXN0003889,2024-04-10 13:44:00,STR007,PRD0052,CUS00329,3,76.14,0.1,22.84,205.58,gift_card,online,USD
TXN0003890,2024-01-05 11:57:00,STR022,PRD0029,CUS00341,1,354.91,0.05,17.75,337.16,gift_card,online,USD
TXN0003891,2024-12-12 20:25:00,STR003,PRD0115,CUS00293,3,145.51,0.05,21.83,414.7,gift_card,mobile_app,USD
TXN0003892,2024-01-12 18:02:00,STR014,PRD0074,CUS00475,4,304.27,0.0,0.0,1217.08,credit_card,online,USD
TXN0003893,2024-07-18 19:01:00,STR012,PRD0005,CUS00064,4,259.57,0.0,0.0,1038.28,gift_card,online,USD
TXN0003894,2024-10-14 12:31:00,STR019,PRD0062,,5,355.41,0.0,0.0,1777.05,gift_card,mobile_app,USD
TXN0003895,2024-11-21 09:39:00,STR020,PRD0060,CUS00456,5,399.84,0.0,0.0,1999.2,debit_card,mobile_app,USD
TXN0003896,2024-09-03 19:10:00,STR999,PRD0099,CUS00168,3,388.71,0.0,0.0,1166.13,credit_card,mobile_app,USD
TXN0003897,2024-06-21 18:19:00,STR010,PRD0048,CUS00318,2,473.17,0.0,0.0,946.34,debit_card,mobile_app,USD
TXN0003898,2024-12-23 13:59:00,STR011,PRD0039,CUS00172,3,415.77,0.0,0.0,1247.31,cash,online,USD
TXN0003899,2024-12-12 08:48:00,STR001,PRD0107,CUS00280,2,368.5,0.0,0.0,737.0,cash,in_store,USD
TXN0003900,2024-06-08 08:26:00,STR016,PRD0090,CUS00264,1,69.19,0.0,0.0,69.19,mobile_pay,mobile_app,USD
TXN0003901,2024-11-06 10:39:00,STR011,PRD0022,CUS00493,5,146.15,0.05,36.54,694.21,gift_card,in_store,USD
TXN0003902,2024-07-17 18:45:00,STR013,PRD0113,CUS00497,4,336.98,0.0,0.0,1347.92,debit_card,online,USD
TXN0003903,2024-09-03 17:09:00,STR004,PRD0072,CUS00221,1,500.55,0.05,25.03,475.52,debit_card,in_store,USD
TXN0003904,2024-09-23 13:09:00,STR011,PRD0066,CUS00108,4,404.74,0.05,80.95,1538.01,mobile_pay,mobile_app,USD
TXN0003905,2024-12-25 15:39:00,STR008,PRD0087,,1,488.55,0.0,0.0,488.55,debit_card,mobile_app,USD
TXN0003906,2024-02-27 17:28:00,STR012,PRD0100,CUS00297,1,576.59,0.05,28.83,547.76,gift_card,in_store,USD
TXN0003907,2024-10-19 08:59:00,STR004,PRD0024,CUS00016,2,364.86,0.0,0.0,729.72,cash,online,USD
TXN0003908,2024-12-13 10:34:00,STR005,PRD0031,CUS00337,1,77.68,0.0,0.0,77.68,credit_card,in_store,USD
TXN0003909,2024-09-19 12:02:00,STR001,PRD0001,CUS00470,4,137.75,0.0,0.0,551.0,mobile_pay,online,USD
TXN0003910,2024-02-07 14:31:00,STR014,PRD0036,CUS00269,2,405.13,0.0,0.0,810.26,gift_card,in_store,USD
TXN0003911,2024-12-23 09:59:00,STR001,PRD0071,CUS00275,5,327.28,0.0,0.0,1636.4,cash,mobile_app,USD
TXN0003912,2024-10-03 08:38:00,STR003,PRD0094,CUS00282,4,326.53,0.05,65.31,1240.81,debit_card,online,USD
TXN0003913,2024-11-26 13:08:00,STR014,PRD0032,CUS00214,5,251.17,0.0,0.0,1255.85,debit_card,in_store,USD
TXN0003914,2024-09-01 10:03:00,STR010,PRD0020,CUS00041,5,595.59,0.1,297.8,2680.15,gift_card,mobile_app,USD
TXN0003915,2024-11-12 20:12:00,STR014,PRD0079,CUS00347,2,643.15,0.0,0.0,1286.3,gift_card,in_store,USD
TXN0003916,2024-10-09 12:19:00,STR012,PRD0035,,5,234.61,0.05,58.65,1114.4,credit_card,mobile_app,USD
TXN0003917,2024-01-27 19:26:00,STR005,PRD0014,CUS00215,5,10.52,0.0,0.0,52.6,gift_card,mobile_app,USD
TXN0003918,2024-02-25 15:43:00,STR009,PRD0082,CUS00372,3,82.51,0.0,0.0,247.53,gift_card,online,USD
TXN0003919,2024-12-21 12:55:00,STR005,PRD0001,CUS00294,4,137.75,0.05,27.55,523.45,gift_card,mobile_app,USD
TXN0003920,2024-06-17 11:08:00,STR019,PRD0075,CUS00406,3,507.8,0.1,152.34,1371.06,credit_card,online,USD
TXN0003921,2024-03-18 18:04:00,STR005,PRD0061,CUS00283,1,169.37,0.15,25.41,143.96,gift_card,mobile_app,USD
TXN0003922,2024-10-19 19:11:00,STR012,PRD0112,CUS00378,5,268.87,0.0,0.0,1344.35,credit_card,mobile_app,USD
TXN0003923,2024-06-14 10:11:00,STR011,PRD0037,CUS00113,2,47.85,0.0,0.0,95.7,mobile_pay,mobile_app,USD
TXN0003924,2024-08-22 14:27:00,STR014,PRD0003,CUS00448,1,569.87,0.0,0.0,569.87,credit_card,in_store,USD
TXN0003925,2024-05-22 15:06:00,STR007,PRD0083,CUS00003,1,247.1,0.0,0.0,247.1,gift_card,mobile_app,USD
TXN0003926,2024-04-08 17:55:00,STR005,PRD0030,CUS00268,1,80.67,0.05,4.03,76.64,mobile_pay,in_store,USD
TXN0003927,2024-12-19 15:04:00,STR016,PRD0053,,2,321.56,0.0,0.0,643.12,cash,online,USD
TXN0003928,2024-05-26 11:06:00,STR005,PRD0047,CUS00068,3,487.35,0.05,73.1,1388.95,gift_card,online,USD
TXN0003929,2024-02-24 16:33:00,STR021,PRD0005,CUS00301,5,259.57,0.0,0.0,1297.85,cash,online,USD
TXN0003930,2024-12-19 10:43:00,STR020,PRD0076,CUS00359,3,33.66,0.0,0.0,100.98,gift_card,online,USD
TXN0003931,2024-05-16 18:11:00,STR019,PRD0065,CUS00160,1,286.09,0.05,14.3,271.79,mobile_pay,mobile_app,USD
TXN0003932,2024-11-03 15:09:00,STR014,PRD0099,CUS00265,1,388.71,0.0,0.0,388.71,cash,online,USD
TXN0003933,2024-09-20 15:56:00,STR014,PRD0020,CUS00114,2,595.59,0.0,0.0,1191.18,cash,in_store,USD
TXN0003934,2024-12-26 16:27:00,STR006,PRD0059,CUS00062,3,458.19,0.0,0.0,1374.57,cash,online,USD
TXN0003935,2024-06-05 20:20:00,STR009,PRD0022,CUS00100,5,146.15,0.0,0.0,730.75,gift_card,mobile_app,USD
TXN0003936,2024-10-17 09:52:00,STR001,PRD0029,CUS00162,4,354.91,0.0,0.0,1419.64,debit_card,in_store,USD
TXN0003937,2024-05-25 14:47:00,STR009,PRD0058,CUS00039,4,61.42,0.15,36.85,208.83,debit_card,in_store,USD
TXN0003938,2024-02-24 15:04:00,STR002,PRD0109,,1,459.8,0.0,0.0,459.8,mobile_pay,in_store,USD
TXN0003939,2024-05-23 08:40:00,STR023,PRD0072,CUS00281,1,500.55,0.0,0.0,500.55,debit_card,mobile_app,USD
TXN0003940,2024-06-22 14:25:00,STR007,PRD0041,CUS00243,4,491.81,0.0,0.0,1967.24,credit_card,online,USD
TXN0003941,2024-04-18 17:58:00,STR015,PRD0009,CUS00357,2,675.27,0.0,0.0,1350.54,mobile_pay,mobile_app,USD
TXN0003942,2024-06-21 15:26:00,STR002,PRD0113,CUS00239,1,336.98,0.1,33.7,303.28,cash,online,USD
TXN0003943,2024-05-19 15:17:00,STR002,PRD0062,CUS00306,2,355.41,0.0,0.0,710.82,debit_card,mobile_app,USD
TXN0003944,2024-06-18 13:03:00,STR004,PRD0095,CUS00461,3,658.33,0.0,0.0,1974.99,credit_card,mobile_app,USD
TXN0003945,2024-02-12 13:45:00,STR008,PRD0094,CUS00088,4,326.53,0.0,0.0,1306.12,mobile_pay,online,USD
TXN0003946,2024-10-11 09:52:00,STR004,PRD0064,CUS00215,3,475.35,0.0,0.0,1426.05,gift_card,online,USD
TXN0003947,2024-04-12 20:28:00,STR011,PRD0099,CUS00330,3,388.71,0.0,0.0,1166.13,gift_card,mobile_app,USD
TXN0003948,2024-04-28 14:01:00,STR013,PRD0047,CUS00425,2,487.35,0.0,0.0,974.7,cash,in_store,USD
TXN0003949,2024-04-19 18:10:00,STR022,PRD0047,,2,487.35,0.0,0.0,974.7,debit_card,mobile_app,USD
TXN0003950,2024-02-03 11:52:00,STR022,PRD0010,CUS00221,2,276.68,0.0,0.0,553.36,credit_card,in_store,USD
TXN0003951,2024-10-23 16:46:00,STR015,PRD0114,CUS00170,5,596.37,0.0,0.0,2981.85,mobile_pay,in_store,USD
TXN0003952,2024-12-15 18:06:00,STR011,PRD0075,CUS00227,2,507.8,0.0,0.0,1015.6,gift_card,mobile_app,USD
TXN0003953,2024-02-26 16:24:00,STR009,PRD0106,CUS00059,3,558.66,0.0,0.0,1675.98,gift_card,mobile_app,USD
TXN0003954,2024-12-12 14:22:00,STR020,PRD0041,CUS00332,4,491.81,0.0,0.0,1967.24,mobile_pay,online,USD
TXN0003955,2024-10-24 12:07:00,STR007,PRD0120,CUS00417,4,136.37,0.0,0.0,545.48,gift_card,in_store,USD
TXN0003956,2024-10-13 12:10:00,STR003,PRD0023,CUS00343,3,249.34,0.0,0.0,748.02,credit_card,in_store,USD
TXN0003957,2024-08-26 17:49:00,STR016,PRD0096,CUS00201,1,389.05,0.15,58.36,330.69,gift_card,mobile_app,USD
TXN0003958,2024-06-15 21:05:00,STR022,PRD0011,CUS00351,3,526.75,0.0,0.0,1580.25,credit_card,in_store,USD
TXN0003959,2024-01-29 10:37:00,STR023,PRD0100,CUS00083,4,576.59,0.1,230.64,2075.72,credit_card,mobile_app,USD
TXN0003960,2024-11-28 19:53:00,STR019,PRD0114,,3,596.37,0.0,0.0,1789.11,cash,online,USD
TXN0003961,2024-12-16 12:02:00,STR016,PRD0046,CUS00200,4,719.52,0.0,0.0,2878.08,debit_card,online,USD
TXN0003962,2024-12-06 14:33:00,STR004,PRD0054,CUS00289,4,694.62,0.05,138.92,2639.56,mobile_pay,mobile_app,USD
TXN0003963,2024-12-29 14:24:00,STR005,PRD0006,CUS00037,5,101.59,0.0,0.0,507.95,credit_card,in_store,USD
TXN0003964,2024-08-10 14:54:00,STR013,PRD0036,CUS00212,3,405.13,0.05,60.77,1154.62,debit_card,online,USD
TXN0003965,2024-07-25 09:36:00,STR023,PRD0005,CUS00229,1,259.57,0.0,0.0,259.57,credit_card,in_store,USD
TXN0003966,2024-04-25 20:52:00,STR016,PRD0091,CUS00469,1,122.8,0.0,0.0,122.8,credit_card,in_store,USD
TXN0003967,2024-03-17 19:51:00,STR001,PRD0033,CUS00183,5,269.98,0.0,0.0,1349.9,cash,in_store,USD
TXN0003968,2024-11-02 13:17:00,STR008,PRD0088,CUS00427,4,266.3,0.05,53.26,1011.94,mobile_pay,in_store,USD
TXN0003969,2024-12-18 11:45:00,STR003,PRD0087,CUS00018,2,488.55,0.0,0.0,977.1,mobile_pay,in_store,USD
TXN0003970,2024-08-01 12:42:00,STR003,PRD0018,CUS00143,2,94.47,0.0,0.0,188.94,credit_card,in_store,USD
TXN0003971,2024-03-30 21:43:00,STR009,PRD0031,,4,77.68,0.15,46.61,264.11,debit_card,mobile_app,USD
TXN0003972,2024-06-23 08:48:00,STR001,PRD0120,CUS00187,4,136.37,0.1,54.55,490.93,credit_card,online,USD
TXN0003973,2024-02-20 09:35:00,STR007,PRD0096,CUS00479,1,389.05,0.0,0.0,389.05,credit_card,online,USD
TXN0003974,2024-02-15 20:12:00,STR002,PRD0111,CUS00192,4,661.33,0.0,0.0,2645.32,debit_card,in_store,USD
TXN0003975,2024-03-23 13:40:00,STR009,PRD0055,CUS00106,5,264.5,0.0,0.0,1322.5,debit_card,in_store,USD
TXN0003976,2024-01-24 20:01:00,STR015,PRD0078,CUS00164,1,678.93,0.0,0.0,678.93,credit_card,in_store,USD
TXN0003977,2024-10-25 17:55:00,STR003,PRD0011,CUS00080,2,526.75,0.05,52.68,1000.82,cash,online,USD
TXN0003978,2024-07-19 13:13:00,STR017,PRD0094,CUS00402,1,326.53,0.05,16.33,310.2,credit_card,in_store,USD
TXN0003979,2024-03-24 09:11:00,STR003,PRD0093,CUS00396,5,410.67,0.05,102.67,1950.68,mobile_pay,in_store,USD
TXN0003980,2024-03-02 13:03:00,STR006,PRD0021,CUS00282,4,411.07,0.05,82.21,1562.07,debit_card,online,USD
TXN0003981,2024-08-19 12:02:00,STR004,PRD0036,CUS00144,3,405.13,0.0,0.0,1215.39,debit_card,in_store,USD
TXN0003982,2024-06-11 08:21:00,STR022,PRD0007,,1,274.3,0.0,0.0,274.3,gift_card,mobile_app,USD
TXN0003983,2024-02-11 16:16:00,STR014,PRD0030,CUS00415,3,80.67,0.1,24.2,217.81,debit_card,in_store,USD
TXN0003984,2024-02-20 16:06:00,STR014,PRD0079,CUS00223,3,643.15,0.0,0.0,1929.45,credit_card,online,USD
TXN0003985,2024-08-05 19:56:00,STR006,PRD0077,CUS00170,1,898.98,0.0,0.0,898.98,credit_card,mobile_app,USD
TXN0003986,2024-12-07 14:34:00,STR006,PRD0040,CUS00421,5,823.32,0.0,0.0,4116.6,credit_card,online,USD
TXN0003987,2024-12-11 20:16:00,STR015,PRD0110,CUS00215,5,406.78,0.0,0.0,2033.9,debit_card,mobile_app,USD
TXN0003988,2024-02-08 21:58:00,STR021,PRD0005,CUS00380,1,259.57,0.0,0.0,259.57,cash,mobile_app,USD
TXN0003989,2024-12-20 18:10:00,STR006,PRD0032,CUS00371,4,251.17,0.1,100.47,904.21,cash,online,USD
TXN0003990,2024-03-01 17:17:00,STR007,PRD0048,CUS00087,5,473.17,0.0,0.0,2365.85,gift_card,in_store,USD
TXN0003991,2024-08-27 19:04:00,STR002,PRD0105,CUS00104,5,554.1,0.0,0.0,2770.5,gift_card,in_store,USD
TXN0003992,2024-11-26 18:38:00,STR019,PRD0092,CUS00180,5,353.85,0.0,0.0,1769.25,gift_card,online,USD
TXN0003993,2024-03-01 08:34:00,STR021,PRD0030,,4,80.67,0.0,0.0,322.68,debit_card,in_store,USD
TXN0003994,2024-09-02 13:14:00,STR007,PRD0103,CUS00031,4,58.52,0.0,0.0,234.08,cash,mobile_app,USD
TXN0003995,2024-11-15 14:20:00,STR016,PRD0099,CUS00419,4,388.71,0.0,0.0,1554.84,gift_card,in_store,USD
TXN0003996,2024-08-14 19:59:00,STR008,PRD0062,CUS00280,1,355.41,0.0,0.0,355.41,credit_card,in_store,USD
TXN0003997,2024-12-08 11:40:00,STR012,PRD0116,CUS00468,5,648.85,0.0,0.0,3244.25,debit_card,online,USD
TXN0003998,2024-06-14 11:48:00,STR020,PRD0079,CUS00041,4,643.15,0.0,0.0,2572.6,mobile_pay,mobile_app,USD
TXN0003999,2024-08-15 18:16:00,STR008,PRD0035,CUS00384,4,234.61,0.05,46.92,891.52,gift_card,in_store,USD
TXN0004000,2024-03-17 20:03:00,STR021,PRD0043,CUS00020,4,621.23,0.2,496.98,1987.94,mobile_pay,online,USD
TXN0004001,2024-09-04 14:33:00,STR016,PRD0056,CUS00270,1,26.02,0.0,0.0,26.02,credit_card,online,USD
TXN0004002,2024-03-27 12:42:00,STR006,PRD0042,CUS00380,3,140.2,0.0,0.0,420.6,cash,online,USD
TXN0004003,2024-11-25 20:50:00,STR004,PRD0014,CUS00121,2,10.52,0.0,0.0,21.04,credit_card,mobile_app,USD
TXN0004004,2024-11-05 20:21:00,STR017,PRD0103,,4,58.52,0.1,23.41,210.67,mobile_pay,in_store,USD
TXN0004005,2024-09-01 20:36:00,STR021,PRD0070,CUS00386,3,31.14,0.0,0.0,93.42,debit_card,mobile_app,USD
TXN0004006,2024-05-03 16:36:00,STR018,PRD0080,CUS00256,5,270.17,0.0,0.0,1350.85,credit_card,mobile_app,USD
TXN0004007,2024-07-03 17:04:00,STR007,PRD0033,CUS00122,2,269.98,0.05,27.0,512.96,cash,online,USD
TXN0004008,2024-08-06 13:07:00,STR020,PRD0008,CUS00066,4,455.65,0.1,182.26,1640.34,credit_card,online,USD
TXN0004009,2024-12-17 16:11:00,STR010,PRD0070,CUS00038,2,31.14,0.0,0.0,62.28,gift_card,online,USD
TXN0004010,2024-08-12 12:15:00,STR019,PRD0052,CUS00236,4,76.14,0.0,0.0,304.56,cash,mobile_app,USD
TXN0004011,2024-06-02 15:49:00,STR015,PRD0064,CUS00470,5,475.35,0.0,0.0,2376.75,credit_card,online,USD
TXN0004012,2024-04-10 11:33:00,STR019,PRD0099,CUS00076,3,388.71,0.1,116.61,1049.52,credit_card,mobile_app,USD
TXN0004013,2024-12-17 19:13:00,STR014,PRD0090,CUS00367,1,69.19,0.0,0.0,69.19,debit_card,in_store,USD
TXN0004014,2024-07-11 21:38:00,STR004,PRD0053,CUS00200,4,321.56,0.0,0.0,1286.24,credit_card,mobile_app,USD
TXN0004015,2024-01-08 11:18:00,STR011,PRD0120,,4,136.37,0.0,0.0,545.48,debit_card,online,USD
TXN0004016,2024-01-22 20:37:00,STR006,PRD0002,CUS00377,5,26.09,0.05,6.52,123.93,mobile_pay,mobile_app,USD
TXN0004017,2024-03-01 08:06:00,STR016,PRD0105,CUS00304,5,554.1,0.0,0.0,2770.5,credit_card,online,USD
TXN0004018,2024-01-30 18:55:00,STR020,PRD0013,CUS00412,1,80.66,0.0,0.0,80.66,mobile_pay,mobile_app,USD
TXN0004019,2024-08-08 08:25:00,STR009,PRD0107,CUS00427,2,368.5,0.05,36.85,700.15,debit_card,mobile_app,USD
TXN0004020,2024-04-21 11:38:00,STR008,PRD0060,CUS00432,4,399.84,0.0,0.0,1599.36,credit_card,in_store,USD
TXN0004021,2024-05-31 20:52:00,STR007,PRD0006,CUS00326,5,101.59,0.0,0.0,507.95,debit_card,mobile_app,USD
TXN0004022,2024-12-29 12:53:00,STR020,PRD0086,CUS00282,3,139.31,0.0,0.0,417.93,credit_card,mobile_app,USD
TXN0004023,2024-03-23 13:00:00,STR004,PRD0083,CUS00240,5,247.1,0.0,0.0,1235.5,gift_card,in_store,USD
TXN0004024,2024-11-20 11:18:00,STR001,PRD0029,CUS00203,5,354.91,0.0,0.0,1774.55,gift_card,mobile_app,USD
TXN0004025,2024-08-22 10:52:00,STR021,PRD0077,CUS00073,4,898.98,0.0,0.0,3595.92,credit_card,mobile_app,USD
TXN0004026,2024-10-18 09:17:00,STR013,PRD0006,,5,101.59,0.0,0.0,507.95,mobile_pay,in_store,USD
TXN0004027,2024-04-10 10:58:00,STR017,PRD0013,CUS00494,2,80.66,0.0,0.0,161.32,cash,mobile_app,USD
TXN0004028,2024-06-22 16:29:00,STR023,PRD0077,CUS00450,3,898.98,0.0,0.0,2696.94,cash,online,USD
TXN0004029,2024-09-06 16:46:00,STR006,PRD0091,CUS00401,4,122.8,0.05,24.56,466.64,credit_card,mobile_app,USD
TXN0004030,2024-09-22 08:41:00,STR019,PRD0071,CUS00002,3,327.28,0.05,49.09,932.75,mobile_pay,mobile_app,USD
TXN0004031,2024-12-18 18:00:00,STR010,PRD0063,CUS00409,4,23.14,0.2,18.51,74.05,mobile_pay,mobile_app,USD
TXN0004032,2024-05-03 19:12:00,STR007,PRD0074,CUS00044,4,304.27,0.0,0.0,1217.08,mobile_pay,mobile_app,USD
TXN0004033,2024-04-20 14:11:00,STR019,PRD0035,CUS00438,2,234.61,0.05,23.46,445.76,mobile_pay,mobile_app,USD
TXN0004034,2024-06-05 08:24:00,STR017,PRD0092,CUS00397,5,353.85,0.15,265.39,1503.86,mobile_pay,online,USD
TXN0004035,2024-04-26 14:27:00,STR007,PRD0111,CUS00500,2,661.33,0.0,0.0,1322.66,debit_card,mobile_app,USD
TXN0004036,2024-12-26 16:10:00,STR018,PRD0020,CUS00383,5,595.59,0.0,0.0,2977.95,gift_card,online,USD
TXN0004037,2024-09-28 08:37:00,STR005,PRD0084,,4,127.62,0.0,0.0,510.48,cash,mobile_app,USD
TXN0004038,2024-10-06 08:14:00,STR019,PRD0013,CUS00171,4,80.66,0.05,16.13,306.51,cash,in_store,USD
TXN0004039,2024-04-09 14:58:00,STR013,PRD0083,CUS00127,1,247.1,0.05,12.36,234.74,credit_card,mobile_app,USD
TXN0004040,2024-08-06 12:59:00,STR017,PRD0055,CUS00410,4,264.5,0.0,0.0,1058.0,debit_card,in_store,USD
TXN0004041,2024-11-14 10:45:00,STR012,PRD0006,CUS00302,5,101.59,0.0,0.0,507.95,credit_card,online,USD
TXN0004042,2024-11-08 12:28:00,STR015,PRD0083,CUS00246,4,247.1,0.0,0.0,988.4,gift_card,mobile_app,USD
TXN0004043,2024-12-21 14:29:00,STR005,PRD0047,CUS00215,1,487.35,0.05,24.37,462.98,cash,in_store,USD
TXN0004044,2024-03-23 14:52:00,STR006,PRD0076,CUS00487,4,33.66,0.0,0.0,134.64,gift_card,in_store,USD
TXN0004045,2024-06-27 17:08:00,STR014,PRD0044,CUS00176,2,126.49,0.0,0.0,252.98,gift_card,mobile_app,USD
TXN0004046,2024-06-17 19:17:00,STR001,PRD0026,CUS00097,4,172.92,0.0,0.0,691.68,gift_card,in_store,USD
TXN0004047,2024-11-13 17:49:00,STR018,PRD0007,CUS00010,3,274.3,0.15,123.43,699.47,cash,online,USD
TXN0004048,2024-02-05 13:11:00,STR011,PRD0056,,5,26.02,0.0,0.0,130.1,debit_card,in_store,USD
TXN0004049,2024-04-12 17:37:00,STR009,PRD0021,CUS00332,3,411.07,0.0,0.0,1233.21,credit_card,mobile_app,USD
TXN0004050,2024-12-02 13:38:00,STR018,PRD0002,CUS00390,1,26.09,0.0,0.0,26.09,debit_card,online,USD
TXN0004051,2024-07-28 11:57:00,STR013,PRD0094,CUS00283,3,326.53,0.0,0.0,979.59,debit_card,mobile_app,USD
TXN0004052,2024-07-04 08:38:00,STR005,PRD0110,CUS00045,4,406.78,0.0,0.0,1627.12,mobile_pay,online,USD
TXN0004053,2024-05-02 17:02:00,STR011,PRD0103,CUS00315,5,58.52,0.05,14.63,277.97,cash,online,USD
TXN0004054,2024-08-07 13:00:00,STR017,PRD0002,CUS00068,1,26.09,0.0,0.0,26.09,mobile_pay,in_store,USD
TXN0004055,2024-06-13 13:09:00,STR011,PRD0111,CUS00108,2,661.33,0.0,0.0,1322.66,cash,online,USD
TXN0004056,2024-07-10 11:17:00,STR022,PRD0024,CUS00156,4,364.86,0.05,72.97,1386.47,credit_card,online,USD
TXN0004057,2024-05-20 14:08:00,STR009,PRD0116,CUS00136,2,648.85,0.0,0.0,1297.7,gift_card,in_store,USD
TXN0004058,2024-05-27 18:57:00,STR017,PRD0101,CUS00251,1,437.08,0.0,0.0,437.08,cash,mobile_app,USD
TXN0004059,2024-04-09 11:58:00,STR004,PRD0120,,4,136.37,0.0,0.0,545.48,gift_card,mobile_app,USD
TXN0004060,2024-09-01 15:34:00,STR019,PRD0063,CUS00378,2,23.14,0.0,0.0,46.28,mobile_pay,in_store,USD
TXN0004061,2024-05-03 20:48:00,STR016,PRD0008,CUS00358,3,455.65,0.0,0.0,1366.95,cash,online,USD
TXN0004062,2024-09-20 08:24:00,STR021,PRD0053,CUS00343,5,321.56,0.0,0.0,1607.8,cash,in_store,USD
TXN0004063,2024-05-23 13:19:00,STR012,PRD0097,CUS00205,5,118.36,0.0,0.0,591.8,mobile_pay,in_store,USD
TXN0004064,2024-08-07 12:47:00,STR009,PRD0057,CUS00337,4,412.83,0.0,0.0,1651.32,cash,in_store,USD
TXN0004065,2024-09-06 19:25:00,STR012,PRD0070,CUS00241,4,31.14,0.0,0.0,124.56,cash,in_store,USD
TXN0004066,2024-06-18 14:33:00,STR022,PRD0103,CUS00127,3,58.52,0.1,17.56,158.0,credit_card,in_store,USD
TXN0004067,2024-09-15 10:39:00,STR011,PRD0089,CUS00011,1,690.46,0.0,0.0,690.46,credit_card,mobile_app,USD
TXN0004068,2024-12-19 08:17:00,STR005,PRD0067,CUS00208,3,544.43,0.0,0.0,1633.29,gift_card,online,USD
TXN0004069,2024-05-23 09:37:00,STR017,PRD0038,CUS00371,1,879.64,0.0,0.0,879.64,credit_card,mobile_app,USD
TXN0004070,2024-07-02 08:29:00,STR007,PRD0061,,3,169.37,0.0,0.0,508.11,credit_card,online,USD
TXN0004071,2024-06-12 13:39:00,STR016,PRD0015,CUS00296,5,541.61,0.0,0.0,2708.05,cash,mobile_app,USD
TXN0004072,2024-06-18 20:28:00,STR008,PRD0078,CUS00191,1,678.93,0.0,0.0,678.93,mobile_pay,mobile_app,USD
TXN0004073,2024-12-04 21:33:00,STR013,PRD0030,CUS00252,1,80.67,0.0,0.0,80.67,debit_card,online,USD
TXN0004074,2024-03-30 20:06:00,STR009,PRD0112,CUS00427,4,268.87,0.05,53.77,1021.71,debit_card,in_store,USD
TXN0004075,2024-12-20 16:04:00,STR007,PRD0047,CUS00090,2,487.35,0.15,146.21,828.49,credit_card,online,USD
TXN0004076,2024-04-10 21:29:00,STR004,PRD0001,CUS00462,3,137.75,0.0,0.0,413.25,debit_card,mobile_app,USD
TXN0004077,2024-05-20 14:46:00,STR014,PRD0094,CUS00025,5,326.53,0.0,0.0,1632.65,debit_card,mobile_app,USD
TXN0004078,2024-11-01 18:19:00,STR021,PRD0025,CUS00223,3,116.31,0.0,0.0,348.93,debit_card,in_store,USD
TXN0004079,2024-09-16 20:40:00,STR013,PRD0032,CUS00349,3,251.17,0.0,0.0,753.51,cash,in_store,USD
TXN0004080,2024-11-26 09:29:00,STR010,PRD0090,CUS00178,1,69.19,0.05,3.46,65.73,cash,online,USD
TXN0004081,2024-06-30 14:00:00,STR016,PRD0113,,5,336.98,0.15,252.74,1432.16,gift_card,in_store,USD
TXN0004082,2024-06-24 08:53:00,STR012,PRD0105,CUS00486,1,554.1,0.0,0.0,554.1,debit_card,in_store,USD
TXN0004083,2024-08-12 16:40:00,STR004,PRD0081,CUS00094,1,429.07,0.0,0.0,429.07,gift_card,in_store,USD
TXN0004084,2024-11-21 12:42:00,STR015,PRD0027,CUS00183,5,490.08,0.0,0.0,2450.4,debit_card,online,USD
TXN0004085,2024-09-20 18:31:00,STR022,PRD0046,CUS00444,1,719.52,0.0,0.0,719.52,gift_card,in_store,USD
TXN0004086,2024-02-12 08:33:00,STR023,PRD0012,CUS00233,3,233.86,0.0,0.0,701.58,mobile_pay,in_store,USD
TXN0004087,2024-05-26 19:41:00,STR019,PRD0026,CUS00175,4,172.92,0.0,0.0,691.68,gift_card,mobile_app,USD
TXN0004088,2024-06-30 21:16:00,STR021,PRD0044,CUS00081,2,126.49,0.0,0.0,252.98,debit_card,online,USD
TXN0004089,2024-11-18 18:38:00,STR015,PRD0058,CUS00331,2,61.42,0.0,0.0,122.84,mobile_pay,mobile_app,USD
TXN0004090,2024-12-12 14:42:00,STR017,PRD0024,CUS00016,3,364.86,0.0,0.0,1094.58,cash,in_store,USD
TXN0004091,2024-08-31 12:57:00,STR019,PRD0038,CUS00176,1,879.64,0.0,0.0,879.64,debit_card,mobile_app,USD
TXN0004092,2024-08-20 14:49:00,STR001,PRD0076,,3,33.66,0.0,0.0,100.98,credit_card,mobile_app,USD
TXN0004093,2024-11-16 14:29:00,STR023,PRD0117,CUS00124,4,54.14,0.0,0.0,216.56,debit_card,mobile_app,USD
TXN0004094,2024-02-25 13:31:00,STR012,PRD0109,CUS00120,2,459.8,0.0,0.0,919.6,mobile_pay,mobile_app,USD
TXN0004095,2024-01-06 17:44:00,STR016,PRD0028,CUS00421,4,621.82,0.0,0.0,2487.28,mobile_pay,mobile_app,USD
TXN0004096,2024-10-31 16:21:00,STR015,PRD0080,CUS00234,3,270.17,0.0,0.0,810.51,credit_card,online,USD
TXN0004097,2024-04-14 13:57:00,STR003,PRD0114,CUS00334,2,596.37,0.0,0.0,1192.74,gift_card,in_store,USD
TXN0004098,2024-05-03 10:56:00,STR015,PRD0091,CUS00429,4,122.8,0.15,73.68,417.52,debit_card,in_store,USD
TXN0004099,2024-04-27 18:30:00,STR015,PRD0079,CUS00336,2,643.15,0.0,0.0,1286.3,mobile_pay,in_store,USD
TXN0004100,2024-12-12 10:54:00,STR013,PRD0092,CUS00408,2,353.85,0.0,0.0,707.7,credit_card,online,USD
TXN0004101,2024-08-12 10:26:00,STR023,PRD0036,CUS00218,5,405.13,0.0,0.0,2025.65,cash,in_store,USD
TXN0004102,2024-12-13 08:14:00,STR005,PRD0056,CUS00039,5,26.02,0.0,0.0,130.1,mobile_pay,online,USD
TXN0004103,2024-09-20 19:15:00,STR008,PRD0087,,1,488.55,0.0,0.0,488.55,cash,online,USD
TXN0004104,2024-08-12 16:39:00,STR011,PRD0063,CUS00251,1,23.14,0.0,0.0,23.14,debit_card,in_store,USD
TXN0004105,2024-02-09 13:29:00,STR004,PRD0038,CUS00070,3,879.64,0.0,0.0,2638.92,cash,in_store,USD
TXN0004106,2024-02-07 14:28:00,STR013,PRD0105,CUS00444,1,554.1,0.05,27.71,526.39,cash,online,USD
TXN0004107,2024-04-18 08:32:00,STR006,PRD0047,CUS00179,4,487.35,0.0,0.0,1949.4,debit_card,in_store,USD
TXN0004108,2024-05-29 08:50:00,STR021,PRD0035,CUS00118,5,234.61,0.0,0.0,1173.05,credit_card,mobile_app,USD
TXN0004109,2024-03-04 11:13:00,STR003,PRD0012,CUS00394,5,233.86,0.15,175.39,993.91,debit_card,online,USD
TXN0004110,2024-07-01 09:24:00,STR017,PRD0074,CUS00212,3,304.27,0.0,0.0,912.81,debit_card,mobile_app,USD
TXN0004111,2024-01-19 19:41:00,STR013,PRD0064,CUS00265,4,475.35,0.05,95.07,1806.33,mobile_pay,online,USD
TXN0004112,2024-06-22 08:54:00,STR016,PRD0088,CUS00125,2,266.3,0.0,0.0,532.6,credit_card,mobile_app,USD
TXN0004113,2024-01-12 13:34:00,STR009,PRD0001,CUS00341,3,137.75,0.0,0.0,413.25,cash,online,USD
TXN0004114,2024-10-06 16:01:00,STR020,PRD0039,,3,415.77,0.0,0.0,1247.31,mobile_pay,mobile_app,USD
TXN0004115,2024-10-12 20:07:00,STR013,PRD0006,CUS00364,5,101.59,0.05,25.4,482.55,cash,mobile_app,USD
TXN0004116,2024-03-13 12:54:00,STR003,PRD0088,CUS00262,1,266.3,0.0,0.0,266.3,debit_card,in_store,USD
TXN0004117,2024-09-22 12:34:00,STR013,PRD0045,CUS00283,3,318.79,0.0,0.0,956.37,cash,in_store,USD
TXN0004118,2024-01-07 12:01:00,STR008,PRD0059,CUS00202,3,458.19,0.0,0.0,1374.57,gift_card,online,USD
TXN0004119,2024-02-16 16:31:00,STR006,PRD0050,CUS00438,1,201.33,0.1,20.13,181.2,debit_card,online,USD
TXN0004120,2024-01-09 16:40:00,STR008,PRD0011,CUS00390,5,526.75,0.1,263.38,2370.37,gift_card,online,USD
TXN0004121,2024-01-04 08:02:00,STR005,PRD0026,CUS00364,5,172.92,0.1,86.46,778.14,debit_card,in_store,USD
TXN0004122,2024-07-10 15:47:00,STR016,PRD0041,CUS00004,5,491.81,0.0,0.0,2459.05,mobile_pay,mobile_app,USD
TXN0004123,2024-09-16 19:31:00,STR011,PRD0016,CUS00045,2,539.04,0.0,0.0,1078.08,mobile_pay,mobile_app,USD
TXN0004124,2024-01-13 08:07:00,STR014,PRD0106,CUS00049,3,558.66,0.0,0.0,1675.98,credit_card,mobile_app,USD
TXN0004125,2024-08-10 17:22:00,STR022,PRD0073,,5,577.08,0.0,0.0,2885.4,mobile_pay,in_store,USD
TXN0004126,2024-06-23 18:53:00,STR004,PRD0012,CUS00491,1,233.86,0.05,11.69,222.17,cash,online,USD
TXN0004127,2024-08-07 09:16:00,STR015,PRD0020,CUS00392,4,595.59,0.0,0.0,2382.36,credit_card,online,USD
TXN0004128,2024-10-17 14:35:00,STR007,PRD0035,CUS00495,4,234.61,0.0,0.0,938.44,debit_card,mobile_app,USD
TXN0004129,2024-08-22 10:58:00,STR003,PRD0090,CUS00406,5,69.19,0.0,0.0,345.95,mobile_pay,in_store,USD
TXN0004130,2024-02-07 09:37:00,STR023,PRD0110,CUS00027,1,406.78,0.0,0.0,406.78,mobile_pay,online,USD
TXN0004131,2024-06-10 14:29:00,STR017,PRD0008,CUS00124,1,455.65,0.0,0.0,455.65,mobile_pay,mobile_app,USD
TXN0004132,2024-04-19 10:32:00,STR009,PRD0070,CUS00231,4,31.14,0.1,12.46,112.1,gift_card,online,USD
TXN0004133,2024-05-18 14:46:00,STR017,PRD0045,CUS00431,5,318.79,0.2,318.79,1275.16,cash,online,USD
TXN0004134,2024-04-23 14:30:00,STR003,PRD0033,CUS00331,3,269.98,0.0,0.0,809.94,gift_card,in_store,USD
TXN0004135,2024-07-31 20:46:00,STR005,PRD0047,CUS00099,1,487.35,0.1,48.74,438.61,cash,online,USD
TXN0004136,2024-05-11 08:15:00,STR015,PRD0004,,3,602.78,0.0,0.0,1808.34,gift_card,mobile_app,USD
TXN0004137,2024-11-05 13:44:00,STR004,PRD0037,CUS00167,5,47.85,0.0,0.0,239.25,gift_card,in_store,USD
TXN0004138,2024-12-15 13:12:00,STR020,PRD0103,CUS00287,3,58.52,0.0,0.0,175.56,cash,online,USD
TXN0004139,2024-11-14 09:50:00,STR009,PRD0093,CUS00002,2,410.67,0.0,0.0,821.34,gift_card,mobile_app,USD
TXN0004140,2024-10-04 15:44:00,STR014,PRD0087,CUS00203,3,488.55,0.0,0.0,1465.65,mobile_pay,in_store,USD
TXN0004141,2024-11-25 19:56:00,STR020,PRD0061,CUS00333,2,169.37,0.0,0.0,338.74,debit_card,in_store,USD
TXN0004142,2024-05-12 11:38:00,STR012,PRD0074,CUS00381,5,304.27,0.0,0.0,1521.35,debit_card,mobile_app,USD
TXN0004143,2024-07-25 08:24:00,STR003,PRD0037,CUS00403,1,47.85,0.0,0.0,47.85,credit_card,mobile_app,USD
TXN0004144,2024-05-01 08:41:00,STR021,PRD0007,CUS00166,4,274.3,0.0,0.0,1097.2,cash,in_store,USD
TXN0004145,2024-10-11 09:03:00,STR009,PRD0058,CUS00471,5,61.42,0.1,30.71,276.39,credit_card,in_store,USD
TXN0004146,2024-05-09 10:43:00,STR001,PRD0115,CUS00356,1,145.51,0.0,0.0,145.51,cash,in_store,USD
TXN0004147,2024-09-30 11:50:00,STR007,PRD0074,,2,304.27,0.0,0.0,608.54,cash,mobile_app,USD
TXN0004148,2024-05-28 17:34:00,STR013,PRD0111,CUS00157,4,661.33,0.0,0.0,2645.32,debit_card,in_store,USD
TXN0004149,2024-02-12 18:07:00,STR011,PRD0087,CUS00366,1,488.55,0.0,0.0,488.55,cash,online,USD
TXN0004150,2024-09-12 19:14:00,STR003,PRD0041,CUS00232,3,491.81,0.0,0.0,1475.43,debit_card,in_store,USD
TXN0004151,2024-08-28 15:13:00,STR017,PRD0091,CUS00474,4,122.8,0.0,0.0,491.2,gift_card,online,USD
TXN0004152,2024-04-19 20:50:00,STR001,PRD0006,CUS00283,5,101.59,0.05,25.4,482.55,cash,online,USD
TXN0004153,2024-04-10 14:23:00,STR016,PRD0031,CUS00205,1,77.68,0.0,0.0,77.68,credit_card,online,USD
TXN0004154,2024-01-23 13:23:00,STR016,PRD0026,CUS00355,2,172.92,0.0,0.0,345.84,credit_card,mobile_app,USD
TXN0004155,2024-05-03 12:45:00,STR015,PRD0090,CUS00256,1,69.19,0.0,0.0,69.19,credit_card,online,USD
TXN0004156,2024-05-17 12:21:00,STR022,PRD0022,CUS00137,5,146.15,0.0,0.0,730.75,gift_card,in_store,USD
TXN0004157,2024-03-24 14:51:00,STR018,PRD0074,CUS00350,1,304.27,0.0,0.0,304.27,cash,in_store,USD
TXN0004158,2024-07-18 16:22:00,STR023,PRD0036,,1,405.13,0.05,20.26,384.87,gift_card,online,USD
TXN0004159,2024-10-31 14:51:00,STR008,PRD0091,CUS00231,2,122.8,0.0,0.0,245.6,credit_card,mobile_app,USD
TXN0004160,2024-03-20 21:14:00,STR014,PRD0038,CUS00229,1,879.64,0.05,43.98,835.66,mobile_pay,mobile_app,USD
TXN0004161,2024-11-19 19:03:00,STR014,PRD0008,CUS00203,1,455.65,0.0,0.0,455.65,cash,in_store,USD
TXN0004162,2024-12-11 09:24:00,STR001,PRD0100,CUS00307,1,576.59,0.05,28.83,547.76,gift_card,online,USD
TXN0004163,2024-05-15 19:13:00,STR007,PRD0003,CUS00119,2,569.87,0.0,0.0,1139.74,gift_card,in_store,USD
TXN0004164,2024-04-21 20:57:00,STR007,PRD0120,CUS00085,4,136.37,0.0,0.0,545.48,cash,mobile_app,USD
TXN0004165,2024-10-02 11:53:00,STR007,PRD0075,CUS00447,1,507.8,0.0,0.0,507.8,gift_card,mobile_app,USD
TXN0004166,2024-03-04 21:57:00,STR008,PRD0021,CUS00195,1,411.07,0.0,0.0,411.07,mobile_pay,mobile_app,USD
TXN0004167,2024-05-07 18:48:00,STR021,PRD0038,CUS00246,1,879.64,0.05,43.98,835.66,mobile_pay,in_store,USD
TXN0004168,2024-05-22 13:43:00,STR003,PRD0113,CUS00134,5,336.98,0.0,0.0,1684.9,mobile_pay,mobile_app,USD
TXN0004169,2024-04-02 13:43:00,STR020,PRD0003,,4,569.87,0.1,227.95,2051.53,cash,in_store,USD
TXN0004170,2024-12-19 16:33:00,STR003,PRD0117,CUS00497,5,54.14,0.0,0.0,270.7,mobile_pay,in_store,USD
TXN0004171,2024-11-13 17:22:00,STR010,PRD0044,CUS00405,2,126.49,0.1,25.3,227.68,cash,mobile_app,USD
TXN0004172,2024-11-05 10:50:00,STR002,PRD0014,CUS00214,3,10.52,0.0,0.0,31.56,cash,in_store,USD
TXN0004173,2024-06-11 20:00:00,STR017,PRD0065,CUS00426,5,286.09,0.15,214.57,1215.88,gift_card,mobile_app,USD
TXN0004174,2024-01-08 10:16:00,STR020,PRD0010,CUS00063,4,276.68,0.0,0.0,1106.72,mobile_pay,in_store,USD
TXN0004175,2024-03-27 18:24:00,STR013,PRD0100,CUS00320,1,576.59,0.0,0.0,576.59,cash,mobile_app,USD
TXN0004176,2024-01-14 08:03:00,STR004,PRD0035,CUS00317,1,234.61,0.0,0.0,234.61,debit_card,online,USD
TXN0004177,2024-05-09 21:47:00,STR010,PRD0009,CUS00173,5,675.27,0.0,0.0,3376.35,debit_card,in_store,USD
TXN0004178,2024-01-26 11:04:00,STR011,PRD0041,CUS00149,4,491.81,0.0,0.0,1967.24,gift_card,online,USD
TXN0004179,2024-12-16 15:06:00,STR012,PRD0045,CUS00079,3,318.79,0.0,0.0,956.37,gift_card,mobile_app,USD
TXN0004180,2024-07-17 21:10:00,STR012,PRD0006,,3,101.59,0.0,0.0,304.77,gift_card,in_store,USD
TXN0004181,2024-12-15 16:03:00,STR020,PRD0030,CUS00262,4,80.67,0.0,0.0,322.68,cash,mobile_app,USD
TXN0004182,2024-07-29 09:18:00,STR002,PRD0038,CUS00252,2,879.64,0.0,0.0,1759.28,gift_card,in_store,USD
TXN0004183,2024-06-20 13:45:00,STR009,PRD0005,CUS00309,1,259.57,0.0,0.0,259.57,gift_card,in_store,USD
TXN0004184,2024-02-26 15:07:00,STR020,PRD0013,CUS00459,2,80.66,0.1,16.13,145.19,cash,mobile_app,USD
TXN0004185,2024-04-10 13:45:00,STR019,PRD0073,CUS00057,3,577.08,0.0,0.0,1731.24,credit_card,online,USD
TXN0004186,2024-10-29 15:03:00,STR005,PRD0092,CUS00372,3,353.85,0.0,0.0,1061.55,debit_card,mobile_app,USD
TXN0004187,2024-06-11 09:24:00,STR023,PRD0041,CUS00159,1,491.81,0.1,49.18,442.63,credit_card,mobile_app,USD
TXN0004188,2024-09-08 08:11:00,STR004,PRD0028,CUS00006,1,621.82,0.0,0.0,621.82,debit_card,mobile_app,USD
TXN0004189,2024-12-17 16:28:00,STR012,PRD0047,CUS00004,1,487.35,0.0,0.0,487.35,debit_card,online,USD
TXN0004190,2024-12-15 11:55:00,STR017,PRD0036,CUS00367,5,405.13,0.05,101.28,1924.37,cash,mobile_app,USD
TXN0004191,2024-03-17 20:03:00,STR001,PRD0064,,5,475.35,0.0,0.0,2376.75,credit_card,in_store,USD
TXN0004192,2024-06-12 14:03:00,STR013,PRD0029,CUS00150,3,354.91,0.0,0.0,1064.73,cash,in_store,USD
TXN0004193,2024-05-06 21:42:00,STR011,PRD0105,CUS00325,4,554.1,0.0,0.0,2216.4,credit_card,mobile_app,USD
TXN0004194,2024-06-27 21:45:00,STR002,PRD0072,CUS00295,2,500.55,0.0,0.0,1001.1,mobile_pay,online,USD
TXN0004195,2024-06-03 20:25:00,STR016,PRD0039,CUS00073,4,415.77,0.05,83.15,1579.93,mobile_pay,mobile_app,USD
TXN0004196,2024-11-29 15:36:00,STR011,PRD0093,CUS00057,1,410.67,0.0,0.0,410.67,mobile_pay,online,USD
TXN0004197,2024-05-22 18:53:00,STR012,PRD0046,CUS00009,4,719.52,0.0,0.0,2878.08,mobile_pay,mobile_app,USD
TXN0004198,2024-10-09 18:37:00,STR009,PRD0086,CUS00086,2,139.31,0.0,0.0,278.62,mobile_pay,online,USD
TXN0004199,2024-11-04 21:42:00,STR001,PRD0109,CUS00196,1,459.8,0.0,0.0,459.8,gift_card,mobile_app,USD
TXN0004200,2024-12-12 15:48:00,STR005,PRD0020,CUS00172,1,595.59,0.0,0.0,595.59,mobile_pay,in_store,USD
TXN0004201,2024-01-04 17:30:00,STR015,PRD0012,CUS00477,4,233.86,0.0,0.0,935.44,credit_card,in_store,USD
TXN0004202,2024-01-21 14:39:00,STR003,PRD0083,,1,247.1,0.0,0.0,247.1,gift_card,mobile_app,USD
TXN0004203,2024-03-27 15:33:00,STR017,PRD0079,CUS00459,1,643.15,0.1,64.31,578.84,credit_card,in_store,USD
TXN0004204,2024-05-09 18:34:00,STR022,PRD0011,CUS00165,2,526.75,0.0,0.0,1053.5,mobile_pay,in_store,USD
TXN0004205,2024-05-20 09:46:00,STR009,PRD0028,CUS00229,5,621.82,0.0,0.0,3109.1,debit_card,mobile_app,USD
TXN0004206,2024-08-15 21:41:00,STR002,PRD0050,CUS00079,4,201.33,0.0,0.0,805.32,mobile_pay,in_store,USD
TXN0004207,2024-03-13 12:50:00,STR011,PRD0023,CUS00477,4,249.34,0.0,0.0,997.36,mobile_pay,in_store,USD
TXN0004208,2024-11-25 18:58:00,STR021,PRD0020,CUS00143,5,595.59,0.0,0.0,2977.95,gift_card,mobile_app,USD
TXN0004209,2024-11-29 14:16:00,STR021,PRD0056,CUS00152,2,26.02,0.05,2.6,49.44,mobile_pay,online,USD
TXN0004210,2024-04-01 17:59:00,STR002,PRD0071,CUS00464,2,327.28,0.0,0.0,654.56,credit_card,in_store,USD
TXN0004211,2024-02-01 10:31:00,STR007,PRD0100,CUS00111,2,576.59,0.0,0.0,1153.18,gift_card,in_store,USD
TXN0004212,2024-11-17 19:16:00,STR019,PRD0011,CUS00228,1,526.75,0.15,79.01,447.74,cash,online,USD
TXN0004213,2024-12-14 16:07:00,STR003,PRD0091,,2,122.8,0.0,0.0,245.6,cash,mobile_app,USD
TXN0004214,2024-06-23 21:37:00,STR003,PRD0074,CUS00101,2,304.27,0.0,0.0,608.54,credit_card,online,USD
TXN0004215,2024-04-26 18:41:00,STR023,PRD0028,CUS00183,5,621.82,0.0,0.0,3109.1,cash,online,USD
TXN0004216,2024-09-08 21:14:00,STR018,PRD0003,CUS00107,1,569.87,0.0,0.0,569.87,mobile_pay,in_store,USD
TXN0004217,2024-06-27 08:52:00,STR005,PRD0037,CUS00356,3,47.85,0.05,7.18,136.37,mobile_pay,online,USD
TXN0004218,2024-08-28 08:44:00,STR009,PRD0064,CUS00241,1,475.35,0.0,0.0,475.35,credit_card,in_store,USD
TXN0004219,2024-08-06 11:33:00,STR013,PRD0053,CUS00113,4,321.56,0.0,0.0,1286.24,debit_card,online,USD
TXN0004220,2024-06-22 20:18:00,STR009,PRD0071,CUS00185,5,327.28,0.0,0.0,1636.4,mobile_pay,mobile_app,USD
TXN0004221,2024-09-08 16:26:00,STR006,PRD0058,CUS00379,2,61.42,0.1,12.28,110.56,mobile_pay,mobile_app,USD
TXN0004222,2024-08-28 08:53:00,STR021,PRD0084,CUS00293,4,127.62,0.0,0.0,510.48,mobile_pay,online,USD
TXN0004223,2024-04-16 11:48:00,STR011,PRD0115,CUS00429,1,145.51,0.05,7.28,138.23,debit_card,mobile_app,USD
TXN0004224,2024-04-17 16:56:00,STR008,PRD0025,,1,116.31,0.0,0.0,116.31,cash,in_store,USD
TXN0004225,2024-09-27 13:01:00,STR015,PRD0062,CUS00150,5,355.41,0.0,0.0,1777.05,gift_card,mobile_app,USD
TXN0004226,2024-04-21 14:19:00,STR023,PRD0080,CUS00147,4,270.17,0.0,0.0,1080.68,debit_card,mobile_app,USD
TXN0004227,2024-07-09 20:23:00,STR001,PRD0100,CUS00188,2,576.59,0.0,0.0,1153.18,credit_card,online,USD
TXN0004228,2024-01-26 14:59:00,STR018,PRD0057,CUS00423,4,412.83,0.0,0.0,1651.32,credit_card,mobile_app,USD
TXN0004229,2024-09-26 19:13:00,STR011,PRD0104,CUS00212,4,398.02,0.0,0.0,1592.08,credit_card,in_store,USD
TXN0004230,2024-07-02 16:15:00,STR009,PRD0036,CUS00168,1,405.13,0.0,0.0,405.13,cash,online,USD
TXN0004231,2024-10-07 10:05:00,STR014,PRD0016,CUS00452,1,539.04,0.0,0.0,539.04,debit_card,in_store,USD
TXN0004232,2024-08-15 12:01:00,STR022,PRD0048,CUS00268,3,473.17,0.0,0.0,1419.51,debit_card,mobile_app,USD
TXN0004233,2024-04-05 14:11:00,STR020,PRD0096,CUS00134,2,389.05,0.0,0.0,778.1,cash,in_store,USD
TXN0004234,2024-08-26 15:17:00,STR010,PRD0113,CUS00298,2,336.98,0.0,0.0,673.96,debit_card,in_store,USD
TXN0004235,2024-09-07 17:56:00,STR018,PRD0022,,3,146.15,0.0,0.0,438.45,cash,mobile_app,USD
TXN0004236,2024-11-20 19:27:00,STR020,PRD0111,CUS00385,2,661.33,0.1,132.27,1190.39,mobile_pay,online,USD
TXN0004237,2024-11-16 08:44:00,STR006,PRD0032,CUS00103,4,251.17,0.0,0.0,1004.68,credit_card,in_store,USD
TXN0004238,2024-07-11 13:27:00,STR021,PRD0059,CUS00142,2,458.19,0.0,0.0,916.38,credit_card,mobile_app,USD
TXN0004239,2024-04-28 10:24:00,STR010,PRD0010,CUS00359,4,276.68,0.0,0.0,1106.72,mobile_pay,mobile_app,USD
TXN0004240,2024-12-24 18:44:00,STR007,PRD0081,CUS00235,2,429.07,0.0,0.0,858.14,mobile_pay,mobile_app,USD
TXN0004241,2024-11-08 13:58:00,STR022,PRD0070,CUS00482,1,31.14,0.0,0.0,31.14,gift_card,in_store,USD
TXN0004242,2024-04-07 11:36:00,STR023,PRD0019,CUS00413,3,351.82,0.0,0.0,1055.46,credit_card,in_store,USD
TXN0004243,2024-01-04 17:51:00,STR014,PRD0031,CUS00311,4,77.68,0.0,0.0,310.72,cash,online,USD
TXN0004244,2024-08-20 13:44:00,STR011,PRD0045,CUS00128,1,318.79,0.0,0.0,318.79,cash,online,USD
TXN0004245,2024-09-30 18:25:00,STR019,PRD0117,CUS00017,4,54.14,0.0,0.0,216.56,mobile_pay,online,USD
TXN0004246,2024-07-10 16:36:00,STR007,PRD0001,,4,137.75,0.0,0.0,551.0,mobile_pay,in_store,USD
TXN0004247,2024-01-22 21:01:00,STR013,PRD0091,CUS00493,1,122.8,0.0,0.0,122.8,mobile_pay,online,USD
TXN0004248,2024-02-28 10:12:00,STR015,PRD0083,CUS00467,4,247.1,0.0,0.0,988.4,cash,in_store,USD
TXN0004249,2024-06-05 17:42:00,STR006,PRD0083,CUS00293,3,247.1,0.0,0.0,741.3,gift_card,in_store,USD
TXN0004250,2024-12-03 15:24:00,STR011,PRD0040,CUS00367,3,823.32,0.0,0.0,2469.96,cash,online,USD
TXN0004251,2024-08-02 16:34:00,STR014,PRD0101,CUS00175,1,437.08,0.0,0.0,437.08,mobile_pay,in_store,USD
TXN0004252,2024-05-13 17:15:00,STR005,PRD0078,CUS00288,3,678.93,0.0,0.0,2036.79,gift_card,in_store,USD
TXN0004253,2024-09-16 10:50:00,STR004,PRD0013,CUS00280,1,80.66,0.05,4.03,76.63,gift_card,mobile_app,USD
TXN0004254,2024-10-06 15:37:00,STR005,PRD0084,CUS00467,2,127.62,0.0,0.0,255.24,gift_card,in_store,USD
TXN0004255,2024-12-05 20:49:00,STR007,PRD0029,CUS00346,1,354.91,0.0,0.0,354.91,cash,in_store,USD
TXN0004256,2024-12-16 11:31:00,STR016,PRD0064,CUS00479,1,475.35,0.0,0.0,475.35,debit_card,in_store,USD
TXN0004257,2024-12-29 11:54:00,STR002,PRD0003,,3,569.87,0.0,0.0,1709.61,gift_card,in_store,USD
TXN0004258,2024-01-26 14:56:00,STR010,PRD0033,CUS00415,2,269.98,0.05,27.0,512.96,mobile_pay,mobile_app,USD
TXN0004259,2024-04-20 09:06:00,STR022,PRD0114,CUS00429,1,596.37,0.0,0.0,596.37,cash,mobile_app,USD
TXN0004260,2024-02-23 15:15:00,STR016,PRD0041,CUS00318,3,491.81,0.0,0.0,1475.43,debit_card,in_store,USD
TXN0004261,2024-04-27 21:58:00,STR003,PRD0010,CUS00096,3,276.68,0.0,0.0,830.04,cash,mobile_app,USD
TXN0004262,2024-12-25 20:59:00,STR013,PRD0069,CUS00188,3,527.04,0.0,0.0,1581.12,credit_card,mobile_app,USD
TXN0004263,2024-10-20 18:19:00,STR019,PRD0032,CUS00292,1,251.17,0.0,0.0,251.17,cash,in_store,USD
TXN0004264,2024-02-12 13:40:00,STR007,PRD0095,CUS00014,2,658.33,0.05,65.83,1250.83,cash,online,USD
TXN0004265,2024-03-06 20:21:00,STR021,PRD0111,CUS00030,5,661.33,0.0,0.0,3306.65,cash,in_store,USD
TXN0004266,2024-09-15 16:33:00,STR005,PRD0066,CUS00133,1,404.74,0.0,0.0,404.74,debit_card,mobile_app,USD
TXN0004267,2024-01-12 13:59:00,STR005,PRD0084,CUS00298,1,127.62,0.0,0.0,127.62,cash,online,USD
TXN0004268,2024-04-07 10:05:00,STR002,PRD0065,,3,286.09,0.15,128.74,729.53,debit_card,mobile_app,USD
TXN0004269,2024-07-24 08:12:00,STR009,PRD0019,CUS00371,1,351.82,0.0,0.0,351.82,mobile_pay,mobile_app,USD
TXN0004270,2024-07-23 16:17:00,STR007,PRD0065,CUS00356,3,286.09,0.0,0.0,858.27,credit_card,in_store,USD
TXN0004271,2024-04-04 12:22:00,STR008,PRD0043,CUS00335,3,621.23,0.0,0.0,1863.69,mobile_pay,mobile_app,USD
TXN0004272,2024-01-30 08:07:00,STR005,PRD0046,CUS00399,2,719.52,0.15,215.86,1223.18,debit_card,in_store,USD
TXN0004273,2024-03-29 08:06:00,STR017,PRD0040,CUS00331,2,823.32,0.0,0.0,1646.64,debit_card,mobile_app,USD
TXN0004274,2024-10-16 16:27:00,STR015,PRD0065,CUS00168,4,286.09,0.0,0.0,1144.36,credit_card,in_store,USD
TXN0004275,2024-02-29 16:11:00,STR011,PRD0054,CUS00405,5,694.62,0.0,0.0,3473.1,debit_card,mobile_app,USD
TXN0004276,2024-03-02 20:14:00,STR009,PRD0006,CUS00022,1,101.59,0.0,0.0,101.59,mobile_pay,online,USD
TXN0004277,2024-04-13 18:03:00,STR014,PRD0006,CUS00397,3,101.59,0.0,0.0,304.77,credit_card,mobile_app,USD
TXN0004278,2024-06-25 18:53:00,STR009,PRD0092,CUS00055,2,353.85,0.0,0.0,707.7,cash,online,USD
TXN0004279,2024-07-30 14:41:00,STR007,PRD0093,,2,410.67,0.0,0.0,821.34,gift_card,in_store,USD
TXN0004280,2024-05-22 14:18:00,STR001,PRD0098,CUS00200,3,244.56,0.0,0.0,733.68,cash,mobile_app,USD
TXN0004281,2024-06-19 17:59:00,STR012,PRD0057,CUS00014,3,412.83,0.0,0.0,1238.49,cash,online,USD
TXN0004282,2024-08-20 21:41:00,STR017,PRD0011,CUS00376,5,526.75,0.0,0.0,2633.75,mobile_pay,mobile_app,USD
TXN0004283,2024-04-10 15:31:00,STR016,PRD0009,CUS00382,3,675.27,0.0,0.0,2025.81,debit_card,mobile_app,USD
TXN0004284,2024-05-17 20:17:00,STR020,PRD0092,CUS00319,2,353.85,0.0,0.0,707.7,gift_card,mobile_app,USD
TXN0004285,2024-12-28 11:06:00,STR008,PRD0075,CUS00066,1,507.8,0.0,0.0,507.8,gift_card,online,USD
TXN0004286,2024-01-20 16:56:00,STR009,PRD0075,CUS00052,5,507.8,0.0,0.0,2539.0,mobile_pay,online,USD
TXN0004287,2024-07-08 12:28:00,STR019,PRD0019,CUS00216,1,351.82,0.0,0.0,351.82,gift_card,online,USD
TXN0004288,2024-04-20 20:38:00,STR007,PRD0047,CUS00244,3,487.35,0.15,219.31,1242.74,credit_card,online,USD
TXN0004289,2024-03-13 09:53:00,STR022,PRD0008,CUS00463,4,455.65,0.0,0.0,1822.6,mobile_pay,in_store,USD
TXN0004290,2024-12-29 13:35:00,STR021,PRD0091,,4,122.8,0.05,24.56,466.64,debit_card,mobile_app,USD
TXN0004291,2024-07-10 13:26:00,STR006,PRD0037,CUS00336,5,47.85,0.0,0.0,239.25,gift_card,online,USD
TXN0004292,2024-06-09 15:29:00,STR021,PRD0033,CUS00055,4,269.98,0.0,0.0,1079.92,mobile_pay,mobile_app,USD
TXN0004293,2024-12-12 13:12:00,STR014,PRD0043,CUS00236,3,621.23,0.0,0.0,1863.69,mobile_pay,in_store,USD
TXN0004294,2024-11-03 12:50:00,STR002,PRD0108,CUS00265,4,99.37,0.0,0.0,397.48,debit_card,online,USD
TXN0004295,2024-01-12 14:10:00,STR016,PRD0115,CUS00267,4,145.51,0.0,0.0,582.04,debit_card,mobile_app,USD
TXN0004296,2024-05-09 19:50:00,STR018,PRD0090,CUS00012,4,69.19,0.0,0.0,276.76,gift_card,in_store,USD
TXN0004297,2024-03-19 10:26:00,STR018,PRD0002,CUS00341,3,26.09,0.0,0.0,78.27,credit_card,in_store,USD
TXN0004298,2024-01-13 14:23:00,STR005,PRD0073,CUS00484,5,577.08,0.0,0.0,2885.4,mobile_pay,online,USD
TXN0004299,2024-05-20 15:34:00,STR015,PRD0092,CUS00417,2,353.85,0.0,0.0,707.7,debit_card,mobile_app,USD
TXN0004300,2024-06-29 09:48:00,STR013,PRD0024,CUS00296,2,364.86,0.0,0.0,729.72,mobile_pay,mobile_app,USD
TXN0004301,2024-03-15 16:25:00,STR006,PRD0052,,3,76.14,0.0,0.0,228.42,cash,mobile_app,USD
TXN0004302,2024-02-26 15:02:00,STR020,PRD0067,CUS00305,2,544.43,0.0,0.0,1088.86,credit_card,online,USD
TXN0004303,2024-02-20 13:51:00,STR017,PRD0106,CUS00129,5,558.66,0.0,0.0,2793.3,debit_card,online,USD
TXN0004304,2024-07-02 18:57:00,STR008,PRD0072,CUS00390,3,500.55,0.15,225.25,1276.4,gift_card,in_store,USD
TXN0004305,2024-08-12 13:42:00,STR001,PRD0027,CUS00329,1,490.08,0.05,24.5,465.58,cash,mobile_app,USD
TXN0004306,2024-05-05 10:30:00,STR009,PRD0116,CUS00318,3,648.85,0.1,194.66,1751.89,mobile_pay,online,USD
TXN0004307,2024-06-10 12:32:00,STR021,PRD0037,CUS00094,3,47.85,0.05,7.18,136.37,cash,in_store,USD
TXN0004308,2024-08-12 09:27:00,STR020,PRD0053,CUS00336,2,321.56,0.0,0.0,643.12,debit_card,mobile_app,USD
TXN0004309,2024-12-21 21:58:00,STR019,PRD0096,CUS00096,3,389.05,0.0,0.0,1167.15,debit_card,online,USD
TXN0004310,2024-12-19 11:52:00,STR006,PRD0007,CUS00061,5,274.3,0.05,68.58,1302.92,debit_card,mobile_app,USD
TXN0004311,2024-03-30 15:20:00,STR004,PRD0113,CUS00181,4,336.98,0.0,0.0,1347.92,gift_card,online,USD
TXN0004312,2024-08-22 13:08:00,STR011,PRD0003,,2,569.87,0.0,0.0,1139.74,credit_card,online,USD
TXN0004313,2024-04-06 15:30:00,STR012,PRD0054,CUS00202,2,694.62,0.05,69.46,1319.78,debit_card,in_store,USD
TXN0004314,2024-10-22 20:14:00,STR011,PRD0004,CUS00180,1,602.78,0.1,60.28,542.5,debit_card,online,USD
TXN0004315,2024-05-18 21:59:00,STR002,PRD0041,CUS00288,4,491.81,0.0,0.0,1967.24,gift_card,in_store,USD
TXN0004316,2024-04-25 12:15:00,STR010,PRD0008,CUS00498,2,455.65,0.0,0.0,911.3,credit_card,online,USD
TXN0004317,2024-04-08 11:20:00,STR002,PRD0074,CUS00074,1,304.27,0.2,60.85,243.42,credit_card,online,USD
TXN0004318,2024-12-01 09:43:00,STR013,PRD0056,CUS00130,2,26.02,0.0,0.0,52.04,debit_card,in_store,USD
TXN0004319,2024-01-16 15:45:00,STR005,PRD0050,CUS00292,4,201.33,0.0,0.0,805.32,credit_card,mobile_app,USD
TXN0004320,2024-08-06 21:12:00,STR019,PRD0089,CUS00381,4,690.46,0.0,0.0,2761.84,gift_card,in_store,USD
TXN0004321,2024-08-19 11:49:00,STR012,PRD0054,CUS00486,4,694.62,0.0,0.0,2778.48,cash,online,USD
TXN0004322,2024-11-24 08:04:00,STR017,PRD0071,CUS00173,5,327.28,0.0,0.0,1636.4,cash,online,USD
TXN0004323,2024-07-04 10:35:00,STR004,PRD0027,,2,490.08,0.05,49.01,931.15,mobile_pay,in_store,USD
TXN0004324,2024-08-07 15:11:00,STR007,PRD0032,CUS00482,5,251.17,0.0,0.0,1255.85,gift_card,mobile_app,USD
TXN0004325,2024-05-25 09:54:00,STR012,PRD0107,CUS00157,5,368.5,0.05,92.12,1750.38,cash,in_store,USD
TXN0004326,2024-03-19 18:17:00,STR013,PRD0040,CUS00127,3,823.32,0.0,0.0,2469.96,debit_card,in_store,USD
TXN0004327,2024-09-02 08:20:00,STR021,PRD0043,CUS00008,5,621.23,0.0,0.0,3106.15,mobile_pay,mobile_app,USD
TXN0004328,2024-11-03 19:40:00,STR003,PRD0033,CUS00476,1,269.98,0.0,0.0,269.98,mobile_pay,mobile_app,USD
TXN0004329,2024-10-26 10:05:00,STR013,PRD0045,CUS00114,1,318.79,0.0,0.0,318.79,gift_card,mobile_app,USD
TXN0004330,2024-08-28 10:04:00,STR004,PRD0021,CUS00330,5,411.07,0.0,0.0,2055.35,debit_card,in_store,USD
TXN0004331,2024-11-20 11:52:00,STR013,PRD0025,CUS00020,5,116.31,0.0,0.0,581.55,debit_card,mobile_app,USD
TXN0004332,2024-03-23 19:49:00,STR006,PRD0106,CUS00490,3,558.66,0.0,0.0,1675.98,gift_card,mobile_app,USD
TXN0004333,2024-12-24 13:14:00,STR014,PRD0091,CUS00205,3,122.8,0.05,18.42,349.98,debit_card,mobile_app,USD
TXN0004334,2024-04-29 11:13:00,STR016,PRD0074,,2,304.27,0.0,0.0,608.54,cash,online,USD
TXN0004335,2024-04-28 19:36:00,STR007,PRD0014,CUS00284,1,10.52,0.15,1.58,8.94,credit_card,online,USD
TXN0004336,2024-03-21 11:46:00,STR021,PRD0089,CUS00136,5,690.46,0.0,0.0,3452.3,credit_card,in_store,USD
TXN0004337,2024-01-07 16:48:00,STR004,PRD0091,CUS00444,1,122.8,0.0,0.0,122.8,gift_card,mobile_app,USD
TXN0004338,2024-03-15 14:23:00,STR006,PRD0087,CUS00192,3,488.55,0.0,0.0,1465.65,mobile_pay,online,USD
TXN0004339,2024-05-25 10:56:00,STR005,PRD0047,CUS00062,1,487.35,0.0,0.0,487.35,mobile_pay,online,USD
TXN0004340,2024-08-25 19:34:00,STR019,PRD0120,CUS00142,3,136.37,0.2,81.82,327.29,gift_card,mobile_app,USD
TXN0004341,2024-01-07 21:34:00,STR015,PRD0046,CUS00441,1,719.52,0.0,0.0,719.52,gift_card,mobile_app,USD
TXN0004342,2024-10-07 15:20:00,STR004,PRD0016,CUS00450,2,539.04,0.0,0.0,1078.08,cash,online,USD
TXN0004343,2024-04-18 20:52:00,STR001,PRD0079,CUS00378,4,643.15,0.1,257.26,2315.34,credit_card,online,USD
TXN0004344,2024-07-24 09:03:00,STR012,PRD0110,CUS00013,1,406.78,0.0,0.0,406.78,credit_card,mobile_app,USD
TXN0004345,2024-07-05 11:45:00,STR006,PRD0064,,3,475.35,0.05,71.3,1354.75,cash,online,USD
TXN0004346,2024-02-27 12:27:00,STR013,PRD0033,CUS00200,5,269.98,0.0,0.0,1349.9,credit_card,mobile_app,USD
TXN0004347,2024-07-22 21:38:00,STR013,PRD0045,CUS00026,2,318.79,0.0,0.0,637.58,mobile_pay,mobile_app,USD
TXN0004348,2024-04-29 17:03:00,STR013,PRD0067,CUS00073,5,544.43,0.05,136.11,2586.04,debit_card,mobile_app,USD
TXN0004349,2024-02-01 14:01:00,STR001,PRD0050,CUS00208,5,201.33,0.0,0.0,1006.65,cash,online,USD
TXN0004350,2024-04-28 14:44:00,STR014,PRD0036,CUS00063,4,405.13,0.0,0.0,1620.52,gift_card,in_store,USD
TXN0004351,2024-04-02 15:03:00,STR022,PRD0080,CUS00136,1,270.17,0.05,13.51,256.66,debit_card,in_store,USD
TXN0004352,2024-03-12 15:39:00,STR019,PRD0083,CUS00348,3,247.1,0.0,0.0,741.3,cash,in_store,USD
TXN0004353,2024-07-14 20:30:00,STR004,PRD0028,CUS00221,3,621.82,0.0,0.0,1865.46,debit_card,online,USD
TXN0004354,2024-03-05 19:24:00,STR005,PRD0071,CUS00498,3,327.28,0.0,0.0,981.84,credit_card,online,USD
TXN0004355,2024-11-03 13:28:00,STR012,PRD0089,CUS00489,3,690.46,0.0,0.0,2071.38,mobile_pay,online,USD
TXN0004356,2024-07-14 14:23:00,STR013,PRD0050,,3,201.33,0.0,0.0,603.99,gift_card,mobile_app,USD
TXN0004357,2024-08-10 13:11:00,STR012,PRD0007,CUS00255,2,274.3,0.0,0.0,548.6,mobile_pay,mobile_app,USD
TXN0004358,2024-09-08 17:14:00,STR008,PRD0114,CUS00105,3,596.37,0.2,357.82,1431.29,credit_card,in_store,USD
TXN0004359,2024-02-16 10:25:00,STR010,PRD0060,CUS00200,4,399.84,0.0,0.0,1599.36,debit_card,online,USD
TXN0004360,2024-11-20 10:32:00,STR012,PRD0078,CUS00044,1,678.93,0.0,0.0,678.93,cash,in_store,USD
TXN0004361,2024-12-18 15:07:00,STR015,PRD0109,CUS00239,2,459.8,0.0,0.0,919.6,gift_card,online,USD
TXN0004362,2024-09-28 09:04:00,STR017,PRD0023,CUS00173,1,249.34,0.0,0.0,249.34,cash,in_store,USD
TXN0004363,2024-05-16 11:27:00,STR021,PRD0023,CUS00043,1,249.34,0.0,0.0,249.34,gift_card,online,USD
TXN0004364,2024-09-25 09:24:00,STR013,PRD0070,CUS00262,4,31.14,0.2,24.91,99.65,gift_card,online,USD
TXN0004365,2024-08-17 08:58:00,STR017,PRD0048,CUS00075,5,473.17,0.05,118.29,2247.56,debit_card,online,USD
TXN0004366,2024-07-18 12:09:00,STR023,PRD0030,CUS00157,4,80.67,0.0,0.0,322.68,debit_card,mobile_app,USD
TXN0004367,2024-07-02 14:25:00,STR014,PRD0092,,1,353.85,0.05,17.69,336.16,mobile_pay,in_store,USD
TXN0004368,2024-05-26 10:35:00,STR016,PRD0031,CUS00175,5,77.68,0.1,38.84,349.56,mobile_pay,in_store,USD
TXN0004369,2024-07-29 21:30:00,STR012,PRD0014,CUS00463,4,10.52,0.1,4.21,37.87,gift_card,in_store,USD
TXN0004370,2024-09-30 10:38:00,STR010,PRD0061,CUS00168,5,169.37,0.15,127.03,719.82,mobile_pay,mobile_app,USD
TXN0004371,2024-02-28 18:47:00,STR002,PRD0107,CUS00205,3,368.5,0.0,0.0,1105.5,credit_card,online,USD
TXN0004372,2024-02-01 09:21:00,STR022,PRD0095,CUS00448,3,658.33,0.15,296.25,1678.74,cash,mobile_app,USD
TXN0004373,2024-02-13 09:50:00,STR010,PRD0109,CUS00394,3,459.8,0.0,0.0,1379.4,debit_card,in_store,USD
TXN0004374,2024-11-29 10:56:00,STR017,PRD0055,CUS00180,3,264.5,0.0,0.0,793.5,gift_card,online,USD
TXN0004375,2024-02-07 11:22:00,STR014,PRD0076,CUS00063,1,33.66,0.0,0.0,33.66,mobile_pay,mobile_app,USD
TXN0004376,2024-02-09 18:45:00,STR003,PRD0100,CUS00209,1,576.59,0.0,0.0,576.59,cash,mobile_app,USD
TXN0004377,2024-01-30 17:28:00,STR006,PRD0062,CUS00335,4,355.41,0.0,0.0,1421.64,debit_card,in_store,USD
TXN0004378,2024-05-16 08:20:00,STR003,PRD0066,,2,404.74,0.0,0.0,809.48,debit_card,in_store,USD
TXN0004379,2024-11-30 21:17:00,STR011,PRD0078,CUS00151,1,678.93,0.0,0.0,678.93,cash,online,USD
TXN0004380,2024-01-03 08:43:00,STR017,PRD0030,CUS00487,4,80.67,0.05,16.13,306.55,gift_card,in_store,USD
TXN0004381,2024-08-28 12:12:00,STR002,PRD0010,CUS00188,1,276.68,0.0,0.0,276.68,debit_card,in_store,USD
TXN0004382,2024-11-01 09:38:00,STR003,PRD0010,CUS00193,2,276.68,0.1,55.34,498.02,gift_card,mobile_app,USD
TXN0004383,2024-08-04 15:04:00,STR999,PRD0062,CUS00480,4,355.41,0.05,71.08,1350.56,cash,in_store,USD
TXN0004384,2024-11-19 20:37:00,STR022,PRD0016,CUS00037,4,539.04,0.05,107.81,2048.35,debit_card,online,USD
TXN0004385,2024-04-15 16:11:00,STR012,PRD0084,CUS00211,2,127.62,0.0,0.0,255.24,mobile_pay,mobile_app,USD
TXN0004386,2024-12-12 10:40:00,STR010,PRD0033,CUS00341,5,269.98,0.0,0.0,1349.9,credit_card,mobile_app,USD
TXN0004387,2024-11-26 12:05:00,STR003,PRD0008,CUS00359,2,455.65,0.0,0.0,911.3,debit_card,in_store,USD
TXN0004388,2024-04-07 10:11:00,STR013,PRD0053,CUS00111,2,321.56,0.0,0.0,643.12,mobile_pay,mobile_app,USD
TXN0004389,2024-10-26 20:48:00,STR017,PRD0059,,2,458.19,0.1,91.64,824.74,gift_card,online,USD
TXN0004390,2024-10-30 17:10:00,STR023,PRD0111,CUS00364,1,661.33,0.0,0.0,661.33,credit_card,mobile_app,USD
TXN0004391,2024-08-07 19:51:00,STR017,PRD0013,CUS00085,5,80.66,0.0,0.0,403.3,mobile_pay,in_store,USD
TXN0004392,2024-06-17 09:05:00,STR005,PRD0006,CUS00271,1,101.59,0.0,0.0,101.59,gift_card,in_store,USD
TXN0004393,2024-10-24 17:11:00,STR004,PRD0096,CUS00223,5,389.05,0.0,0.0,1945.25,gift_card,mobile_app,USD
TXN0004394,2024-07-22 11:32:00,STR015,PRD0058,CUS00282,3,61.42,0.0,0.0,184.26,gift_card,mobile_app,USD
TXN0004395,2024-07-14 20:52:00,STR009,PRD0088,CUS00242,5,266.3,0.0,0.0,1331.5,debit_card,in_store,USD
TXN0004396,2024-05-10 18:50:00,STR021,PRD0038,CUS00281,1,879.64,0.0,0.0,879.64,cash,mobile_app,USD
TXN0004397,2024-08-31 09:28:00,STR011,PRD0066,CUS00408,1,404.74,0.0,0.0,404.74,debit_card,online,USD
TXN0004398,2024-09-29 14:11:00,STR001,PRD0081,CUS00210,1,429.07,0.0,0.0,,mobile_pay,in_store,USD
TXN0004399,2024-07-23 19:03:00,STR023,PRD0032,CUS00238,4,251.17,0.0,0.0,1004.68,debit_card,online,USD
TXN0004400,2024-10-10 10:50:00,STR003,PRD0110,,5,406.78,0.0,0.0,2033.9,cash,online,USD
TXN0004401,2024-09-13 10:45:00,STR017,PRD0086,CUS00412,2,139.31,0.1,27.86,250.76,cash,in_store,USD
TXN0004402,2024-03-22 18:25:00,STR020,PRD0062,CUS00082,5,355.41,0.0,0.0,1777.05,credit_card,mobile_app,USD
TXN0004403,2024-11-01 14:45:00,STR014,PRD0041,CUS00242,1,491.81,0.1,49.18,442.63,cash,in_store,USD
TXN0004404,2024-05-28 20:25:00,STR014,PRD0089,CUS00041,3,690.46,0.0,0.0,2071.38,debit_card,in_store,USD
TXN0004405,2024-12-06 21:13:00,STR011,PRD0060,CUS00250,5,399.84,0.0,0.0,1999.2,credit_card,online,USD
TXN0004406,2024-10-31 11:02:00,STR012,PRD0014,CUS00057,2,10.52,0.0,0.0,21.04,cash,online,USD
TXN0004407,2024-07-25 17:08:00,STR010,PRD0056,CUS00145,3,26.02,0.0,0.0,78.06,debit_card,mobile_app,USD
TXN0004408,2024-09-16 09:20:00,STR022,PRD0072,CUS00496,5,500.55,0.0,0.0,2502.75,credit_card,mobile_app,USD
TXN0004409,2024-10-29 16:06:00,STR006,PRD0117,CUS00490,5,54.14,0.0,0.0,270.7,gift_card,in_store,USD
TXN0004410,2024-06-08 16:48:00,STR020,PRD0064,CUS00010,3,475.35,0.0,0.0,1426.05,mobile_pay,online,USD
TXN0004411,2024-08-05 12:12:00,STR009,PRD0006,,5,101.59,0.0,0.0,507.95,mobile_pay,online,USD
TXN0004412,2024-01-04 13:26:00,STR023,PRD0075,CUS00117,1,507.8,0.15,76.17,431.63,cash,in_store,USD
TXN0004413,2024-06-17 12:08:00,STR019,PRD0031,CUS00337,2,77.68,0.0,0.0,155.36,mobile_pay,online,USD
TXN0004414,2024-09-15 12:30:00,STR009,PRD0016,CUS00498,3,539.04,0.0,0.0,1617.12,credit_card,in_store,USD
TXN0004415,2024-07-11 12:11:00,STR012,PRD0081,CUS00166,1,429.07,0.0,0.0,429.07,credit_card,online,USD
TXN0004416,2024-11-24 17:40:00,STR019,PRD0067,CUS00331,4,544.43,0.05,108.89,2068.83,cash,mobile_app,USD
TXN0004417,2024-01-06 12:53:00,STR003,PRD0116,CUS00445,3,648.85,0.0,0.0,1946.55,cash,in_store,USD
TXN0004418,2024-02-13 15:47:00,STR022,PRD0057,CUS00128,5,412.83,0.0,0.0,2064.15,mobile_pay,online,USD
TXN0004419,2024-01-15 18:24:00,STR002,PRD0060,CUS00341,1,399.84,0.0,0.0,399.84,debit_card,mobile_app,USD
TXN0004420,2024-06-22 20:38:00,STR003,PRD0117,CUS00098,3,54.14,0.0,0.0,162.42,mobile_pay,online,USD
TXN0004421,2024-01-27 11:40:00,STR014,PRD0058,CUS00405,3,61.42,0.0,0.0,184.26,credit_card,in_store,USD
TXN0004422,2024-07-28 08:36:00,STR014,PRD0015,,3,541.61,0.0,0.0,1624.83,credit_card,in_store,USD
TXN0004423,2024-11-06 19:50:00,STR021,PRD0084,CUS00200,5,127.62,0.0,0.0,638.1,cash,in_store,USD
TXN0004424,2024-08-02 20:28:00,STR008,PRD0021,CUS00365,2,411.07,0.0,0.0,822.14,debit_card,online,USD
TXN0004425,2024-04-01 18:19:00,STR018,PRD0107,CUS00476,3,368.5,0.0,0.0,1105.5,credit_card,in_store,USD
TXN0004426,2024-02-16 21:43:00,STR023,PRD0067,CUS00109,4,544.43,0.0,0.0,2177.72,mobile_pay,online,USD
TXN0004427,2024-06-20 11:38:00,STR005,PRD0012,CUS00441,3,233.86,0.1,70.16,631.42,cash,mobile_app,USD
TXN0004428,2024-07-23 12:23:00,STR017,PRD0032,CUS00392,2,251.17,0.0,0.0,502.34,cash,online,USD
TXN0004429,2024-09-28 20:24:00,STR007,PRD0005,CUS00232,2,259.57,0.0,0.0,519.14,debit_card,online,USD
TXN0004430,2024-05-11 19:47:00,STR017,PRD0020,CUS00361,1,595.59,0.0,0.0,595.59,gift_card,mobile_app,USD
TXN0004431,2024-02-28 10:43:00,STR009,PRD0031,CUS00081,4,77.68,0.0,0.0,310.72,gift_card,mobile_app,USD
TXN0004432,2024-09-08 14:55:00,STR017,PRD0027,CUS00076,3,490.08,0.05,73.51,1396.73,cash,mobile_app,USD
TXN0004433,2024-10-09 19:53:00,STR014,PRD0064,,1,475.35,0.0,0.0,475.35,mobile_pay,in_store,USD
TXN0004434,2024-03-27 14:04:00,STR011,PRD0090,CUS00324,5,69.19,0.0,0.0,345.95,gift_card,in_store,USD
TXN0004435,2024-11-26 08:03:00,STR017,PRD0107,CUS00211,5,368.5,0.15,276.38,1566.12,debit_card,online,USD
TXN0004436,2024-03-28 19:53:00,STR023,PRD0041,CUS00020,5,491.81,0.05,122.95,2336.1,mobile_pay,in_store,USD
TXN0004437,2024-03-22 09:35:00,STR020,PRD0050,CUS00356,3,201.33,0.0,0.0,603.99,gift_card,in_store,USD
TXN0004438,2024-11-08 10:35:00,STR018,PRD0048,CUS00410,4,473.17,0.0,0.0,1892.68,cash,online,USD
TXN0004439,2024-09-16 17:32:00,STR004,PRD0106,CUS00081,3,558.66,0.0,0.0,1675.98,debit_card,in_store,USD
TXN0004440,2024-05-20 19:11:00,STR015,PRD0058,CUS00431,3,61.42,0.0,0.0,184.26,gift_card,online,USD
TXN0004441,2024-05-17 19:57:00,STR003,PRD0025,CUS00469,2,116.31,0.05,11.63,220.99,cash,online,USD
TXN0004442,2024-07-16 17:00:00,STR005,PRD0037,CUS00257,2,47.85,0.0,0.0,95.7,mobile_pay,in_store,USD
TXN0004443,2024-08-17 19:12:00,STR013,PRD0107,CUS00004,3,368.5,0.0,0.0,1105.5,debit_card,in_store,USD
TXN0004444,2024-01-14 17:30:00,STR023,PRD0092,,5,353.85,0.0,0.0,1769.25,credit_card,in_store,USD
TXN0004445,2024-01-29 13:42:00,STR009,PRD0030,CUS00044,4,80.67,0.0,0.0,322.68,cash,in_store,USD
TXN0004446,2024-12-12 12:22:00,STR016,PRD0058,CUS00064,5,61.42,0.0,0.0,307.1,credit_card,mobile_app,USD
TXN0004447,2024-01-09 19:21:00,STR012,PRD0114,CUS00075,5,596.37,0.05,149.09,2832.76,credit_card,online,USD
TXN0004448,2024-07-22 08:26:00,STR022,PRD0028,CUS00055,5,621.82,0.0,0.0,3109.1,credit_card,in_store,USD
TXN0004449,2024-01-17 21:09:00,STR009,PRD0007,CUS00089,5,274.3,0.05,68.58,1302.92,credit_card,mobile_app,USD
TXN0004450,2024-05-11 16:54:00,STR006,PRD0041,CUS00323,4,491.81,0.0,0.0,1967.24,cash,mobile_app,USD
TXN0004451,2024-08-15 08:20:00,STR005,PRD0040,CUS00072,3,823.32,0.05,123.5,2346.46,credit_card,online,USD
TXN0004452,2024-11-19 18:25:00,STR023,PRD0026,CUS00193,4,172.92,0.05,34.58,657.1,gift_card,in_store,USD
TXN0004453,2024-08-16 12:36:00,STR003,PRD0116,CUS00099,2,648.85,0.0,0.0,1297.7,gift_card,in_store,USD
TXN0004454,2024-05-19 17:48:00,STR009,PRD0087,CUS00086,2,488.55,0.0,0.0,977.1,credit_card,mobile_app,USD
TXN0004455,2024-08-03 19:15:00,STR007,PRD0110,,1,406.78,0.0,0.0,406.78,credit_card,mobile_app,USD
TXN0004456,2024-03-25 16:15:00,STR002,PRD0109,CUS00400,5,459.8,0.15,344.85,1954.15,gift_card,in_store,USD
TXN0004457,2024-04-29 12:55:00,STR023,PRD0058,CUS00056,3,61.42,0.0,0.0,184.26,mobile_pay,online,USD
TXN0004458,2024-10-01 21:55:00,STR010,PRD0030,CUS00214,1,80.67,0.0,0.0,80.67,cash,in_store,USD
TXN0004459,2024-01-13 21:52:00,STR008,PRD0012,CUS00308,2,233.86,0.0,0.0,467.72,credit_card,mobile_app,USD
TXN0004460,2024-03-18 12:40:00,STR017,PRD0097,CUS00004,1,118.36,0.0,0.0,118.36,debit_card,mobile_app,USD
TXN0004461,2024-11-12 14:41:00,STR007,PRD0105,CUS00086,3,554.1,0.0,0.0,1662.3,cash,online,USD
TXN0004462,2024-10-08 09:47:00,STR004,PRD0069,CUS00035,5,527.04,0.0,0.0,2635.2,cash,mobile_app,USD
TXN0004463,2024-08-29 14:55:00,STR003,PRD0045,CUS00309,1,318.79,0.05,15.94,302.85,debit_card,in_store,USD
TXN0004464,2024-10-31 13:22:00,STR005,PRD0110,CUS00295,5,406.78,0.0,0.0,2033.9,gift_card,in_store,USD
TXN0004465,2024-01-11 19:35:00,STR017,PRD0064,CUS00266,4,475.35,0.0,0.0,1901.4,debit_card,in_store,USD
TXN0004466,2024-04-28 16:14:00,STR019,PRD0079,,5,643.15,0.0,0.0,3215.75,debit_card,online,USD
TXN0004467,2024-09-04 15:27:00,STR008,PRD0027,CUS00495,3,490.08,0.0,0.0,1470.24,mobile_pay,mobile_app,USD
TXN0004468,2024-04-24 20:29:00,STR006,PRD0089,CUS00300,1,690.46,0.0,0.0,690.46,debit_card,in_store,USD
TXN0004469,2024-10-10 12:52:00,STR021,PRD0114,CUS00085,5,596.37,0.05,149.09,2832.76,debit_card,mobile_app,USD
TXN0004470,2024-10-10 08:23:00,STR005,PRD0028,CUS00001,5,621.82,0.0,0.0,3109.1,mobile_pay,in_store,USD
TXN0004471,2024-11-21 14:37:00,STR014,PRD0083,CUS00013,1,247.1,0.0,0.0,247.1,gift_card,mobile_app,USD
TXN0004472,2024-07-06 11:18:00,STR002,PRD0059,CUS00395,3,458.19,0.0,0.0,1374.57,credit_card,online,USD
TXN0004473,2024-02-25 09:15:00,STR014,PRD0098,CUS00271,1,244.56,0.05,12.23,232.33,cash,in_store,USD
TXN0004474,2024-05-16 13:22:00,STR011,PRD0064,CUS00097,1,475.35,0.0,0.0,475.35,mobile_pay,in_store,USD
TXN0004475,2024-07-24 18:05:00,STR012,PRD0038,CUS00175,5,879.64,0.0,0.0,4398.2,credit_card,in_store,USD
TXN0004476,2024-10-27 16:57:00,STR002,PRD0023,CUS00040,1,249.34,0.0,0.0,249.34,gift_card,online,USD
TXN0004477,2024-01-04 09:00:00,STR005,PRD0091,,1,122.8,0.0,0.0,122.8,credit_card,mobile_app,USD
TXN0004478,2024-06-15 17:51:00,STR015,PRD0118,CUS00459,1,317.96,0.0,0.0,317.96,mobile_pay,online,USD
TXN0004479,2024-01-12 18:44:00,STR012,PRD0114,CUS00283,4,596.37,0.05,119.27,2266.21,gift_card,in_store,USD
TXN0004480,2024-04-04 12:21:00,STR022,PRD0063,CUS00041,4,23.14,0.0,0.0,92.56,mobile_pay,in_store,USD
TXN0004481,2024-09-30 09:15:00,STR007,PRD0096,CUS00306,3,389.05,0.15,175.07,992.08,gift_card,online,USD
TXN0004482,2024-10-03 17:36:00,STR006,PRD0048,CUS00081,4,473.17,0.0,0.0,1892.68,debit_card,online,USD
TXN0004483,2024-10-13 10:33:00,STR009,PRD0111,CUS00432,4,661.33,0.0,0.0,2645.32,mobile_pay,online,USD
TXN0004484,2024-09-19 19:01:00,STR009,PRD0061,CUS00451,4,169.37,0.0,0.0,677.48,debit_card,mobile_app,USD
TXN0004485,2024-02-15 12:40:00,STR021,PRD0066,CUS00476,2,404.74,0.0,0.0,809.48,debit_card,mobile_app,USD
TXN0004486,2024-11-28 20:08:00,STR006,PRD0047,CUS00313,5,487.35,0.0,0.0,2436.75,credit_card,mobile_app,USD
TXN0004487,2024-10-15 16:30:00,STR012,PRD0032,CUS00402,2,251.17,0.0,0.0,502.34,gift_card,in_store,USD
TXN0004488,2024-08-22 14:08:00,STR007,PRD0061,,4,169.37,0.05,33.87,643.61,credit_card,mobile_app,USD
TXN0004489,2024-09-24 20:01:00,STR016,PRD0116,CUS00083,2,648.85,0.0,0.0,1297.7,mobile_pay,in_store,USD
TXN0004490,2024-12-27 10:18:00,STR015,PRD0100,CUS00047,2,576.59,0.0,0.0,1153.18,gift_card,online,USD
TXN0004491,2024-10-31 12:32:00,STR006,PRD0118,CUS00252,3,317.96,0.0,0.0,953.88,gift_card,in_store,USD
TXN0004492,2024-06-26 16:17:00,STR006,PRD0095,CUS00144,5,658.33,0.0,0.0,3291.65,credit_card,online,USD
TXN0004493,2024-03-06 08:37:00,STR007,PRD0105,CUS00353,4,554.1,0.0,0.0,2216.4,credit_card,in_store,USD
TXN0004494,2024-09-14 21:35:00,STR011,PRD0086,CUS00336,2,139.31,0.05,13.93,264.69,mobile_pay,online,USD
TXN0004495,2024-09-13 14:50:00,STR015,PRD0039,CUS00388,5,415.77,0.0,0.0,2078.85,gift_card,in_store,USD
TXN0004496,2024-12-22 08:00:00,STR016,PRD0023,CUS00135,1,249.34,0.05,12.47,236.87,cash,in_store,USD
TXN0004497,2024-09-08 17:51:00,STR010,PRD0009,CUS00104,3,675.27,0.0,0.0,2025.81,gift_card,in_store,USD
TXN0004498,2024-05-05 17:17:00,STR009,PRD0033,CUS00250,1,269.98,0.0,0.0,269.98,credit_card,mobile_app,USD
TXN0004499,2024-02-09 10:52:00,STR010,PRD0117,,4,54.14,0.0,0.0,216.56,mobile_pay,mobile_app,USD
TXN0004500,2024-12-20 15:00:00,STR005,PRD0039,CUS00003,2,415.77,0.0,0.0,831.54,gift_card,mobile_app,USD
TXN0004501,2024-05-28 08:35:00,STR004,PRD0020,CUS00324,2,595.59,0.05,59.56,1131.62,gift_card,in_store,USD
TXN0004502,2024-01-19 20:43:00,STR009,PRD0120,CUS00265,4,136.37,0.0,0.0,545.48,debit_card,online,USD
TXN0004503,2024-12-21 10:24:00,STR007,PRD0077,CUS00318,1,898.98,0.15,134.85,764.13,debit_card,online,USD
TXN0004504,2024-07-14 18:36:00,STR005,PRD0016,CUS00185,3,539.04,0.0,0.0,1617.12,mobile_pay,in_store,USD
TXN0004505,2024-09-05 12:49:00,STR001,PRD0042,CUS00237,5,140.2,0.0,0.0,701.0,cash,in_store,USD
TXN0004506,2024-08-25 10:09:00,STR014,PRD0094,CUS00487,1,326.53,0.05,16.33,310.2,mobile_pay,in_store,USD
TXN0004507,2024-06-08 08:38:00,STR011,PRD0049,CUS00019,2,327.25,0.0,0.0,654.5,credit_card,mobile_app,USD
TXN0004508,2024-10-03 10:25:00,STR019,PRD0090,CUS00155,3,69.19,0.0,0.0,207.57,mobile_pay,mobile_app,USD
TXN0004509,2024-01-16 09:32:00,STR006,PRD0064,CUS00174,3,475.35,0.0,0.0,1426.05,debit_card,online,USD
TXN0004510,2024-11-04 21:25:00,STR018,PRD0083,,3,247.1,0.2,148.26,593.04,cash,mobile_app,USD
TXN0004511,2024-04-27 17:40:00,STR004,PRD0092,CUS00119,2,353.85,0.0,0.0,707.7,gift_card,in_store,USD
TXN0004512,2024-02-06 11:57:00,STR005,PRD0105,CUS00113,2,554.1,0.0,0.0,1108.2,credit_card,online,USD
TXN0004513,2024-11-19 15:49:00,STR015,PRD0097,CUS00068,5,118.36,0.1,59.18,532.62,credit_card,in_store,USD
TXN0004514,2024-05-13 18:51:00,STR006,PRD0042,CUS00131,3,140.2,0.0,0.0,420.6,gift_card,mobile_app,USD
TXN0004515,2024-07-29 09:31:00,STR005,PRD0038,CUS00377,3,879.64,0.1,263.89,2375.03,cash,mobile_app,USD
TXN0004516,2024-08-16 13:20:00,STR009,PRD0109,CUS00304,4,459.8,0.05,91.96,1747.24,gift_card,online,USD
TXN0004517,2024-08-09 13:12:00,STR012,PRD0070,CUS00228,3,31.14,0.0,0.0,93.42,credit_card,mobile_app,USD
TXN0004518,2024-06-01 09:36:00,STR012,PRD0104,CUS00134,2,398.02,0.0,0.0,796.04,debit_card,mobile_app,USD
TXN0004519,2024-02-19 18:03:00,STR006,PRD0082,CUS00020,1,82.51,0.0,0.0,82.51,mobile_pay,mobile_app,USD
TXN0004520,2024-04-24 20:37:00,STR002,PRD0063,CUS00041,5,23.14,0.05,5.79,109.91,gift_card,in_store,USD
TXN0004521,2024-10-07 20:20:00,STR013,PRD0056,,4,26.02,0.0,0.0,104.08,debit_card,mobile_app,USD
TXN0004522,2024-05-30 21:58:00,STR007,PRD0014,CUS00018,3,10.52,0.0,0.0,31.56,cash,online,USD
TXN0004523,2024-10-05 12:23:00,STR010,PRD0090,CUS00036,3,69.19,0.0,0.0,207.57,cash,online,USD
TXN0004524,2024-01-13 20:50:00,STR011,PRD0028,CUS00404,2,621.82,0.0,0.0,1243.64,debit_card,in_store,USD
TXN0004525,2024-01-06 10:57:00,STR003,PRD0108,CUS00224,4,99.37,0.1,39.75,357.73,credit_card,in_store,USD
TXN0004526,2024-10-24 20:32:00,STR013,PRD0021,CUS00167,2,411.07,0.05,41.11,781.03,mobile_pay,mobile_app,USD
TXN0004527,2024-06-27 09:33:00,STR020,PRD0104,CUS00409,1,398.02,0.0,0.0,398.02,mobile_pay,online,USD
TXN0004528,2024-09-22 16:23:00,STR012,PRD0075,CUS00407,1,507.8,0.0,0.0,507.8,debit_card,mobile_app,USD
TXN0004529,2024-04-12 21:15:00,STR010,PRD0050,CUS00428,3,201.33,0.0,0.0,603.99,debit_card,mobile_app,USD
TXN0004530,2024-01-05 09:36:00,STR014,PRD0014,CUS00118,1,10.52,0.0,0.0,10.52,credit_card,in_store,USD
TXN0004531,2024-08-19 12:05:00,STR006,PRD0018,CUS00240,3,94.47,0.0,0.0,283.41,gift_card,in_store,USD
TXN0004532,2024-05-09 17:51:00,STR016,PRD0118,,4,317.96,0.0,0.0,1271.84,credit_card,online,USD
TXN0004533,2024-07-01 20:32:00,STR001,PRD0109,CUS00122,2,459.8,0.0,0.0,919.6,mobile_pay,mobile_app,USD
TXN0004534,2024-12-12 15:44:00,STR023,PRD0078,CUS00091,4,678.93,0.0,0.0,2715.72,gift_card,online,USD
TXN0004535,2024-03-13 08:09:00,STR023,PRD0075,CUS00411,2,507.8,0.0,0.0,1015.6,mobile_pay,mobile_app,USD
TXN0004536,2024-09-10 21:34:00,STR023,PRD0078,CUS00201,5,678.93,0.0,0.0,3394.65,mobile_pay,online,USD
TXN0004537,2024-06-09 09:09:00,STR012,PRD0106,CUS00016,4,558.66,0.0,0.0,2234.64,cash,in_store,USD
TXN0004538,2024-03-10 08:12:00,STR003,PRD0020,CUS00040,4,595.59,0.0,0.0,2382.36,mobile_pay,in_store,USD
TXN0004539,2024-05-28 13:58:00,STR013,PRD0113,CUS00355,3,336.98,0.05,50.55,960.39,gift_card,mobile_app,USD
TXN0004540,2024-09-12 12:01:00,STR019,PRD0071,CUS00244,4,327.28,0.15,196.37,1112.75,cash,mobile_app,USD
TXN0004541,2024-09-26 20:51:00,STR016,PRD0019,CUS00462,1,351.82,0.05,17.59,334.23,debit_card,mobile_app,USD
TXN0004542,2024-06-08 10:34:00,STR002,PRD0011,CUS00063,3,526.75,0.15,237.04,1343.21,cash,online,USD
TXN0004543,2024-09-05 08:01:00,STR012,PRD0070,,1,31.14,0.05,1.56,29.58,gift_card,mobile_app,USD
TXN0004544,2024-12-13 18:37:00,STR019,PRD0072,CUS00384,1,500.55,0.0,0.0,500.55,gift_card,online,USD
TXN0004545,2024-03-15 09:49:00,STR012,PRD0098,CUS00222,1,244.56,0.0,0.0,244.56,mobile_pay,online,USD
TXN0004546,2024-09-17 09:08:00,STR014,PRD0069,CUS00381,1,527.04,0.0,0.0,527.04,gift_card,mobile_app,USD
TXN0004547,2024-03-07 21:02:00,STR022,PRD0070,CUS00231,4,31.14,0.0,0.0,124.56,mobile_pay,in_store,USD
TXN0004548,2024-01-06 19:25:00,STR003,PRD0039,CUS00074,5,415.77,0.0,0.0,2078.85,gift_card,in_store,USD
TXN0004549,2024-10-23 19:39:00,STR021,PRD0070,CUS00388,5,31.14,0.0,0.0,155.7,mobile_pay,online,USD
TXN0004550,2024-11-04 18:16:00,STR003,PRD0007,CUS00315,4,274.3,0.0,0.0,1097.2,gift_card,in_store,USD
TXN0004551,2024-06-21 15:03:00,STR022,PRD0009,CUS00166,4,675.27,0.1,270.11,2430.97,cash,online,USD
TXN0004552,2024-10-09 19:54:00,STR015,PRD0103,CUS00456,4,58.52,0.0,0.0,234.08,debit_card,online,USD
TXN0004553,2024-12-30 08:46:00,STR005,PRD0021,CUS00393,4,411.07,0.0,0.0,1644.28,cash,in_store,USD
TXN0004554,2024-02-28 20:29:00,STR017,PRD0007,,4,274.3,0.15,164.58,932.62,gift_card,online,USD
TXN0004555,2024-02-02 15:20:00,STR010,PRD0025,CUS00231,-1,116.31,0.05,29.08,552.47,mobile_pay,mobile_app,USD
TXN0004556,2024-11-09 16:19:00,STR003,PRD0093,CUS00126,2,410.67,0.0,0.0,821.34,mobile_pay,mobile_app,USD
TXN0004557,2024-03-04 18:27:00,STR014,PRD0055,CUS00320,2,264.5,0.0,0.0,529.0,debit_card,mobile_app,USD
TXN0004558,2024-03-26 21:47:00,STR019,PRD0055,CUS00474,4,264.5,0.0,0.0,1058.0,credit_card,mobile_app,USD
TXN0004559,2024-03-20 09:29:00,STR009,PRD0014,CUS00171,1,10.52,0.0,0.0,10.52,credit_card,mobile_app,USD
TXN0004560,2024-03-26 21:10:00,STR012,PRD0040,CUS00272,3,823.32,0.0,0.0,2469.96,credit_card,online,USD
TXN0004561,2024-09-03 10:37:00,STR021,PRD0010,CUS00425,1,276.68,0.0,0.0,276.68,credit_card,mobile_app,USD
TXN0004562,2024-07-15 17:56:00,STR004,PRD0029,CUS00452,5,354.91,0.0,0.0,1774.55,cash,in_store,USD
TXN0004563,2024-07-16 14:37:00,STR020,PRD0052,CUS00196,1,76.14,0.0,0.0,76.14,credit_card,online,USD
TXN0004564,2024-06-02 13:17:00,STR017,PRD0113,CUS00073,2,336.98,0.1,67.4,606.56,mobile_pay,online,USD
TXN0004565,2024-10-21 19:45:00,STR011,PRD0046,,2,719.52,0.1,143.9,1295.14,gift_card,online,USD
TXN0004566,2024-11-29 11:45:00,STR007,PRD0053,CUS00419,2,321.56,0.1,64.31,578.81,gift_card,mobile_app,USD
TXN0004567,2024-01-15 13:01:00,STR016,PRD0120,CUS00077,3,136.37,0.0,0.0,409.11,debit_card,mobile_app,USD
TXN0004568,2024-07-03 18:08:00,STR010,PRD0089,CUS00128,2,690.46,0.0,0.0,1380.92,mobile_pay,online,USD
TXN0004569,2024-11-10 12:45:00,STR009,PRD0097,CUS00167,2,118.36,0.0,0.0,236.72,debit_card,mobile_app,USD
TXN0004570,2024-09-14 09:57:00,STR006,PRD0035,CUS00059,2,234.61,0.0,0.0,469.22,credit_card,in_store,USD
TXN0004571,2024-10-10 08:05:00,STR005,PRD0050,CUS00219,1,201.33,0.0,0.0,201.33,cash,in_store,USD
TXN0004572,2024-07-17 18:50:00,STR023,PRD0043,CUS00197,3,621.23,0.0,0.0,1863.69,debit_card,in_store,USD
TXN0004573,2024-12-30 08:24:00,STR011,PRD0042,CUS00173,3,140.2,0.0,0.0,420.6,debit_card,online,USD
TXN0004574,2024-09-04 20:08:00,STR020,PRD0001,CUS00283,4,137.75,0.05,27.55,523.45,credit_card,mobile_app,USD
TXN0004575,2024-06-12 10:43:00,STR022,PRD0097,CUS00097,2,118.36,0.0,0.0,236.72,credit_card,in_store,USD
TXN0004576,2024-12-22 11:12:00,STR002,PRD0036,,2,405.13,0.0,0.0,810.26,mobile_pay,in_store,USD
TXN0004577,2024-06-26 14:15:00,STR005,PRD0108,CUS00472,4,99.37,0.0,0.0,397.48,mobile_pay,in_store,USD
TXN0004578,2024-09-27 09:20:00,STR013,PRD0013,CUS00064,2,80.66,0.0,0.0,161.32,debit_card,in_store,USD
TXN0004579,2024-02-22 15:01:00,STR005,PRD0006,CUS00089,1,101.59,0.0,0.0,101.59,debit_card,mobile_app,USD
TXN0004580,2024-04-11 15:21:00,STR018,PRD0050,CUS00126,1,201.33,0.0,0.0,201.33,mobile_pay,in_store,USD
TXN0004581,2024-04-10 21:02:00,STR001,PRD0118,CUS00049,5,317.96,0.0,0.0,1589.8,debit_card,mobile_app,USD
TXN0004582,2024-09-12 21:39:00,STR020,PRD0020,CUS00160,3,595.59,0.05,89.34,1697.43,cash,mobile_app,USD
TXN0004583,2024-06-07 12:32:00,STR002,PRD0105,CUS00458,1,554.1,0.0,0.0,554.1,debit_card,mobile_app,USD
TXN0004584,2024-07-07 14:46:00,STR016,PRD0052,CUS00491,3,76.14,0.1,22.84,205.58,debit_card,in_store,USD
TXN0004585,2024-04-24 10:59:00,STR015,PRD0024,CUS00132,3,364.86,0.1,109.46,985.12,debit_card,in_store,USD
TXN0004586,2024-06-27 15:19:00,STR013,PRD0057,CUS00172,1,412.83,0.05,20.64,392.19,credit_card,online,USD
TXN0004587,2024-11-29 21:13:00,STR018,PRD0010,,4,276.68,0.0,0.0,1106.72,debit_card,in_store,USD
TXN0004588,2024-01-24 11:43:00,STR004,PRD0029,CUS00132,3,354.91,0.0,0.0,1064.73,credit_card,online,USD
TXN0004589,2024-09-01 14:27:00,STR020,PRD0091,CUS00410,3,122.8,0.0,0.0,368.4,debit_card,mobile_app,USD
TXN0004590,2024-04-06 14:04:00,STR014,PRD0095,CUS00342,5,658.33,0.0,0.0,3291.65,cash,online,USD
TXN0004591,2024-04-10 16:21:00,STR001,PRD0029,CUS00010,4,354.91,0.0,0.0,1419.64,debit_card,mobile_app,USD
TXN0004592,2024-01-21 13:33:00,STR006,PRD0073,CUS00364,2,577.08,0.0,0.0,1154.16,debit_card,mobile_app,USD
TXN0004593,2024-09-17 13:40:00,STR006,PRD0062,CUS00204,1,355.41,0.0,0.0,355.41,debit_card,in_store,USD
TXN0004594,2024-05-24 09:00:00,STR011,PRD0041,CUS00149,1,491.81,0.0,0.0,491.81,gift_card,in_store,USD
TXN0004595,2024-03-03 11:11:00,STR004,PRD0048,CUS00121,2,473.17,0.05,47.32,899.02,gift_card,online,USD
TXN0004596,2024-03-08 15:39:00,STR007,PRD0046,CUS00473,1,719.52,0.05,35.98,683.54,gift_card,mobile_app,USD
TXN0004597,2024-02-18 14:35:00,STR003,PRD0080,CUS00376,4,270.17,0.0,0.0,1080.68,cash,online,USD
TXN0004598,2024-01-02 09:32:00,STR011,PRD0110,,3,406.78,0.1,122.03,1098.31,credit_card,in_store,USD
TXN0004599,2024-07-14 20:29:00,STR023,PRD0103,CUS00074,2,58.52,0.0,0.0,117.04,gift_card,in_store,USD
TXN0004600,2024-08-21 17:45:00,STR020,PRD0097,CUS00117,4,118.36,0.1,47.34,426.1,gift_card,online,USD
TXN0004601,2024-10-08 12:20:00,STR007,PRD0004,CUS00205,5,602.78,0.05,150.7,2863.2,credit_card,mobile_app,USD
TXN0004602,2024-03-17 14:46:00,STR019,PRD0091,CUS00387,5,122.8,0.2,122.8,491.2,cash,in_store,USD
TXN0004603,2024-08-25 11:59:00,STR017,PRD0104,CUS00166,2,398.02,0.15,119.41,676.63,debit_card,mobile_app,USD
TXN0004604,2024-02-18 08:24:00,STR016,PRD0072,CUS00151,4,500.55,0.0,0.0,2002.2,debit_card,online,USD
TXN0004605,2024-07-20 09:24:00,STR005,PRD0028,CUS00400,3,621.82,0.0,0.0,1865.46,credit_card,in_store,USD
TXN0004606,2024-09-05 20:36:00,STR009,PRD0074,CUS00241,4,304.27,0.0,0.0,1217.08,gift_card,in_store,USD
TXN0004607,2024-11-16 13:29:00,STR009,PRD0087,CUS00018,2,488.55,0.0,0.0,977.1,gift_card,online,USD
TXN0004608,2024-06-02 09:01:00,STR013,PRD0072,CUS00094,3,500.55,0.0,0.0,1501.65,cash,online,USD
TXN0004609,2024-08-29 09:30:00,STR015,PRD0072,,1,500.55,0.0,0.0,500.55,debit_card,online,USD
TXN0004610,2024-10-17 15:15:00,STR023,PRD0092,CUS00339,3,353.85,0.0,0.0,1061.55,cash,mobile_app,USD
TXN0004611,2024-10-02 12:19:00,STR018,PRD0118,CUS00446,1,317.96,0.0,0.0,317.96,credit_card,online,USD
TXN0004612,2024-08-29 10:59:00,STR009,PRD0093,CUS00239,1,410.67,0.05,20.53,390.14,debit_card,mobile_app,USD
TXN0004613,2024-04-28 15:13:00,STR003,PRD0015,CUS00012,4,541.61,0.05,108.32,2058.12,gift_card,in_store,USD
TXN0004614,2024-12-17 15:29:00,STR004,PRD0007,CUS00476,3,274.3,0.0,0.0,822.9,debit_card,mobile_app,USD
TXN0004615,2024-10-24 12:19:00,STR001,PRD0055,CUS00174,3,264.5,0.0,0.0,793.5,cash,online,USD
TXN0004616,2024-03-22 12:56:00,STR015,PRD0052,CUS00425,2,76.14,0.0,0.0,152.28,debit_card,online,USD
TXN0004617,2024-08-06 12:27:00,STR009,PRD0088,CUS00050,5,266.3,0.0,0.0,1331.5,gift_card,in_store,USD
TXN0004618,2024-03-22 12:44:00,STR017,PRD0032,CUS00382,2,251.17,0.15,75.35,426.99,mobile_pay,mobile_app,USD
TXN0004619,2024-07-04 18:20:00,STR006,PRD0092,CUS00297,4,353.85,0.0,0.0,1415.4,credit_card,mobile_app,USD
TXN0004620,2024-01-11 14:18:00,STR018,PRD0118,,3,317.96,0.0,0.0,953.88,gift_card,online,USD
TXN0004621,2024-02-13 20:44:00,STR022,PRD0117,CUS00324,3,54.14,0.0,0.0,162.42,cash,in_store,USD
TXN0004622,2024-11-13 08:37:00,STR018,PRD0033,CUS00222,2,269.98,0.0,0.0,539.96,debit_card,online,USD
TXN0004623,2024-09-06 17:46:00,STR004,PRD0099,CUS00037,5,388.71,0.0,0.0,1943.55,debit_card,in_store,USD
TXN0004624,2024-02-23 19:46:00,STR009,PRD0074,CUS00029,3,304.27,0.05,45.64,867.17,mobile_pay,in_store,USD
TXN0004625,2024-01-31 08:54:00,STR006,PRD0026,CUS00272,3,172.92,0.0,0.0,518.76,gift_card,online,USD
TXN0004626,2024-10-25 09:44:00,STR003,PRD0036,CUS00033,4,405.13,0.0,0.0,1620.52,credit_card,mobile_app,USD
TXN0004627,2024-04-12 19:50:00,STR002,PRD0055,CUS00464,4,264.5,0.05,52.9,1005.1,cash,in_store,USD
TXN0004628,2024-06-30 11:55:00,STR015,PRD0024,CUS00187,3,364.86,0.0,0.0,1094.58,cash,mobile_app,USD
TXN0004629,2024-11-02 16:56:00,STR020,PRD0083,CUS00021,2,247.1,0.0,0.0,494.2,gift_card,mobile_app,USD
TXN0004630,2024-10-29 13:17:00,STR006,PRD0020,CUS00254,4,595.59,0.0,0.0,2382.36,mobile_pay,mobile_app,USD
TXN0004631,2024-10-28 08:59:00,STR011,PRD0027,,5,490.08,0.0,0.0,2450.4,debit_card,mobile_app,USD
TXN0004632,2024-10-19 10:04:00,STR008,PRD0082,CUS00277,5,82.51,0.0,0.0,412.55,cash,mobile_app,USD
TXN0004633,2024-06-09 20:48:00,STR022,PRD0088,CUS00270,5,266.3,0.0,0.0,1331.5,mobile_pay,online,USD
TXN0004634,2024-02-01 08:44:00,STR020,PRD0001,CUS00314,4,137.75,0.2,110.2,440.8,mobile_pay,mobile_app,USD
TXN0004635,2024-03-24 17:50:00,STR020,PRD0093,CUS00436,1,410.67,0.05,20.53,390.14,mobile_pay,in_store,USD
TXN0004636,2024-01-26 16:45:00,STR012,PRD0058,CUS00178,2,61.42,0.1,12.28,110.56,cash,mobile_app,USD
TXN0004637,2024-11-25 21:03:00,STR016,PRD0035,CUS00048,2,234.61,0.0,0.0,469.22,gift_card,in_store,USD
TXN0004638,2024-07-14 14:50:00,STR021,PRD0107,CUS00251,4,368.5,0.0,0.0,1474.0,debit_card,online,USD
TXN0004639,2024-07-02 08:36:00,STR015,PRD0099,CUS00156,3,388.71,0.0,0.0,1166.13,mobile_pay,mobile_app,USD
TXN0004640,2024-03-10 14:46:00,STR020,PRD0055,CUS00055,3,264.5,0.0,0.0,793.5,credit_card,online,USD
TXN0004641,2024-06-11 16:04:00,STR021,PRD0045,CUS00170,4,318.79,0.0,0.0,1275.16,debit_card,online,USD
TXN0004642,2024-01-23 13:54:00,STR009,PRD0016,,3,539.04,0.0,0.0,1617.12,mobile_pay,in_store,USD
TXN0004643,2024-09-15 14:15:00,STR001,PRD0117,CUS00334,4,54.14,0.0,0.0,216.56,mobile_pay,mobile_app,USD
TXN0004644,2024-09-14 13:01:00,STR009,PRD0066,CUS00361,3,404.74,0.0,0.0,1214.22,mobile_pay,mobile_app,USD
TXN0004645,2024-10-23 15:51:00,STR004,PRD0090,CUS00152,2,69.19,0.0,0.0,138.38,credit_card,in_store,USD
TXN0004646,2024-05-10 21:04:00,STR003,PRD0025,CUS00163,5,116.31,0.15,87.23,494.32,debit_card,mobile_app,USD
TXN0004647,2024-10-21 08:00:00,STR023,PRD0091,CUS00251,4,122.8,0.0,0.0,491.2,gift_card,in_store,USD
TXN0004648,2024-06-29 09:59:00,STR017,PRD0076,CUS00180,2,33.66,0.0,0.0,67.32,mobile_pay,in_store,USD
TXN0004649,2024-05-15 08:33:00,STR022,PRD0052,CUS00445,3,76.14,0.1,22.84,205.58,gift_card,online,USD
TXN0004650,2024-04-03 09:15:00,STR007,PRD0069,CUS00150,3,527.04,0.15,237.17,1343.95,gift_card,in_store,USD
TXN0004651,2024-04-09 16:06:00,STR016,PRD0050,CUS00306,2,201.33,0.2,80.53,322.13,debit_card,mobile_app,USD
TXN0004652,2024-03-16 08:55:00,STR020,PRD0096,CUS00101,4,389.05,0.0,0.0,1556.2,gift_card,in_store,USD
TXN0004653,2024-05-04 14:06:00,STR004,PRD0028,,1,621.82,0.0,0.0,621.82,gift_card,online,USD
TXN0004654,2024-04-22 10:48:00,STR005,PRD0111,CUS00364,1,661.33,0.1,66.13,595.2,cash,mobile_app,USD
TXN0004655,2024-07-15 09:37:00,STR011,PRD0008,CUS00388,2,455.65,0.1,91.13,820.17,cash,mobile_app,USD
TXN0004656,2024-09-26 17:27:00,STR010,PRD0014,CUS00291,4,10.52,0.0,0.0,42.08,gift_card,in_store,USD
TXN0004657,2024-01-28 21:17:00,STR018,PRD0105,CUS00091,2,554.1,0.0,0.0,1108.2,cash,online,USD
TXN0004658,2024-08-25 09:05:00,STR007,PRD0079,CUS00278,5,643.15,0.0,0.0,3215.75,credit_card,in_store,USD
TXN0004659,2024-02-07 16:56:00,STR010,PRD0076,CUS00453,5,33.66,0.0,0.0,168.3,mobile_pay,mobile_app,USD
TXN0004660,2024-05-30 14:39:00,STR021,PRD0114,CUS00064,1,596.37,0.0,0.0,596.37,credit_card,in_store,USD
TXN0004661,2024-05-15 09:01:00,STR011,PRD0111,CUS00251,4,661.33,0.0,0.0,2645.32,cash,mobile_app,USD
TXN0004662,2024-04-10 14:42:00,STR005,PRD0110,CUS00415,1,406.78,0.0,0.0,406.78,debit_card,online,USD
TXN0004663,2024-06-29 12:41:00,STR003,PRD0027,CUS00156,4,490.08,0.0,0.0,1960.32,mobile_pay,mobile_app,USD
TXN0004664,2024-04-26 09:09:00,STR002,PRD0032,,2,251.17,0.0,0.0,502.34,debit_card,in_store,USD
TXN0004665,2024-11-16 17:19:00,STR015,PRD0054,CUS00151,4,694.62,0.05,138.92,2639.56,debit_card,mobile_app,USD
TXN0004666,2024-10-01 08:21:00,STR003,PRD0109,CUS00265,4,459.8,0.0,0.0,1839.2,debit_card,in_store,USD
TXN0004667,2024-11-28 10:42:00,STR021,PRD0101,CUS00438,2,437.08,0.0,0.0,874.16,credit_card,mobile_app,USD
TXN0004668,2024-04-26 21:16:00,STR007,PRD0027,CUS00136,3,490.08,0.0,0.0,1470.24,debit_card,online,USD
TXN0004669,2024-07-13 12:34:00,STR022,PRD0025,CUS00473,2,116.31,0.0,0.0,232.62,gift_card,online,USD
TXN0004670,2024-12-02 19:25:00,STR014,PRD0012,CUS00347,5,233.86,0.1,116.93,1052.37,gift_card,in_store,USD
TXN0004671,2024-03-16 08:30:00,STR015,PRD0066,CUS00454,3,404.74,0.1,121.42,1092.8,debit_card,online,USD
TXN0004672,2024-06-05 16:57:00,STR011,PRD0010,CUS00148,2,276.68,0.05,27.67,525.69,gift_card,mobile_app,USD
TXN0004673,2024-01-05 10:03:00,STR016,PRD0062,CUS00241,1,355.41,0.0,0.0,355.41,cash,in_store,USD
TXN0004674,2024-11-30 09:40:00,STR018,PRD0026,CUS00020,2,172.92,0.15,51.88,293.96,mobile_pay,online,USD
TXN0004675,2024-12-07 14:30:00,STR021,PRD0024,,4,364.86,0.0,0.0,1459.44,mobile_pay,mobile_app,USD
TXN0004676,2024-04-26 15:57:00,STR016,PRD0092,CUS00238,4,353.85,0.05,70.77,1344.63,mobile_pay,online,USD
TXN0004677,2024-02-09 14:26:00,STR005,PRD0117,CUS00408,2,54.14,0.0,0.0,108.28,mobile_pay,in_store,USD
TXN0004678,2024-01-02 21:04:00,STR013,PRD0020,CUS00282,4,595.59,0.0,0.0,2382.36,debit_card,online,USD
TXN0004679,2024-05-14 08:35:00,STR014,PRD0076,CUS00058,1,33.66,0.0,0.0,33.66,debit_card,mobile_app,USD
TXN0004680,2024-08-17 10:01:00,STR022,PRD0086,CUS00160,2,139.31,0.0,0.0,278.62,gift_card,in_store,USD
TXN0004681,2024-10-02 10:31:00,STR007,PRD0086,CUS00110,2,139.31,0.15,41.79,236.83,gift_card,mobile_app,USD
TXN0004682,2024-06-19 18:03:00,STR020,PRD0111,CUS00405,5,661.33,0.0,0.0,3306.65,gift_card,online,USD
TXN0004683,2024-10-10 14:16:00,STR017,PRD0055,CUS00169,3,264.5,0.0,0.0,793.5,credit_card,online,USD
TXN0004684,2024-01-13 19:12:00,STR010,PRD0061,CUS00452,2,169.37,0.05,16.94,321.8,debit_card,online,USD
TXN0004685,2024-06-28 15:44:00,STR008,PRD0081,CUS00137,3,429.07,0.0,0.0,1287.21,debit_card,in_store,USD
TXN0004686,2024-05-06 19:14:00,STR008,PRD0024,,5,364.86,0.05,91.22,1733.08,gift_card,in_store,USD
TXN0004687,2024-08-31 19:33:00,STR004,PRD0104,CUS00418,4,398.02,0.0,0.0,1592.08,debit_card,online,USD
TXN0004688,2024-09-06 13:42:00,STR002,PRD0077,CUS00129,2,898.98,0.0,0.0,1797.96,debit_card,in_store,USD
TXN0004689,2024-06-21 10:55:00,STR009,PRD0078,CUS00148,2,678.93,0.0,0.0,1357.86,mobile_pay,in_store,USD
TXN0004690,2024-07-25 15:29:00,STR002,PRD0045,CUS00131,1,318.79,0.0,0.0,318.79,gift_card,online,USD
TXN0004691,2024-04-26 11:35:00,STR022,PRD0106,CUS00423,3,558.66,0.05,83.8,1592.18,debit_card,in_store,USD
TXN0004692,2024-07-16 08:59:00,STR021,PRD0075,CUS00371,4,507.8,0.0,0.0,2031.2,debit_card,mobile_app,USD
TXN0004693,2024-03-25 10:23:00,STR007,PRD0054,CUS00089,4,694.62,0.1,277.85,2500.63,debit_card,online,USD
TXN0004694,2024-05-02 17:44:00,STR023,PRD0007,CUS00080,2,274.3,0.0,0.0,548.6,mobile_pay,mobile_app,USD
TXN0004695,2024-04-24 15:16:00,STR008,PRD0015,CUS00371,5,541.61,0.05,135.4,2572.65,credit_card,online,USD
TXN0004696,2024-03-13 21:35:00,STR010,PRD0090,CUS00452,5,69.19,0.0,0.0,345.95,mobile_pay,online,USD
TXN0004697,2024-07-12 17:00:00,STR023,PRD0024,,1,364.86,0.0,0.0,364.86,cash,mobile_app,USD
TXN0004698,2024-12-15 17:44:00,STR009,PRD0021,CUS00227,3,411.07,0.05,61.66,1171.55,credit_card,in_store,USD
TXN0004699,2024-06-23 15:09:00,STR019,PRD0008,CUS00386,2,455.65,0.0,0.0,911.3,credit_card,in_store,USD
TXN0004700,2024-02-15 15:01:00,STR014,PRD0001,CUS00202,2,137.75,0.0,0.0,275.5,debit_card,in_store,USD
TXN0004701,2024-08-17 21:02:00,STR005,PRD0091,CUS00331,1,122.8,0.0,0.0,122.8,debit_card,online,USD
TXN0004702,2024-10-13 14:34:00,STR002,PRD0036,CUS00273,5,405.13,0.0,0.0,2025.65,debit_card,mobile_app,USD
TXN0004703,2024-07-07 13:16:00,STR012,PRD0022,CUS00366,1,146.15,0.0,0.0,146.15,credit_card,online,USD
TXN0004704,2024-09-04 17:56:00,STR018,PRD0107,CUS00257,2,368.5,0.15,110.55,626.45,credit_card,mobile_app,USD
TXN0004705,2024-10-09 17:44:00,STR022,PRD0035,CUS00137,4,234.61,0.0,0.0,938.44,mobile_pay,in_store,USD
TXN0004706,2024-03-21 13:23:00,STR009,PRD0086,CUS00312,1,139.31,0.05,6.97,132.34,gift_card,mobile_app,USD
TXN0004707,2024-03-12 17:52:00,STR006,PRD0012,CUS00472,3,233.86,0.0,0.0,701.58,debit_card,in_store,USD
TXN0004708,2024-08-14 15:20:00,STR010,PRD0015,,1,541.61,0.0,0.0,541.61,gift_card,online,USD
TXN0004709,2024-11-22 12:10:00,STR003,PRD0055,CUS00380,4,264.5,0.0,0.0,1058.0,mobile_pay,online,USD
TXN0004710,2024-07-03 19:30:00,STR012,PRD0113,CUS00267,5,336.98,0.0,0.0,1684.9,gift_card,online,USD
TXN0004711,2024-08-19 21:48:00,STR017,PRD0022,CUS00118,3,146.15,0.0,0.0,438.45,debit_card,online,USD
TXN0004712,2024-09-09 18:54:00,STR016,PRD0022,CUS00117,4,146.15,0.0,0.0,584.6,credit_card,mobile_app,USD
TXN0004713,2024-06-03 16:12:00,STR011,PRD0093,CUS00212,5,410.67,0.0,0.0,2053.35,debit_card,mobile_app,USD
TXN0004714,2024-08-29 17:17:00,STR002,PRD0058,CUS00116,5,61.42,0.15,46.07,261.03,cash,online,USD
TXN0004715,2024-09-11 18:58:00,STR023,PRD0023,CUS00098,1,249.34,0.0,0.0,249.34,cash,in_store,USD
TXN0004716,2024-06-18 08:48:00,STR013,PRD0002,CUS00146,5,26.09,0.0,0.0,130.45,gift_card,in_store,USD
TXN0004717,2024-05-29 17:33:00,STR002,PRD0032,CUS00162,4,251.17,0.0,0.0,1004.68,debit_card,online,USD
TXN0004718,2024-09-30 17:16:00,STR016,PRD0053,CUS00118,3,321.56,0.1,96.47,868.21,cash,in_store,USD
TXN0004719,2024-04-24 21:11:00,STR022,PRD0037,,4,47.85,0.0,0.0,191.4,credit_card,online,USD
TXN0004720,2024-02-17 20:32:00,STR004,PRD0045,CUS00396,4,318.79,0.0,0.0,1275.16,debit_card,in_store,USD
TXN0004721,2024-11-23 21:19:00,STR012,PRD0059,CUS00189,4,458.19,0.0,0.0,1832.76,cash,online,USD
TXN0004722,2024-06-22 09:22:00,STR017,PRD0078,CUS00490,3,678.93,0.0,0.0,2036.79,gift_card,mobile_app,USD
TXN0004723,2024-03-22 10:15:00,STR013,PRD0094,CUS00394,3,326.53,0.05,48.98,930.61,cash,mobile_app,USD
TXN0004724,2024-12-01 10:54:00,STR008,PRD0039,CUS00318,3,415.77,0.05,62.37,1184.94,mobile_pay,online,USD
TXN0004725,2024-06-29 19:33:00,STR001,PRD0066,CUS00063,4,404.74,0.0,0.0,1618.96,gift_card,online,USD
TXN0004726,2024-02-02 19:27:00,STR021,PRD0084,CUS00150,5,127.62,0.0,0.0,638.1,credit_card,mobile_app,USD
TXN0004727,2024-01-18 11:45:00,STR003,PRD0074,CUS00169,1,304.27,0.0,0.0,304.27,debit_card,mobile_app,USD
TXN0004728,2024-09-18 10:24:00,STR020,PRD0104,CUS00121,4,398.02,0.1,159.21,1432.87,debit_card,in_store,USD
TXN0004729,2024-03-15 08:13:00,STR014,PRD0043,CUS00005,3,621.23,0.0,0.0,1863.69,credit_card,online,USD
TXN0004730,2024-07-28 15:22:00,STR003,PRD0067,,5,544.43,0.0,0.0,2722.15,mobile_pay,mobile_app,USD
TXN0004731,2024-02-05 08:00:00,STR008,PRD0044,CUS00232,2,126.49,0.0,0.0,252.98,cash,mobile_app,USD
TXN0004732,2024-07-15 09:45:00,STR005,PRD0063,CUS00458,4,23.14,0.0,0.0,92.56,gift_card,online,USD
TXN0004733,2024-06-05 10:47:00,STR002,PRD0038,CUS00224,2,879.64,0.0,0.0,1759.28,gift_card,in_store,USD
TXN0004734,2024-10-10 14:04:00,STR023,PRD0111,CUS00005,3,661.33,0.0,0.0,1983.99,gift_card,online,USD
TXN0004735,2024-12-09 17:22:00,STR010,PRD0062,CUS00386,4,355.41,0.05,71.08,1350.56,credit_card,online,USD
TXN0004736,2024-07-05 19:49:00,STR022,PRD0087,CUS00036,3,488.55,0.0,0.0,1465.65,debit_card,mobile_app,USD
TXN0004737,2024-08-17 15:26:00,STR015,PRD0077,CUS00096,2,898.98,0.1,179.8,1618.16,mobile_pay,in_store,USD
TXN0004738,2024-01-19 12:57:00,STR003,PRD0003,CUS00338,1,569.87,0.0,0.0,569.87,gift_card,mobile_app,USD
TXN0004739,2024-05-14 09:18:00,STR014,PRD0043,CUS00358,1,621.23,0.05,31.06,590.17,debit_card,mobile_app,USD
TXN0004740,2024-09-01 12:19:00,STR010,PRD0096,CUS00108,2,389.05,0.0,0.0,778.1,cash,mobile_app,USD
TXN0004741,2024-06-18 14:01:00,STR012,PRD0042,,5,140.2,0.0,0.0,701.0,credit_card,mobile_app,USD
TXN0004742,2024-01-01 13:54:00,STR005,PRD0065,CUS00378,2,286.09,0.0,0.0,572.18,cash,in_store,USD
TXN0004743,2024-05-29 17:30:00,STR023,PRD0035,CUS00041,3,234.61,0.0,0.0,703.83,cash,online,USD
TXN0004744,2024-05-12 19:37:00,STR017,PRD0030,CUS00432,4,80.67,0.1,32.27,290.41,gift_card,mobile_app,USD
TXN0004745,2024-05-10 21:44:00,STR021,PRD0110,CUS00175,5,406.78,0.0,0.0,2033.9,gift_card,in_store,USD
TXN0004746,2024-07-10 10:33:00,STR013,PRD0113,CUS00388,2,336.98,0.0,0.0,673.96,debit_card,mobile_app,USD
TXN0004747,2024-06-06 19:46:00,STR021,PRD0074,CUS00275,4,304.27,0.0,0.0,1217.08,mobile_pay,in_store,USD
TXN0004748,2024-11-07 19:28:00,STR016,PRD0055,CUS00290,2,264.5,0.05,26.45,502.55,mobile_pay,mobile_app,USD
TXN0004749,2024-04-21 12:54:00,STR021,PRD0030,CUS00174,4,80.67,0.0,0.0,322.68,gift_card,mobile_app,USD
TXN0004750,2024-11-29 11:10:00,STR020,PRD0048,CUS00367,5,473.17,0.0,0.0,2365.85,mobile_pay,in_store,USD
TXN0004751,2024-03-29 15:50:00,STR007,PRD0116,CUS00051,1,648.85,0.15,97.33,551.52,cash,mobile_app,USD
TXN0004752,2024-08-21 20:23:00,STR023,PRD0070,,3,31.14,0.0,0.0,93.42,cash,mobile_app,USD
TXN0004753,2024-12-02 18:52:00,STR005,PRD0075,CUS00497,3,507.8,0.0,0.0,1523.4,cash,online,USD
TXN0004754,2024-02-04 20:32:00,STR002,PRD0015,CUS00422,1,541.61,0.0,0.0,541.61,credit_card,mobile_app,USD
TXN0004755,2024-10-22 13:21:00,STR009,PRD0081,CUS00120,5,429.07,0.0,0.0,2145.35,debit_card,mobile_app,USD
TXN0004756,2024-09-05 20:25:00,STR013,PRD0108,CUS00456,4,99.37,0.0,0.0,397.48,gift_card,in_store,USD
TXN0004757,2024-01-10 08:12:00,STR013,PRD0028,CUS00419,2,621.82,0.0,0.0,1243.64,mobile_pay,online,USD
TXN0004758,2024-11-12 15:16:00,STR012,PRD0023,CUS00449,2,249.34,0.05,24.93,473.75,credit_card,mobile_app,USD
TXN0004759,2024-08-28 10:45:00,STR010,PRD0120,CUS00251,5,136.37,0.1,68.19,613.66,cash,in_store,USD
TXN0004760,2024-10-11 21:48:00,STR006,PRD0118,CUS00090,4,317.96,0.0,0.0,1271.84,debit_card,in_store,USD
TXN0004761,2024-07-02 13:47:00,STR009,PRD0066,CUS00379,3,404.74,0.0,0.0,1214.22,gift_card,mobile_app,USD
TXN0004762,2024-12-07 20:36:00,STR007,PRD0062,CUS00189,3,355.41,0.0,0.0,1066.23,debit_card,in_store,USD
TXN0004763,2024-09-26 10:16:00,STR006,PRD0002,,4,26.09,0.0,0.0,104.36,credit_card,mobile_app,USD
TXN0004764,2024-06-27 14:47:00,STR009,PRD0005,CUS00476,3,259.57,0.0,0.0,778.71,cash,mobile_app,USD
TXN0004765,2024-09-12 18:08:00,STR014,PRD0013,CUS00370,5,80.66,0.2,80.66,322.64,gift_card,online,USD
TXN0004766,2024-06-06 20:38:00,STR005,PRD0067,CUS00449,1,544.43,0.0,0.0,544.43,mobile_pay,mobile_app,USD
TXN0004767,2024-11-20 19:47:00,STR018,PRD0112,CUS00017,3,268.87,0.0,0.0,806.61,cash,online,USD
TXN0004768,2024-05-24 14:10:00,STR017,PRD0043,CUS00432,5,621.23,0.1,310.62,2795.53,cash,in_store,USD
TXN0004769,2024-06-09 18:20:00,STR017,PRD0062,CUS00494,5,355.41,0.0,0.0,1777.05,mobile_pay,mobile_app,USD
TXN0004770,2024-01-15 20:13:00,STR023,PRD0095,CUS00350,5,658.33,0.0,0.0,3291.65,credit_card,mobile_app,USD
TXN0004771,2024-10-05 12:39:00,STR008,PRD0041,CUS00302,2,491.81,0.05,49.18,934.44,debit_card,online,USD
TXN0004772,2024-01-05 21:41:00,STR003,PRD0090,CUS00293,2,69.19,0.1,13.84,124.54,cash,in_store,USD
TXN0004773,2024-03-15 15:31:00,STR007,PRD0045,CUS00218,4,318.79,0.1,127.52,1147.64,debit_card,in_store,USD
TXN0004774,2024-04-21 08:20:00,STR001,PRD0050,,2,201.33,0.0,0.0,402.66,gift_card,mobile_app,USD
TXN0004775,2024-08-17 16:26:00,STR018,PRD0056,CUS00085,5,26.02,0.15,19.51,110.59,debit_card,online,USD
TXN0004776,2024-11-21 20:19:00,STR017,PRD0024,CUS00187,3,364.86,0.05,54.73,1039.85,gift_card,in_store,USD
TXN0004777,2024-03-28 11:40:00,STR019,PRD0032,CUS00117,5,251.17,0.0,0.0,1255.85,gift_card,in_store,USD
TXN0004778,2024-02-14 11:04:00,STR009,PRD0012,CUS00148,5,233.86,0.0,0.0,1169.3,credit_card,mobile_app,USD
TXN0004779,2024-04-21 14:48:00,STR004,PRD0005,CUS00218,3,259.57,0.0,0.0,778.71,cash,mobile_app,USD
TXN0004780,2024-08-12 20:01:00,STR012,PRD0064,CUS00402,4,475.35,0.05,95.07,1806.33,credit_card,mobile_app,USD
TXN0004781,2024-03-09 19:34:00,STR021,PRD0005,CUS00071,4,259.57,0.05,51.91,986.37,debit_card,in_store,USD
TXN0004782,2024-02-18 10:37:00,STR021,PRD0087,CUS00495,5,488.55,0.0,0.0,2442.75,mobile_pay,mobile_app,USD
TXN0004783,2024-06-18 12:20:00,STR001,PRD0057,CUS00500,1,412.83,0.0,0.0,412.83,cash,mobile_app,USD
TXN0004784,2024-03-13 21:25:00,STR001,PRD0062,CUS00477,4,355.41,0.0,0.0,1421.64,credit_card,online,USD
TXN0004785,2024-03-17 16:30:00,STR012,PRD0094,,2,326.53,0.0,0.0,653.06,debit_card,mobile_app,USD
TXN0004786,2024-10-10 15:09:00,STR020,PRD0028,CUS00221,5,621.82,0.0,0.0,3109.1,gift_card,in_store,USD
TXN0004787,2024-10-14 18:03:00,STR014,PRD0003,CUS00357,4,569.87,0.2,455.9,1823.58,debit_card,mobile_app,USD
TXN0004788,2024-11-17 08:13:00,STR016,PRD0118,CUS00062,5,317.96,0.05,79.49,1510.31,gift_card,in_store,USD
TXN0004789,2024-10-23 20:44:00,STR005,PRD0042,CUS00146,2,140.2,0.0,0.0,280.4,debit_card,online,USD
TXN0004790,2024-12-15 13:17:00,STR002,PRD0107,CUS00401,5,368.5,0.0,0.0,1842.5,cash,mobile_app,USD
TXN0004791,2024-06-22 17:34:00,STR018,PRD0101,CUS00011,4,437.08,0.0,0.0,1748.32,credit_card,mobile_app,USD
TXN0004792,2024-11-08 10:09:00,STR006,PRD0053,CUS00378,5,321.56,0.0,0.0,1607.8,credit_card,mobile_app,USD
TXN0004793,2024-05-07 12:31:00,STR023,PRD0046,CUS00226,2,719.52,0.0,0.0,1439.04,credit_card,online,USD
TXN0004794,2024-07-12 09:58:00,STR021,PRD0099,CUS00481,3,388.71,0.1,116.61,1049.52,cash,mobile_app,USD
TXN0004795,2024-10-05 12:35:00,STR016,PRD0010,CUS00440,3,276.68,0.0,0.0,830.04,debit_card,mobile_app,USD
TXN0004796,2024-01-30 09:06:00,STR005,PRD0053,,2,321.56,0.05,32.16,610.96,debit_card,in_store,USD
TXN0004797,2024-07-12 20:39:00,STR002,PRD0071,CUS00395,5,327.28,0.1,163.64,1472.76,mobile_pay,in_store,USD
TXN0004798,2024-12-11 10:24:00,STR020,PRD0020,CUS00043,1,595.59,0.0,0.0,595.59,gift_card,in_store,USD
TXN0004799,2024-10-04 15:17:00,STR018,PRD0033,CUS00216,1,269.98,0.0,0.0,269.98,mobile_pay,online,USD
TXN0004800,2024-09-22 17:29:00,STR008,PRD0081,CUS00466,5,429.07,0.0,0.0,2145.35,debit_card,in_store,USD
TXN0004801,2024-10-04 11:56:00,STR003,PRD0076,CUS00054,1,33.66,0.0,0.0,33.66,debit_card,online,USD
TXN0004802,2024-03-25 08:42:00,STR005,PRD0086,CUS00141,2,139.31,0.05,13.93,264.69,mobile_pay,in_store,USD
TXN0004803,2024-09-05 18:27:00,STR016,PRD0043,CUS00267,5,621.23,0.2,621.23,2484.92,debit_card,mobile_app,USD
TXN0004804,2024-02-14 19:31:00,STR012,PRD0072,CUS00061,4,500.55,0.0,0.0,2002.2,mobile_pay,in_store,USD
TXN0004805,2024-03-23 09:00:00,STR008,PRD0072,CUS00445,2,500.55,0.05,50.06,951.04,mobile_pay,mobile_app,USD
TXN0004806,2024-06-23 14:17:00,STR004,PRD0025,CUS00160,5,116.31,0.0,0.0,581.55,debit_card,online,USD
TXN0004807,2024-08-06 09:57:00,STR012,PRD0043,,2,621.23,0.0,0.0,1242.46,debit_card,mobile_app,USD
TXN0004808,2024-09-12 17:43:00,STR023,PRD0050,CUS00355,1,201.33,0.0,0.0,201.33,debit_card,mobile_app,USD
TXN0004809,2024-07-26 21:38:00,STR002,PRD0090,CUS00086,4,69.19,0.05,13.84,262.92,cash,online,USD
TXN0004810,2024-01-01 21:39:00,STR005,PRD0097,CUS00096,4,118.36,0.0,0.0,473.44,debit_card,online,USD
TXN0004811,2024-02-16 09:33:00,STR019,PRD0013,CUS00472,4,80.66,0.0,0.0,322.64,gift_card,mobile_app,USD
TXN0004812,2024-05-31 19:48:00,STR002,PRD0071,CUS00121,2,327.28,0.0,0.0,654.56,debit_card,mobile_app,USD
TXN0004813,2024-08-31 16:52:00,STR022,PRD0053,CUS00294,4,321.56,0.0,0.0,1286.24,gift_card,in_store,USD
TXN0004814,2024-03-03 13:39:00,STR018,PRD0074,CUS00295,3,304.27,0.0,0.0,912.81,debit_card,in_store,USD
TXN0004815,2024-11-28 12:48:00,STR006,PRD0079,CUS00129,5,643.15,0.0,0.0,3215.75,debit_card,in_store,USD
TXN0004816,2024-03-25 10:11:00,STR019,PRD0056,CUS00135,2,26.02,0.0,0.0,52.04,debit_card,in_store,USD
TXN0004817,2024-10-19 13:53:00,STR017,PRD0096,CUS00241,2,389.05,0.0,0.0,778.1,cash,online,USD
TXN0004818,2024-01-13 15:05:00,STR005,PRD0083,,4,247.1,0.0,0.0,988.4,cash,online,USD
TXN0004819,2024-10-17 21:22:00,STR008,PRD0074,CUS00132,1,304.27,0.0,0.0,304.27,mobile_pay,mobile_app,USD
TXN0004820,2024-05-29 09:01:00,STR023,PRD0067,CUS00042,1,544.43,0.0,0.0,544.43,gift_card,online,USD
TXN0004821,2024-01-02 13:18:00,STR001,PRD0039,CUS00011,5,415.77,0.05,103.94,1974.91,credit_card,online,USD
TXN0004822,2024-10-15 17:56:00,STR017,PRD0063,CUS00064,3,23.14,0.0,0.0,69.42,cash,online,USD
TXN0004823,2024-01-09 11:11:00,STR011,PRD0002,CUS00199,1,26.09,0.1,2.61,23.48,gift_card,in_store,USD
TXN0004824,2024-12-22 11:20:00,STR016,PRD0101,CUS00335,2,437.08,0.0,0.0,874.16,debit_card,in_store,USD
TXN0004825,2024-08-07 20:48:00,STR021,PRD0095,CUS00467,5,658.33,0.0,0.0,3291.65,debit_card,in_store,USD
TXN0004826,2024-01-15 17:29:00,STR001,PRD0090,CUS00428,4,69.19,0.0,0.0,276.76,credit_card,in_store,USD
TXN0004827,2024-01-30 13:52:00,STR008,PRD0036,CUS00177,4,405.13,0.0,0.0,1620.52,cash,online,USD
TXN0004828,2024-01-31 19:53:00,STR020,PRD0114,CUS00403,2,596.37,0.0,0.0,1192.74,cash,mobile_app,USD
TXN0004829,2024-03-12 13:18:00,STR016,PRD0047,,5,487.35,0.15,365.51,2071.24,debit_card,mobile_app,USD
TXN0004830,2024-01-30 13:55:00,STR012,PRD0052,CUS00037,4,76.14,0.0,0.0,304.56,cash,in_store,USD
TXN0004831,2024-06-18 21:38:00,STR017,PRD0057,CUS00386,2,412.83,0.0,0.0,825.66,gift_card,mobile_app,USD
TXN0004832,2024-08-16 09:30:00,STR005,PRD0103,CUS00346,2,58.52,0.0,0.0,117.04,gift_card,mobile_app,USD
TXN0004833,2024-03-23 17:20:00,STR004,PRD0066,CUS00401,3,404.74,0.0,0.0,1214.22,cash,online,USD
TXN0004834,2024-07-14 08:45:00,STR015,PRD0062,CUS00379,1,355.41,0.0,0.0,355.41,cash,in_store,USD
TXN0004835,2024-02-29 09:25:00,STR007,PRD0100,CUS00167,2,576.59,0.0,0.0,1153.18,mobile_pay,mobile_app,USD
TXN0004836,2024-03-31 12:22:00,STR013,PRD0096,CUS00400,5,389.05,0.1,194.53,1750.72,credit_card,online,USD
TXN0004837,2024-05-06 08:40:00,STR006,PRD0029,CUS00246,4,354.91,0.0,0.0,1419.64,mobile_pay,mobile_app,USD
TXN0004838,2024-08-17 13:00:00,STR020,PRD0110,CUS00381,1,406.78,0.05,20.34,386.44,debit_card,mobile_app,USD
TXN0004839,2024-12-28 08:35:00,STR005,PRD0049,CUS00062,3,327.25,0.0,0.0,981.75,credit_card,in_store,USD
TXN0004840,2024-10-18 21:55:00,STR017,PRD0088,,4,266.3,0.0,0.0,1065.2,gift_card,mobile_app,USD
TXN0004841,2024-12-23 10:13:00,STR015,PRD0070,CUS00477,3,31.14,0.1,9.34,84.08,mobile_pay,online,USD
TXN0004842,2024-09-13 17:22:00,STR023,PRD0003,CUS00197,1,569.87,0.0,0.0,569.87,cash,online,USD
TXN0004843,2024-04-19 13:06:00,STR020,PRD0069,CUS00291,1,527.04,0.05,26.35,500.69,cash,online,USD
TXN0004844,2024-04-19 21:16:00,STR011,PRD0098,CUS00035,1,244.56,0.15,36.68,207.88,mobile_pay,in_store,USD
TXN0004845,2024-02-12 12:41:00,STR012,PRD0101,CUS00280,1,437.08,0.0,0.0,437.08,credit_card,mobile_app,USD
TXN0004846,2024-05-08 10:49:00,STR005,PRD0011,CUS00248,3,526.75,0.0,0.0,1580.25,debit_card,in_store,USD
TXN0004847,2024-10-04 19:24:00,STR008,PRD0050,CUS00302,3,201.33,0.05,30.2,573.79,cash,in_store,USD
TXN0004848,2024-10-23 11:06:00,STR019,PRD0004,CUS00244,3,602.78,0.15,271.25,1537.09,credit_card,mobile_app,USD
TXN0004849,2024-08-28 11:35:00,STR011,PRD0042,CUS00435,1,140.2,0.05,7.01,133.19,credit_card,mobile_app,USD
TXN0004850,2024-03-25 13:36:00,STR015,PRD0042,CUS00312,4,140.2,0.0,0.0,560.8,mobile_pay,in_store,USD
TXN0004851,2024-05-25 21:00:00,STR014,PRD0047,,2,487.35,0.0,0.0,974.7,cash,mobile_app,USD
TXN0004852,2024-10-06 09:40:00,STR004,PRD0099,CUS00118,4,388.71,0.2,310.97,1243.87,gift_card,mobile_app,USD
TXN0004853,2024-03-14 14:24:00,STR015,PRD0076,CUS00033,5,33.66,0.0,0.0,168.3,credit_card,in_store,USD
TXN0004854,2024-02-27 12:53:00,STR005,PRD0031,CUS00095,3,77.68,0.0,0.0,233.04,debit_card,in_store,USD
TXN0004855,2024-01-03 15:43:00,STR009,PRD0081,CUS00474,4,429.07,0.1,171.63,1544.65,cash,mobile_app,USD
TXN0004856,2024-10-30 18:54:00,STR009,PRD0079,CUS00329,2,643.15,0.0,0.0,1286.3,mobile_pay,mobile_app,USD
TXN0004857,2024-07-17 15:24:00,STR009,PRD0109,CUS00123,1,459.8,0.1,45.98,413.82,debit_card,in_store,USD
TXN0004858,2024-02-29 18:15:00,STR017,PRD0036,CUS00248,5,405.13,0.0,0.0,2025.65,mobile_pay,mobile_app,USD
TXN0004859,2024-03-04 09:32:00,STR010,PRD0067,CUS00305,4,544.43,0.0,0.0,2177.72,mobile_pay,in_store,USD
TXN0004860,2024-04-28 13:47:00,STR022,PRD0089,CUS00426,5,690.46,0.1,345.23,3107.07,debit_card,online,USD
TXN0004861,2024-01-10 20:22:00,STR020,PRD0071,CUS00054,3,327.28,0.15,147.28,834.56,gift_card,online,USD
TXN0004862,2024-09-29 11:32:00,STR012,PRD0110,,3,406.78,0.0,0.0,1220.34,mobile_pay,mobile_app,USD
TXN0004863,2024-06-29 15:59:00,STR009,PRD0093,CUS00226,1,410.67,0.0,0.0,410.67,cash,in_store,USD
TXN0004864,2024-12-28 11:54:00,STR015,PRD0007,CUS00133,4,274.3,0.0,0.0,1097.2,gift_card,online,USD
TXN0004865,2024-05-15 08:41:00,STR018,PRD0038,CUS00198,3,879.64,0.0,0.0,2638.92,gift_card,online,USD
TXN0004866,2024-09-06 12:04:00,STR014,PRD0031,CUS00293,4,77.68,0.2,62.14,248.58,mobile_pay,in_store,USD
TXN0004867,2024-10-25 08:06:00,STR013,PRD0025,CUS00012,3,116.31,0.0,0.0,348.93,mobile_pay,in_store,USD
TXN0004868,2024-05-01 19:25:00,STR018,PRD0050,CUS00477,4,201.33,0.0,0.0,805.32,debit_card,in_store,USD
TXN0004869,2024-11-16 09:46:00,STR020,PRD0112,CUS00410,4,268.87,0.0,0.0,1075.48,debit_card,online,USD
TXN0004870,2024-07-05 21:52:00,STR999,PRD0059,CUS00358,1,458.19,0.0,0.0,458.19,gift_card,mobile_app,USD
TXN0004871,2024-04-13 21:00:00,STR012,PRD0063,CUS00192,5,23.14,0.0,0.0,115.7,mobile_pay,mobile_app,USD
TXN0004872,2024-04-30 16:20:00,STR018,PRD0038,CUS00031,2,879.64,0.0,0.0,1759.28,debit_card,in_store,USD
TXN0004873,2024-10-17 08:40:00,STR001,PRD0072,,4,500.55,0.1,200.22,1801.98,cash,online,USD
TXN0004874,2024-07-10 21:39:00,STR006,PRD0039,CUS00329,4,415.77,0.0,0.0,1663.08,cash,in_store,USD
TXN0004875,2024-08-13 12:55:00,STR013,PRD0110,CUS00170,4,406.78,0.0,0.0,1627.12,mobile_pay,in_store,USD
TXN0004876,2024-06-08 19:38:00,STR006,PRD0039,CUS00106,1,415.77,0.05,20.79,394.98,cash,in_store,USD
TXN0004877,2024-02-20 20:25:00,STR002,PRD0071,CUS00432,3,327.28,0.05,49.09,932.75,cash,mobile_app,USD
TXN0004878,2024-09-05 18:23:00,STR008,PRD0006,CUS00095,2,101.59,0.0,0.0,203.18,debit_card,in_store,USD
TXN0004879,2024-09-04 12:18:00,STR003,PRD0099,CUS00361,4,388.71,0.0,0.0,1554.84,gift_card,mobile_app,USD
TXN0004880,2024-03-01 14:14:00,STR017,PRD0057,CUS00454,2,412.83,0.0,0.0,825.66,credit_card,in_store,USD
TXN0004881,2024-04-03 16:09:00,STR017,PRD0105,CUS00371,2,554.1,0.05,55.41,1052.79,cash,online,USD
TXN0004882,2024-01-13 08:09:00,STR004,PRD0064,CUS00249,4,475.35,0.15,285.21,1616.19,credit_card,in_store,USD
TXN0004883,2024-10-20 18:46:00,STR022,PRD0062,CUS00217,5,355.41,0.0,0.0,1777.05,credit_card,mobile_app,USD
TXN0004884,2024-05-11 15:30:00,STR023,PRD0035,,2,234.61,0.2,93.84,375.38,gift_card,online,USD
TXN0004885,2024-10-01 14:40:00,STR008,PRD0012,CUS00318,2,233.86,0.05,23.39,444.33,cash,mobile_app,USD
TXN0004886,2024-09-24 10:50:00,STR013,PRD0105,CUS00216,5,554.1,0.0,0.0,2770.5,mobile_pay,in_store,USD
TXN0004887,2024-01-17 17:44:00,STR006,PRD0020,CUS00346,1,595.59,0.0,0.0,595.59,credit_card,online,USD
TXN0004888,2024-11-12 11:29:00,STR005,PRD0044,CUS00367,2,126.49,0.0,0.0,252.98,credit_card,in_store,USD
TXN0004889,2024-06-28 08:32:00,STR009,PRD0040,CUS00324,5,823.32,0.0,0.0,4116.6,credit_card,in_store,USD
TXN0004890,2024-09-26 17:00:00,STR003,PRD0020,CUS00323,4,595.59,0.0,0.0,2382.36,cash,mobile_app,USD
TXN0004891,2024-08-19 20:01:00,STR017,PRD0056,CUS00487,5,26.02,0.0,0.0,130.1,cash,mobile_app,USD
TXN0004892,2024-06-16 19:43:00,STR019,PRD0031,CUS00353,5,77.68,0.0,0.0,388.4,debit_card,in_store,USD
TXN0004893,2024-09-30 14:54:00,STR013,PRD0078,CUS00236,2,678.93,0.1,135.79,1222.07,gift_card,online,USD
TXN0004894,2024-08-16 10:19:00,STR003,PRD0025,CUS00154,1,116.31,0.05,5.82,110.49,gift_card,mobile_app,USD
TXN0004895,2024-02-06 13:56:00,STR019,PRD0060,,1,399.84,0.0,0.0,399.84,debit_card,online,USD
TXN0004896,2024-12-23 14:50:00,STR017,PRD0007,CUS00255,2,274.3,0.0,0.0,548.6,gift_card,mobile_app,USD
TXN0004897,2024-09-15 14:46:00,STR003,PRD0039,CUS00288,2,415.77,0.0,0.0,831.54,cash,in_store,USD
TXN0004898,2024-04-29 16:14:00,STR007,PRD0063,CUS00036,4,23.14,0.0,0.0,92.56,credit_card,in_store,USD
TXN0004899,2024-03-19 13:14:00,STR008,PRD0023,CUS00034,4,249.34,0.0,0.0,997.36,cash,in_store,USD
TXN0004900,2024-10-30 12:08:00,STR017,PRD0078,CUS00326,5,678.93,0.0,0.0,3394.65,cash,online,USD
TXN0004901,2024-07-18 10:34:00,STR015,PRD0004,CUS00086,3,602.78,0.0,0.0,1808.34,credit_card,online,USD
TXN0004902,2024-06-17 17:10:00,STR006,PRD0006,CUS00149,1,101.59,0.0,0.0,101.59,cash,online,USD
TXN0004903,2024-09-07 16:48:00,STR017,PRD0009,CUS00268,3,675.27,0.0,0.0,2025.81,cash,mobile_app,USD
TXN0004904,2024-07-09 14:36:00,STR009,PRD0091,CUS00339,2,122.8,0.0,0.0,245.6,mobile_pay,mobile_app,USD
TXN0004905,2024-10-02 20:30:00,STR020,PRD0114,CUS00109,4,596.37,0.0,0.0,2385.48,debit_card,online,USD
TXN0004906,2024-09-22 08:07:00,STR022,PRD0070,,3,31.14,0.0,0.0,93.42,gift_card,in_store,USD
TXN0004907,2024-12-24 14:32:00,STR005,PRD0018,CUS00154,2,94.47,0.0,0.0,188.94,mobile_pay,online,USD
TXN0004908,2024-03-08 21:17:00,STR011,PRD0027,CUS00321,3,490.08,0.0,0.0,1470.24,credit_card,in_store,USD
TXN0004909,2024-11-08 10:17:00,STR006,PRD0118,CUS00333,4,317.96,0.0,0.0,1271.84,cash,online,USD
TXN0004910,2024-07-06 18:02:00,STR012,PRD0045,CUS00197,2,318.79,0.05,31.88,605.7,gift_card,online,USD
TXN0004911,2024-04-06 15:13:00,STR014,PRD0029,CUS00308,2,354.91,0.0,0.0,709.82,mobile_pay,mobile_app,USD
TXN0004912,2024-06-16 11:27:00,STR015,PRD0009,CUS00329,1,675.27,0.05,33.76,641.51,cash,online,USD
TXN0004913,2024-12-19 16:43:00,STR013,PRD0020,CUS00466,3,595.59,0.0,0.0,1786.77,credit_card,mobile_app,USD
TXN0004914,2024-01-23 17:00:00,STR009,PRD0025,CUS00422,5,116.31,0.0,0.0,581.55,credit_card,mobile_app,USD
TXN0004915,2024-12-09 14:15:00,STR021,PRD0086,CUS00236,5,139.31,0.0,0.0,696.55,mobile_pay,online,USD
TXN0004916,2024-10-31 08:43:00,STR021,PRD0036,CUS00486,5,405.13,0.0,0.0,2025.65,cash,mobile_app,USD
TXN0004917,2024-09-03 16:29:00,STR015,PRD0096,,3,389.05,0.0,0.0,1167.15,gift_card,online,USD
TXN0004918,2024-04-24 15:17:00,STR022,PRD0045,CUS00268,3,318.79,0.0,0.0,956.37,gift_card,online,USD
TXN0004919,2024-07-27 19:30:00,STR019,PRD0047,CUS00029,2,487.35,0.0,0.0,974.7,debit_card,mobile_app,USD
TXN0004920,2024-07-22 20:40:00,STR023,PRD0046,CUS00048,4,719.52,0.0,0.0,2878.08,gift_card,mobile_app,USD
TXN0004921,2024-06-26 20:56:00,STR023,PRD0111,CUS00312,3,661.33,0.1,198.4,1785.59,debit_card,in_store,USD
TXN0004922,2024-09-28 18:15:00,STR012,PRD0108,CUS00448,1,99.37,0.0,0.0,99.37,mobile_pay,mobile_app,USD
TXN0004923,2024-03-15 20:42:00,STR022,PRD0092,CUS00160,1,353.85,0.0,0.0,353.85,gift_card,mobile_app,USD
TXN0004924,2024-03-06 16:01:00,STR020,PRD0012,CUS00239,5,233.86,0.0,0.0,1169.3,gift_card,online,USD
TXN0004925,2024-12-20 12:02:00,STR021,PRD0066,CUS00282,4,404.74,0.0,0.0,1618.96,debit_card,mobile_app,USD
TXN0004926,2024-06-26 14:12:00,STR014,PRD0098,CUS00208,5,244.56,0.0,0.0,1222.8,gift_card,in_store,USD
TXN0004927,2024-03-25 13:39:00,STR012,PRD0086,CUS00448,4,139.31,0.1,55.72,501.52,mobile_pay,mobile_app,USD
TXN0004928,2024-01-14 14:15:00,STR023,PRD0109,,1,459.8,0.15,68.97,390.83,debit_card,in_store,USD
TXN0004929,2024-07-21 08:10:00,STR023,PRD0011,CUS00229,4,526.75,0.0,0.0,2107.0,debit_card,mobile_app,USD
TXN0004930,2024-11-10 21:34:00,STR018,PRD0010,CUS00493,2,276.68,0.0,0.0,553.36,cash,online,USD
TXN0004931,2024-05-18 17:24:00,STR005,PRD0079,CUS00074,1,643.15,0.0,0.0,643.15,cash,in_store,USD
TXN0004932,2024-01-19 12:54:00,STR022,PRD0044,CUS00150,3,126.49,0.0,0.0,379.47,gift_card,in_store,USD
TXN0004933,2024-10-20 21:56:00,STR021,PRD0042,CUS00482,5,140.2,0.0,0.0,701.0,cash,in_store,USD
TXN0004934,2024-02-20 16:13:00,STR016,PRD0046,CUS00236,1,719.52,0.0,0.0,719.52,credit_card,online,USD
TXN0004935,2024-09-23 13:04:00,STR003,PRD0088,CUS00187,5,266.3,0.0,0.0,1331.5,debit_card,in_store,USD
TXN0004936,2024-09-15 14:34:00,STR023,PRD0094,CUS00229,3,326.53,0.0,0.0,979.59,cash,mobile_app,USD
TXN0004937,2024-01-08 11:25:00,STR010,PRD0048,CUS00019,2,473.17,0.0,0.0,946.34,cash,mobile_app,USD
TXN0004938,2024-08-02 12:09:00,STR020,PRD0012,CUS00500,3,233.86,0.0,0.0,701.58,debit_card,in_store,USD
TXN0004939,2024-11-14 11:24:00,STR003,PRD0020,,5,595.59,0.0,0.0,2977.95,cash,mobile_app,USD
TXN0004940,2024-08-17 13:30:00,STR004,PRD0115,CUS00010,4,145.51,0.0,0.0,582.04,mobile_pay,online,USD
TXN0004941,2024-05-23 13:38:00,STR002,PRD0105,CUS00264,1,554.1,0.05,27.71,526.39,cash,online,USD
TXN0004942,2024-03-20 18:16:00,STR023,PRD0071,CUS00043,1,327.28,0.0,0.0,327.28,cash,mobile_app,USD
TXN0004943,2024-01-25 20:39:00,STR008,PRD0007,CUS00078,3,274.3,0.0,0.0,822.9,credit_card,in_store,USD
TXN0004944,2024-01-30 14:12:00,STR017,PRD0036,CUS00169,4,405.13,0.0,0.0,1620.52,credit_card,in_store,USD
TXN0004945,2024-02-10 18:54:00,STR003,PRD0054,CUS00343,1,694.62,0.0,0.0,694.62,gift_card,in_store,USD
TXN0004946,2024-03-07 20:14:00,STR018,PRD0038,CUS00026,1,879.64,0.0,0.0,879.64,mobile_pay,mobile_app,USD
TXN0004947,2024-12-05 13:14:00,STR011,PRD0019,CUS00202,3,351.82,0.05,52.77,1002.69,gift_card,online,USD
TXN0004948,2024-11-04 10:24:00,STR016,PRD0075,CUS00029,3,507.8,0.0,0.0,1523.4,mobile_pay,mobile_app,USD
TXN0004949,2024-06-26 16:27:00,STR001,PRD0053,CUS00401,3,321.56,0.0,0.0,964.68,credit_card,online,USD
TXN0004950,2024-08-01 18:58:00,STR011,PRD0103,,5,58.52,0.0,0.0,292.6,cash,in_store,USD
TXN0004951,2024-03-15 20:03:00,STR015,PRD0117,CUS00127,5,54.14,0.0,0.0,270.7,cash,in_store,USD
TXN0004952,2024-05-25 08:55:00,STR015,PRD0016,CUS00416,2,539.04,0.0,0.0,1078.08,gift_card,online,USD
TXN0004953,2024-12-11 12:39:00,STR023,PRD0022,CUS00433,3,146.15,0.0,0.0,438.45,mobile_pay,in_store,USD
TXN0004954,2024-11-10 09:57:00,STR013,PRD0063,CUS00351,3,23.14,0.0,0.0,69.42,credit_card,in_store,USD
TXN0004955,2024-06-27 16:12:00,STR007,PRD0078,CUS00374,4,678.93,0.0,0.0,2715.72,debit_card,in_store,USD
TXN0004956,2024-06-07 17:49:00,STR023,PRD0075,CUS00133,1,507.8,0.0,0.0,507.8,debit_card,online,USD
TXN0004957,2024-01-10 21:24:00,STR011,PRD0072,CUS00313,4,500.55,0.0,0.0,2002.2,debit_card,online,USD
TXN0004958,2024-08-08 16:18:00,STR017,PRD0053,CUS00268,1,321.56,0.0,0.0,321.56,credit_card,mobile_app,USD
TXN0004959,2024-05-20 11:26:00,STR007,PRD0005,CUS00474,2,259.57,0.0,0.0,519.14,mobile_pay,mobile_app,USD
TXN0004960,2024-04-12 16:36:00,STR002,PRD0041,CUS00281,5,491.81,0.0,0.0,2459.05,gift_card,online,USD
TXN0004961,2024-06-20 08:48:00,STR008,PRD0084,,4,127.62,0.0,0.0,510.48,gift_card,in_store,USD
TXN0004962,2024-10-16 12:57:00,STR013,PRD0053,CUS00413,5,321.56,0.0,0.0,1607.8,cash,in_store,USD
TXN0004963,2024-05-21 13:36:00,STR014,PRD0097,CUS00364,3,118.36,0.0,0.0,355.08,credit_card,mobile_app,USD
TXN0004964,2024-01-12 09:56:00,STR023,PRD0073,CUS00042,4,577.08,0.0,0.0,2308.32,mobile_pay,online,USD
TXN0004965,2024-06-16 20:13:00,STR015,PRD0020,CUS00366,4,595.59,0.0,0.0,2382.36,mobile_pay,online,USD
TXN0004966,2024-04-26 21:16:00,STR007,PRD0088,CUS00012,2,266.3,0.2,106.52,426.08,cash,mobile_app,USD
TXN0004967,2024-05-28 16:12:00,STR009,PRD0108,CUS00362,2,99.37,0.15,29.81,168.93,credit_card,online,USD
TXN0004968,2024-08-05 08:35:00,STR006,PRD0092,CUS00371,2,353.85,0.0,0.0,707.7,debit_card,mobile_app,USD
TXN0004969,2024-01-13 10:13:00,STR001,PRD0014,CUS00066,5,10.52,0.0,0.0,52.6,debit_card,in_store,USD
TXN0004970,2024-12-25 18:10:00,STR002,PRD0116,CUS00310,5,648.85,0.0,0.0,3244.25,credit_card,online,USD
TXN0004971,2024-05-19 21:42:00,STR016,PRD0053,CUS00155,5,321.56,0.0,0.0,1607.8,cash,in_store,USD
TXN0004972,2024-08-01 19:58:00,STR014,PRD0047,,5,487.35,0.0,0.0,2436.75,mobile_pay,in_store,USD
TXN0004973,2024-03-20 16:45:00,STR023,PRD0049,CUS00441,2,327.25,0.0,0.0,654.5,debit_card,mobile_app,USD
TXN0004974,2024-03-15 13:31:00,STR020,PRD0113,CUS00489,3,336.98,0.0,0.0,1010.94,gift_card,online,USD
TXN0004975,2024-07-21 19:07:00,STR019,PRD0010,CUS00257,4,276.68,0.0,0.0,1106.72,mobile_pay,in_store,USD
TXN0004976,2024-07-08 17:33:00,STR010,PRD0074,CUS00169,2,304.27,0.15,91.28,517.26,mobile_pay,mobile_app,USD
TXN0004977,2024-07-27 17:18:00,STR009,PRD0069,CUS00180,4,527.04,0.0,0.0,2108.16,cash,in_store,USD
TXN0004978,2024-11-08 19:49:00,STR020,PRD0024,CUS00159,3,364.86,0.0,0.0,1094.58,credit_card,mobile_app,USD
TXN0004979,2024-09-30 21:46:00,STR016,PRD0084,CUS00096,2,127.62,0.0,0.0,255.24,gift_card,online,USD
TXN0004980,2024-03-30 12:51:00,STR017,PRD0075,CUS00245,4,507.8,0.0,0.0,2031.2,credit_card,mobile_app,USD
TXN0004981,2024-09-24 19:42:00,STR022,PRD0089,CUS00038,1,690.46,0.0,0.0,690.46,debit_card,in_store,USD
TXN0004982,2024-01-09 09:50:00,STR018,PRD0021,CUS00228,2,411.07,0.0,0.0,822.14,cash,in_store,USD
TXN0004983,2024-06-25 13:53:00,STR021,PRD0058,,4,61.42,0.05,12.28,233.4,debit_card,online,USD
TXN0004984,2024-03-27 10:56:00,STR023,PRD0093,CUS00430,2,410.67,0.1,82.13,739.21,mobile_pay,in_store,USD
TXN0004985,2024-03-06 20:52:00,STR019,PRD0110,CUS00419,1,406.78,0.0,0.0,406.78,cash,mobile_app,USD
TXN0004986,2024-11-09 13:15:00,STR008,PRD0110,CUS00401,2,406.78,0.0,0.0,813.56,cash,in_store,USD
TXN0004987,2024-07-08 10:48:00,STR016,PRD0086,CUS00490,4,139.31,0.0,0.0,557.24,gift_card,online,USD
TXN0004988,2024-03-02 11:28:00,STR017,PRD0056,CUS00177,5,26.02,0.1,13.01,117.09,gift_card,mobile_app,USD
TXN0004989,2024-01-11 10:46:00,STR003,PRD0089,CUS00310,4,690.46,0.0,0.0,2761.84,cash,in_store,USD
TXN0004990,2024-12-29 14:19:00,STR023,PRD0045,CUS00153,1,318.79,0.05,15.94,302.85,cash,in_store,USD
TXN0004991,2024-01-13 19:51:00,STR004,PRD0098,CUS00181,1,244.56,0.05,12.23,232.33,mobile_pay,in_store,USD
TXN0004992,2024-10-17 16:04:00,STR011,PRD0093,CUS00477,5,410.67,0.05,102.67,1950.68,gift_card,in_store,USD
TXN0004993,2024-06-01 16:05:00,STR007,PRD0090,CUS00406,2,69.19,0.0,0.0,138.38,mobile_pay,mobile_app,USD
TXN0004994,2024-07-27 11:23:00,STR004,PRD0116,,2,648.85,0.0,0.0,1297.7,debit_card,mobile_app,USD
TXN0004995,2024-08-28 09:21:00,STR004,PRD0050,CUS00100,4,201.33,0.0,0.0,805.32,mobile_pay,in_store,USD
TXN0004996,2024-05-06 20:34:00,STR013,PRD0024,CUS00405,3,364.86,0.15,164.19,930.39,gift_card,in_store,USD
TXN0004997,2024-07-04 19:40:00,STR017,PRD0012,CUS00479,2,233.86,0.1,46.77,420.95,cash,mobile_app,USD
TXN0004998,2024-08-01 15:12:00,STR021,PRD0032,CUS00260,2,251.17,0.0,0.0,502.34,credit_card,in_store,USD
TXN0004999,2024-02-26 12:43:00,STR020,PRD0077,CUS00266,2,898.98,0.0,0.0,1797.96,gift_card,mobile_app,USD
TXN0005000,2024-03-25 08:10:00,STR011,PRD0020,CUS00372,4,595.59,0.05,119.12,2263.24,cash,in_store,USD
