ticket_id,opened_at,resolved_at,sla_due_at,status,priority,reason,channel,store_id,customer_id,csat,resolve_hours,within_sla,region
TKT000001,2024-08-17 16:55:00,2024-08-18 20:43:40,2024-08-20 16:55:00,resolved,medium,Staff conduct,social,STR007,CUS00152,4.0,27.81,True,Southeast
TKT000002,2024-06-24 16:09:00,2024-07-02 04:50:33,2024-06-27 16:09:00,resolved,medium,Staff conduct,phone,STR014,CUS00126,3.0,180.69,False,Southwest
TKT000003,2024-10-17 15:23:00,2024-10-19 16:04:43,2024-10-20 15:23:00,resolved,medium,Staff conduct,in_store,STR011,CUS00155,4.0,48.7,True,Northeast
TKT000004,2024-06-26 16:39:00,2024-06-28 17:13:45,2024-07-03 16:39:00,resolved,low,Pricing dispute,social,STR001,CUS00005,3.0,48.58,True,Northeast
TKT000005,2024-09-04 12:01:00,2024-09-12 18:28:38,2024-09-07 12:01:00,closed_unresolved,medium,Online order issue,email,STR009,CUS00191,1.0,198.46,False,Southwest
TKT000006,2024-04-18 09:04:00,2024-04-19 05:26:08,2024-04-19 09:04:00,resolved,high,Refund request,chat,STR022,CUS00075,5.0,20.37,True,Southeast
TKT000007,2024-11-16 20:29:00,,2024-11-19 20:29:00,escalated,medium,Online order issue,in_store,STR016,CUS00048,,,,Northeast
TKT000008,2024-10-19 19:32:00,2024-10-20 04:08:42,2024-10-19 23:32:00,resolved,critical,Store experience,social,STR007,CUS00145,4.0,8.61,False,Southeast
TKT000009,2024-10-21 19:29:00,2024-10-25 09:21:36,2024-10-28 19:29:00,resolved,low,Late delivery,phone,STR013,CUS00436,4.0,85.88,True,Midwest
TKT000010,2024-03-06 12:45:00,2024-03-08 00:28:28,2024-03-13 12:45:00,resolved,low,Refund request,social,STR022,CUS00441,4.0,35.72,True,Southeast
TKT000011,2024-03-02 20:02:00,2024-03-06 02:51:38,2024-03-09 20:02:00,resolved,low,Late delivery,in_store,STR009,CUS00416,4.0,78.83,True,Southwest
TKT000012,2024-04-21 13:53:00,2024-04-26 14:36:33,2024-04-24 13:53:00,resolved,medium,Staff conduct,in_store,STR013,CUS00282,1.0,120.73,False,Midwest
TKT000013,2024-09-28 14:36:00,2024-10-01 03:00:51,2024-10-05 14:36:00,resolved,low,Store experience,in_store,STR002,CUS00491,4.0,60.41,True,Southeast
TKT000014,2024-08-20 20:36:00,2024-08-21 07:51:33,2024-08-23 20:36:00,resolved,medium,Refund request,chat,STR013,CUS00291,5.0,11.26,True,Midwest
TKT000015,2024-06-05 19:09:00,2024-06-08 12:19:40,2024-06-12 19:09:00,resolved,low,Product defect,chat,STR009,CUS00300,4.0,65.18,True,Southwest
TKT000016,2024-07-09 09:50:00,2024-07-11 19:53:54,2024-07-12 09:50:00,resolved,medium,Pricing dispute,chat,STR009,CUS00021,3.0,58.07,True,Southwest
TKT000017,2024-04-07 11:02:00,2024-04-07 13:24:34,2024-04-08 11:02:00,resolved,high,Late delivery,email,STR018,CUS00137,3.0,2.38,True,Midwest
TKT000018,2024-05-15 11:31:00,,2024-05-18 11:31:00,escalated,medium,Late delivery,social,STR003,CUS00086,,,,Midwest
TKT000019,2024-12-25 17:49:00,2024-12-28 05:04:19,2025-01-01 17:49:00,resolved,low,Refund request,email,STR007,CUS00226,5.0,59.26,True,Southeast
TKT000020,2024-03-04 07:13:00,2024-03-07 09:26:14,2024-03-11 07:13:00,resolved,low,Wrong item,in_store,STR019,CUS00202,5.0,74.22,True,Southwest
TKT000021,2024-06-11 11:59:00,2024-06-11 18:51:41,2024-06-14 11:59:00,resolved,medium,Pricing dispute,phone,STR019,CUS00240,4.0,6.88,True,Southwest
TKT000022,2024-03-27 14:13:00,2024-03-27 16:56:27,2024-03-28 14:13:00,resolved,high,Late delivery,in_store,STR012,CUS00067,3.0,2.72,True,Southeast
TKT000023,2024-07-29 11:31:00,2024-08-05 23:35:10,2024-08-05 11:31:00,resolved,low,Staff conduct,chat,STR005,CUS00310,3.0,180.07,False,West
TKT000024,2024-09-09 07:30:00,,2024-09-10 07:30:00,escalated,high,Refund request,in_store,STR021,CUS00327,,,,Northeast
TKT000025,2024-02-12 19:38:00,2024-02-12 22:50:00,2024-02-12 23:38:00,resolved,critical,Late delivery,chat,STR012,CUS00027,5.0,3.2,True,Southeast
TKT000026,2024-10-09 20:02:00,2024-10-09 20:45:36,2024-10-10 00:02:00,resolved,critical,Wrong item,email,STR013,CUS00129,4.0,0.73,True,Midwest
TKT000027,2024-01-24 16:38:00,2024-02-01 08:55:07,2024-01-27 16:38:00,resolved,medium,Store experience,in_store,STR021,CUS00243,2.0,184.29,False,Northeast
TKT000028,2024-05-28 18:09:00,2024-05-31 09:45:00,2024-05-31 18:09:00,resolved,medium,Pricing dispute,phone,STR021,CUS00030,5.0,63.6,True,Northeast
TKT000029,2024-04-12 07:45:00,2024-04-12 11:28:46,2024-04-13 07:45:00,resolved,high,Late delivery,in_store,STR015,CUS00397,4.0,3.73,True,West
TKT000030,2024-06-26 15:06:00,2024-06-27 01:46:07,2024-06-29 15:06:00,resolved,medium,Online order issue,email,STR017,CUS00058,5.0,10.67,True,Southeast
TKT000031,2024-05-25 09:43:00,2024-05-26 09:37:06,2024-06-01 09:43:00,resolved,low,Online order issue,in_store,STR014,CUS00429,5.0,23.9,True,Southwest
TKT000032,2024-06-29 09:15:00,2024-06-30 11:13:21,2024-07-02 09:15:00,resolved,medium,Refund request,in_store,STR006,CUS00018,5.0,25.97,True,Northeast
TKT000033,2024-08-20 08:54:00,,2024-08-23 08:54:00,pending,medium,Product defect,email,STR016,CUS00355,,,,Northeast
TKT000034,2024-07-24 10:41:00,2024-07-24 19:05:28,2024-07-31 10:41:00,resolved,low,Online order issue,in_store,STR006,CUS00441,4.0,8.41,True,Northeast
TKT000035,2024-06-22 11:24:00,2024-06-28 20:44:02,2024-06-25 11:24:00,resolved,medium,Refund request,chat,STR020,CUS00079,1.0,153.33,False,West
TKT000036,2024-05-25 08:38:00,2024-06-04 06:35:09,2024-06-01 08:38:00,resolved,low,Pricing dispute,chat,STR002,CUS00469,3.0,237.95,False,Southeast
TKT000037,2024-06-19 14:48:00,2024-06-21 20:44:02,2024-06-22 14:48:00,resolved,medium,Wrong item,email,STR007,CUS00240,5.0,53.93,True,Southeast
TKT000038,2024-06-02 10:22:00,2024-06-04 18:25:10,2024-06-05 10:22:00,resolved,medium,Pricing dispute,chat,STR013,CUS00356,5.0,56.05,True,Midwest
TKT000039,2024-08-26 20:00:00,,2024-09-02 20:00:00,pending,low,Product defect,chat,STR005,CUS00132,,,,West
TKT000040,2024-04-30 15:33:00,2024-04-30 18:00:43,2024-05-03 15:33:00,resolved,medium,Wrong item,phone,STR007,CUS00056,4.0,2.46,True,Southeast
TKT000041,2024-11-18 07:42:00,2024-12-01 19:05:44,2024-11-25 07:42:00,resolved,low,Refund request,phone,STR017,CUS00034,3.0,323.4,False,Southeast
TKT000042,2024-10-25 12:45:00,2024-10-27 03:45:48,2024-10-28 12:45:00,resolved,medium,Store experience,social,STR013,CUS00167,3.0,39.01,True,Midwest
TKT000043,2024-03-28 19:55:00,2024-04-03 04:24:35,2024-04-04 19:55:00,resolved,low,Store experience,email,STR020,CUS00328,3.0,128.49,True,West
TKT000044,2024-08-28 08:02:00,2024-09-01 01:14:52,2024-09-04 08:02:00,resolved,low,Pricing dispute,in_store,STR007,CUS00273,4.0,89.21,True,Southeast
TKT000045,2024-09-13 12:07:00,2024-09-23 09:09:35,2024-09-20 12:07:00,closed_unresolved,low,Staff conduct,phone,STR023,CUS00044,1.0,237.04,False,Midwest
TKT000046,2024-02-03 09:19:00,2024-02-03 12:27:08,2024-02-04 09:19:00,resolved,high,Refund request,chat,STR018,CUS00116,4.0,3.14,True,Midwest
TKT000047,2024-06-21 08:33:00,2024-06-21 09:56:30,2024-06-24 08:33:00,resolved,medium,Online order issue,in_store,STR009,CUS00234,3.0,1.39,True,Southwest
TKT000048,2024-08-29 20:09:00,2024-08-30 03:03:49,2024-08-30 20:09:00,resolved,high,Refund request,chat,STR002,CUS00119,5.0,6.91,True,Southeast
TKT000049,2024-09-01 14:15:00,2024-09-03 17:22:31,2024-09-02 14:15:00,resolved,high,Refund request,social,STR005,CUS00300,2.0,51.13,False,West
TKT000050,2024-02-22 11:15:00,2024-02-22 13:23:49,2024-02-22 15:15:00,resolved,critical,Staff conduct,email,STR013,CUS00015,3.0,2.15,True,Midwest
TKT000051,2024-01-26 11:51:00,2024-01-28 22:36:04,2024-01-27 11:51:00,resolved,high,Store experience,chat,STR010,CUS00011,1.0,58.75,False,West
TKT000052,2024-04-18 12:39:00,2024-04-19 14:48:57,2024-04-21 12:39:00,resolved,medium,Pricing dispute,in_store,STR003,CUS00128,5.0,26.17,True,Midwest
TKT000053,2024-01-25 16:35:00,2024-02-04 15:15:02,2024-02-01 16:35:00,resolved,low,Store experience,chat,STR013,CUS00279,2.0,238.67,False,Midwest
TKT000054,2024-12-21 09:18:00,2024-12-22 03:01:44,2024-12-22 09:18:00,resolved,high,Online order issue,email,STR019,CUS00304,5.0,17.73,True,Southwest
TKT000055,2024-07-13 09:56:00,2024-07-18 01:38:51,2024-07-20 09:56:00,resolved,low,Store experience,phone,STR003,CUS00221,5.0,111.71,True,Midwest
TKT000056,2024-11-26 18:03:00,2024-11-28 05:34:26,2024-12-03 18:03:00,resolved,low,Online order issue,chat,STR015,CUS00407,5.0,35.52,True,West
TKT000057,2024-12-09 09:39:00,2024-12-18 18:51:44,2024-12-16 09:39:00,resolved,low,Late delivery,chat,STR006,CUS00486,1.0,225.21,False,Northeast
TKT000058,2024-01-26 19:03:00,2024-01-31 03:11:16,2024-02-02 19:03:00,resolved,low,Staff conduct,social,STR023,CUS00341,4.0,104.14,True,Midwest
TKT000059,2024-03-08 13:52:00,2024-03-10 11:34:32,2024-03-09 13:52:00,resolved,high,Staff conduct,phone,STR016,CUS00404,2.0,45.71,False,Northeast
TKT000060,2024-04-19 18:21:00,2024-04-22 12:50:16,2024-04-22 18:21:00,resolved,medium,Product defect,in_store,STR004,CUS00333,3.0,66.49,True,Southwest
TKT000061,2024-02-29 14:29:00,,2024-03-01 14:29:00,escalated,high,Online order issue,chat,STR012,CUS00090,,,,Southeast
TKT000062,2024-12-06 12:26:00,,2024-12-09 12:26:00,pending,medium,Wrong item,phone,STR019,CUS00020,,,,Southwest
TKT000063,2024-12-11 15:31:00,2024-12-11 18:45:58,2024-12-11 19:31:00,resolved,critical,Late delivery,in_store,STR014,CUS00423,4.0,3.25,True,Southwest
TKT000064,2024-04-06 16:45:00,,2024-04-07 16:45:00,pending,high,Pricing dispute,chat,STR018,CUS00270,,,,Midwest
TKT000065,2024-08-23 11:19:00,2024-08-25 16:02:39,2024-08-26 11:19:00,resolved,medium,Refund request,email,STR008,CUS00075,5.0,52.73,True,Midwest
TKT000066,2024-12-16 19:53:00,2024-12-16 20:57:25,2024-12-16 23:53:00,resolved,critical,Online order issue,phone,STR023,CUS00371,5.0,1.07,True,Midwest
TKT000067,2024-11-09 14:33:00,,2024-11-12 14:33:00,pending,medium,Online order issue,chat,STR009,CUS00478,,,,Southwest
TKT000068,2024-09-04 14:45:00,2024-09-05 07:05:21,2024-09-07 14:45:00,resolved,medium,Wrong item,chat,STR014,CUS00172,3.0,16.34,True,Southwest
TKT000069,2024-10-01 12:47:00,2024-10-01 22:55:34,2024-10-04 12:47:00,resolved,medium,Late delivery,phone,STR011,CUS00124,4.0,10.14,True,Northeast
TKT000070,2024-01-11 13:36:00,2024-01-11 18:46:48,2024-01-12 13:36:00,resolved,high,Online order issue,email,STR016,CUS00287,3.0,5.18,True,Northeast
TKT000071,2024-12-22 16:24:00,2024-12-24 19:40:33,2024-12-25 16:24:00,resolved,medium,Product defect,in_store,STR021,CUS00403,4.0,51.28,True,Northeast
TKT000072,2024-06-25 11:19:00,2024-06-26 15:21:46,2024-06-28 11:19:00,resolved,medium,Store experience,email,STR004,CUS00308,5.0,28.05,True,Southwest
TKT000073,2024-07-26 17:45:00,,2024-07-29 17:45:00,pending,medium,Pricing dispute,chat,STR007,CUS00236,,,,Southeast
TKT000074,2024-09-08 16:10:00,2024-09-09 03:08:43,2024-09-09 16:10:00,resolved,high,Pricing dispute,chat,STR019,CUS00061,5.0,10.98,True,Southwest
TKT000075,2024-03-30 19:10:00,2024-04-01 23:52:44,2024-04-02 19:10:00,resolved,medium,Wrong item,social,STR016,CUS00360,4.0,52.71,True,Northeast
TKT000076,2024-04-10 11:47:00,2024-04-11 03:58:58,2024-04-11 11:47:00,resolved,high,Product defect,email,STR019,CUS00281,4.0,16.2,True,Southwest
TKT000077,2024-05-31 14:25:00,,2024-06-03 14:25:00,escalated,medium,Late delivery,chat,STR002,CUS00027,,,,Southeast
TKT000078,2024-06-21 19:52:00,,2024-06-28 19:52:00,escalated,low,Pricing dispute,in_store,STR007,CUS00231,,,,Southeast
TKT000079,2024-10-28 09:25:00,2024-10-28 15:13:59,2024-10-29 09:25:00,resolved,high,Online order issue,in_store,STR015,CUS00442,5.0,5.82,True,West
TKT000080,2024-12-23 16:06:00,2024-12-26 10:38:14,2024-12-26 16:06:00,resolved,medium,Staff conduct,phone,STR003,CUS00213,4.0,66.54,True,Midwest
TKT000081,2024-08-25 18:19:00,2024-08-27 14:51:54,2024-09-01 18:19:00,resolved,low,Product defect,in_store,STR021,CUS00431,5.0,44.55,True,Northeast
TKT000082,2024-05-13 18:16:00,2024-05-15 12:19:05,2024-05-20 18:16:00,resolved,low,Wrong item,in_store,STR013,CUS00454,5.0,42.05,True,Midwest
TKT000083,2024-04-13 10:40:00,,2024-04-20 10:40:00,pending,low,Wrong item,in_store,STR012,CUS00261,,,,Southeast
TKT000084,2024-05-03 20:20:00,2024-05-04 02:42:01,2024-05-06 20:20:00,resolved,medium,Pricing dispute,chat,STR012,CUS00497,4.0,6.37,True,Southeast
TKT000085,2024-11-29 09:38:00,2024-12-01 16:02:01,2024-12-02 09:38:00,resolved,medium,Wrong item,email,STR008,CUS00303,5.0,54.4,True,Midwest
TKT000086,2024-10-09 14:34:00,2024-10-11 18:27:38,2024-10-16 14:34:00,resolved,low,Staff conduct,in_store,STR009,CUS00410,5.0,51.89,True,Southwest
TKT000087,2024-01-29 14:25:00,2024-01-31 14:52:46,2024-02-05 14:25:00,resolved,low,Late delivery,in_store,STR009,CUS00156,5.0,48.46,True,Southwest
TKT000088,2024-01-26 07:36:00,2024-01-31 07:06:57,2024-02-02 07:36:00,resolved,low,Pricing dispute,social,STR013,CUS00121,3.0,119.52,True,Midwest
TKT000089,2024-11-20 13:26:00,2024-11-23 23:04:56,2024-11-27 13:26:00,resolved,low,Staff conduct,chat,STR023,CUS00348,4.0,81.65,True,Midwest
TKT000090,2024-08-21 13:58:00,2024-08-22 12:36:56,2024-08-22 13:58:00,resolved,high,Product defect,social,STR011,CUS00218,4.0,22.65,True,Northeast
TKT000091,2024-05-20 10:04:00,2024-05-21 19:27:28,2024-05-27 10:04:00,resolved,low,Online order issue,chat,STR018,CUS00495,5.0,33.39,True,Midwest
TKT000092,2024-04-28 14:44:00,2024-04-29 13:24:25,2024-04-29 14:44:00,resolved,high,Late delivery,in_store,STR009,CUS00052,4.0,22.67,True,Southwest
TKT000093,2024-03-16 08:45:00,2024-03-16 11:59:51,2024-03-16 12:45:00,resolved,critical,Online order issue,in_store,STR022,CUS00324,5.0,3.25,True,Southeast
TKT000094,2024-12-18 13:10:00,2024-12-19 19:15:05,2024-12-25 13:10:00,resolved,low,Staff conduct,chat,STR023,CUS00247,4.0,30.08,True,Midwest
TKT000095,2024-05-01 19:27:00,2024-05-02 02:12:07,2024-05-04 19:27:00,resolved,medium,Wrong item,chat,STR020,CUS00447,4.0,6.75,True,West
TKT000096,2024-11-23 15:53:00,2024-11-23 18:57:53,2024-11-30 15:53:00,resolved,low,Online order issue,phone,STR018,CUS00179,4.0,3.08,True,Midwest
TKT000097,2024-05-23 16:23:00,2024-05-26 06:10:22,2024-05-26 16:23:00,resolved,medium,Late delivery,phone,STR014,CUS00185,4.0,61.79,True,Southwest
TKT000098,2024-06-02 11:43:00,2024-06-04 03:47:10,2024-06-05 11:43:00,resolved,medium,Pricing dispute,email,STR011,CUS00319,5.0,40.07,True,Northeast
TKT000099,2024-08-25 16:51:00,2024-08-26 19:53:45,2024-08-28 16:51:00,resolved,medium,Late delivery,chat,STR018,CUS00122,4.0,27.05,True,Midwest
TKT000100,2024-01-10 16:44:00,,2024-01-13 16:44:00,escalated,medium,Wrong item,social,STR014,CUS00306,,,,Southwest
TKT000101,2024-02-10 14:07:00,2024-02-12 08:15:07,2024-02-13 14:07:00,resolved,medium,Wrong item,email,STR017,CUS00477,4.0,42.14,True,Southeast
TKT000102,2024-12-10 19:51:00,,2024-12-17 19:51:00,pending,low,Store experience,phone,STR019,CUS00085,,,,Southwest
TKT000103,2024-03-02 19:47:00,,2024-03-05 19:47:00,pending,medium,Refund request,chat,STR007,CUS00491,,,,Southeast
TKT000104,2024-03-09 09:25:00,2024-03-09 14:25:15,2024-03-10 09:25:00,resolved,high,Wrong item,chat,STR020,CUS00341,5.0,5.0,True,West
TKT000105,2024-06-04 17:30:00,2024-06-04 19:04:54,2024-06-05 17:30:00,resolved,high,Product defect,phone,STR021,CUS00204,5.0,1.58,True,Northeast
TKT000106,2024-10-19 18:57:00,2024-10-22 15:57:01,2024-10-26 18:57:00,resolved,low,Late delivery,in_store,STR011,CUS00445,4.0,69.0,True,Northeast
TKT000107,2024-12-05 16:40:00,2024-12-11 13:14:27,2024-12-12 16:40:00,resolved,low,Wrong item,social,STR004,CUS00275,4.0,140.57,True,Southwest
TKT000108,2024-10-08 14:53:00,2024-10-10 16:47:25,2024-10-11 14:53:00,resolved,medium,Refund request,in_store,STR016,CUS00280,5.0,49.91,True,Northeast
TKT000109,2024-10-11 10:00:00,2024-10-17 02:58:17,2024-10-18 10:00:00,resolved,low,Store experience,social,STR010,CUS00399,4.0,136.97,True,West
TKT000110,2024-12-19 18:02:00,2024-12-25 11:53:13,2024-12-22 18:02:00,resolved,medium,Staff conduct,chat,STR013,CUS00040,2.0,137.85,False,Midwest
TKT000111,2024-01-26 12:02:00,2024-01-28 15:33:45,2024-02-02 12:02:00,resolved,low,Refund request,phone,STR021,CUS00213,3.0,51.53,True,Northeast
TKT000112,2024-12-19 18:40:00,2024-12-20 03:47:06,2024-12-22 18:40:00,resolved,medium,Store experience,in_store,STR002,CUS00204,4.0,9.12,True,Southeast
TKT000113,2024-05-19 15:31:00,2024-05-19 20:41:01,2024-05-20 15:31:00,resolved,high,Wrong item,email,STR006,CUS00042,5.0,5.17,True,Northeast
TKT000114,2024-02-24 08:36:00,2024-02-25 00:23:52,2024-02-27 08:36:00,resolved,medium,Staff conduct,social,STR011,CUS00208,5.0,15.8,True,Northeast
TKT000115,2024-04-13 13:34:00,2024-04-15 04:37:54,2024-04-16 13:34:00,resolved,medium,Pricing dispute,email,STR003,CUS00422,3.0,39.07,True,Midwest
TKT000116,2024-10-04 18:34:00,2024-10-07 06:29:42,2024-10-11 18:34:00,resolved,low,Wrong item,in_store,STR011,CUS00227,5.0,59.93,True,Northeast
TKT000117,2024-10-11 14:44:00,2024-10-12 06:04:59,2024-10-18 14:44:00,resolved,low,Refund request,in_store,STR020,CUS00255,4.0,15.35,True,West
TKT000118,2024-01-16 08:56:00,2024-01-17 08:22:14,2024-01-19 08:56:00,resolved,medium,Refund request,in_store,STR006,CUS00255,5.0,23.44,True,Northeast
TKT000119,2024-07-20 18:39:00,,2024-07-21 18:39:00,pending,high,Staff conduct,in_store,STR015,CUS00141,,,,West
TKT000120,2024-08-07 08:36:00,2024-08-11 17:07:45,2024-08-10 08:36:00,resolved,medium,Late delivery,email,STR021,CUS00329,1.0,104.53,False,Northeast
TKT000121,2024-11-18 12:15:00,2024-11-18 22:58:28,2024-11-19 12:15:00,resolved,high,Wrong item,chat,STR009,CUS00034,4.0,10.72,True,Southwest
TKT000122,2024-05-29 08:00:00,2024-05-29 23:21:27,2024-05-30 08:00:00,resolved,high,Wrong item,in_store,STR016,CUS00116,4.0,15.36,True,Northeast
TKT000123,2024-07-14 07:26:00,,2024-07-17 07:26:00,pending,medium,Pricing dispute,social,STR012,CUS00446,,,,Southeast
TKT000124,2024-10-22 11:29:00,2024-10-22 23:31:32,2024-10-23 11:29:00,resolved,high,Refund request,social,STR006,CUS00486,4.0,12.04,True,Northeast
TKT000125,2024-01-20 11:31:00,2024-01-26 12:23:33,2024-01-27 11:31:00,resolved,low,Refund request,in_store,STR005,CUS00491,3.0,144.88,True,West
TKT000126,2024-04-17 10:14:00,,2024-04-24 10:14:00,escalated,low,Product defect,chat,STR022,CUS00078,,,,Southeast
TKT000127,2024-05-28 15:41:00,2024-06-04 04:07:45,2024-06-04 15:41:00,resolved,low,Late delivery,email,STR014,CUS00195,4.0,156.45,True,Southwest
TKT000128,2024-12-21 11:56:00,2024-12-22 09:07:38,2024-12-22 11:56:00,resolved,high,Late delivery,in_store,STR009,CUS00493,4.0,21.19,True,Southwest
TKT000129,2024-04-07 18:05:00,2024-04-12 09:22:41,2024-04-14 18:05:00,resolved,low,Refund request,phone,STR002,CUS00425,3.0,111.29,True,Southeast
TKT000130,2024-09-29 20:58:00,,2024-10-02 20:58:00,pending,medium,Late delivery,social,STR003,CUS00106,,,,Midwest
TKT000131,2024-02-03 20:26:00,2024-02-03 21:00:55,2024-02-04 00:26:00,resolved,critical,Late delivery,phone,STR010,CUS00022,5.0,0.58,True,West
TKT000132,2024-11-08 10:24:00,2024-11-13 00:32:19,2024-11-15 10:24:00,resolved,low,Wrong item,email,STR009,CUS00264,5.0,110.14,True,Southwest
TKT000133,2024-05-27 12:22:00,2024-05-29 05:19:19,2024-05-28 12:22:00,resolved,high,Staff conduct,social,STR022,CUS00212,1.0,40.96,False,Southeast
TKT000134,2024-05-19 16:51:00,,2024-05-22 16:51:00,pending,medium,Pricing dispute,in_store,STR001,CUS00297,,,,Northeast
TKT000135,2024-03-31 13:57:00,2024-04-01 12:09:06,2024-04-03 13:57:00,resolved,medium,Product defect,email,STR020,CUS00221,5.0,22.2,True,West
TKT000136,2024-08-31 10:24:00,2024-09-04 15:48:40,2024-09-07 10:24:00,resolved,low,Product defect,email,STR003,CUS00103,4.0,101.41,True,Midwest
TKT000137,2024-07-14 16:15:00,,2024-07-17 16:15:00,pending,medium,Staff conduct,email,STR011,CUS00375,,,,Northeast
TKT000138,2024-09-01 09:53:00,2024-09-03 08:27:07,2024-09-04 09:53:00,resolved,medium,Late delivery,social,STR002,CUS00357,5.0,46.57,True,Southeast
TKT000139,2024-05-13 10:27:00,,2024-05-20 10:27:00,pending,low,Pricing dispute,email,STR001,CUS00379,,,,Northeast
TKT000140,2024-02-16 19:05:00,,2024-02-23 19:05:00,pending,low,Wrong item,chat,STR018,CUS00412,,,,Midwest
TKT000141,2024-04-05 14:17:00,2024-04-06 16:06:39,2024-04-08 14:17:00,resolved,medium,Store experience,chat,STR002,CUS00200,4.0,25.83,True,Southeast
TKT000142,2024-09-11 16:28:00,,2024-09-18 16:28:00,pending,low,Online order issue,in_store,STR014,CUS00348,,,,Southwest
TKT000143,2024-04-09 16:11:00,,2024-04-12 16:11:00,pending,medium,Late delivery,in_store,STR022,CUS00298,,,,Southeast
TKT000144,2024-02-29 08:39:00,,2024-03-03 08:39:00,pending,medium,Product defect,chat,STR004,CUS00197,,,,Southwest
TKT000145,2024-03-20 15:42:00,2024-04-06 14:35:51,2024-03-27 15:42:00,resolved,low,Staff conduct,chat,STR004,CUS00304,2.0,406.9,False,Southwest
TKT000146,2024-03-23 12:08:00,2024-03-23 13:07:02,2024-03-30 12:08:00,resolved,low,Wrong item,chat,STR008,CUS00214,4.0,0.98,True,Midwest
TKT000147,2024-05-24 16:23:00,2024-05-26 13:47:28,2024-05-27 16:23:00,resolved,medium,Late delivery,email,STR019,CUS00492,5.0,45.41,True,Southwest
TKT000148,2024-10-18 08:56:00,,2024-10-21 08:56:00,escalated,medium,Wrong item,phone,STR017,CUS00340,,,,Southeast
TKT000149,2024-03-20 19:10:00,2024-03-25 21:55:53,2024-03-27 19:10:00,resolved,low,Late delivery,chat,STR001,CUS00213,4.0,122.76,True,Northeast
TKT000150,2024-08-10 10:30:00,,2024-08-13 10:30:00,pending,medium,Product defect,email,STR016,CUS00415,,,,Northeast
TKT000151,2024-02-06 13:04:00,2024-02-08 01:07:11,2024-02-09 13:04:00,resolved,medium,Wrong item,social,STR007,CUS00293,3.0,36.05,True,Southeast
TKT000152,2024-07-24 14:48:00,2024-07-25 00:46:10,2024-07-27 14:48:00,resolved,medium,Online order issue,social,STR004,CUS00443,5.0,9.97,True,Southwest
TKT000153,2024-01-03 20:25:00,2024-01-06 02:05:08,2024-01-06 20:25:00,resolved,medium,Store experience,chat,STR014,CUS00475,5.0,53.67,True,Southwest
TKT000154,2024-05-21 08:39:00,,2024-05-22 08:39:00,escalated,high,Wrong item,phone,STR016,CUS00336,,,,Northeast
TKT000155,2024-03-08 18:18:00,,2024-03-11 18:18:00,pending,medium,Staff conduct,chat,STR015,CUS00489,,,,West
TKT000156,2024-11-20 08:21:00,2024-11-21 12:19:59,2024-11-23 08:21:00,resolved,medium,Refund request,phone,STR002,CUS00304,5.0,27.98,True,Southeast
TKT000157,2024-11-24 13:58:00,,2024-12-01 13:58:00,escalated,low,Wrong item,chat,STR021,CUS00105,,,,Northeast
TKT000158,2024-12-21 17:41:00,2024-12-24 11:08:05,2024-12-24 17:41:00,resolved,medium,Staff conduct,in_store,STR001,CUS00406,4.0,65.45,True,Northeast
TKT000159,2024-02-17 16:21:00,,2024-02-24 16:21:00,pending,low,Online order issue,social,STR006,CUS00485,,,,Northeast
TKT000160,2024-10-31 11:24:00,,2024-11-01 11:24:00,escalated,high,Product defect,in_store,STR023,CUS00067,,,,Midwest
TKT000161,2024-09-30 19:57:00,2024-10-04 03:25:55,2024-10-07 19:57:00,resolved,low,Refund request,social,STR004,CUS00059,4.0,79.48,True,Southwest
TKT000162,2024-12-16 12:17:00,2024-12-16 16:54:04,2024-12-16 16:17:00,resolved,critical,Product defect,social,STR009,CUS00377,3.0,4.62,False,Southwest
TKT000163,2024-04-09 10:31:00,2024-04-11 23:25:32,2024-04-12 10:31:00,resolved,medium,Online order issue,social,STR019,CUS00074,3.0,60.91,True,Southwest
TKT000164,2024-09-08 11:04:00,2024-09-12 09:06:00,2024-09-11 11:04:00,resolved,medium,Store experience,social,STR010,CUS00081,1.0,94.03,False,West
TKT000165,2024-03-09 07:06:00,2024-03-09 08:04:30,2024-03-09 11:06:00,resolved,critical,Wrong item,chat,STR009,CUS00163,5.0,0.98,True,Southwest
TKT000166,2024-11-26 19:42:00,2024-11-28 10:32:33,2024-12-03 19:42:00,resolved,low,Refund request,phone,STR021,CUS00434,5.0,38.84,True,Northeast
TKT000167,2024-07-27 07:38:00,2024-07-28 03:40:06,2024-07-28 07:38:00,resolved,high,Late delivery,email,STR021,CUS00430,5.0,20.04,True,Northeast
TKT000168,2024-12-09 14:52:00,2024-12-12 22:38:04,2024-12-16 14:52:00,resolved,low,Store experience,email,STR001,CUS00088,5.0,79.77,True,Northeast
TKT000169,2024-06-01 14:55:00,2024-06-02 10:05:47,2024-06-04 14:55:00,resolved,medium,Late delivery,social,STR013,CUS00160,4.0,19.18,True,Midwest
TKT000170,2024-04-28 08:26:00,2024-04-28 09:56:11,2024-04-28 12:26:00,resolved,critical,Staff conduct,in_store,STR011,CUS00206,5.0,1.5,True,Northeast
TKT000171,2024-11-03 07:19:00,2024-11-03 15:08:41,2024-11-06 07:19:00,resolved,medium,Staff conduct,chat,STR009,CUS00067,4.0,7.83,True,Southwest
TKT000172,2024-06-13 12:00:00,2024-06-13 19:11:59,2024-06-13 16:00:00,resolved,critical,Pricing dispute,email,STR018,CUS00038,3.0,7.2,False,Midwest
TKT000173,2024-06-11 09:38:00,2024-06-13 10:37:24,2024-06-12 09:38:00,resolved,high,Late delivery,phone,STR006,CUS00455,2.0,48.99,False,Northeast
TKT000174,2024-11-24 08:16:00,2024-12-07 22:42:32,2024-12-01 08:16:00,resolved,low,Product defect,in_store,STR016,CUS00303,3.0,326.44,False,Northeast
TKT000175,2024-06-09 15:06:00,,2024-06-12 15:06:00,pending,medium,Refund request,email,STR005,CUS00470,,,,West
TKT000176,2024-08-14 10:17:00,2024-08-20 04:05:04,2024-08-21 10:17:00,resolved,low,Refund request,social,STR007,CUS00204,5.0,137.8,True,Southeast
TKT000177,2024-08-31 15:04:00,2024-09-01 12:29:13,2024-09-03 15:04:00,resolved,medium,Product defect,phone,STR019,CUS00082,5.0,21.42,True,Southwest
TKT000178,2024-12-07 15:20:00,2024-12-09 16:49:52,2024-12-10 15:20:00,resolved,medium,Refund request,social,STR014,CUS00049,4.0,49.5,True,Southwest
TKT000179,2024-03-02 18:40:00,2024-03-11 07:40:16,2024-03-09 18:40:00,closed_unresolved,low,Staff conduct,social,STR020,CUS00061,1.0,205.0,False,West
TKT000180,2024-07-22 17:57:00,2024-08-07 19:17:30,2024-07-29 17:57:00,resolved,low,Staff conduct,phone,STR010,CUS00024,3.0,385.34,False,West
TKT000181,2024-06-22 08:43:00,2024-06-25 15:05:02,2024-06-29 08:43:00,resolved,low,Refund request,social,STR005,CUS00098,3.0,78.37,True,West
TKT000182,2024-01-04 17:04:00,,2024-01-05 17:04:00,escalated,high,Store experience,email,STR012,CUS00175,,,,Southeast
TKT000183,2024-07-17 17:02:00,2024-07-23 06:34:33,2024-07-24 17:02:00,resolved,low,Store experience,in_store,STR002,CUS00024,4.0,133.54,True,Southeast
TKT000184,2024-02-25 07:47:00,,2024-02-25 11:47:00,pending,critical,Product defect,phone,STR011,CUS00395,,,,Northeast
TKT000185,2024-05-18 19:30:00,2024-05-21 15:20:24,2024-05-21 19:30:00,resolved,medium,Product defect,social,STR015,CUS00446,5.0,67.84,True,West
TKT000186,2024-11-08 11:55:00,2024-11-10 21:33:39,2024-11-15 11:55:00,resolved,low,Late delivery,in_store,STR006,CUS00220,4.0,57.64,True,Northeast
TKT000187,2024-01-06 14:47:00,2024-01-08 06:43:06,2024-01-09 14:47:00,resolved,medium,Product defect,in_store,STR004,CUS00118,5.0,39.94,True,Southwest
TKT000188,2024-08-31 15:14:00,2024-09-03 04:28:07,2024-09-03 15:14:00,resolved,medium,Online order issue,in_store,STR004,CUS00016,3.0,61.24,True,Southwest
TKT000189,2024-04-04 17:37:00,2024-04-04 18:36:22,2024-04-05 17:37:00,resolved,high,Wrong item,phone,STR007,CUS00263,5.0,0.99,True,Southeast
TKT000190,2024-01-06 10:58:00,,2024-01-09 10:58:00,pending,medium,Refund request,in_store,STR015,CUS00079,,,,West
TKT000191,2024-10-30 18:25:00,2024-11-03 07:51:31,2024-11-02 18:25:00,resolved,medium,Staff conduct,social,STR001,CUS00187,2.0,85.44,False,Northeast
TKT000192,2024-03-19 07:51:00,2024-03-19 11:31:48,2024-03-19 11:51:00,resolved,critical,Store experience,chat,STR017,CUS00422,4.0,3.68,True,Southeast
TKT000193,2024-01-07 11:10:00,2024-01-09 13:41:42,2024-01-10 11:10:00,resolved,medium,Store experience,social,STR005,CUS00403,4.0,50.53,True,West
TKT000194,2024-02-07 08:26:00,,2024-02-14 08:26:00,escalated,low,Wrong item,social,STR008,CUS00451,,,,Midwest
TKT000195,2024-03-03 12:30:00,2024-03-04 08:35:25,2024-03-06 12:30:00,resolved,medium,Store experience,phone,STR007,CUS00447,4.0,20.09,True,Southeast
TKT000196,2024-05-12 14:10:00,2024-05-13 07:06:47,2024-05-15 14:10:00,resolved,medium,Pricing dispute,chat,STR017,CUS00365,5.0,16.95,True,Southeast
TKT000197,2024-06-19 19:33:00,2024-06-26 15:50:29,2024-06-22 19:33:00,resolved,medium,Wrong item,phone,STR016,CUS00339,3.0,164.29,False,Northeast
TKT000198,2024-07-09 17:05:00,2024-07-11 13:38:49,2024-07-12 17:05:00,resolved,medium,Wrong item,phone,STR018,CUS00241,4.0,44.56,True,Midwest
TKT000199,2024-01-04 14:38:00,2024-01-11 12:40:46,2024-01-07 14:38:00,resolved,medium,Wrong item,social,STR022,CUS00164,2.0,166.05,False,Southeast
TKT000200,2024-06-08 15:15:00,2024-06-11 11:04:22,2024-06-11 15:15:00,resolved,medium,Pricing dispute,email,STR023,CUS00444,5.0,67.82,True,Midwest
TKT000201,2024-08-18 18:13:00,2024-08-18 22:14:25,2024-08-19 18:13:00,resolved,high,Pricing dispute,in_store,STR022,CUS00373,3.0,4.02,True,Southeast
TKT000202,2024-12-06 18:59:00,2024-12-07 05:33:43,2024-12-07 18:59:00,resolved,high,Product defect,in_store,STR005,CUS00398,5.0,10.58,True,West
TKT000203,2024-07-31 16:04:00,2024-08-08 05:11:19,2024-08-03 16:04:00,resolved,medium,Wrong item,phone,STR004,CUS00055,3.0,181.12,False,Southwest
TKT000204,2024-05-23 15:29:00,2024-05-24 08:25:25,2024-05-24 15:29:00,resolved,high,Online order issue,social,STR021,CUS00134,5.0,16.94,True,Northeast
TKT000205,2024-07-22 09:40:00,2024-07-23 08:22:03,2024-07-23 09:40:00,resolved,high,Pricing dispute,in_store,STR012,CUS00452,4.0,22.7,True,Southeast
TKT000206,2024-12-29 12:22:00,2024-12-30 14:45:10,2025-01-05 12:22:00,resolved,low,Wrong item,chat,STR021,CUS00271,4.0,26.39,True,Northeast
TKT000207,2024-04-11 18:03:00,2024-04-12 08:53:03,2024-04-12 18:03:00,resolved,high,Staff conduct,chat,STR013,CUS00176,3.0,14.83,True,Midwest
TKT000208,2024-04-07 15:30:00,2024-04-07 18:43:31,2024-04-07 19:30:00,resolved,critical,Store experience,email,STR010,CUS00070,5.0,3.23,True,West
TKT000209,2024-07-06 14:28:00,2024-07-11 00:19:03,2024-07-09 14:28:00,closed_unresolved,medium,Pricing dispute,phone,STR010,CUS00418,1.0,105.85,False,West
TKT000210,2024-10-29 18:27:00,2024-10-30 08:05:43,2024-11-01 18:27:00,resolved,medium,Late delivery,in_store,STR014,CUS00497,5.0,13.65,True,Southwest
TKT000211,2024-08-18 18:54:00,2024-08-19 15:50:57,2024-08-19 18:54:00,resolved,high,Pricing dispute,phone,STR020,CUS00123,4.0,20.95,True,West
TKT000212,2024-08-05 16:06:00,2024-08-06 06:53:47,2024-08-08 16:06:00,resolved,medium,Wrong item,email,STR003,CUS00073,3.0,14.8,True,Midwest
TKT000213,2024-01-19 14:00:00,2024-01-20 02:13:41,2024-01-22 14:00:00,resolved,medium,Staff conduct,chat,STR019,CUS00061,5.0,12.23,True,Southwest
TKT000214,2024-04-21 10:39:00,,2024-04-24 10:39:00,escalated,medium,Refund request,chat,STR019,CUS00145,,,,Southwest
TKT000215,2024-02-01 17:43:00,2024-02-01 21:11:26,2024-02-02 17:43:00,resolved,high,Late delivery,chat,STR002,CUS00296,5.0,3.47,True,Southeast
TKT000216,2024-10-07 13:52:00,2024-10-13 04:15:46,2024-10-14 13:52:00,resolved,low,Online order issue,in_store,STR020,CUS00304,4.0,134.4,True,West
TKT000217,2024-12-06 19:28:00,,2024-12-09 19:28:00,escalated,medium,Staff conduct,social,STR002,CUS00300,,,,Southeast
TKT000218,2024-03-26 07:42:00,2024-03-31 12:35:45,2024-04-02 07:42:00,resolved,low,Store experience,social,STR009,CUS00395,4.0,124.9,True,Southwest
TKT000219,2024-07-20 20:43:00,2024-07-22 08:03:52,2024-07-23 20:43:00,resolved,medium,Online order issue,phone,STR016,CUS00060,5.0,35.35,True,Northeast
TKT000220,2024-02-16 13:36:00,2024-02-18 04:58:34,2024-02-17 13:36:00,resolved,high,Refund request,email,STR004,CUS00301,4.0,39.38,False,Southwest
TKT000221,2024-10-12 20:26:00,2024-10-19 06:35:54,2024-10-19 20:26:00,resolved,low,Store experience,chat,STR007,CUS00187,5.0,154.17,True,Southeast
TKT000222,2024-06-21 14:28:00,2024-07-11 01:34:13,2024-06-28 14:28:00,closed_unresolved,low,Product defect,social,STR006,CUS00259,3.0,467.1,False,Northeast
TKT000223,2024-05-30 09:24:00,2024-05-30 16:09:36,2024-05-30 13:24:00,resolved,critical,Online order issue,chat,STR015,CUS00001,2.0,6.76,False,West
TKT000224,2024-04-20 08:48:00,2024-04-25 02:10:06,2024-04-23 08:48:00,resolved,medium,Online order issue,social,STR022,CUS00082,3.0,113.37,False,Southeast
TKT000225,2024-02-23 16:43:00,,2024-03-01 16:43:00,escalated,low,Late delivery,chat,STR011,CUS00257,,,,Northeast
TKT000226,2024-05-01 14:40:00,,2024-05-08 14:40:00,pending,low,Store experience,social,STR003,CUS00081,,,,Midwest
TKT000227,2024-10-07 10:08:00,2024-10-22 17:41:52,2024-10-14 10:08:00,resolved,low,Late delivery,social,STR006,CUS00242,1.0,367.56,False,Northeast
TKT000228,2024-04-01 07:13:00,2024-04-03 15:01:19,2024-04-08 07:13:00,resolved,low,Store experience,phone,STR021,CUS00050,3.0,55.81,True,Northeast
TKT000229,2024-06-03 13:46:00,2024-06-08 01:22:00,2024-06-10 13:46:00,resolved,low,Staff conduct,chat,STR020,CUS00349,4.0,107.6,True,West
TKT000230,2024-06-02 15:29:00,2024-06-05 19:59:45,2024-06-09 15:29:00,resolved,low,Pricing dispute,chat,STR007,CUS00316,4.0,76.51,True,Southeast
TKT000231,2024-06-06 20:29:00,,2024-06-09 20:29:00,pending,medium,Staff conduct,in_store,STR015,CUS00201,,,,West
TKT000232,2024-07-04 07:51:00,2024-07-04 16:45:05,2024-07-04 11:51:00,resolved,critical,Wrong item,chat,STR017,CUS00401,2.0,8.9,False,Southeast
TKT000233,2024-06-16 07:59:00,2024-06-21 08:33:44,2024-06-23 07:59:00,resolved,low,Wrong item,in_store,STR013,CUS00219,5.0,120.58,True,Midwest
TKT000234,2024-09-03 09:56:00,2024-09-10 13:45:32,2024-09-06 09:56:00,resolved,medium,Pricing dispute,social,STR022,CUS00325,3.0,171.83,False,Southeast
TKT000235,2024-02-01 16:29:00,2024-02-03 01:27:00,2024-02-08 16:29:00,resolved,low,Online order issue,phone,STR013,CUS00459,4.0,32.97,True,Midwest
TKT000236,2024-02-23 15:50:00,2024-02-24 11:43:39,2024-02-26 15:50:00,resolved,medium,Product defect,social,STR003,CUS00016,3.0,19.89,True,Midwest
TKT000237,2024-04-06 14:20:00,2024-04-07 09:32:07,2024-04-07 14:20:00,resolved,high,Store experience,email,STR003,CUS00472,4.0,19.2,True,Midwest
TKT000238,2024-07-26 18:40:00,2024-07-27 23:00:08,2024-07-29 18:40:00,resolved,medium,Staff conduct,chat,STR018,CUS00484,5.0,28.34,True,Midwest
TKT000239,2024-03-30 18:33:00,2024-03-31 22:41:34,2024-04-02 18:33:00,resolved,medium,Staff conduct,in_store,STR012,CUS00335,4.0,28.14,True,Southeast
TKT000240,2024-09-01 08:56:00,2024-09-04 21:20:55,2024-09-08 08:56:00,resolved,low,Refund request,social,STR022,CUS00329,3.0,84.42,True,Southeast
TKT000241,2024-09-26 11:50:00,2024-10-04 03:36:01,2024-10-03 11:50:00,resolved,low,Refund request,phone,STR015,CUS00306,4.0,183.77,False,West
TKT000242,2024-05-25 09:27:00,2024-05-28 01:48:14,2024-05-28 09:27:00,resolved,medium,Refund request,phone,STR011,CUS00482,4.0,64.35,True,Northeast
TKT000243,2024-07-26 08:54:00,2024-07-26 11:18:21,2024-07-26 12:54:00,resolved,critical,Staff conduct,email,STR022,CUS00467,5.0,2.41,True,Southeast
TKT000244,2024-08-03 16:15:00,2024-08-11 21:09:19,2024-08-10 16:15:00,resolved,low,Product defect,in_store,STR004,CUS00316,3.0,196.91,False,Southwest
TKT000245,2024-05-13 17:35:00,,2024-05-14 17:35:00,pending,high,Late delivery,email,STR010,CUS00089,,,,West
TKT000246,2024-10-21 20:05:00,2024-10-25 01:05:26,2024-10-28 20:05:00,resolved,low,Wrong item,phone,STR011,CUS00218,5.0,77.01,True,Northeast
TKT000247,2024-07-14 07:56:00,2024-07-16 13:32:48,2024-07-17 07:56:00,resolved,medium,Pricing dispute,in_store,STR017,CUS00264,5.0,53.61,True,Southeast
TKT000248,2024-09-25 13:14:00,2024-09-26 23:07:08,2024-09-28 13:14:00,resolved,medium,Refund request,social,STR015,CUS00488,5.0,33.89,True,West
TKT000249,2024-06-22 16:03:00,2024-06-23 07:37:10,2024-06-25 16:03:00,resolved,medium,Wrong item,in_store,STR011,CUS00451,4.0,15.57,True,Northeast
TKT000250,2024-05-10 15:16:00,2024-05-15 17:10:32,2024-05-17 15:16:00,resolved,low,Wrong item,email,STR019,CUS00497,5.0,121.91,True,Southwest
TKT000251,2024-02-10 16:23:00,2024-02-10 22:05:22,2024-02-11 16:23:00,resolved,high,Wrong item,phone,STR004,CUS00485,5.0,5.71,True,Southwest
TKT000252,2024-06-01 19:49:00,2024-06-02 03:44:43,2024-06-02 19:49:00,resolved,high,Staff conduct,in_store,STR005,CUS00406,5.0,7.93,True,West
TKT000253,2024-10-24 07:13:00,2024-11-05 15:02:42,2024-10-31 07:13:00,resolved,low,Product defect,social,STR022,CUS00415,3.0,295.83,False,Southeast
TKT000254,2024-02-26 15:05:00,2024-03-02 21:04:26,2024-02-29 15:05:00,resolved,medium,Wrong item,email,STR009,CUS00012,2.0,125.99,False,Southwest
TKT000255,2024-11-15 10:26:00,2024-11-25 06:37:33,2024-11-22 10:26:00,resolved,low,Late delivery,chat,STR004,CUS00166,4.0,236.19,False,Southwest
TKT000256,2024-09-21 08:19:00,2024-09-24 10:13:10,2024-09-28 08:19:00,resolved,low,Staff conduct,in_store,STR017,CUS00213,5.0,73.9,True,Southeast
TKT000257,2024-02-07 07:28:00,2024-02-07 09:38:11,2024-02-07 11:28:00,resolved,critical,Refund request,social,STR021,CUS00303,4.0,2.17,True,Northeast
TKT000258,2024-09-08 12:32:00,2024-09-10 09:52:38,2024-09-11 12:32:00,resolved,medium,Late delivery,social,STR004,CUS00078,3.0,45.34,True,Southwest
TKT000259,2024-08-21 11:32:00,2024-08-27 05:21:04,2024-08-28 11:32:00,resolved,low,Online order issue,social,STR021,CUS00356,5.0,137.82,True,Northeast
TKT000260,2024-09-11 10:44:00,2024-09-13 15:22:29,2024-09-14 10:44:00,resolved,medium,Store experience,in_store,STR017,CUS00314,5.0,52.64,True,Southeast
TKT000261,2024-03-07 17:29:00,2024-03-13 19:07:47,2024-03-14 17:29:00,resolved,low,Wrong item,phone,STR004,CUS00423,4.0,145.65,True,Southwest
TKT000262,2024-08-30 10:11:00,2024-09-01 12:35:22,2024-09-02 10:11:00,resolved,medium,Pricing dispute,chat,STR017,CUS00108,4.0,50.41,True,Southeast
TKT000263,2024-09-18 14:53:00,2024-09-24 18:55:23,2024-09-25 14:53:00,resolved,low,Staff conduct,chat,STR010,CUS00004,5.0,148.04,True,West
TKT000264,2024-01-16 13:45:00,2024-01-16 14:23:15,2024-01-19 13:45:00,resolved,medium,Store experience,email,STR001,CUS00050,5.0,0.64,True,Northeast
TKT000265,2024-02-04 16:02:00,2024-02-04 17:25:36,2024-02-07 16:02:00,resolved,medium,Product defect,social,STR013,CUS00481,4.0,1.39,True,Midwest
TKT000266,2024-03-18 12:40:00,2024-03-18 13:22:34,2024-03-19 12:40:00,resolved,high,Pricing dispute,email,STR004,CUS00032,5.0,0.71,True,Southwest
TKT000267,2024-09-04 07:01:00,2024-09-04 23:10:45,2024-09-05 07:01:00,resolved,high,Wrong item,social,STR019,CUS00246,3.0,16.16,True,Southwest
TKT000268,2024-04-03 10:11:00,,2024-04-10 10:11:00,pending,low,Refund request,in_store,STR021,CUS00358,,,,Northeast
TKT000269,2024-05-07 13:06:00,2024-05-11 08:41:38,2024-05-14 13:06:00,resolved,low,Refund request,social,STR016,CUS00163,4.0,91.59,True,Northeast
TKT000270,2024-02-02 19:05:00,2024-02-02 20:48:44,2024-02-09 19:05:00,resolved,low,Wrong item,email,STR005,CUS00079,4.0,1.73,True,West
TKT000271,2024-06-06 16:28:00,2024-06-13 06:28:55,2024-06-13 16:28:00,resolved,low,Online order issue,email,STR015,CUS00089,5.0,158.02,True,West
TKT000272,2024-12-18 13:27:00,2024-12-20 03:08:55,2024-12-21 13:27:00,resolved,medium,Online order issue,in_store,STR010,CUS00077,5.0,37.7,True,West
TKT000273,2024-02-02 11:43:00,,2024-02-02 15:43:00,pending,critical,Refund request,phone,STR010,CUS00296,,,,West
TKT000274,2024-06-07 19:10:00,2024-06-14 21:05:29,2024-06-10 19:10:00,resolved,medium,Product defect,chat,STR001,CUS00291,3.0,169.92,False,Northeast
TKT000275,2024-03-06 15:01:00,2024-03-10 23:30:22,2024-03-13 15:01:00,resolved,low,Staff conduct,phone,STR006,CUS00011,4.0,104.49,True,Northeast
TKT000276,2024-12-22 09:06:00,2024-12-22 10:43:16,2024-12-22 13:06:00,resolved,critical,Online order issue,chat,STR004,CUS00361,5.0,1.62,True,Southwest
TKT000277,2024-05-15 16:55:00,2024-05-19 00:14:03,2024-05-22 16:55:00,resolved,low,Online order issue,in_store,STR012,CUS00298,4.0,79.32,True,Southeast
TKT000278,2024-09-25 18:37:00,2024-10-02 06:52:18,2024-10-02 18:37:00,resolved,low,Online order issue,chat,STR021,CUS00056,3.0,156.26,True,Northeast
TKT000279,2024-08-17 19:57:00,2024-08-18 12:44:49,2024-08-18 19:57:00,resolved,high,Refund request,social,STR014,CUS00422,4.0,16.8,True,Southwest
TKT000280,2024-08-22 11:12:00,2024-09-08 13:50:43,2024-08-29 11:12:00,resolved,low,Product defect,email,STR023,CUS00167,3.0,410.65,False,Midwest
TKT000281,2024-09-03 18:07:00,,2024-09-06 18:07:00,pending,medium,Pricing dispute,phone,STR004,CUS00476,,,,Southwest
TKT000282,2024-02-23 09:06:00,2024-02-25 20:39:42,2024-02-26 09:06:00,resolved,medium,Late delivery,phone,STR010,CUS00145,5.0,59.56,True,West
TKT000283,2024-01-01 09:32:00,2024-01-01 21:29:26,2024-01-04 09:32:00,resolved,medium,Online order issue,phone,STR019,CUS00275,5.0,11.96,True,Southwest
TKT000284,2024-07-14 07:36:00,,2024-07-17 07:36:00,escalated,medium,Refund request,email,STR002,CUS00232,,,,Southeast
TKT000285,2024-11-22 18:45:00,,2024-11-25 18:45:00,escalated,medium,Wrong item,in_store,STR011,CUS00395,,,,Northeast
TKT000286,2024-08-14 10:43:00,2024-08-19 05:05:05,2024-08-17 10:43:00,resolved,medium,Staff conduct,phone,STR006,CUS00487,4.0,114.37,False,Northeast
TKT000287,2024-07-10 13:21:00,2024-07-10 14:16:14,2024-07-17 13:21:00,resolved,low,Wrong item,phone,STR023,CUS00118,4.0,0.92,True,Midwest
TKT000288,2024-01-23 11:56:00,2024-01-23 21:56:52,2024-01-23 15:56:00,closed_unresolved,critical,Wrong item,phone,STR017,CUS00431,1.0,10.01,False,Southeast
TKT000289,2024-07-06 13:18:00,2024-07-08 16:36:05,2024-07-09 13:18:00,resolved,medium,Online order issue,email,STR017,CUS00247,4.0,51.3,True,Southeast
TKT000290,2024-08-13 09:25:00,2024-08-16 02:25:03,2024-08-16 09:25:00,resolved,medium,Online order issue,chat,STR016,CUS00425,4.0,65.0,True,Northeast
TKT000291,2024-02-12 19:12:00,2024-02-13 09:22:43,2024-02-15 19:12:00,resolved,medium,Product defect,phone,STR018,CUS00171,4.0,14.18,True,Midwest
TKT000292,2024-09-29 15:07:00,,2024-10-02 15:07:00,escalated,medium,Product defect,email,STR006,CUS00267,,,,Northeast
TKT000293,2024-10-19 19:40:00,,2024-10-20 19:40:00,pending,high,Refund request,chat,STR009,CUS00339,,,,Southwest
TKT000294,2024-02-23 14:18:00,,2024-03-01 14:18:00,pending,low,Staff conduct,social,STR020,CUS00328,,,,West
TKT000295,2024-12-23 09:00:00,2024-12-24 05:21:52,2024-12-26 09:00:00,resolved,medium,Wrong item,chat,STR021,CUS00300,5.0,20.36,True,Northeast
TKT000296,2024-02-19 15:12:00,2024-02-26 01:05:55,2024-02-26 15:12:00,resolved,low,Wrong item,social,STR014,CUS00012,4.0,153.9,True,Southwest
TKT000297,2024-12-29 12:44:00,2024-12-29 16:10:13,2024-12-29 16:44:00,resolved,critical,Product defect,phone,STR016,CUS00377,5.0,3.44,True,Northeast
TKT000298,2024-12-07 08:42:00,2024-12-08 03:01:12,2024-12-08 08:42:00,resolved,high,Online order issue,in_store,STR014,CUS00077,4.0,18.32,True,Southwest
TKT000299,2024-03-12 11:16:00,2024-03-14 13:33:40,2024-03-15 11:16:00,resolved,medium,Wrong item,email,STR017,CUS00429,5.0,50.29,True,Southeast
TKT000300,2024-08-13 08:32:00,2024-08-13 09:27:01,2024-08-14 08:32:00,resolved,high,Wrong item,chat,STR006,CUS00302,4.0,0.92,True,Northeast
TKT000301,2024-04-23 18:09:00,2024-04-24 23:51:57,2024-04-26 18:09:00,resolved,medium,Wrong item,chat,STR023,CUS00454,5.0,29.72,True,Midwest
TKT000302,2024-06-14 15:54:00,,2024-06-17 15:54:00,pending,medium,Pricing dispute,chat,STR020,CUS00477,,,,West
TKT000303,2024-05-15 08:40:00,2024-05-15 09:11:42,2024-05-15 12:40:00,resolved,critical,Product defect,email,STR023,CUS00187,3.0,0.53,True,Midwest
TKT000304,2024-10-12 19:56:00,2024-10-15 08:56:22,2024-10-19 19:56:00,resolved,low,Online order issue,social,STR016,CUS00220,4.0,61.01,True,Northeast
TKT000305,2024-03-15 08:21:00,2024-03-23 19:50:23,2024-03-22 08:21:00,resolved,low,Online order issue,chat,STR016,CUS00325,3.0,203.49,False,Northeast
TKT000306,2024-06-23 15:58:00,2024-06-25 16:35:05,2024-06-30 15:58:00,resolved,low,Staff conduct,in_store,STR003,CUS00307,5.0,48.62,True,Midwest
TKT000307,2024-11-02 08:00:00,2024-11-05 19:20:57,2024-11-09 08:00:00,resolved,low,Staff conduct,email,STR020,CUS00015,5.0,83.35,True,West
TKT000308,2024-07-03 17:24:00,2024-07-07 03:15:17,2024-07-06 17:24:00,resolved,medium,Product defect,email,STR016,CUS00263,1.0,81.85,False,Northeast
TKT000309,2024-05-17 09:03:00,2024-05-20 07:17:55,2024-05-24 09:03:00,resolved,low,Pricing dispute,phone,STR001,CUS00434,5.0,70.25,True,Northeast
TKT000310,2024-07-06 07:15:00,2024-07-08 14:32:50,2024-07-07 07:15:00,resolved,high,Wrong item,in_store,STR022,CUS00011,3.0,55.3,False,Southeast
TKT000311,2024-06-01 19:14:00,,2024-06-08 19:14:00,escalated,low,Refund request,email,STR019,CUS00448,,,,Southwest
TKT000312,2024-10-05 09:30:00,,2024-10-08 09:30:00,pending,medium,Online order issue,phone,STR014,CUS00083,,,,Southwest
TKT000313,2024-03-09 11:53:00,2024-03-12 23:12:08,2024-03-12 11:53:00,resolved,medium,Online order issue,email,STR022,CUS00371,1.0,83.32,False,Southeast
TKT000314,2024-09-15 19:31:00,2024-09-16 01:49:09,2024-09-18 19:31:00,resolved,medium,Store experience,phone,STR005,CUS00238,4.0,6.3,True,West
TKT000315,2024-06-05 20:06:00,2024-06-06 16:41:44,2024-06-06 20:06:00,resolved,high,Late delivery,email,STR020,CUS00482,5.0,20.6,True,West
TKT000316,2024-03-12 19:48:00,2024-03-18 01:38:13,2024-03-15 19:48:00,resolved,medium,Refund request,in_store,STR023,CUS00328,1.0,125.84,False,Midwest
TKT000317,2024-08-06 11:18:00,2024-08-07 02:26:27,2024-08-09 11:18:00,resolved,medium,Product defect,email,STR012,CUS00029,5.0,15.14,True,Southeast
TKT000318,2024-01-06 20:25:00,2024-01-08 11:44:45,2024-01-09 20:25:00,resolved,medium,Online order issue,social,STR020,CUS00320,5.0,39.33,True,West
TKT000319,2024-10-18 16:57:00,2024-10-19 14:29:46,2024-10-21 16:57:00,resolved,medium,Online order issue,social,STR003,CUS00428,5.0,21.55,True,Midwest
TKT000320,2024-01-22 08:52:00,2024-02-08 05:15:30,2024-01-29 08:52:00,closed_unresolved,low,Online order issue,chat,STR001,CUS00257,3.0,404.39,False,Northeast
TKT000321,2024-09-03 13:57:00,2024-09-09 20:22:57,2024-09-10 13:57:00,resolved,low,Product defect,phone,STR003,CUS00310,4.0,150.43,True,Midwest
TKT000322,2024-03-26 12:02:00,2024-03-31 19:59:52,2024-04-02 12:02:00,resolved,low,Staff conduct,in_store,STR008,CUS00355,4.0,127.96,True,Midwest
TKT000323,2024-08-21 08:15:00,2024-08-21 23:54:49,2024-08-22 08:15:00,resolved,high,Online order issue,phone,STR002,CUS00288,4.0,15.66,True,Southeast
TKT000324,2024-03-24 19:45:00,2024-03-25 02:32:29,2024-03-27 19:45:00,resolved,medium,Refund request,chat,STR016,CUS00424,4.0,6.79,True,Northeast
TKT000325,2024-05-22 17:53:00,2024-06-05 09:56:32,2024-05-29 17:53:00,resolved,low,Pricing dispute,chat,STR004,CUS00082,2.0,328.06,False,Southwest
TKT000326,2024-08-05 07:37:00,2024-08-08 02:18:09,2024-08-08 07:37:00,resolved,medium,Staff conduct,phone,STR019,CUS00473,4.0,66.69,True,Southwest
TKT000327,2024-03-14 14:11:00,2024-04-02 22:54:16,2024-03-21 14:11:00,resolved,low,Store experience,email,STR012,CUS00008,4.0,464.72,False,Southeast
TKT000328,2024-08-13 11:13:00,2024-08-19 21:09:08,2024-08-20 11:13:00,resolved,low,Online order issue,chat,STR004,CUS00231,4.0,153.94,True,Southwest
TKT000329,2024-06-04 08:43:00,2024-06-04 18:21:37,2024-06-05 08:43:00,resolved,high,Refund request,in_store,STR006,CUS00480,4.0,9.64,True,Northeast
TKT000330,2024-08-25 20:49:00,,2024-09-01 20:49:00,pending,low,Late delivery,email,STR022,CUS00469,,,,Southeast
TKT000331,2024-02-14 14:34:00,2024-02-14 15:28:29,2024-02-15 14:34:00,resolved,high,Late delivery,in_store,STR006,CUS00008,5.0,0.91,True,Northeast
TKT000332,2024-04-05 20:15:00,2024-04-07 22:07:43,2024-04-12 20:15:00,resolved,low,Online order issue,in_store,STR020,CUS00231,4.0,49.88,True,West
TKT000333,2024-06-03 12:21:00,2024-06-09 05:11:38,2024-06-06 12:21:00,resolved,medium,Refund request,in_store,STR011,CUS00131,2.0,136.84,False,Northeast
TKT000334,2024-08-27 11:21:00,2024-08-28 04:58:09,2024-08-30 11:21:00,resolved,medium,Product defect,email,STR008,CUS00110,4.0,17.62,True,Midwest
TKT000335,2024-05-09 09:11:00,2024-05-11 22:04:28,2024-05-12 09:11:00,resolved,medium,Store experience,in_store,STR017,CUS00422,5.0,60.89,True,Southeast
TKT000336,2024-08-28 18:47:00,2024-08-29 05:35:46,2024-08-31 18:47:00,resolved,medium,Staff conduct,social,STR016,CUS00490,5.0,10.81,True,Northeast
TKT000337,2024-10-30 08:48:00,2024-11-03 13:51:06,2024-11-02 08:48:00,closed_unresolved,medium,Wrong item,social,STR012,CUS00025,3.0,101.05,False,Southeast
TKT000338,2024-08-11 14:49:00,2024-08-14 23:45:04,2024-08-18 14:49:00,resolved,low,Staff conduct,social,STR018,CUS00231,5.0,80.93,True,Midwest
TKT000339,2024-12-05 18:58:00,2024-12-07 15:01:39,2024-12-08 18:58:00,resolved,medium,Late delivery,chat,STR013,CUS00177,5.0,44.06,True,Midwest
TKT000340,2024-05-31 20:33:00,2024-06-02 23:40:15,2024-06-01 20:33:00,resolved,high,Late delivery,social,STR017,CUS00076,2.0,51.12,False,Southeast
TKT000341,2024-09-11 10:03:00,2024-09-12 12:58:30,2024-09-14 10:03:00,resolved,medium,Pricing dispute,social,STR017,CUS00126,5.0,26.93,True,Southeast
TKT000342,2024-10-06 08:17:00,2024-10-06 16:24:09,2024-10-07 08:17:00,resolved,high,Staff conduct,phone,STR016,CUS00262,4.0,8.12,True,Northeast
TKT000343,2024-07-30 10:46:00,2024-07-31 04:59:27,2024-08-02 10:46:00,resolved,medium,Late delivery,social,STR006,CUS00433,5.0,18.22,True,Northeast
TKT000344,2024-03-05 17:31:00,2024-03-13 21:47:44,2024-03-08 17:31:00,resolved,medium,Product defect,social,STR018,CUS00309,2.0,196.28,False,Midwest
TKT000345,2024-09-30 07:57:00,2024-10-08 18:27:07,2024-10-07 07:57:00,resolved,low,Staff conduct,phone,STR012,CUS00209,3.0,202.5,False,Southeast
TKT000346,2024-12-02 16:37:00,2024-12-02 18:50:31,2024-12-05 16:37:00,resolved,medium,Staff conduct,in_store,STR012,CUS00461,4.0,2.23,True,Southeast
TKT000347,2024-03-06 13:05:00,2024-03-12 14:32:05,2024-03-13 13:05:00,resolved,low,Staff conduct,phone,STR007,CUS00400,4.0,145.45,True,Southeast
TKT000348,2024-03-22 16:29:00,2024-03-23 11:43:13,2024-03-29 16:29:00,resolved,low,Refund request,chat,STR006,CUS00340,5.0,19.24,True,Northeast
TKT000349,2024-08-16 18:39:00,2024-08-17 22:29:16,2024-08-19 18:39:00,resolved,medium,Pricing dispute,phone,STR023,CUS00344,4.0,27.84,True,Midwest
TKT000350,2024-03-31 13:59:00,,2024-04-01 13:59:00,pending,high,Online order issue,chat,STR009,CUS00397,,,,Southwest
TKT000351,2024-12-01 07:43:00,2024-12-01 14:14:39,2024-12-01 11:43:00,resolved,critical,Store experience,chat,STR022,CUS00210,3.0,6.53,False,Southeast
TKT000352,2024-04-21 18:38:00,2024-04-22 05:03:58,2024-04-22 18:38:00,resolved,high,Staff conduct,phone,STR020,CUS00121,3.0,10.43,True,West
TKT000353,2024-01-23 20:38:00,2024-01-24 03:20:29,2024-01-26 20:38:00,resolved,medium,Refund request,chat,STR015,CUS00057,3.0,6.71,True,West
TKT000354,2024-11-20 20:13:00,,2024-11-21 20:13:00,pending,high,Wrong item,chat,STR018,CUS00328,,,,Midwest
TKT000355,2024-07-29 18:47:00,2024-07-30 13:59:59,2024-08-01 18:47:00,resolved,medium,Refund request,chat,STR022,CUS00201,5.0,19.22,True,Southeast
TKT000356,2024-05-05 16:14:00,2024-05-11 21:44:18,2024-05-12 16:14:00,resolved,low,Store experience,chat,STR011,CUS00065,4.0,149.51,True,Northeast
TKT000357,2024-11-13 09:41:00,2024-11-25 00:30:59,2024-11-20 09:41:00,resolved,low,Product defect,in_store,STR007,CUS00130,3.0,278.83,False,Southeast
TKT000358,2024-02-07 16:20:00,2024-02-12 12:30:06,2024-02-14 16:20:00,resolved,low,Wrong item,email,STR016,CUS00044,5.0,116.17,True,Northeast
TKT000359,2024-04-03 11:12:00,,2024-04-06 11:12:00,pending,medium,Late delivery,phone,STR016,CUS00346,,,,Northeast
TKT000360,2024-09-12 08:44:00,2024-09-12 20:05:07,2024-09-19 08:44:00,resolved,low,Staff conduct,email,STR019,CUS00329,4.0,11.35,True,Southwest
TKT000361,2024-05-27 13:44:00,2024-05-28 23:29:00,2024-05-30 13:44:00,resolved,medium,Online order issue,phone,STR007,CUS00021,4.0,33.75,True,Southeast
TKT000362,2024-04-15 13:07:00,2024-04-15 19:33:53,2024-04-18 13:07:00,resolved,medium,Late delivery,phone,STR005,CUS00047,4.0,6.45,True,West
TKT000363,2024-06-14 17:27:00,2024-06-20 20:17:35,2024-06-21 17:27:00,resolved,low,Late delivery,chat,STR004,CUS00229,5.0,146.84,True,Southwest
TKT000364,2024-03-14 12:29:00,2024-03-14 21:42:00,2024-03-17 12:29:00,resolved,medium,Wrong item,social,STR006,CUS00291,3.0,9.22,True,Northeast
TKT000365,2024-08-21 19:07:00,2024-08-22 10:06:30,2024-08-22 19:07:00,resolved,high,Refund request,social,STR006,CUS00360,4.0,14.99,True,Northeast
TKT000366,2024-12-06 14:06:00,2024-12-14 21:26:20,2024-12-13 14:06:00,resolved,low,Pricing dispute,social,STR007,CUS00088,2.0,199.34,False,Southeast
TKT000367,2024-11-21 18:16:00,2024-11-25 07:16:36,2024-11-28 18:16:00,resolved,low,Product defect,email,STR016,CUS00285,5.0,85.01,True,Northeast
TKT000368,2024-12-04 17:11:00,2024-12-05 15:15:32,2024-12-05 17:11:00,resolved,high,Staff conduct,chat,STR014,CUS00005,4.0,22.08,True,Southwest
TKT000369,2024-11-25 10:39:00,2024-11-26 06:14:09,2024-11-26 10:39:00,resolved,high,Online order issue,in_store,STR014,CUS00441,5.0,19.59,True,Southwest
TKT000370,2024-02-10 12:28:00,2024-02-12 20:38:04,2024-02-13 12:28:00,resolved,medium,Pricing dispute,phone,STR002,CUS00397,5.0,56.17,True,Southeast
TKT000371,2024-02-16 14:46:00,2024-02-23 17:06:40,2024-02-19 14:46:00,resolved,medium,Online order issue,social,STR015,CUS00447,2.0,170.34,False,West
TKT000372,2024-12-07 07:59:00,2024-12-09 11:30:46,2024-12-10 07:59:00,resolved,medium,Store experience,email,STR014,CUS00006,4.0,51.53,True,Southwest
TKT000373,2024-11-06 20:51:00,2024-11-12 01:24:57,2024-11-13 20:51:00,resolved,low,Staff conduct,chat,STR012,CUS00312,5.0,124.57,True,Southeast
TKT000374,2024-01-30 10:51:00,2024-01-30 13:50:37,2024-01-30 14:51:00,resolved,critical,Online order issue,email,STR008,CUS00032,4.0,2.99,True,Midwest
TKT000375,2024-12-25 08:29:00,2024-12-25 16:52:29,2024-12-26 08:29:00,resolved,high,Online order issue,chat,STR005,CUS00265,5.0,8.39,True,West
TKT000376,2024-02-18 19:46:00,2024-02-20 20:31:28,2024-02-21 19:46:00,resolved,medium,Refund request,email,STR010,CUS00214,3.0,48.76,True,West
TKT000377,2024-02-07 17:45:00,2024-02-09 03:38:29,2024-02-14 17:45:00,resolved,low,Product defect,email,STR007,CUS00254,5.0,33.89,True,Southeast
TKT000378,2024-06-02 18:33:00,2024-06-04 22:26:20,2024-06-05 18:33:00,resolved,medium,Wrong item,email,STR004,CUS00101,4.0,51.89,True,Southwest
TKT000379,2024-07-18 13:27:00,2024-07-22 09:25:29,2024-07-25 13:27:00,resolved,low,Refund request,phone,STR021,CUS00040,5.0,91.97,True,Northeast
TKT000380,2024-11-16 16:43:00,2024-11-16 17:32:14,2024-11-17 16:43:00,resolved,high,Late delivery,phone,STR015,CUS00113,5.0,0.82,True,West
TKT000381,2024-02-13 10:49:00,2024-02-19 09:16:37,2024-02-20 10:49:00,resolved,low,Online order issue,chat,STR021,CUS00274,5.0,142.46,True,Northeast
TKT000382,2024-01-01 09:09:00,2024-01-04 19:29:31,2024-01-08 09:09:00,resolved,low,Staff conduct,email,STR009,CUS00027,4.0,82.34,True,Southwest
TKT000383,2024-10-13 20:15:00,2024-11-01 15:46:35,2024-10-20 20:15:00,resolved,low,Store experience,social,STR020,CUS00011,1.0,451.53,False,West
TKT000384,2024-08-26 19:41:00,2024-08-29 22:59:55,2024-09-02 19:41:00,resolved,low,Wrong item,chat,STR007,CUS00215,5.0,75.32,True,Southeast
TKT000385,2024-08-05 16:24:00,2024-08-05 17:50:54,2024-08-05 20:24:00,resolved,critical,Online order issue,phone,STR015,CUS00357,4.0,1.45,True,West
TKT000386,2024-08-02 17:23:00,2024-08-02 20:26:18,2024-08-05 17:23:00,resolved,medium,Wrong item,social,STR009,CUS00453,5.0,3.06,True,Southwest
TKT000387,2024-02-03 14:40:00,2024-02-05 01:20:10,2024-02-04 14:40:00,resolved,high,Online order issue,chat,STR018,CUS00305,3.0,34.67,False,Midwest
TKT000388,2024-08-10 12:40:00,,2024-08-17 12:40:00,escalated,low,Staff conduct,in_store,STR019,CUS00313,,,,Southwest
TKT000389,2024-07-13 18:09:00,,2024-07-20 18:09:00,pending,low,Late delivery,email,STR016,CUS00500,,,,Northeast
TKT000390,2024-05-15 13:46:00,2024-05-16 09:52:09,2024-05-18 13:46:00,resolved,medium,Late delivery,in_store,STR004,CUS00030,4.0,20.1,True,Southwest
TKT000391,2024-05-19 13:23:00,2024-05-20 01:37:30,2024-05-26 13:23:00,resolved,low,Online order issue,phone,STR010,CUS00255,5.0,12.24,True,West
TKT000392,2024-07-07 08:37:00,2024-07-07 23:34:34,2024-07-10 08:37:00,resolved,medium,Wrong item,social,STR008,CUS00076,4.0,14.96,True,Midwest
TKT000393,2024-07-05 13:05:00,2024-07-13 04:10:56,2024-07-08 13:05:00,resolved,medium,Store experience,chat,STR005,CUS00170,4.0,183.1,False,West
TKT000394,2024-09-16 15:46:00,2024-09-18 12:49:35,2024-09-17 15:46:00,closed_unresolved,high,Product defect,social,STR014,CUS00091,1.0,45.06,False,Southwest
TKT000395,2024-04-04 14:39:00,2024-04-05 17:29:20,2024-04-11 14:39:00,resolved,low,Late delivery,in_store,STR001,CUS00447,5.0,26.84,True,Northeast
TKT000396,2024-10-05 12:39:00,2024-10-17 10:51:52,2024-10-12 12:39:00,resolved,low,Store experience,email,STR009,CUS00411,3.0,286.21,False,Southwest
TKT000397,2024-08-20 19:00:00,,2024-08-23 19:00:00,escalated,medium,Product defect,phone,STR023,CUS00065,,,,Midwest
TKT000398,2024-02-25 20:12:00,2024-03-04 05:51:00,2024-03-03 20:12:00,resolved,low,Late delivery,phone,STR020,CUS00011,4.0,177.65,False,West
TKT000399,2024-03-10 13:00:00,,2024-03-13 13:00:00,pending,medium,Refund request,in_store,STR020,CUS00499,,,,West
TKT000400,2024-10-25 10:16:00,2024-10-27 23:58:44,2024-10-28 10:16:00,resolved,medium,Store experience,email,STR007,CUS00352,4.0,61.71,True,Southeast
TKT000401,2024-06-29 10:22:00,2024-07-05 08:20:12,2024-07-06 10:22:00,resolved,low,Product defect,email,STR017,CUS00025,5.0,141.97,True,Southeast
TKT000402,2024-06-22 13:58:00,,2024-06-25 13:58:00,pending,medium,Refund request,phone,STR011,CUS00211,,,,Northeast
TKT000403,2024-04-02 11:12:00,2024-04-04 13:43:04,2024-04-05 11:12:00,resolved,medium,Store experience,in_store,STR012,CUS00357,4.0,50.52,True,Southeast
TKT000404,2024-02-11 10:24:00,2024-02-13 00:43:44,2024-02-14 10:24:00,resolved,medium,Pricing dispute,in_store,STR023,CUS00353,4.0,38.33,True,Midwest
TKT000405,2024-10-24 16:32:00,2024-10-25 11:54:43,2024-10-25 16:32:00,resolved,high,Store experience,in_store,STR018,CUS00279,4.0,19.38,True,Midwest
TKT000406,2024-12-27 17:17:00,2025-01-09 07:12:08,2025-01-03 17:17:00,resolved,low,Late delivery,chat,STR011,CUS00032,1.0,301.92,False,Northeast
TKT000407,2024-03-18 18:10:00,2024-03-20 12:32:19,2024-03-19 18:10:00,resolved,high,Staff conduct,chat,STR003,CUS00484,1.0,42.37,False,Midwest
TKT000408,2024-08-03 12:06:00,,2024-08-03 16:06:00,pending,critical,Wrong item,in_store,STR021,CUS00308,,,,Northeast
TKT000409,2024-06-24 13:41:00,2024-06-24 14:33:56,2024-06-24 17:41:00,resolved,critical,Pricing dispute,chat,STR006,CUS00461,3.0,0.88,True,Northeast
TKT000410,2024-10-20 13:31:00,,2024-10-27 13:31:00,pending,low,Online order issue,social,STR022,CUS00106,,,,Southeast
TKT000411,2024-10-14 15:59:00,,2024-10-21 15:59:00,escalated,low,Product defect,phone,STR001,CUS00484,,,,Northeast
TKT000412,2024-07-12 08:23:00,,2024-07-13 08:23:00,pending,high,Refund request,phone,STR018,CUS00215,,,,Midwest
TKT000413,2024-06-04 10:12:00,,2024-06-11 10:12:00,pending,low,Store experience,email,STR003,CUS00492,,,,Midwest
TKT000414,2024-01-20 11:23:00,2024-01-21 21:44:45,2024-01-23 11:23:00,resolved,medium,Online order issue,in_store,STR011,CUS00022,4.0,34.36,True,Northeast
TKT000415,2024-05-11 07:52:00,2024-05-25 04:53:20,2024-05-18 07:52:00,resolved,low,Online order issue,email,STR019,CUS00233,1.0,333.02,False,Southwest
TKT000416,2024-04-04 19:45:00,2024-04-13 03:25:09,2024-04-07 19:45:00,resolved,medium,Staff conduct,in_store,STR019,CUS00392,3.0,199.67,False,Southwest
TKT000417,2024-11-03 19:21:00,,2024-11-06 19:21:00,pending,medium,Late delivery,chat,STR017,CUS00456,,,,Southeast
TKT000418,2024-08-06 14:41:00,2024-08-09 08:51:51,2024-08-09 14:41:00,resolved,medium,Store experience,social,STR009,CUS00304,4.0,66.18,True,Southwest
TKT000419,2024-10-10 13:51:00,2024-10-13 04:11:01,2024-10-13 13:51:00,resolved,medium,Staff conduct,email,STR010,CUS00019,5.0,62.33,True,West
TKT000420,2024-01-04 19:06:00,,2024-01-11 19:06:00,pending,low,Product defect,in_store,STR015,CUS00480,,,,West
TKT000421,2024-09-27 16:54:00,2024-10-02 05:30:29,2024-09-30 16:54:00,resolved,medium,Staff conduct,social,STR019,CUS00163,4.0,108.61,False,Southwest
TKT000422,2024-06-11 09:51:00,2024-06-12 17:01:29,2024-06-14 09:51:00,resolved,medium,Product defect,chat,STR012,CUS00053,4.0,31.17,True,Southeast
TKT000423,2024-09-22 18:24:00,2024-09-24 16:33:42,2024-09-23 18:24:00,resolved,high,Store experience,email,STR021,CUS00284,2.0,46.16,False,Northeast
TKT000424,2024-08-11 14:26:00,,2024-08-11 18:26:00,escalated,critical,Product defect,in_store,STR019,CUS00176,,,,Southwest
TKT000425,2024-09-19 10:42:00,2024-09-20 17:57:58,2024-09-22 10:42:00,resolved,medium,Refund request,email,STR023,CUS00278,4.0,31.27,True,Midwest
TKT000426,2024-04-14 19:38:00,2024-04-15 11:55:56,2024-04-15 19:38:00,resolved,high,Refund request,chat,STR008,CUS00179,4.0,16.3,True,Midwest
TKT000427,2024-05-06 12:29:00,2024-05-09 03:42:57,2024-05-13 12:29:00,resolved,low,Wrong item,email,STR011,CUS00173,5.0,63.23,True,Northeast
TKT000428,2024-06-13 13:36:00,2024-06-14 15:44:28,2024-06-16 13:36:00,resolved,medium,Pricing dispute,email,STR016,CUS00395,5.0,26.14,True,Northeast
TKT000429,2024-05-05 18:59:00,2024-05-06 02:33:07,2024-05-06 18:59:00,resolved,high,Late delivery,in_store,STR001,CUS00337,5.0,7.57,True,Northeast
TKT000430,2024-04-03 18:18:00,2024-04-06 06:29:51,2024-04-06 18:18:00,resolved,medium,Refund request,chat,STR018,CUS00343,4.0,60.2,True,Midwest
TKT000431,2024-07-19 07:02:00,2024-07-19 13:34:48,2024-07-22 07:02:00,resolved,medium,Product defect,email,STR004,CUS00094,4.0,6.55,True,Southwest
TKT000432,2024-05-04 09:56:00,2024-05-04 23:30:55,2024-05-07 09:56:00,resolved,medium,Staff conduct,phone,STR015,CUS00405,5.0,13.58,True,West
TKT000433,2024-09-17 12:20:00,2024-09-22 09:59:11,2024-09-20 12:20:00,resolved,medium,Late delivery,in_store,STR014,CUS00112,1.0,117.65,False,Southwest
TKT000434,2024-10-15 18:24:00,2024-10-16 03:38:54,2024-10-15 22:24:00,closed_unresolved,critical,Refund request,in_store,STR005,CUS00208,2.0,9.25,False,West
TKT000435,2024-12-16 18:07:00,2024-12-17 09:26:38,2024-12-19 18:07:00,resolved,medium,Product defect,in_store,STR020,CUS00140,3.0,15.33,True,West
TKT000436,2024-09-01 17:39:00,2024-09-01 22:36:40,2024-09-04 17:39:00,resolved,medium,Staff conduct,phone,STR018,CUS00384,3.0,4.96,True,Midwest
TKT000437,2024-09-30 19:58:00,2024-10-01 12:39:06,2024-10-01 19:58:00,resolved,high,Late delivery,email,STR002,CUS00222,5.0,16.69,True,Southeast
TKT000438,2024-08-17 10:15:00,,2024-08-24 10:15:00,escalated,low,Product defect,phone,STR008,CUS00362,,,,Midwest
TKT000439,2024-07-16 09:15:00,2024-07-16 12:31:27,2024-07-17 09:15:00,resolved,high,Pricing dispute,phone,STR016,CUS00031,4.0,3.27,True,Northeast
TKT000440,2024-05-16 20:34:00,2024-05-19 07:51:57,2024-05-19 20:34:00,resolved,medium,Staff conduct,phone,STR005,CUS00279,5.0,59.3,True,West
TKT000441,2024-03-07 16:19:00,2024-03-07 21:45:59,2024-03-08 16:19:00,resolved,high,Refund request,in_store,STR003,CUS00378,5.0,5.45,True,Midwest
TKT000442,2024-09-27 17:25:00,2024-09-29 03:47:55,2024-09-30 17:25:00,resolved,medium,Staff conduct,social,STR015,CUS00085,4.0,34.38,True,West
TKT000443,2024-01-17 16:09:00,2024-01-21 06:53:23,2024-01-20 16:09:00,resolved,medium,Refund request,social,STR004,CUS00110,1.0,86.74,False,Southwest
TKT000444,2024-02-15 12:29:00,2024-02-19 11:29:53,2024-02-22 12:29:00,resolved,low,Wrong item,social,STR011,CUS00057,4.0,95.01,True,Northeast
TKT000445,2024-01-10 14:57:00,2024-01-10 16:23:46,2024-01-10 18:57:00,resolved,critical,Refund request,social,STR001,CUS00256,4.0,1.45,True,Northeast
TKT000446,2024-10-03 20:38:00,,2024-10-04 20:38:00,escalated,high,Online order issue,phone,STR003,CUS00227,,,,Midwest
TKT000447,2024-12-25 19:50:00,2025-01-02 15:08:14,2025-01-01 19:50:00,resolved,low,Staff conduct,email,STR017,CUS00126,3.0,187.3,False,Southeast
TKT000448,2024-04-26 20:44:00,2024-04-28 02:11:13,2024-04-27 20:44:00,resolved,high,Refund request,email,STR011,CUS00314,1.0,29.45,False,Northeast
TKT000449,2024-07-18 09:48:00,2024-07-20 03:26:58,2024-07-21 09:48:00,resolved,medium,Pricing dispute,in_store,STR011,CUS00166,5.0,41.65,True,Northeast
TKT000450,2024-11-27 20:57:00,,2024-11-28 20:57:00,pending,high,Pricing dispute,chat,STR022,CUS00191,,,,Southeast
TKT000451,2024-11-07 08:23:00,2024-11-19 12:34:18,2024-11-14 08:23:00,closed_unresolved,low,Late delivery,social,STR013,CUS00223,2.0,292.19,False,Midwest
TKT000452,2024-02-10 09:56:00,2024-02-11 12:16:49,2024-02-17 09:56:00,resolved,low,Staff conduct,phone,STR017,CUS00450,4.0,26.35,True,Southeast
TKT000453,2024-09-01 16:46:00,2024-09-07 18:30:40,2024-09-08 16:46:00,resolved,low,Online order issue,email,STR017,CUS00168,5.0,145.74,True,Southeast
TKT000454,2024-05-05 12:40:00,2024-05-05 23:37:50,2024-05-05 16:40:00,resolved,critical,Pricing dispute,chat,STR023,CUS00109,3.0,10.96,False,Midwest
TKT000455,2024-11-23 18:03:00,2024-11-29 14:06:21,2024-11-26 18:03:00,resolved,medium,Refund request,social,STR007,CUS00027,1.0,140.06,False,Southeast
TKT000456,2024-05-26 18:34:00,2024-05-27 00:59:06,2024-05-27 18:34:00,resolved,high,Wrong item,chat,STR009,CUS00170,5.0,6.42,True,Southwest
TKT000457,2024-10-21 10:41:00,2024-10-23 03:06:07,2024-10-24 10:41:00,resolved,medium,Staff conduct,social,STR011,CUS00489,4.0,40.42,True,Northeast
TKT000458,2024-07-05 09:49:00,2024-07-05 22:19:56,2024-07-08 09:49:00,resolved,medium,Pricing dispute,in_store,STR001,CUS00052,5.0,12.52,True,Northeast
TKT000459,2024-08-31 12:36:00,2024-09-12 05:43:25,2024-09-07 12:36:00,resolved,low,Refund request,in_store,STR017,CUS00255,1.0,281.12,False,Southeast
TKT000460,2024-07-22 09:38:00,,2024-07-22 13:38:00,pending,critical,Late delivery,phone,STR011,CUS00118,,,,Northeast
TKT000461,2024-09-05 12:52:00,2024-09-08 03:36:08,2024-09-08 12:52:00,resolved,medium,Staff conduct,chat,STR003,CUS00158,5.0,62.74,True,Midwest
TKT000462,2024-11-09 07:42:00,2024-11-10 17:51:44,2024-11-12 07:42:00,resolved,medium,Pricing dispute,in_store,STR010,CUS00191,5.0,34.16,True,West
TKT000463,2024-10-07 16:42:00,2024-10-14 01:27:01,2024-10-14 16:42:00,resolved,low,Late delivery,phone,STR023,CUS00392,4.0,152.75,True,Midwest
TKT000464,2024-08-11 09:30:00,2024-08-11 10:50:00,2024-08-18 09:30:00,resolved,low,Late delivery,social,STR016,CUS00001,5.0,1.33,True,Northeast
TKT000465,2024-07-05 12:41:00,2024-07-08 08:05:17,2024-07-08 12:41:00,resolved,medium,Pricing dispute,chat,STR004,CUS00101,4.0,67.4,True,Southwest
TKT000466,2024-04-17 08:50:00,,2024-04-24 08:50:00,escalated,low,Online order issue,chat,STR022,CUS00091,,,,Southeast
TKT000467,2024-02-21 19:26:00,,2024-02-22 19:26:00,pending,high,Product defect,social,STR014,CUS00029,,,,Southwest
TKT000468,2024-04-19 07:03:00,,2024-04-20 07:03:00,escalated,high,Wrong item,in_store,STR006,CUS00297,,,,Northeast
TKT000469,2024-06-11 07:06:00,2024-06-13 09:04:27,2024-06-14 07:06:00,resolved,medium,Online order issue,chat,STR005,CUS00375,4.0,49.97,True,West
TKT000470,2024-04-09 18:20:00,2024-04-14 12:47:40,2024-04-16 18:20:00,resolved,low,Product defect,email,STR001,CUS00143,3.0,114.46,True,Northeast
TKT000471,2024-02-12 13:35:00,2024-02-12 18:06:47,2024-02-15 13:35:00,resolved,medium,Wrong item,in_store,STR016,CUS00227,5.0,4.53,True,Northeast
TKT000472,2024-01-25 16:05:00,2024-01-26 07:27:51,2024-01-28 16:05:00,resolved,medium,Pricing dispute,chat,STR022,CUS00376,5.0,15.38,True,Southeast
TKT000473,2024-12-15 08:53:00,,2024-12-16 08:53:00,pending,high,Wrong item,chat,STR015,CUS00214,,,,West
TKT000474,2024-03-31 16:28:00,2024-03-31 21:41:13,2024-04-01 16:28:00,resolved,high,Pricing dispute,in_store,STR017,CUS00035,5.0,5.22,True,Southeast
TKT000475,2024-05-30 19:17:00,2024-05-31 09:51:11,2024-06-06 19:17:00,resolved,low,Refund request,social,STR002,CUS00132,3.0,14.57,True,Southeast
TKT000476,2024-01-17 08:22:00,2024-01-23 06:07:37,2024-01-24 08:22:00,resolved,low,Online order issue,email,STR009,CUS00360,5.0,141.76,True,Southwest
TKT000477,2024-10-01 11:36:00,2024-10-01 14:44:36,2024-10-04 11:36:00,resolved,medium,Refund request,email,STR005,CUS00291,5.0,3.14,True,West
TKT000478,2024-06-17 13:58:00,,2024-06-24 13:58:00,pending,low,Late delivery,phone,STR013,CUS00176,,,,Midwest
TKT000479,2024-03-28 14:03:00,2024-03-28 20:52:42,2024-03-29 14:03:00,resolved,high,Late delivery,chat,STR023,CUS00152,5.0,6.83,True,Midwest
TKT000480,2024-02-29 16:57:00,,2024-03-03 16:57:00,escalated,medium,Staff conduct,chat,STR005,CUS00117,,,,West
TKT000481,2024-01-08 09:30:00,2024-01-09 12:18:39,2024-01-11 09:30:00,resolved,medium,Wrong item,chat,STR007,CUS00141,4.0,26.81,True,Southeast
TKT000482,2024-06-16 08:04:00,2024-06-21 19:22:54,2024-06-23 08:04:00,resolved,low,Late delivery,phone,STR003,CUS00001,4.0,131.32,True,Midwest
TKT000483,2024-06-01 15:49:00,2024-06-02 20:43:36,2024-06-04 15:49:00,resolved,medium,Late delivery,email,STR008,CUS00376,5.0,28.91,True,Midwest
TKT000484,2024-07-12 10:32:00,2024-07-13 23:06:56,2024-07-19 10:32:00,resolved,low,Online order issue,social,STR008,CUS00005,5.0,36.58,True,Midwest
TKT000485,2024-03-10 15:20:00,2024-03-13 09:31:38,2024-03-13 15:20:00,resolved,medium,Store experience,phone,STR001,CUS00399,5.0,66.19,True,Northeast
TKT000486,2024-12-30 20:15:00,2025-01-05 02:06:26,2025-01-02 20:15:00,resolved,medium,Refund request,in_store,STR001,CUS00458,3.0,125.86,False,Northeast
TKT000487,2024-05-08 10:42:00,2024-05-13 09:05:56,2024-05-11 10:42:00,resolved,medium,Product defect,social,STR006,CUS00221,3.0,118.4,False,Northeast
TKT000488,2024-09-08 12:05:00,2024-09-23 14:49:42,2024-09-15 12:05:00,resolved,low,Refund request,in_store,STR007,CUS00217,2.0,362.75,False,Southeast
TKT000489,2024-04-20 07:34:00,2024-04-22 20:41:04,2024-04-23 07:34:00,resolved,medium,Wrong item,in_store,STR001,CUS00031,4.0,61.12,True,Northeast
TKT000490,2024-10-14 07:50:00,2024-10-14 22:14:47,2024-10-15 07:50:00,resolved,high,Refund request,email,STR017,CUS00336,5.0,14.41,True,Southeast
TKT000491,2024-12-24 09:55:00,2024-12-25 22:39:59,2024-12-31 09:55:00,resolved,low,Wrong item,in_store,STR013,CUS00076,4.0,36.75,True,Midwest
TKT000492,2024-11-27 17:00:00,2024-11-29 20:16:55,2024-12-04 17:00:00,resolved,low,Store experience,chat,STR001,CUS00129,5.0,51.28,True,Northeast
TKT000493,2024-02-11 13:41:00,2024-02-11 17:27:24,2024-02-11 17:41:00,resolved,critical,Product defect,in_store,STR001,CUS00290,4.0,3.77,True,Northeast
TKT000494,2024-10-07 20:49:00,2024-10-08 09:33:46,2024-10-10 20:49:00,resolved,medium,Refund request,phone,STR017,CUS00273,5.0,12.75,True,Southeast
TKT000495,2024-01-10 07:09:00,2024-01-10 12:46:21,2024-01-13 07:09:00,resolved,medium,Late delivery,social,STR012,CUS00272,3.0,5.62,True,Southeast
TKT000496,2024-08-08 12:38:00,2024-08-09 00:47:49,2024-08-09 12:38:00,resolved,high,Wrong item,social,STR004,CUS00443,4.0,12.16,True,Southwest
TKT000497,2024-05-26 13:29:00,,2024-05-27 13:29:00,pending,high,Wrong item,in_store,STR005,CUS00297,,,,West
TKT000498,2024-09-12 17:18:00,2024-09-18 14:52:21,2024-09-19 17:18:00,resolved,low,Product defect,email,STR014,CUS00111,5.0,141.57,True,Southwest
TKT000499,2024-04-04 15:24:00,,2024-04-11 15:24:00,escalated,low,Product defect,phone,STR017,CUS00026,,,,Southeast
TKT000500,2024-05-04 18:40:00,,2024-05-04 22:40:00,pending,critical,Pricing dispute,email,STR001,CUS00187,,,,Northeast
TKT000501,2024-04-22 12:57:00,2024-04-26 19:34:10,2024-04-29 12:57:00,resolved,low,Pricing dispute,chat,STR002,CUS00384,5.0,102.62,True,Southeast
TKT000502,2024-05-04 11:14:00,,2024-05-11 11:14:00,escalated,low,Late delivery,chat,STR009,CUS00489,,,,Southwest
TKT000503,2024-06-04 20:18:00,2024-06-06 16:43:11,2024-06-07 20:18:00,resolved,medium,Online order issue,social,STR018,CUS00467,4.0,44.42,True,Midwest
TKT000504,2024-10-03 10:14:00,2024-10-08 14:11:51,2024-10-06 10:14:00,resolved,medium,Refund request,phone,STR007,CUS00114,2.0,123.96,False,Southeast
TKT000505,2024-06-01 07:25:00,2024-06-02 06:04:44,2024-06-04 07:25:00,resolved,medium,Online order issue,in_store,STR010,CUS00454,4.0,22.66,True,West
TKT000506,2024-06-24 08:33:00,,2024-07-01 08:33:00,pending,low,Online order issue,email,STR015,CUS00134,,,,West
TKT000507,2024-10-21 11:39:00,2024-10-23 22:14:43,2024-10-24 11:39:00,resolved,medium,Online order issue,email,STR003,CUS00472,4.0,58.6,True,Midwest
TKT000508,2024-12-18 14:27:00,2024-12-19 12:18:03,2024-12-19 14:27:00,resolved,high,Staff conduct,chat,STR006,CUS00127,4.0,21.85,True,Northeast
TKT000509,2024-03-19 15:16:00,2024-03-22 14:14:59,2024-03-26 15:16:00,resolved,low,Staff conduct,in_store,STR013,CUS00002,3.0,70.98,True,Midwest
TKT000510,2024-06-17 13:33:00,2024-06-25 06:00:48,2024-06-20 13:33:00,resolved,medium,Product defect,in_store,STR003,CUS00068,3.0,184.46,False,Midwest
TKT000511,2024-06-16 13:26:00,2024-06-19 06:44:00,2024-06-19 13:26:00,resolved,medium,Late delivery,email,STR011,CUS00096,4.0,65.3,True,Northeast
TKT000512,2024-01-28 18:11:00,,2024-01-28 22:11:00,pending,critical,Late delivery,chat,STR006,CUS00214,,,,Northeast
TKT000513,2024-01-29 11:28:00,2024-01-29 14:13:13,2024-01-29 15:28:00,resolved,critical,Store experience,email,STR013,CUS00226,5.0,2.75,True,Midwest
TKT000514,2024-09-18 17:36:00,,2024-09-21 17:36:00,pending,medium,Staff conduct,social,STR013,CUS00395,,,,Midwest
TKT000515,2024-04-05 16:40:00,2024-04-12 05:39:47,2024-04-12 16:40:00,resolved,low,Store experience,email,STR005,CUS00332,4.0,157.0,True,West
TKT000516,2024-10-07 14:44:00,2024-10-08 05:52:50,2024-10-10 14:44:00,resolved,medium,Wrong item,in_store,STR013,CUS00328,3.0,15.15,True,Midwest
TKT000517,2024-06-04 10:54:00,2024-06-05 21:03:25,2024-06-11 10:54:00,resolved,low,Late delivery,social,STR021,CUS00499,5.0,34.16,True,Northeast
TKT000518,2024-12-10 16:17:00,,2024-12-13 16:17:00,escalated,medium,Refund request,chat,STR008,CUS00160,,,,Midwest
TKT000519,2024-09-23 20:28:00,2024-09-24 18:23:36,2024-09-30 20:28:00,resolved,low,Store experience,chat,STR015,CUS00172,5.0,21.93,True,West
TKT000520,2024-05-26 18:11:00,,2024-06-02 18:11:00,escalated,low,Store experience,in_store,STR011,CUS00136,,,,Northeast
TKT000521,2024-06-03 13:23:00,2024-06-04 00:11:50,2024-06-03 17:23:00,resolved,critical,Late delivery,phone,STR023,CUS00481,2.0,10.81,False,Midwest
TKT000522,2024-03-17 11:26:00,2024-03-21 03:46:37,2024-03-24 11:26:00,resolved,low,Wrong item,social,STR022,CUS00306,4.0,88.34,True,Southeast
TKT000523,2024-08-26 10:57:00,2024-09-03 19:22:22,2024-09-02 10:57:00,resolved,low,Store experience,social,STR011,CUS00080,4.0,200.42,False,Northeast
TKT000524,2024-10-29 12:33:00,,2024-11-05 12:33:00,pending,low,Late delivery,social,STR011,CUS00224,,,,Northeast
TKT000525,2024-03-08 20:41:00,2024-03-09 00:22:24,2024-03-11 20:41:00,resolved,medium,Wrong item,email,STR005,CUS00200,4.0,3.69,True,West
TKT000526,2024-06-30 20:25:00,,2024-07-03 20:25:00,escalated,medium,Staff conduct,email,STR016,CUS00107,,,,Northeast
TKT000527,2024-06-27 13:58:00,2024-06-28 03:53:08,2024-06-28 13:58:00,resolved,high,Late delivery,social,STR001,CUS00025,4.0,13.92,True,Northeast
TKT000528,2024-12-25 09:07:00,2024-12-25 11:57:24,2024-12-28 09:07:00,resolved,medium,Store experience,chat,STR011,CUS00195,4.0,2.84,True,Northeast
TKT000529,2024-08-16 18:49:00,2024-08-16 22:13:46,2024-08-17 18:49:00,resolved,high,Staff conduct,in_store,STR004,CUS00048,4.0,3.41,True,Southwest
TKT000530,2024-02-17 11:55:00,2024-02-17 22:04:55,2024-02-18 11:55:00,resolved,high,Wrong item,social,STR015,CUS00073,4.0,10.17,True,West
TKT000531,2024-04-01 08:14:00,,2024-04-08 08:14:00,escalated,low,Store experience,chat,STR016,CUS00182,,,,Northeast
TKT000532,2024-09-13 08:46:00,2024-09-15 03:45:29,2024-09-16 08:46:00,resolved,medium,Late delivery,social,STR023,CUS00464,4.0,42.99,True,Midwest
TKT000533,2024-06-05 08:24:00,2024-06-11 17:05:30,2024-06-12 08:24:00,resolved,low,Product defect,in_store,STR007,CUS00461,5.0,152.69,True,Southeast
TKT000534,2024-03-05 07:20:00,2024-03-08 00:21:59,2024-03-06 07:20:00,resolved,high,Pricing dispute,in_store,STR023,CUS00229,2.0,65.03,False,Midwest
TKT000535,2024-01-01 09:40:00,,2024-01-08 09:40:00,pending,low,Pricing dispute,email,STR008,CUS00454,,,,Midwest
TKT000536,2024-08-31 07:36:00,2024-09-01 14:07:07,2024-09-03 07:36:00,resolved,medium,Product defect,email,STR019,CUS00291,4.0,30.52,True,Southwest
TKT000537,2024-03-29 17:03:00,2024-03-30 13:03:02,2024-03-30 17:03:00,resolved,high,Online order issue,chat,STR007,CUS00458,5.0,20.0,True,Southeast
TKT000538,2024-08-15 15:06:00,2024-08-16 00:02:26,2024-08-18 15:06:00,resolved,medium,Late delivery,email,STR018,CUS00449,5.0,8.94,True,Midwest
TKT000539,2024-06-13 10:19:00,2024-06-14 10:28:32,2024-06-16 10:19:00,resolved,medium,Refund request,in_store,STR010,CUS00196,4.0,24.16,True,West
TKT000540,2024-05-24 12:32:00,2024-05-25 04:14:23,2024-05-27 12:32:00,resolved,medium,Online order issue,social,STR010,CUS00014,5.0,15.71,True,West
TKT000541,2024-07-26 09:59:00,2024-07-28 18:35:43,2024-08-02 09:59:00,resolved,low,Refund request,social,STR023,CUS00287,4.0,56.61,True,Midwest
TKT000542,2024-07-25 12:40:00,2024-08-13 02:50:09,2024-08-01 12:40:00,resolved,low,Store experience,phone,STR013,CUS00010,1.0,446.17,False,Midwest
TKT000543,2024-10-26 15:31:00,2024-10-29 04:46:43,2024-10-29 15:31:00,resolved,medium,Store experience,phone,STR016,CUS00494,4.0,61.26,True,Northeast
TKT000544,2024-08-17 13:13:00,2024-08-20 17:37:34,2024-08-24 13:13:00,resolved,low,Store experience,phone,STR008,CUS00272,5.0,76.41,True,Midwest
TKT000545,2024-02-17 08:40:00,2024-02-19 06:32:32,2024-02-20 08:40:00,resolved,medium,Product defect,social,STR016,CUS00282,4.0,45.88,True,Northeast
TKT000546,2024-10-11 18:22:00,,2024-10-11 22:22:00,escalated,critical,Product defect,phone,STR014,CUS00382,,,,Southwest
TKT000547,2024-02-02 15:27:00,,2024-02-09 15:27:00,escalated,low,Pricing dispute,phone,STR003,CUS00445,,,,Midwest
TKT000548,2024-06-17 07:03:00,2024-06-19 23:47:08,2024-06-20 07:03:00,resolved,medium,Product defect,email,STR003,CUS00070,3.0,64.74,True,Midwest
TKT000549,2024-12-02 11:13:00,2024-12-12 21:03:06,2024-12-09 11:13:00,resolved,low,Staff conduct,in_store,STR013,CUS00379,3.0,249.84,False,Midwest
TKT000550,2024-01-16 15:37:00,2024-01-18 03:33:18,2024-01-23 15:37:00,resolved,low,Pricing dispute,chat,STR021,CUS00291,4.0,35.94,True,Northeast
TKT000551,2024-04-29 19:36:00,2024-04-30 00:22:35,2024-04-30 19:36:00,resolved,high,Late delivery,chat,STR012,CUS00455,4.0,4.78,True,Southeast
TKT000552,2024-01-25 10:02:00,2024-01-30 23:39:43,2024-02-01 10:02:00,resolved,low,Staff conduct,chat,STR009,CUS00258,5.0,133.63,True,Southwest
TKT000553,2024-02-08 13:10:00,2024-02-09 06:54:57,2024-02-09 13:10:00,resolved,high,Product defect,email,STR018,CUS00180,4.0,17.75,True,Midwest
TKT000554,2024-04-18 11:03:00,2024-04-24 10:55:38,2024-04-25 11:03:00,resolved,low,Product defect,in_store,STR018,CUS00241,3.0,143.88,True,Midwest
TKT000555,2024-07-11 10:53:00,2024-07-15 03:48:20,2024-07-18 10:53:00,resolved,low,Refund request,phone,STR003,CUS00043,3.0,88.92,True,Midwest
TKT000556,2024-01-10 18:06:00,2024-01-11 14:06:44,2024-01-11 18:06:00,resolved,high,Store experience,social,STR012,CUS00374,4.0,20.01,True,Southeast
TKT000557,2024-01-02 17:09:00,2024-01-07 03:17:32,2024-01-09 17:09:00,resolved,low,Pricing dispute,phone,STR021,CUS00122,4.0,106.14,True,Northeast
TKT000558,2024-12-21 07:27:00,,2024-12-28 07:27:00,escalated,low,Pricing dispute,chat,STR017,CUS00074,,,,Southeast
TKT000559,2024-07-17 09:18:00,2024-07-18 20:18:28,2024-07-24 09:18:00,resolved,low,Pricing dispute,chat,STR022,CUS00056,4.0,35.01,True,Southeast
TKT000560,2024-09-11 14:25:00,2024-09-12 03:48:07,2024-09-12 14:25:00,resolved,high,Product defect,social,STR013,CUS00256,5.0,13.39,True,Midwest
TKT000561,2024-02-14 08:01:00,,2024-02-14 12:01:00,pending,critical,Wrong item,email,STR006,CUS00225,,,,Northeast
TKT000562,2024-02-26 10:34:00,2024-02-28 06:15:23,2024-02-27 10:34:00,closed_unresolved,high,Late delivery,email,STR019,CUS00443,3.0,43.69,False,Southwest
TKT000563,2024-06-12 09:17:00,2024-06-29 02:38:04,2024-06-19 09:17:00,resolved,low,Online order issue,email,STR012,CUS00014,4.0,401.35,False,Southeast
TKT000564,2024-03-04 17:49:00,2024-03-06 15:33:41,2024-03-11 17:49:00,resolved,low,Wrong item,in_store,STR018,CUS00122,4.0,45.74,True,Midwest
TKT000565,2024-02-13 08:26:00,2024-02-13 10:45:57,2024-02-14 08:26:00,resolved,high,Staff conduct,email,STR001,CUS00162,4.0,2.33,True,Northeast
TKT000566,2024-06-17 12:06:00,2024-06-17 14:56:23,2024-06-17 16:06:00,resolved,critical,Product defect,email,STR022,CUS00189,4.0,2.84,True,Southeast
TKT000567,2024-05-07 14:03:00,2024-05-09 15:16:02,2024-05-10 14:03:00,resolved,medium,Refund request,social,STR020,CUS00430,3.0,49.22,True,West
TKT000568,2024-03-18 17:19:00,2024-03-19 08:47:19,2024-03-21 17:19:00,resolved,medium,Store experience,phone,STR012,CUS00332,5.0,15.47,True,Southeast
TKT000569,2024-02-07 12:12:00,,2024-02-07 16:12:00,pending,critical,Refund request,in_store,STR010,CUS00246,,,,West
TKT000570,2024-08-07 14:58:00,2024-08-10 10:23:27,2024-08-10 14:58:00,resolved,medium,Wrong item,email,STR001,CUS00173,5.0,67.42,True,Northeast
TKT000571,2024-06-08 17:25:00,,2024-06-15 17:25:00,escalated,low,Product defect,phone,STR014,CUS00136,,,,Southwest
TKT000572,2024-03-06 09:18:00,2024-03-06 11:48:15,2024-03-06 13:18:00,resolved,critical,Store experience,phone,STR007,CUS00443,4.0,2.5,True,Southeast
TKT000573,2024-05-10 07:21:00,2024-05-26 20:45:19,2024-05-17 07:21:00,resolved,low,Late delivery,phone,STR023,CUS00072,2.0,397.41,False,Midwest
TKT000574,2024-02-17 19:03:00,2024-02-20 15:10:38,2024-02-24 19:03:00,resolved,low,Product defect,email,STR022,CUS00320,5.0,68.13,True,Southeast
TKT000575,2024-01-23 17:36:00,2024-01-25 04:40:49,2024-01-26 17:36:00,resolved,medium,Online order issue,social,STR013,CUS00256,5.0,35.08,True,Midwest
TKT000576,2024-05-14 08:24:00,2024-05-14 10:34:35,2024-05-15 08:24:00,resolved,high,Pricing dispute,chat,STR017,CUS00410,3.0,2.18,True,Southeast
TKT000577,2024-11-04 11:48:00,2024-11-05 23:41:18,2024-11-05 11:48:00,resolved,high,Store experience,email,STR023,CUS00072,1.0,35.89,False,Midwest
TKT000578,2024-01-14 07:45:00,2024-01-14 23:14:07,2024-01-15 07:45:00,resolved,high,Online order issue,chat,STR015,CUS00101,5.0,15.49,True,West
TKT000579,2024-02-16 10:46:00,2024-02-19 13:09:50,2024-02-23 10:46:00,resolved,low,Refund request,in_store,STR020,CUS00477,5.0,74.4,True,West
TKT000580,2024-02-11 13:49:00,2024-02-14 03:39:00,2024-02-12 13:49:00,resolved,high,Store experience,chat,STR011,CUS00489,3.0,61.83,False,Northeast
TKT000581,2024-08-31 15:34:00,2024-09-10 13:47:54,2024-09-07 15:34:00,closed_unresolved,low,Online order issue,chat,STR006,CUS00133,1.0,238.23,False,Northeast
TKT000582,2024-11-27 09:57:00,2024-12-05 02:42:57,2024-11-30 09:57:00,closed_unresolved,medium,Product defect,phone,STR021,CUS00082,1.0,184.77,False,Northeast
TKT000583,2024-07-14 08:13:00,2024-07-15 07:09:33,2024-07-21 08:13:00,resolved,low,Staff conduct,email,STR006,CUS00499,4.0,22.94,True,Northeast
TKT000584,2024-02-04 18:40:00,2024-02-05 17:05:16,2024-02-05 18:40:00,resolved,high,Product defect,in_store,STR004,CUS00109,5.0,22.42,True,Southwest
TKT000585,2024-01-06 15:36:00,,2024-01-07 15:36:00,escalated,high,Refund request,social,STR015,CUS00361,,,,West
TKT000586,2024-07-07 20:55:00,2024-07-08 12:26:01,2024-07-10 20:55:00,resolved,medium,Online order issue,phone,STR017,CUS00189,4.0,15.52,True,Southeast
TKT000587,2024-07-30 09:38:00,2024-08-01 21:21:01,2024-08-02 09:38:00,resolved,medium,Store experience,social,STR009,CUS00151,4.0,59.72,True,Southwest
TKT000588,2024-01-18 17:39:00,,2024-01-21 17:39:00,escalated,medium,Staff conduct,in_store,STR004,CUS00194,,,,Southwest
TKT000589,2024-06-06 12:02:00,,2024-06-06 16:02:00,escalated,critical,Refund request,in_store,STR021,CUS00087,,,,Northeast
TKT000590,2024-02-26 20:02:00,2024-03-01 05:12:10,2024-03-04 20:02:00,resolved,low,Store experience,phone,STR009,CUS00081,5.0,81.17,True,Southwest
TKT000591,2024-09-03 09:31:00,,2024-09-10 09:31:00,pending,low,Online order issue,phone,STR014,CUS00416,,,,Southwest
TKT000592,2024-05-28 10:31:00,2024-06-04 23:48:49,2024-05-31 10:31:00,resolved,medium,Late delivery,in_store,STR006,CUS00486,3.0,181.3,False,Northeast
TKT000593,2024-03-24 14:18:00,2024-03-28 03:18:48,2024-03-27 14:18:00,resolved,medium,Refund request,chat,STR006,CUS00313,4.0,85.01,False,Northeast
TKT000594,2024-04-23 10:36:00,,2024-04-26 10:36:00,pending,medium,Wrong item,phone,STR003,CUS00154,,,,Midwest
TKT000595,2024-06-01 10:32:00,2024-06-04 07:19:05,2024-06-08 10:32:00,resolved,low,Online order issue,chat,STR009,CUS00068,4.0,68.78,True,Southwest
TKT000596,2024-03-06 13:57:00,2024-03-11 23:27:04,2024-03-13 13:57:00,resolved,low,Store experience,chat,STR002,CUS00295,5.0,129.5,True,Southeast
TKT000597,2024-12-07 10:11:00,2024-12-21 21:15:39,2024-12-14 10:11:00,resolved,low,Late delivery,phone,STR016,CUS00289,4.0,347.08,False,Northeast
TKT000598,2024-11-18 16:45:00,,2024-11-25 16:45:00,pending,low,Online order issue,social,STR023,CUS00034,,,,Midwest
TKT000599,2024-11-20 20:47:00,2024-11-21 23:46:03,2024-11-23 20:47:00,resolved,medium,Product defect,email,STR010,CUS00176,5.0,26.98,True,West
TKT000600,2024-01-13 11:49:00,2024-01-15 06:01:13,2024-01-16 11:49:00,resolved,medium,Online order issue,in_store,STR003,CUS00224,4.0,42.2,True,Midwest
TKT000601,2024-07-27 19:52:00,2024-07-28 17:46:10,2024-07-30 19:52:00,resolved,medium,Wrong item,email,STR019,CUS00088,5.0,21.9,True,Southwest
TKT000602,2024-02-06 19:31:00,2024-02-07 14:31:00,2024-02-13 19:31:00,resolved,low,Late delivery,social,STR015,CUS00296,3.0,19.0,True,West
TKT000603,2024-12-10 20:16:00,2024-12-11 06:07:04,2024-12-13 20:16:00,resolved,medium,Product defect,in_store,STR006,CUS00165,5.0,9.85,True,Northeast
TKT000604,2024-09-05 11:00:00,,2024-09-06 11:00:00,escalated,high,Pricing dispute,in_store,STR011,CUS00389,,,,Northeast
TKT000605,2024-11-20 15:56:00,2024-11-21 18:10:28,2024-11-23 15:56:00,resolved,medium,Staff conduct,chat,STR019,CUS00103,4.0,26.24,True,Southwest
TKT000606,2024-09-09 20:33:00,,2024-09-12 20:33:00,escalated,medium,Refund request,in_store,STR013,CUS00457,,,,Midwest
TKT000607,2024-10-12 10:18:00,2024-10-14 11:08:00,2024-10-15 10:18:00,resolved,medium,Late delivery,social,STR004,CUS00258,4.0,48.83,True,Southwest
TKT000608,2024-11-16 14:30:00,2024-11-16 17:12:42,2024-11-16 18:30:00,resolved,critical,Wrong item,email,STR017,CUS00186,5.0,2.71,True,Southeast
TKT000609,2024-03-16 10:02:00,2024-03-22 06:11:52,2024-03-19 10:02:00,resolved,medium,Pricing dispute,chat,STR006,CUS00226,1.0,140.16,False,Northeast
TKT000610,2024-08-15 11:46:00,2024-08-19 01:43:41,2024-08-18 11:46:00,closed_unresolved,medium,Online order issue,phone,STR004,CUS00316,1.0,85.96,False,Southwest
TKT000611,2024-05-18 12:42:00,2024-05-23 20:34:40,2024-05-21 12:42:00,resolved,medium,Store experience,chat,STR011,CUS00385,2.0,127.88,False,Northeast
TKT000612,2024-03-29 13:49:00,2024-04-01 00:46:45,2024-04-01 13:49:00,resolved,medium,Refund request,in_store,STR022,CUS00191,4.0,58.96,True,Southeast
TKT000613,2024-10-31 08:02:00,2024-11-03 01:21:14,2024-11-01 08:02:00,resolved,high,Late delivery,phone,STR008,CUS00397,2.0,65.32,False,Midwest
TKT000614,2024-09-09 14:28:00,2024-09-11 02:00:05,2024-09-12 14:28:00,resolved,medium,Online order issue,phone,STR019,CUS00316,5.0,35.53,True,Southwest
TKT000615,2024-01-03 07:03:00,2024-01-03 15:29:23,2024-01-04 07:03:00,resolved,high,Pricing dispute,in_store,STR018,CUS00146,4.0,8.44,True,Midwest
TKT000616,2024-11-15 20:06:00,2024-11-20 23:38:12,2024-11-22 20:06:00,resolved,low,Store experience,phone,STR008,CUS00268,3.0,123.54,True,Midwest
TKT000617,2024-06-28 16:40:00,2024-06-29 07:21:39,2024-06-29 16:40:00,resolved,high,Store experience,email,STR012,CUS00482,4.0,14.69,True,Southeast
TKT000618,2024-11-29 15:43:00,2024-12-02 12:49:56,2024-12-06 15:43:00,resolved,low,Product defect,in_store,STR012,CUS00200,4.0,69.12,True,Southeast
TKT000619,2024-03-11 14:34:00,2024-03-15 13:03:19,2024-03-18 14:34:00,resolved,low,Late delivery,chat,STR007,CUS00375,4.0,94.49,True,Southeast
TKT000620,2024-06-20 19:15:00,2024-06-22 01:11:24,2024-06-23 19:15:00,resolved,medium,Pricing dispute,social,STR011,CUS00480,4.0,29.94,True,Northeast
TKT000621,2024-09-14 13:24:00,2024-09-15 21:01:31,2024-09-17 13:24:00,resolved,medium,Staff conduct,in_store,STR016,CUS00412,4.0,31.63,True,Northeast
TKT000622,2024-09-20 11:44:00,2024-09-22 23:20:09,2024-09-23 11:44:00,resolved,medium,Product defect,social,STR012,CUS00064,4.0,59.6,True,Southeast
TKT000623,2024-07-24 13:37:00,2024-07-25 10:15:57,2024-07-27 13:37:00,resolved,medium,Staff conduct,in_store,STR010,CUS00482,5.0,20.65,True,West
TKT000624,2024-11-13 09:01:00,2024-11-14 00:32:15,2024-11-14 09:01:00,resolved,high,Staff conduct,chat,STR021,CUS00400,4.0,15.52,True,Northeast
TKT000625,2024-09-24 13:58:00,2024-09-25 23:29:12,2024-09-27 13:58:00,resolved,medium,Staff conduct,phone,STR001,CUS00369,5.0,33.52,True,Northeast
TKT000626,2024-02-27 15:15:00,2024-02-28 11:21:56,2024-02-28 15:15:00,resolved,high,Wrong item,in_store,STR007,CUS00301,4.0,20.12,True,Southeast
TKT000627,2024-06-04 12:43:00,2024-06-05 03:07:42,2024-06-11 12:43:00,resolved,low,Store experience,phone,STR013,CUS00227,5.0,14.41,True,Midwest
TKT000628,2024-12-01 16:04:00,2024-12-01 21:43:31,2024-12-02 16:04:00,resolved,high,Store experience,chat,STR015,CUS00074,4.0,5.66,True,West
TKT000629,2024-04-14 10:41:00,2024-04-16 01:06:19,2024-04-17 10:41:00,resolved,medium,Late delivery,in_store,STR016,CUS00328,4.0,38.42,True,Northeast
TKT000630,2024-04-10 12:58:00,2024-04-18 21:42:19,2024-04-13 12:58:00,resolved,medium,Store experience,social,STR021,CUS00090,3.0,200.74,False,Northeast
TKT000631,2024-05-28 17:07:00,2024-05-30 18:16:58,2024-05-31 17:07:00,resolved,medium,Wrong item,in_store,STR016,CUS00334,5.0,49.17,True,Northeast
TKT000632,2024-04-03 18:11:00,2024-04-06 03:54:11,2024-04-06 18:11:00,resolved,medium,Online order issue,chat,STR014,CUS00374,4.0,57.72,True,Southwest
TKT000633,2024-09-17 20:20:00,2024-09-20 10:45:12,2024-09-20 20:20:00,resolved,medium,Late delivery,email,STR005,CUS00157,5.0,62.42,True,West
TKT000634,2024-06-03 07:43:00,2024-06-08 20:05:07,2024-06-10 07:43:00,resolved,low,Late delivery,social,STR011,CUS00212,5.0,132.37,True,Northeast
TKT000635,2024-01-03 16:19:00,,2024-01-06 16:19:00,escalated,medium,Pricing dispute,in_store,STR019,CUS00462,,,,Southwest
TKT000636,2024-04-17 13:24:00,,2024-04-17 17:24:00,escalated,critical,Product defect,social,STR020,CUS00204,,,,West
TKT000637,2024-09-03 19:52:00,2024-09-04 20:58:41,2024-09-10 19:52:00,resolved,low,Late delivery,social,STR004,CUS00302,5.0,25.11,True,Southwest
TKT000638,2024-07-09 13:01:00,2024-07-11 17:06:10,2024-07-12 13:01:00,resolved,medium,Product defect,email,STR008,CUS00066,3.0,52.09,True,Midwest
TKT000639,2024-08-28 07:12:00,2024-08-29 07:31:56,2024-08-31 07:12:00,resolved,medium,Staff conduct,chat,STR006,CUS00170,5.0,24.33,True,Northeast
TKT000640,2024-10-28 09:29:00,2024-11-03 03:27:46,2024-11-04 09:29:00,resolved,low,Refund request,phone,STR016,CUS00225,4.0,137.98,True,Northeast
TKT000641,2024-02-15 07:43:00,,2024-02-15 11:43:00,pending,critical,Refund request,email,STR003,CUS00311,,,,Midwest
TKT000642,2024-09-09 08:25:00,,2024-09-09 12:25:00,pending,critical,Store experience,social,STR015,CUS00067,,,,West
TKT000643,2024-09-28 09:08:00,2024-09-28 18:35:26,2024-09-29 09:08:00,resolved,high,Staff conduct,social,STR013,CUS00375,3.0,9.46,True,Midwest
TKT000644,2024-11-30 13:40:00,2024-11-30 17:40:02,2024-12-03 13:40:00,resolved,medium,Staff conduct,in_store,STR018,CUS00425,4.0,4.0,True,Midwest
TKT000645,2024-04-18 12:20:00,2024-04-19 15:17:09,2024-04-19 12:20:00,resolved,high,Wrong item,social,STR019,CUS00482,3.0,26.95,False,Southwest
TKT000646,2024-01-31 10:36:00,2024-01-31 19:54:18,2024-02-01 10:36:00,resolved,high,Pricing dispute,email,STR014,CUS00031,4.0,9.31,True,Southwest
TKT000647,2024-03-21 17:44:00,,2024-03-22 17:44:00,pending,high,Store experience,in_store,STR003,CUS00058,,,,Midwest
TKT000648,2024-05-09 07:39:00,2024-05-09 08:46:27,2024-05-16 07:39:00,resolved,low,Late delivery,phone,STR002,CUS00471,5.0,1.12,True,Southeast
TKT000649,2024-07-26 14:05:00,,2024-07-26 18:05:00,escalated,critical,Product defect,social,STR001,CUS00265,,,,Northeast
TKT000650,2024-04-30 07:34:00,,2024-05-01 07:34:00,pending,high,Staff conduct,social,STR018,CUS00075,,,,Midwest
TKT000651,2024-11-10 17:45:00,,2024-11-17 17:45:00,escalated,low,Late delivery,in_store,STR004,CUS00464,,,,Southwest
TKT000652,2024-12-25 08:58:00,2024-12-31 07:08:21,2024-12-28 08:58:00,resolved,medium,Late delivery,chat,STR004,CUS00417,3.0,142.17,False,Southwest
TKT000653,2024-05-08 12:57:00,,2024-05-09 12:57:00,pending,high,Late delivery,social,STR007,CUS00406,,,,Southeast
TKT000654,2024-12-12 13:36:00,,2024-12-15 13:36:00,pending,medium,Refund request,social,STR020,CUS00443,,,,West
TKT000655,2024-06-02 07:08:00,2024-06-02 12:03:34,2024-06-05 07:08:00,resolved,medium,Refund request,social,STR007,CUS00195,4.0,4.93,True,Southeast
TKT000656,2024-03-11 20:17:00,2024-03-13 20:49:03,2024-03-18 20:17:00,resolved,low,Product defect,phone,STR018,CUS00477,4.0,48.53,True,Midwest
TKT000657,2024-03-01 19:07:00,,2024-03-04 19:07:00,escalated,medium,Wrong item,chat,STR015,CUS00180,,,,West
TKT000658,2024-03-28 07:38:00,2024-03-31 15:59:55,2024-04-04 07:38:00,resolved,low,Wrong item,phone,STR008,CUS00225,4.0,80.37,True,Midwest
TKT000659,2024-07-02 13:26:00,,2024-07-09 13:26:00,pending,low,Online order issue,chat,STR023,CUS00349,,,,Midwest
TKT000660,2024-04-27 16:52:00,2024-04-28 23:16:32,2024-05-04 16:52:00,resolved,low,Refund request,phone,STR006,CUS00261,4.0,30.41,True,Northeast
TKT000661,2024-07-18 12:42:00,2024-07-20 23:33:59,2024-07-21 12:42:00,resolved,medium,Staff conduct,chat,STR014,CUS00108,4.0,58.87,True,Southwest
TKT000662,2024-03-31 18:07:00,2024-04-02 05:12:34,2024-04-07 18:07:00,resolved,low,Product defect,phone,STR016,CUS00079,5.0,35.09,True,Northeast
TKT000663,2024-10-25 11:31:00,,2024-11-01 11:31:00,pending,low,Online order issue,chat,STR011,CUS00132,,,,Northeast
TKT000664,2024-05-30 17:24:00,2024-06-01 12:56:59,2024-06-06 17:24:00,resolved,low,Pricing dispute,social,STR009,CUS00453,4.0,43.55,True,Southwest
TKT000665,2024-04-25 18:48:00,2024-04-28 23:18:10,2024-05-02 18:48:00,resolved,low,Wrong item,chat,STR001,CUS00101,5.0,76.5,True,Northeast
TKT000666,2024-01-02 16:12:00,,2024-01-09 16:12:00,escalated,low,Late delivery,social,STR006,CUS00312,,,,Northeast
TKT000667,2024-08-30 12:51:00,2024-09-01 05:44:09,2024-09-06 12:51:00,resolved,low,Refund request,phone,STR002,CUS00265,5.0,40.89,True,Southeast
TKT000668,2024-03-13 17:04:00,2024-03-13 20:29:57,2024-03-13 21:04:00,resolved,critical,Wrong item,chat,STR013,CUS00237,5.0,3.43,True,Midwest
TKT000669,2024-01-13 13:10:00,,2024-01-14 13:10:00,pending,high,Wrong item,phone,STR010,CUS00242,,,,West
TKT000670,2024-05-15 13:04:00,2024-05-15 15:34:21,2024-05-15 17:04:00,resolved,critical,Refund request,chat,STR001,CUS00241,5.0,2.51,True,Northeast
TKT000671,2024-07-19 16:35:00,2024-07-27 12:27:30,2024-07-22 16:35:00,closed_unresolved,medium,Late delivery,social,STR006,CUS00254,1.0,187.88,False,Northeast
TKT000672,2024-09-03 07:22:00,2024-09-03 09:08:54,2024-09-04 07:22:00,resolved,high,Online order issue,email,STR004,CUS00492,4.0,1.78,True,Southwest
TKT000673,2024-05-07 10:27:00,,2024-05-10 10:27:00,pending,medium,Late delivery,chat,STR007,CUS00244,,,,Southeast
TKT000674,2024-12-19 17:17:00,2024-12-20 21:47:26,2024-12-22 17:17:00,resolved,medium,Store experience,in_store,STR020,CUS00271,5.0,28.51,True,West
TKT000675,2024-11-20 19:45:00,2024-11-20 20:30:03,2024-11-20 23:45:00,resolved,critical,Late delivery,chat,STR003,CUS00235,4.0,0.75,True,Midwest
TKT000676,2024-12-08 13:45:00,2024-12-14 05:29:54,2024-12-15 13:45:00,resolved,low,Late delivery,phone,STR011,CUS00026,5.0,135.75,True,Northeast
TKT000677,2024-10-24 08:24:00,2024-11-05 14:58:27,2024-10-31 08:24:00,closed_unresolved,low,Refund request,email,STR012,CUS00136,2.0,294.57,False,Southeast
TKT000678,2024-01-03 19:31:00,2024-01-10 23:52:42,2024-01-06 19:31:00,resolved,medium,Wrong item,in_store,STR015,CUS00247,1.0,172.36,False,West
TKT000679,2024-09-12 10:52:00,2024-09-14 04:40:08,2024-09-15 10:52:00,resolved,medium,Staff conduct,chat,STR020,CUS00071,4.0,41.8,True,West
TKT000680,2024-09-10 19:26:00,2024-09-10 22:37:41,2024-09-17 19:26:00,resolved,low,Staff conduct,chat,STR019,CUS00112,4.0,3.19,True,Southwest
TKT000681,2024-06-24 20:59:00,2024-06-26 14:26:08,2024-06-27 20:59:00,resolved,medium,Online order issue,in_store,STR004,CUS00435,3.0,41.45,True,Southwest
TKT000682,2024-12-26 17:58:00,2024-12-31 14:48:08,2024-12-29 17:58:00,resolved,medium,Online order issue,chat,STR019,CUS00432,1.0,116.84,False,Southwest
TKT000683,2024-05-09 14:58:00,,2024-05-09 18:58:00,pending,critical,Online order issue,chat,STR009,CUS00145,,,,Southwest
TKT000684,2024-06-26 13:22:00,2024-07-13 19:18:15,2024-07-03 13:22:00,resolved,low,Staff conduct,in_store,STR003,CUS00252,3.0,413.94,False,Midwest
TKT000685,2024-02-28 16:37:00,2024-03-12 04:17:17,2024-03-06 16:37:00,closed_unresolved,low,Product defect,phone,STR020,CUS00267,3.0,299.67,False,West
TKT000686,2024-01-16 14:42:00,2024-01-17 03:13:30,2024-01-17 14:42:00,resolved,high,Product defect,in_store,STR018,CUS00109,4.0,12.53,True,Midwest
TKT000687,2024-11-12 18:26:00,2024-11-21 02:27:07,2024-11-15 18:26:00,closed_unresolved,medium,Staff conduct,phone,STR002,CUS00222,2.0,200.02,False,Southeast
TKT000688,2024-04-11 18:28:00,,2024-04-18 18:28:00,pending,low,Wrong item,email,STR012,CUS00194,,,,Southeast
TKT000689,2024-06-08 15:29:00,,2024-06-11 15:29:00,pending,medium,Staff conduct,chat,STR022,CUS00199,,,,Southeast
TKT000690,2024-05-10 14:54:00,2024-05-12 00:53:30,2024-05-13 14:54:00,resolved,medium,Late delivery,chat,STR004,CUS00188,5.0,33.99,True,Southwest
TKT000691,2024-02-09 07:37:00,,2024-02-16 07:37:00,escalated,low,Store experience,chat,STR018,CUS00181,,,,Midwest
TKT000692,2024-07-30 09:18:00,2024-07-30 15:36:15,2024-07-30 13:18:00,resolved,critical,Refund request,in_store,STR022,CUS00024,2.0,6.3,False,Southeast
TKT000693,2024-02-27 10:00:00,,2024-02-28 10:00:00,pending,high,Wrong item,phone,STR020,CUS00152,,,,West
TKT000694,2024-02-07 09:38:00,2024-02-12 04:00:45,2024-02-14 09:38:00,resolved,low,Product defect,social,STR013,CUS00434,5.0,114.38,True,Midwest
TKT000695,2024-09-18 19:16:00,2024-09-25 00:14:25,2024-09-25 19:16:00,resolved,low,Store experience,in_store,STR013,CUS00376,4.0,148.97,True,Midwest
TKT000696,2024-08-10 07:17:00,2024-08-11 06:57:35,2024-08-13 07:17:00,resolved,medium,Wrong item,email,STR023,CUS00430,5.0,23.68,True,Midwest
TKT000697,2024-07-29 09:32:00,,2024-08-01 09:32:00,escalated,medium,Online order issue,phone,STR019,CUS00057,,,,Southwest
TKT000698,2024-04-18 07:39:00,2024-04-21 00:49:42,2024-04-21 07:39:00,resolved,medium,Staff conduct,phone,STR019,CUS00457,3.0,65.18,True,Southwest
TKT000699,2024-09-18 14:07:00,2024-09-22 18:52:54,2024-09-21 14:07:00,resolved,medium,Online order issue,phone,STR023,CUS00124,3.0,100.77,False,Midwest
TKT000700,2024-06-15 09:46:00,2024-06-16 14:13:41,2024-06-22 09:46:00,resolved,low,Product defect,in_store,STR018,CUS00213,4.0,28.46,True,Midwest
TKT000701,2024-07-02 07:37:00,2024-07-02 13:42:21,2024-07-03 07:37:00,resolved,high,Online order issue,in_store,STR022,CUS00337,3.0,6.09,True,Southeast
TKT000702,2024-07-28 10:32:00,2024-07-29 00:38:37,2024-07-29 10:32:00,resolved,high,Pricing dispute,email,STR013,CUS00076,4.0,14.11,True,Midwest
TKT000703,2024-11-23 11:09:00,2024-11-26 02:39:45,2024-11-30 11:09:00,resolved,low,Store experience,email,STR006,CUS00119,5.0,63.51,True,Northeast
TKT000704,2024-12-12 16:11:00,,2024-12-19 16:11:00,escalated,low,Late delivery,in_store,STR009,CUS00079,,,,Southwest
TKT000705,2024-03-09 15:26:00,2024-03-12 12:07:42,2024-03-16 15:26:00,resolved,low,Refund request,phone,STR005,CUS00156,4.0,68.7,True,West
TKT000706,2024-09-23 10:42:00,2024-09-24 20:09:15,2024-09-26 10:42:00,resolved,medium,Store experience,phone,STR009,CUS00171,5.0,33.45,True,Southwest
TKT000707,2024-03-29 16:12:00,2024-03-30 03:53:44,2024-04-01 16:12:00,resolved,medium,Online order issue,email,STR012,CUS00238,4.0,11.7,True,Southeast
TKT000708,2024-06-12 11:27:00,2024-06-14 06:55:46,2024-06-15 11:27:00,resolved,medium,Late delivery,email,STR014,CUS00108,4.0,43.48,True,Southwest
TKT000709,2024-07-14 17:36:00,2024-07-20 21:08:19,2024-07-21 17:36:00,resolved,low,Product defect,phone,STR003,CUS00270,5.0,147.54,True,Midwest
TKT000710,2024-07-16 16:02:00,2024-07-17 03:19:43,2024-07-17 16:02:00,resolved,high,Online order issue,phone,STR011,CUS00016,4.0,11.3,True,Northeast
TKT000711,2024-12-28 20:24:00,2025-01-03 19:23:51,2025-01-04 20:24:00,resolved,low,Wrong item,chat,STR006,CUS00106,4.0,143.0,True,Northeast
TKT000712,2024-03-16 12:56:00,2024-03-20 05:17:36,2024-03-19 12:56:00,closed_unresolved,medium,Store experience,email,STR020,CUS00357,2.0,88.36,False,West
TKT000713,2024-12-05 13:58:00,,2024-12-08 13:58:00,pending,medium,Store experience,in_store,STR018,CUS00470,,,,Midwest
TKT000714,2024-07-04 12:50:00,,2024-07-05 12:50:00,escalated,high,Product defect,in_store,STR020,CUS00099,,,,West
TKT000715,2024-01-16 17:20:00,2024-01-18 04:13:33,2024-01-19 17:20:00,resolved,medium,Late delivery,phone,STR021,CUS00233,5.0,34.89,True,Northeast
TKT000716,2024-06-02 19:16:00,2024-06-05 21:25:27,2024-06-09 19:16:00,resolved,low,Refund request,phone,STR021,CUS00100,3.0,74.16,True,Northeast
TKT000717,2024-05-13 19:38:00,2024-05-14 11:37:18,2024-05-14 19:38:00,resolved,high,Refund request,email,STR013,CUS00078,3.0,15.99,True,Midwest
TKT000718,2024-07-18 14:46:00,2024-07-19 01:45:09,2024-07-19 14:46:00,resolved,high,Online order issue,phone,STR015,CUS00267,5.0,10.99,True,West
TKT000719,2024-04-07 11:47:00,2024-04-10 03:54:50,2024-04-10 11:47:00,resolved,medium,Store experience,in_store,STR019,CUS00451,3.0,64.13,True,Southwest
TKT000720,2024-05-06 10:40:00,2024-05-06 11:41:17,2024-05-06 14:40:00,resolved,critical,Pricing dispute,phone,STR011,CUS00216,4.0,1.02,True,Northeast
TKT000721,2024-04-24 08:38:00,,2024-04-27 08:38:00,pending,medium,Store experience,phone,STR017,CUS00191,,,,Southeast
TKT000722,2024-05-18 09:37:00,2024-05-19 04:51:32,2024-05-19 09:37:00,resolved,high,Staff conduct,social,STR010,CUS00208,3.0,19.24,True,West
TKT000723,2024-02-20 19:04:00,2024-02-22 16:40:35,2024-02-27 19:04:00,resolved,low,Late delivery,chat,STR017,CUS00267,4.0,45.61,True,Southeast
TKT000724,2024-10-18 20:05:00,2024-10-20 07:50:36,2024-10-21 20:05:00,resolved,medium,Staff conduct,email,STR013,CUS00256,5.0,35.76,True,Midwest
TKT000725,2024-10-22 20:11:00,2024-10-24 07:07:47,2024-10-29 20:11:00,resolved,low,Store experience,in_store,STR001,CUS00311,4.0,34.95,True,Northeast
TKT000726,2024-06-02 10:50:00,2024-06-02 13:38:15,2024-06-09 10:50:00,resolved,low,Late delivery,phone,STR012,CUS00348,5.0,2.8,True,Southeast
TKT000727,2024-11-01 16:09:00,2024-11-04 07:55:13,2024-11-04 16:09:00,resolved,medium,Late delivery,chat,STR016,CUS00445,3.0,63.77,True,Northeast
TKT000728,2024-12-02 16:16:00,2024-12-03 19:30:23,2024-12-03 16:16:00,resolved,high,Product defect,phone,STR017,CUS00346,1.0,27.24,False,Southeast
TKT000729,2024-04-09 17:15:00,2024-04-10 17:21:01,2024-04-12 17:15:00,resolved,medium,Online order issue,in_store,STR017,CUS00064,5.0,24.1,True,Southeast
TKT000730,2024-03-14 14:26:00,2024-03-18 18:00:15,2024-03-21 14:26:00,resolved,low,Online order issue,phone,STR020,CUS00217,5.0,99.57,True,West
TKT000731,2024-04-28 19:07:00,2024-04-29 14:38:56,2024-05-05 19:07:00,resolved,low,Wrong item,phone,STR016,CUS00158,4.0,19.53,True,Northeast
TKT000732,2024-10-31 18:21:00,2024-11-19 13:37:07,2024-11-07 18:21:00,closed_unresolved,low,Wrong item,social,STR004,CUS00254,3.0,451.27,False,Southwest
TKT000733,2024-03-20 12:19:00,2024-03-26 04:06:40,2024-03-27 12:19:00,resolved,low,Refund request,social,STR022,CUS00394,4.0,135.79,True,Southeast
TKT000734,2024-12-04 15:10:00,2024-12-04 21:47:07,2024-12-05 15:10:00,resolved,high,Wrong item,email,STR006,CUS00371,5.0,6.62,True,Northeast
TKT000735,2024-05-05 17:13:00,,2024-05-12 17:13:00,pending,low,Online order issue,email,STR010,CUS00266,,,,West
TKT000736,2024-12-14 13:23:00,2024-12-16 03:59:41,2024-12-17 13:23:00,resolved,medium,Pricing dispute,chat,STR011,CUS00056,5.0,38.61,True,Northeast
TKT000737,2024-04-21 17:19:00,2024-04-22 07:28:34,2024-04-22 17:19:00,resolved,high,Refund request,social,STR021,CUS00042,4.0,14.16,True,Northeast
TKT000738,2024-02-17 19:49:00,2024-02-25 04:02:19,2024-02-20 19:49:00,resolved,medium,Late delivery,phone,STR010,CUS00056,3.0,176.22,False,West
TKT000739,2024-04-07 14:32:00,2024-04-07 15:51:26,2024-04-07 18:32:00,resolved,critical,Wrong item,in_store,STR023,CUS00254,4.0,1.32,True,Midwest
TKT000740,2024-10-13 17:44:00,2024-10-18 23:18:42,2024-10-20 17:44:00,resolved,low,Refund request,in_store,STR005,CUS00290,4.0,125.58,True,West
TKT000741,2024-11-06 07:17:00,2024-11-09 02:07:59,2024-11-09 07:17:00,resolved,medium,Pricing dispute,email,STR009,CUS00116,3.0,66.85,True,Southwest
TKT000742,2024-09-06 11:35:00,,2024-09-06 15:35:00,pending,critical,Online order issue,in_store,STR010,CUS00245,,,,West
TKT000743,2024-04-11 10:39:00,,2024-04-14 10:39:00,escalated,medium,Wrong item,email,STR012,CUS00244,,,,Southeast
TKT000744,2024-04-15 18:33:00,,2024-04-22 18:33:00,pending,low,Wrong item,phone,STR008,CUS00354,,,,Midwest
TKT000745,2024-07-12 20:53:00,2024-07-13 04:50:15,2024-07-13 00:53:00,resolved,critical,Staff conduct,chat,STR001,CUS00393,3.0,7.95,False,Northeast
TKT000746,2024-11-23 16:53:00,2024-11-25 16:11:38,2024-11-26 16:53:00,resolved,medium,Staff conduct,email,STR020,CUS00031,5.0,47.31,True,West
TKT000747,2024-01-13 20:46:00,2024-01-16 21:58:53,2024-01-20 20:46:00,resolved,low,Wrong item,phone,STR008,CUS00309,3.0,73.21,True,Midwest
TKT000748,2024-01-02 19:10:00,2024-01-02 21:31:42,2024-01-02 23:10:00,resolved,critical,Pricing dispute,email,STR012,CUS00168,5.0,2.36,True,Southeast
TKT000749,2024-12-12 16:40:00,2024-12-13 16:40:49,2024-12-19 16:40:00,resolved,low,Pricing dispute,in_store,STR004,CUS00371,4.0,24.01,True,Southwest
TKT000750,2024-02-12 11:21:00,2024-02-13 05:22:16,2024-02-19 11:21:00,resolved,low,Product defect,social,STR004,CUS00486,4.0,18.02,True,Southwest
TKT000751,2024-07-05 15:09:00,2024-07-08 01:43:07,2024-07-12 15:09:00,resolved,low,Refund request,chat,STR002,CUS00102,3.0,58.57,True,Southeast
TKT000752,2024-04-10 13:05:00,2024-04-10 20:04:17,2024-04-17 13:05:00,resolved,low,Pricing dispute,email,STR007,CUS00262,3.0,6.99,True,Southeast
TKT000753,2024-09-09 16:31:00,2024-09-17 08:45:54,2024-09-12 16:31:00,resolved,medium,Online order issue,phone,STR014,CUS00054,3.0,184.25,False,Southwest
TKT000754,2024-01-08 20:19:00,2024-01-09 12:34:08,2024-01-09 20:19:00,resolved,high,Online order issue,phone,STR004,CUS00043,3.0,16.25,True,Southwest
TKT000755,2024-10-19 20:26:00,2024-10-20 01:31:04,2024-10-26 20:26:00,resolved,low,Product defect,in_store,STR004,CUS00494,5.0,5.08,True,Southwest
TKT000756,2024-04-16 17:32:00,,2024-04-19 17:32:00,escalated,medium,Refund request,social,STR006,CUS00319,,,,Northeast
TKT000757,2024-03-18 19:37:00,2024-03-21 01:41:19,2024-03-21 19:37:00,resolved,medium,Pricing dispute,phone,STR010,CUS00454,4.0,54.07,True,West
TKT000758,2024-11-15 20:36:00,2024-11-17 06:06:40,2024-11-18 20:36:00,resolved,medium,Refund request,email,STR008,CUS00075,4.0,33.51,True,Midwest
TKT000759,2024-09-16 17:11:00,,2024-09-19 17:11:00,pending,medium,Product defect,chat,STR011,CUS00457,,,,Northeast
TKT000760,2024-01-27 16:44:00,2024-02-01 13:24:41,2024-01-30 16:44:00,resolved,medium,Pricing dispute,social,STR001,CUS00330,3.0,116.68,False,Northeast
TKT000761,2024-09-19 20:20:00,2024-09-27 18:50:15,2024-09-26 20:20:00,resolved,low,Online order issue,in_store,STR017,CUS00140,4.0,190.5,False,Southeast
TKT000762,2024-02-12 18:44:00,2024-02-14 08:29:42,2024-02-15 18:44:00,resolved,medium,Late delivery,phone,STR015,CUS00206,3.0,37.76,True,West
TKT000763,2024-04-16 17:21:00,,2024-04-17 17:21:00,pending,high,Store experience,email,STR012,CUS00359,,,,Southeast
TKT000764,2024-08-06 17:39:00,2024-08-08 17:25:29,2024-08-09 17:39:00,resolved,medium,Store experience,chat,STR015,CUS00351,5.0,47.77,True,West
TKT000765,2024-03-08 15:18:00,,2024-03-09 15:18:00,pending,high,Product defect,email,STR018,CUS00273,,,,Midwest
TKT000766,2024-11-12 13:51:00,2024-11-16 22:37:33,2024-11-15 13:51:00,resolved,medium,Pricing dispute,phone,STR021,CUS00176,3.0,104.78,False,Northeast
TKT000767,2024-08-10 15:33:00,2024-08-16 19:34:32,2024-08-17 15:33:00,resolved,low,Staff conduct,phone,STR017,CUS00293,5.0,148.03,True,Southeast
TKT000768,2024-07-26 14:48:00,2024-07-31 00:44:26,2024-08-02 14:48:00,resolved,low,Wrong item,phone,STR017,CUS00154,3.0,105.94,True,Southeast
TKT000769,2024-12-06 12:55:00,2024-12-07 09:50:55,2024-12-09 12:55:00,resolved,medium,Wrong item,social,STR003,CUS00124,4.0,20.93,True,Midwest
TKT000770,2024-02-17 14:37:00,2024-02-24 05:53:29,2024-02-20 14:37:00,resolved,medium,Wrong item,email,STR008,CUS00139,1.0,159.27,False,Midwest
TKT000771,2024-09-10 13:09:00,2024-09-11 15:47:19,2024-09-13 13:09:00,resolved,medium,Product defect,email,STR022,CUS00019,3.0,26.64,True,Southeast
TKT000772,2024-12-19 07:33:00,2024-12-19 11:07:05,2024-12-26 07:33:00,resolved,low,Pricing dispute,chat,STR006,CUS00246,5.0,3.57,True,Northeast
TKT000773,2024-11-07 17:33:00,2024-11-07 19:59:50,2024-11-14 17:33:00,resolved,low,Product defect,in_store,STR005,CUS00468,5.0,2.45,True,West
TKT000774,2024-02-11 12:53:00,2024-02-14 23:49:33,2024-02-18 12:53:00,resolved,low,Product defect,social,STR023,CUS00454,5.0,82.94,True,Midwest
TKT000775,2024-05-19 09:13:00,,2024-05-26 09:13:00,escalated,low,Store experience,phone,STR022,CUS00484,,,,Southeast
TKT000776,2024-05-25 14:35:00,2024-05-27 01:43:11,2024-05-28 14:35:00,resolved,medium,Staff conduct,social,STR019,CUS00455,4.0,35.14,True,Southwest
TKT000777,2024-08-04 11:35:00,2024-08-05 04:52:49,2024-08-11 11:35:00,resolved,low,Wrong item,phone,STR009,CUS00231,5.0,17.3,True,Southwest
TKT000778,2024-03-04 19:04:00,2024-03-10 05:23:09,2024-03-07 19:04:00,resolved,medium,Staff conduct,email,STR011,CUS00341,3.0,130.32,False,Northeast
TKT000779,2024-10-26 13:39:00,2024-11-03 10:19:59,2024-11-02 13:39:00,resolved,low,Product defect,phone,STR014,CUS00193,2.0,188.68,False,Southwest
TKT000780,2024-12-03 14:07:00,2024-12-03 21:59:08,2024-12-06 14:07:00,resolved,medium,Late delivery,in_store,STR009,CUS00091,4.0,7.87,True,Southwest
TKT000781,2024-01-03 15:09:00,2024-01-04 06:03:50,2024-01-06 15:09:00,resolved,medium,Pricing dispute,phone,STR004,CUS00019,3.0,14.91,True,Southwest
TKT000782,2024-05-24 18:29:00,2024-05-29 07:22:11,2024-05-31 18:29:00,resolved,low,Staff conduct,phone,STR023,CUS00275,4.0,108.89,True,Midwest
TKT000783,2024-09-27 12:41:00,2024-09-30 22:53:35,2024-10-04 12:41:00,resolved,low,Pricing dispute,chat,STR015,CUS00065,4.0,82.21,True,West
TKT000784,2024-09-13 19:06:00,,2024-09-16 19:06:00,pending,medium,Late delivery,phone,STR018,CUS00095,,,,Midwest
TKT000785,2024-07-11 15:27:00,2024-07-12 11:46:35,2024-07-12 15:27:00,resolved,high,Pricing dispute,in_store,STR014,CUS00499,3.0,20.33,True,Southwest
TKT000786,2024-04-29 19:16:00,2024-04-30 05:13:57,2024-04-29 23:16:00,closed_unresolved,critical,Pricing dispute,chat,STR006,CUS00201,2.0,9.97,False,Northeast
TKT000787,2024-04-12 12:10:00,2024-04-17 12:24:36,2024-04-15 12:10:00,resolved,medium,Pricing dispute,phone,STR020,CUS00441,2.0,120.24,False,West
TKT000788,2024-08-04 10:28:00,,2024-08-05 10:28:00,pending,high,Product defect,email,STR011,CUS00430,,,,Northeast
TKT000789,2024-08-26 13:30:00,2024-09-09 05:48:28,2024-09-02 13:30:00,resolved,low,Refund request,social,STR012,CUS00039,4.0,328.31,False,Southeast
TKT000790,2024-07-09 11:37:00,2024-07-11 09:33:03,2024-07-12 11:37:00,resolved,medium,Store experience,email,STR015,CUS00226,4.0,45.93,True,West
TKT000791,2024-06-10 19:50:00,2024-06-10 22:19:28,2024-06-10 23:50:00,resolved,critical,Staff conduct,phone,STR005,CUS00269,3.0,2.49,True,West
TKT000792,2024-09-23 12:18:00,,2024-09-24 12:18:00,escalated,high,Refund request,phone,STR007,CUS00194,,,,Southeast
TKT000793,2024-03-31 13:42:00,2024-04-02 08:03:59,2024-04-03 13:42:00,resolved,medium,Late delivery,email,STR010,CUS00135,4.0,42.37,True,West
TKT000794,2024-03-18 14:53:00,2024-03-25 01:56:13,2024-03-25 14:53:00,resolved,low,Pricing dispute,social,STR011,CUS00150,4.0,155.05,True,Northeast
TKT000795,2024-09-04 20:17:00,,2024-09-07 20:17:00,pending,medium,Pricing dispute,chat,STR007,CUS00009,,,,Southeast
TKT000796,2024-09-27 14:28:00,2024-09-28 05:46:30,2024-09-30 14:28:00,resolved,medium,Staff conduct,in_store,STR007,CUS00135,4.0,15.31,True,Southeast
TKT000797,2024-03-04 15:55:00,2024-03-04 19:05:40,2024-03-04 19:55:00,resolved,critical,Online order issue,phone,STR004,CUS00432,5.0,3.18,True,Southwest
TKT000798,2024-04-22 11:27:00,2024-04-23 10:33:00,2024-04-29 11:27:00,resolved,low,Wrong item,social,STR013,CUS00035,3.0,23.1,True,Midwest
TKT000799,2024-06-04 14:59:00,2024-06-10 14:24:44,2024-06-11 14:59:00,resolved,low,Late delivery,chat,STR004,CUS00131,5.0,143.43,True,Southwest
TKT000800,2024-10-17 16:09:00,2024-10-17 23:45:38,2024-10-20 16:09:00,resolved,medium,Refund request,chat,STR006,CUS00388,5.0,7.61,True,Northeast
TKT000801,2024-09-07 20:33:00,2024-09-11 10:38:58,2024-09-14 20:33:00,resolved,low,Staff conduct,in_store,STR021,CUS00052,4.0,86.1,True,Northeast
TKT000802,2024-11-27 17:18:00,2024-12-03 17:52:44,2024-12-04 17:18:00,resolved,low,Refund request,phone,STR017,CUS00317,5.0,144.58,True,Southeast
TKT000803,2024-11-21 19:51:00,2024-11-28 01:30:10,2024-11-28 19:51:00,resolved,low,Pricing dispute,email,STR008,CUS00197,4.0,149.65,True,Midwest
TKT000804,2024-12-11 14:04:00,,2024-12-18 14:04:00,pending,low,Online order issue,phone,STR007,CUS00487,,,,Southeast
TKT000805,2024-04-16 12:56:00,,2024-04-19 12:56:00,pending,medium,Wrong item,email,STR018,CUS00237,,,,Midwest
TKT000806,2024-11-20 14:09:00,2024-11-21 03:59:39,2024-11-23 14:09:00,resolved,medium,Product defect,phone,STR015,CUS00496,4.0,13.84,True,West
TKT000807,2024-04-07 08:57:00,2024-04-12 07:05:57,2024-04-10 08:57:00,resolved,medium,Product defect,social,STR010,CUS00168,3.0,118.15,False,West
TKT000808,2024-10-26 18:13:00,2024-10-29 11:52:18,2024-10-27 18:13:00,resolved,high,Wrong item,chat,STR004,CUS00433,2.0,65.66,False,Southwest
TKT000809,2024-11-30 19:56:00,,2024-12-03 19:56:00,escalated,medium,Wrong item,email,STR003,CUS00056,,,,Midwest
TKT000810,2024-05-19 14:18:00,,2024-05-22 14:18:00,pending,medium,Pricing dispute,email,STR008,CUS00291,,,,Midwest
TKT000811,2024-11-03 18:37:00,2024-11-06 18:39:07,2024-11-10 18:37:00,resolved,low,Store experience,social,STR003,CUS00196,4.0,72.04,True,Midwest
TKT000812,2024-04-29 19:09:00,2024-04-29 22:28:44,2024-04-29 23:09:00,resolved,critical,Store experience,chat,STR011,CUS00315,4.0,3.33,True,Northeast
TKT000813,2024-07-06 13:57:00,,2024-07-07 13:57:00,escalated,high,Store experience,in_store,STR022,CUS00429,,,,Southeast
TKT000814,2024-10-15 20:32:00,2024-10-28 13:21:02,2024-10-22 20:32:00,resolved,low,Product defect,email,STR022,CUS00040,3.0,304.82,False,Southeast
TKT000815,2024-11-06 09:39:00,,2024-11-07 09:39:00,escalated,high,Staff conduct,email,STR002,CUS00365,,,,Southeast
TKT000816,2024-07-15 18:53:00,2024-07-19 05:59:05,2024-07-22 18:53:00,resolved,low,Product defect,chat,STR021,CUS00434,5.0,83.1,True,Northeast
TKT000817,2024-02-29 15:00:00,2024-02-29 17:50:52,2024-02-29 19:00:00,resolved,critical,Store experience,phone,STR020,CUS00197,5.0,2.85,True,West
TKT000818,2024-04-08 18:10:00,2024-04-09 11:41:19,2024-04-09 18:10:00,resolved,high,Store experience,email,STR020,CUS00114,5.0,17.52,True,West
TKT000819,2024-06-07 10:43:00,2024-06-09 19:55:57,2024-06-08 10:43:00,resolved,high,Product defect,chat,STR014,CUS00132,2.0,57.22,False,Southwest
TKT000820,2024-08-25 15:30:00,2024-09-04 22:33:09,2024-09-01 15:30:00,resolved,low,Pricing dispute,social,STR020,CUS00351,2.0,247.05,False,West
TKT000821,2024-03-16 09:57:00,2024-03-23 15:53:41,2024-03-19 09:57:00,resolved,medium,Wrong item,chat,STR018,CUS00042,1.0,173.94,False,Midwest
TKT000822,2024-04-30 20:15:00,2024-05-02 23:06:25,2024-05-03 20:15:00,resolved,medium,Staff conduct,email,STR022,CUS00423,5.0,50.86,True,Southeast
TKT000823,2024-10-03 12:35:00,2024-10-03 14:14:41,2024-10-10 12:35:00,resolved,low,Wrong item,phone,STR014,CUS00007,4.0,1.66,True,Southwest
TKT000824,2024-02-13 10:23:00,,2024-02-20 10:23:00,escalated,low,Staff conduct,phone,STR016,CUS00326,,,,Northeast
TKT000825,2024-11-27 20:03:00,2024-11-28 00:31:22,2024-11-28 20:03:00,resolved,high,Wrong item,social,STR022,CUS00334,5.0,4.47,True,Southeast
TKT000826,2024-07-03 11:32:00,,2024-07-10 11:32:00,escalated,low,Pricing dispute,social,STR021,CUS00091,,,,Northeast
TKT000827,2024-01-18 13:46:00,2024-01-18 23:53:52,2024-01-19 13:46:00,resolved,high,Pricing dispute,chat,STR019,CUS00330,5.0,10.13,True,Southwest
TKT000828,2024-12-30 08:16:00,2025-01-01 22:22:35,2025-01-06 08:16:00,resolved,low,Wrong item,phone,STR020,CUS00214,4.0,62.11,True,West
TKT000829,2024-03-10 16:31:00,2024-03-10 17:32:28,2024-03-11 16:31:00,resolved,high,Wrong item,phone,STR004,CUS00127,3.0,1.02,True,Southwest
TKT000830,2024-08-22 17:56:00,2024-09-05 07:00:04,2024-08-29 17:56:00,resolved,low,Product defect,phone,STR005,CUS00110,2.0,325.07,False,West
TKT000831,2024-10-17 20:51:00,2024-10-18 19:45:41,2024-10-24 20:51:00,resolved,low,Late delivery,in_store,STR015,CUS00438,5.0,22.91,True,West
TKT000832,2024-10-01 13:01:00,2024-10-07 08:29:13,2024-10-08 13:01:00,resolved,low,Refund request,phone,STR011,CUS00444,5.0,139.47,True,Northeast
TKT000833,2024-12-28 19:34:00,2024-12-29 04:53:25,2024-12-31 19:34:00,resolved,medium,Wrong item,social,STR020,CUS00186,5.0,9.32,True,West
TKT000834,2024-01-22 08:41:00,2024-01-22 09:13:57,2024-01-22 12:41:00,resolved,critical,Online order issue,email,STR007,CUS00140,4.0,0.55,True,Southeast
TKT000835,2024-08-23 11:29:00,2024-08-25 13:37:40,2024-08-24 11:29:00,closed_unresolved,high,Product defect,in_store,STR019,CUS00211,2.0,50.14,False,Southwest
TKT000836,2024-01-06 20:27:00,2024-01-08 21:47:38,2024-01-13 20:27:00,resolved,low,Store experience,phone,STR013,CUS00379,5.0,49.34,True,Midwest
TKT000837,2024-05-13 16:39:00,2024-05-25 07:57:59,2024-05-20 16:39:00,resolved,low,Late delivery,chat,STR002,CUS00433,2.0,279.32,False,Southeast
TKT000838,2024-04-16 17:01:00,2024-04-17 16:48:11,2024-04-19 17:01:00,resolved,medium,Wrong item,phone,STR001,CUS00312,4.0,23.79,True,Northeast
TKT000839,2024-06-16 10:36:00,2024-06-20 16:05:14,2024-06-23 10:36:00,resolved,low,Online order issue,phone,STR022,CUS00240,5.0,101.49,True,Southeast
TKT000840,2024-05-18 08:07:00,2024-05-20 08:15:33,2024-05-21 08:07:00,resolved,medium,Refund request,email,STR022,CUS00371,4.0,48.14,True,Southeast
TKT000841,2024-07-12 08:01:00,2024-07-21 15:02:51,2024-07-19 08:01:00,resolved,low,Wrong item,email,STR003,CUS00241,1.0,223.03,False,Midwest
TKT000842,2024-05-14 14:11:00,,2024-05-21 14:11:00,escalated,low,Store experience,email,STR007,CUS00261,,,,Southeast
TKT000843,2024-09-04 17:35:00,2024-09-07 15:52:32,2024-09-11 17:35:00,resolved,low,Online order issue,phone,STR005,CUS00272,4.0,70.29,True,West
TKT000844,2024-07-20 17:33:00,2024-07-23 19:54:18,2024-07-27 17:33:00,resolved,low,Staff conduct,email,STR016,CUS00141,5.0,74.36,True,Northeast
TKT000845,2024-06-22 10:01:00,2024-07-02 20:39:26,2024-06-29 10:01:00,resolved,low,Online order issue,phone,STR017,CUS00189,1.0,250.64,False,Southeast
TKT000846,2024-12-16 11:45:00,2024-12-18 14:28:27,2024-12-19 11:45:00,resolved,medium,Store experience,in_store,STR008,CUS00216,5.0,50.72,True,Midwest
TKT000847,2024-02-05 11:46:00,2024-02-06 08:09:23,2024-02-12 11:46:00,resolved,low,Refund request,chat,STR021,CUS00188,4.0,20.39,True,Northeast
TKT000848,2024-02-17 07:22:00,,2024-02-18 07:22:00,pending,high,Pricing dispute,phone,STR018,CUS00202,,,,Midwest
TKT000849,2024-09-26 16:34:00,2024-09-26 19:58:07,2024-09-27 16:34:00,resolved,high,Store experience,phone,STR012,CUS00304,4.0,3.4,True,Southeast
TKT000850,2024-07-31 13:25:00,2024-07-31 15:13:55,2024-08-01 13:25:00,resolved,high,Online order issue,social,STR011,CUS00224,5.0,1.82,True,Northeast
TKT000851,2024-03-26 07:02:00,2024-03-29 05:59:04,2024-04-02 07:02:00,resolved,low,Late delivery,phone,STR014,CUS00067,5.0,70.95,True,Southwest
TKT000852,2024-06-30 16:15:00,2024-07-06 11:41:22,2024-07-07 16:15:00,resolved,low,Product defect,phone,STR015,CUS00221,4.0,139.44,True,West
TKT000853,2024-09-13 15:09:00,2024-09-14 13:31:34,2024-09-14 15:09:00,resolved,high,Store experience,phone,STR018,CUS00271,5.0,22.38,True,Midwest
TKT000854,2024-04-24 16:45:00,,2024-04-27 16:45:00,pending,medium,Wrong item,social,STR018,CUS00290,,,,Midwest
TKT000855,2024-05-24 19:03:00,2024-05-24 23:57:18,2024-05-24 23:03:00,resolved,critical,Product defect,social,STR020,CUS00009,4.0,4.91,False,West
TKT000856,2024-08-27 07:08:00,2024-08-29 12:02:54,2024-09-03 07:08:00,resolved,low,Product defect,in_store,STR013,CUS00197,5.0,52.92,True,Midwest
TKT000857,2024-01-27 10:19:00,2024-01-30 08:03:20,2024-02-03 10:19:00,resolved,low,Pricing dispute,social,STR001,CUS00308,4.0,69.74,True,Northeast
TKT000858,2024-06-29 19:38:00,2024-07-02 09:27:28,2024-07-02 19:38:00,resolved,medium,Pricing dispute,email,STR001,CUS00280,4.0,61.82,True,Northeast
TKT000859,2024-03-27 18:59:00,2024-03-28 17:53:19,2024-03-30 18:59:00,resolved,medium,Refund request,social,STR013,CUS00237,5.0,22.91,True,Midwest
TKT000860,2024-02-20 09:19:00,2024-02-20 14:39:57,2024-02-21 09:19:00,resolved,high,Refund request,phone,STR014,CUS00378,3.0,5.35,True,Southwest
TKT000861,2024-03-14 16:06:00,2024-03-15 20:06:37,2024-03-17 16:06:00,resolved,medium,Store experience,social,STR001,CUS00463,5.0,28.01,True,Northeast
TKT000862,2024-09-12 20:30:00,2024-09-20 18:32:15,2024-09-15 20:30:00,closed_unresolved,medium,Staff conduct,chat,STR008,CUS00200,2.0,190.04,False,Midwest
TKT000863,2024-01-25 07:13:00,2024-01-25 14:13:53,2024-01-25 11:13:00,resolved,critical,Wrong item,chat,STR017,CUS00461,3.0,7.01,False,Southeast
TKT000864,2024-02-25 07:34:00,2024-03-12 13:53:53,2024-03-03 07:34:00,resolved,low,Pricing dispute,in_store,STR002,CUS00363,2.0,390.33,False,Southeast
TKT000865,2024-12-02 09:57:00,,2024-12-03 09:57:00,pending,high,Staff conduct,in_store,STR013,CUS00045,,,,Midwest
TKT000866,2024-11-17 18:47:00,2024-11-17 20:51:25,2024-11-17 22:47:00,resolved,critical,Product defect,in_store,STR008,CUS00320,3.0,2.07,True,Midwest
TKT000867,2024-11-07 10:48:00,,2024-11-08 10:48:00,pending,high,Store experience,email,STR008,CUS00108,,,,Midwest
TKT000868,2024-09-07 14:01:00,,2024-09-10 14:01:00,pending,medium,Store experience,in_store,STR016,CUS00317,,,,Northeast
TKT000869,2024-11-15 15:14:00,2024-11-15 21:58:55,2024-11-18 15:14:00,resolved,medium,Product defect,phone,STR006,CUS00172,3.0,6.75,True,Northeast
TKT000870,2024-03-19 18:07:00,2024-03-23 21:36:18,2024-03-26 18:07:00,resolved,low,Product defect,chat,STR014,CUS00485,4.0,99.49,True,Southwest
TKT000871,2024-11-24 07:03:00,2024-11-26 11:28:31,2024-11-27 07:03:00,resolved,medium,Staff conduct,chat,STR019,CUS00050,5.0,52.43,True,Southwest
TKT000872,2024-03-19 15:34:00,2024-03-21 08:08:30,2024-03-26 15:34:00,resolved,low,Online order issue,phone,STR022,CUS00038,5.0,40.58,True,Southeast
TKT000873,2024-11-13 09:17:00,,2024-11-20 09:17:00,pending,low,Wrong item,social,STR011,CUS00063,,,,Northeast
TKT000874,2024-01-17 13:14:00,,2024-01-20 13:14:00,pending,medium,Store experience,chat,STR022,CUS00416,,,,Southeast
TKT000875,2024-12-29 12:09:00,2024-12-29 21:24:01,2024-12-30 12:09:00,resolved,high,Refund request,email,STR005,CUS00328,4.0,9.25,True,West
TKT000876,2024-06-13 07:41:00,2024-06-15 11:21:37,2024-06-16 07:41:00,resolved,medium,Late delivery,phone,STR016,CUS00351,5.0,51.68,True,Northeast
TKT000877,2024-01-27 18:25:00,2024-01-27 21:23:36,2024-01-28 18:25:00,resolved,high,Wrong item,email,STR003,CUS00380,5.0,2.98,True,Midwest
TKT000878,2024-04-20 16:02:00,2024-04-21 18:55:30,2024-04-23 16:02:00,resolved,medium,Refund request,phone,STR001,CUS00239,4.0,26.89,True,Northeast
TKT000879,2024-09-04 08:03:00,2024-09-09 15:45:10,2024-09-11 08:03:00,resolved,low,Pricing dispute,phone,STR009,CUS00339,4.0,127.7,True,Southwest
TKT000880,2024-04-19 07:14:00,2024-04-20 10:54:00,2024-04-22 07:14:00,resolved,medium,Refund request,social,STR004,CUS00292,3.0,27.67,True,Southwest
TKT000881,2024-01-30 07:06:00,2024-02-01 06:12:03,2024-02-02 07:06:00,resolved,medium,Refund request,social,STR002,CUS00337,3.0,47.1,True,Southeast
TKT000882,2024-10-10 13:23:00,2024-10-13 20:38:11,2024-10-13 13:23:00,resolved,medium,Store experience,social,STR023,CUS00493,2.0,79.25,False,Midwest
TKT000883,2024-09-05 10:57:00,2024-09-07 03:03:08,2024-09-08 10:57:00,resolved,medium,Wrong item,social,STR011,CUS00008,5.0,40.1,True,Northeast
TKT000884,2024-09-21 09:36:00,,2024-09-28 09:36:00,pending,low,Staff conduct,phone,STR008,CUS00313,,,,Midwest
TKT000885,2024-06-19 18:38:00,2024-06-21 20:46:51,2024-06-26 18:38:00,resolved,low,Late delivery,phone,STR011,CUS00241,4.0,50.15,True,Northeast
TKT000886,2024-05-30 18:20:00,2024-05-30 21:19:09,2024-05-30 22:20:00,resolved,critical,Online order issue,social,STR012,CUS00305,4.0,2.99,True,Southeast
TKT000887,2024-03-18 09:35:00,2024-03-18 11:56:39,2024-03-18 13:35:00,resolved,critical,Product defect,in_store,STR005,CUS00473,4.0,2.36,True,West
TKT000888,2024-06-22 18:07:00,2024-06-28 04:03:08,2024-06-29 18:07:00,resolved,low,Late delivery,phone,STR002,CUS00445,5.0,129.94,True,Southeast
TKT000889,2024-07-26 17:41:00,2024-08-11 00:41:55,2024-08-02 17:41:00,resolved,low,Refund request,email,STR014,CUS00244,1.0,367.02,False,Southwest
TKT000890,2024-06-27 13:38:00,2024-06-27 20:24:21,2024-06-28 13:38:00,resolved,high,Late delivery,chat,STR008,CUS00153,3.0,6.77,True,Midwest
TKT000891,2024-10-25 17:53:00,2024-10-26 10:14:04,2024-10-26 17:53:00,resolved,high,Late delivery,phone,STR010,CUS00333,3.0,16.35,True,West
TKT000892,2024-04-10 20:06:00,2024-04-12 11:40:00,2024-04-13 20:06:00,resolved,medium,Store experience,phone,STR002,CUS00435,5.0,39.57,True,Southeast
TKT000893,2024-04-28 16:44:00,2024-05-01 00:21:02,2024-05-01 16:44:00,resolved,medium,Pricing dispute,social,STR009,CUS00493,5.0,55.62,True,Southwest
TKT000894,2024-03-31 13:05:00,2024-04-05 13:52:55,2024-04-07 13:05:00,resolved,low,Late delivery,email,STR001,CUS00182,5.0,120.8,True,Northeast
TKT000895,2024-09-02 18:03:00,2024-09-05 13:38:56,2024-09-05 18:03:00,resolved,medium,Refund request,chat,STR006,CUS00315,3.0,67.6,True,Northeast
TKT000896,2024-12-16 13:20:00,2024-12-16 19:21:32,2024-12-19 13:20:00,resolved,medium,Product defect,email,STR018,CUS00175,3.0,6.03,True,Midwest
TKT000897,2024-03-19 08:59:00,2024-03-19 12:19:25,2024-03-20 08:59:00,resolved,high,Staff conduct,email,STR010,CUS00331,5.0,3.34,True,West
TKT000898,2024-02-19 08:57:00,2024-02-19 18:56:18,2024-02-20 08:57:00,resolved,high,Refund request,social,STR023,CUS00413,4.0,9.99,True,Midwest
TKT000899,2024-08-19 20:40:00,2024-08-20 13:58:10,2024-08-22 20:40:00,resolved,medium,Staff conduct,phone,STR014,CUS00298,4.0,17.3,True,Southwest
TKT000900,2024-05-26 19:45:00,2024-05-27 19:39:15,2024-06-02 19:45:00,resolved,low,Pricing dispute,in_store,STR020,CUS00413,5.0,23.9,True,West
TKT000901,2024-03-25 16:44:00,2024-03-30 16:00:09,2024-04-01 16:44:00,resolved,low,Refund request,phone,STR019,CUS00347,5.0,119.27,True,Southwest
TKT000902,2024-07-13 10:44:00,2024-07-21 14:17:33,2024-07-20 10:44:00,resolved,low,Late delivery,chat,STR005,CUS00134,4.0,195.56,False,West
TKT000903,2024-03-25 15:18:00,2024-03-26 01:52:34,2024-03-26 15:18:00,resolved,high,Late delivery,chat,STR014,CUS00035,3.0,10.58,True,Southwest
TKT000904,2024-02-27 14:59:00,,2024-03-05 14:59:00,pending,low,Store experience,phone,STR021,CUS00051,,,,Northeast
TKT000905,2024-07-16 12:41:00,2024-07-17 02:23:27,2024-07-17 12:41:00,resolved,high,Product defect,phone,STR022,CUS00379,4.0,13.71,True,Southeast
TKT000906,2024-02-27 10:48:00,2024-03-02 10:40:10,2024-03-05 10:48:00,resolved,low,Wrong item,email,STR018,CUS00305,4.0,95.87,True,Midwest
TKT000907,2024-07-25 08:23:00,2024-07-27 22:08:26,2024-07-28 08:23:00,resolved,medium,Product defect,email,STR020,CUS00294,4.0,61.76,True,West
TKT000908,2024-10-18 18:00:00,2024-10-20 00:14:00,2024-10-21 18:00:00,resolved,medium,Store experience,phone,STR012,CUS00273,3.0,30.23,True,Southeast
TKT000909,2024-07-22 11:32:00,,2024-07-25 11:32:00,pending,medium,Late delivery,in_store,STR017,CUS00245,,,,Southeast
TKT000910,2024-12-19 18:13:00,2024-12-20 10:59:42,2024-12-20 18:13:00,resolved,high,Store experience,in_store,STR012,CUS00318,4.0,16.78,True,Southeast
TKT000911,2024-07-01 07:20:00,2024-07-08 18:30:06,2024-07-04 07:20:00,resolved,medium,Staff conduct,phone,STR003,CUS00399,3.0,179.17,False,Midwest
TKT000912,2024-09-29 09:05:00,2024-10-15 21:57:34,2024-10-06 09:05:00,resolved,low,Store experience,phone,STR002,CUS00303,4.0,396.88,False,Southeast
TKT000913,2024-04-01 08:13:00,2024-04-03 04:49:32,2024-04-08 08:13:00,resolved,low,Late delivery,chat,STR008,CUS00328,4.0,44.61,True,Midwest
TKT000914,2024-11-04 11:07:00,2024-11-05 17:35:57,2024-11-07 11:07:00,resolved,medium,Store experience,email,STR019,CUS00385,5.0,30.48,True,Southwest
TKT000915,2024-09-06 07:47:00,,2024-09-13 07:47:00,pending,low,Pricing dispute,in_store,STR004,CUS00268,,,,Southwest
TKT000916,2024-04-07 11:43:00,2024-04-08 08:56:49,2024-04-10 11:43:00,resolved,medium,Online order issue,social,STR018,CUS00154,3.0,21.23,True,Midwest
TKT000917,2024-02-02 08:22:00,2024-02-07 00:19:53,2024-02-05 08:22:00,resolved,medium,Late delivery,email,STR001,CUS00205,3.0,111.96,False,Northeast
TKT000918,2024-04-30 17:54:00,2024-05-05 06:55:36,2024-05-03 17:54:00,resolved,medium,Product defect,in_store,STR018,CUS00204,2.0,109.03,False,Midwest
TKT000919,2024-10-24 18:34:00,2024-10-25 15:37:14,2024-10-27 18:34:00,resolved,medium,Product defect,chat,STR023,CUS00476,4.0,21.05,True,Midwest
TKT000920,2024-04-29 14:06:00,,2024-04-29 18:06:00,escalated,critical,Staff conduct,phone,STR003,CUS00034,,,,Midwest
TKT000921,2024-11-20 14:35:00,,2024-11-27 14:35:00,pending,low,Wrong item,chat,STR016,CUS00472,,,,Northeast
TKT000922,2024-08-08 17:18:00,,2024-08-11 17:18:00,pending,medium,Wrong item,in_store,STR020,CUS00442,,,,West
TKT000923,2024-08-11 09:15:00,2024-08-13 01:56:08,2024-08-14 09:15:00,resolved,medium,Late delivery,phone,STR011,CUS00448,5.0,40.69,True,Northeast
TKT000924,2024-01-12 14:50:00,,2024-01-15 14:50:00,pending,medium,Pricing dispute,chat,STR003,CUS00189,,,,Midwest
TKT000925,2024-04-16 08:07:00,2024-04-17 01:38:20,2024-04-23 08:07:00,resolved,low,Online order issue,in_store,STR007,CUS00484,5.0,17.52,True,Southeast
TKT000926,2024-07-04 07:03:00,2024-07-06 08:28:20,2024-07-11 07:03:00,resolved,low,Store experience,in_store,STR011,CUS00456,5.0,49.42,True,Northeast
TKT000927,2024-08-09 12:05:00,2024-08-15 17:40:28,2024-08-16 12:05:00,resolved,low,Refund request,in_store,STR023,CUS00122,5.0,149.59,True,Midwest
TKT000928,2024-08-08 14:12:00,,2024-08-11 14:12:00,pending,medium,Staff conduct,social,STR003,CUS00058,,,,Midwest
TKT000929,2024-01-10 10:02:00,2024-01-10 15:11:07,2024-01-11 10:02:00,resolved,high,Wrong item,chat,STR006,CUS00085,4.0,5.15,True,Northeast
TKT000930,2024-03-11 07:41:00,2024-03-12 11:04:32,2024-03-14 07:41:00,resolved,medium,Online order issue,email,STR001,CUS00242,5.0,27.39,True,Northeast
TKT000931,2024-09-30 08:00:00,2024-10-01 20:35:04,2024-10-03 08:00:00,resolved,medium,Late delivery,social,STR010,CUS00476,4.0,36.58,True,West
TKT000932,2024-01-28 10:59:00,2024-01-28 21:51:54,2024-01-31 10:59:00,resolved,medium,Product defect,phone,STR010,CUS00365,4.0,10.88,True,West
TKT000933,2024-03-05 09:50:00,2024-03-06 06:17:46,2024-03-06 09:50:00,resolved,high,Pricing dispute,phone,STR017,CUS00221,5.0,20.46,True,Southeast
TKT000934,2024-04-16 20:32:00,2024-04-29 18:09:52,2024-04-23 20:32:00,resolved,low,Online order issue,phone,STR001,CUS00116,1.0,309.63,False,Northeast
TKT000935,2024-07-22 09:40:00,2024-07-24 00:49:45,2024-07-25 09:40:00,resolved,medium,Refund request,chat,STR013,CUS00390,3.0,39.16,True,Midwest
TKT000936,2024-09-20 15:22:00,2024-09-20 18:05:26,2024-09-20 19:22:00,resolved,critical,Product defect,email,STR019,CUS00258,4.0,2.72,True,Southwest
TKT000937,2024-07-09 20:39:00,,2024-07-16 20:39:00,pending,low,Late delivery,chat,STR010,CUS00003,,,,West
TKT000938,2024-03-08 19:50:00,2024-03-08 21:50:02,2024-03-08 23:50:00,resolved,critical,Late delivery,email,STR013,CUS00280,4.0,2.0,True,Midwest
TKT000939,2024-12-10 09:34:00,2024-12-12 00:31:03,2024-12-11 09:34:00,closed_unresolved,high,Pricing dispute,phone,STR002,CUS00093,1.0,38.95,False,Southeast
TKT000940,2024-06-16 11:33:00,2024-06-19 02:35:24,2024-06-19 11:33:00,resolved,medium,Staff conduct,social,STR014,CUS00465,3.0,63.04,True,Southwest
TKT000941,2024-09-09 14:10:00,,2024-09-12 14:10:00,pending,medium,Wrong item,in_store,STR021,CUS00237,,,,Northeast
TKT000942,2024-08-27 14:00:00,,2024-08-30 14:00:00,pending,medium,Wrong item,social,STR001,CUS00494,,,,Northeast
TKT000943,2024-11-01 20:55:00,2024-11-02 20:23:10,2024-11-04 20:55:00,resolved,medium,Product defect,chat,STR016,CUS00452,5.0,23.47,True,Northeast
TKT000944,2024-06-22 20:05:00,2024-06-23 03:57:29,2024-06-23 20:05:00,resolved,high,Pricing dispute,social,STR009,CUS00314,4.0,7.87,True,Southwest
TKT000945,2024-01-10 15:25:00,2024-01-10 20:44:03,2024-01-10 19:25:00,closed_unresolved,critical,Staff conduct,chat,STR002,CUS00075,2.0,5.32,False,Southeast
TKT000946,2024-01-09 11:15:00,2024-01-10 04:02:48,2024-01-10 11:15:00,resolved,high,Refund request,email,STR021,CUS00455,5.0,16.8,True,Northeast
TKT000947,2024-02-28 11:08:00,2024-03-01 17:55:25,2024-03-02 11:08:00,resolved,medium,Product defect,phone,STR020,CUS00168,5.0,54.79,True,West
TKT000948,2024-02-15 07:41:00,2024-02-17 11:31:03,2024-02-22 07:41:00,resolved,low,Refund request,email,STR015,CUS00285,3.0,51.83,True,West
TKT000949,2024-01-15 15:27:00,2024-01-15 18:46:52,2024-01-18 15:27:00,resolved,medium,Wrong item,in_store,STR002,CUS00236,4.0,3.33,True,Southeast
TKT000950,2024-02-15 16:57:00,2024-02-15 19:32:47,2024-02-15 20:57:00,resolved,critical,Refund request,chat,STR016,CUS00491,4.0,2.6,True,Northeast
TKT000951,2024-04-12 08:42:00,,2024-04-15 08:42:00,escalated,medium,Store experience,chat,STR014,CUS00403,,,,Southwest
TKT000952,2024-11-30 09:06:00,2024-12-04 05:26:26,2024-12-07 09:06:00,resolved,low,Store experience,email,STR007,CUS00490,4.0,92.34,True,Southeast
TKT000953,2024-12-06 09:34:00,,2024-12-09 09:34:00,escalated,medium,Wrong item,email,STR019,CUS00143,,,,Southwest
TKT000954,2024-05-25 16:53:00,2024-05-25 21:43:45,2024-05-28 16:53:00,resolved,medium,Store experience,chat,STR019,CUS00245,5.0,4.85,True,Southwest
TKT000955,2024-07-10 09:58:00,,2024-07-10 13:58:00,pending,critical,Online order issue,email,STR001,CUS00130,,,,Northeast
TKT000956,2024-09-06 12:56:00,2024-09-11 01:34:35,2024-09-13 12:56:00,resolved,low,Store experience,email,STR013,CUS00354,3.0,108.64,True,Midwest
TKT000957,2024-06-11 20:36:00,2024-06-11 23:12:35,2024-06-12 20:36:00,resolved,high,Staff conduct,chat,STR012,CUS00111,5.0,2.61,True,Southeast
TKT000958,2024-08-07 10:39:00,2024-08-07 22:45:46,2024-08-08 10:39:00,resolved,high,Refund request,phone,STR006,CUS00388,5.0,12.11,True,Northeast
TKT000959,2024-02-23 18:38:00,2024-03-13 08:33:27,2024-03-01 18:38:00,resolved,low,Online order issue,email,STR012,CUS00325,4.0,445.92,False,Southeast
TKT000960,2024-12-01 18:56:00,2024-12-02 21:09:35,2024-12-04 18:56:00,resolved,medium,Product defect,phone,STR021,CUS00108,5.0,26.23,True,Northeast
TKT000961,2024-02-07 09:56:00,2024-02-15 03:47:21,2024-02-10 09:56:00,resolved,medium,Product defect,email,STR015,CUS00361,4.0,185.86,False,West
TKT000962,2024-09-21 19:04:00,2024-09-28 05:12:14,2024-09-28 19:04:00,resolved,low,Online order issue,in_store,STR010,CUS00239,4.0,154.14,True,West
TKT000963,2024-02-14 16:12:00,,2024-02-14 20:12:00,pending,critical,Refund request,in_store,STR008,CUS00330,,,,Midwest
TKT000964,2024-12-12 09:47:00,2024-12-12 13:19:12,2024-12-13 09:47:00,resolved,high,Product defect,in_store,STR018,CUS00390,4.0,3.54,True,Midwest
TKT000965,2024-02-18 20:43:00,2024-02-19 13:17:27,2024-02-19 20:43:00,resolved,high,Product defect,chat,STR017,CUS00285,4.0,16.57,True,Southeast
TKT000966,2024-11-24 13:22:00,,2024-12-01 13:22:00,pending,low,Staff conduct,phone,STR020,CUS00108,,,,West
TKT000967,2024-11-01 15:28:00,2024-11-02 09:38:06,2024-11-02 15:28:00,resolved,high,Refund request,phone,STR009,CUS00192,4.0,18.17,True,Southwest
TKT000968,2024-06-05 15:19:00,2024-06-05 20:28:07,2024-06-05 19:19:00,resolved,critical,Product defect,phone,STR022,CUS00398,3.0,5.15,False,Southeast
TKT000969,2024-04-15 18:46:00,,2024-04-15 22:46:00,pending,critical,Late delivery,social,STR022,CUS00146,,,,Southeast
TKT000970,2024-12-11 19:41:00,2024-12-11 20:51:32,2024-12-18 19:41:00,resolved,low,Online order issue,social,STR018,CUS00461,5.0,1.18,True,Midwest
TKT000971,2024-05-28 10:41:00,2024-05-31 03:05:22,2024-05-31 10:41:00,resolved,medium,Product defect,social,STR015,CUS00038,5.0,64.41,True,West
TKT000972,2024-01-13 11:24:00,2024-01-17 12:02:32,2024-01-16 11:24:00,resolved,medium,Pricing dispute,phone,STR003,CUS00270,4.0,96.64,False,Midwest
TKT000973,2024-06-13 19:16:00,2024-06-15 02:19:35,2024-06-16 19:16:00,resolved,medium,Product defect,chat,STR018,CUS00390,5.0,31.06,True,Midwest
TKT000974,2024-01-10 12:20:00,2024-01-13 01:50:38,2024-01-13 12:20:00,resolved,medium,Refund request,phone,STR008,CUS00332,4.0,61.51,True,Midwest
TKT000975,2024-02-18 17:22:00,2024-02-20 08:42:32,2024-02-25 17:22:00,resolved,low,Refund request,chat,STR009,CUS00259,5.0,39.34,True,Southwest
TKT000976,2024-03-02 07:40:00,2024-03-06 06:06:07,2024-03-09 07:40:00,resolved,low,Pricing dispute,email,STR010,CUS00214,4.0,94.44,True,West
TKT000977,2024-09-21 20:49:00,2024-09-23 11:41:41,2024-09-24 20:49:00,resolved,medium,Product defect,email,STR002,CUS00246,5.0,38.88,True,Southeast
TKT000978,2024-01-01 13:55:00,2024-01-01 17:42:27,2024-01-08 13:55:00,resolved,low,Store experience,in_store,STR019,CUS00018,4.0,3.79,True,Southwest
TKT000979,2024-11-15 10:44:00,,2024-11-22 10:44:00,pending,low,Online order issue,social,STR007,CUS00075,,,,Southeast
TKT000980,2024-09-10 11:18:00,,2024-09-17 11:18:00,pending,low,Wrong item,chat,STR009,CUS00151,,,,Southwest
TKT000981,2024-08-30 19:40:00,2024-09-02 01:14:59,2024-09-02 19:40:00,resolved,medium,Refund request,phone,STR006,CUS00181,5.0,53.58,True,Northeast
TKT000982,2024-11-08 20:21:00,2024-11-09 08:08:51,2024-11-15 20:21:00,resolved,low,Online order issue,phone,STR015,CUS00335,4.0,11.8,True,West
TKT000983,2024-03-07 14:26:00,2024-03-08 13:37:19,2024-03-10 14:26:00,resolved,medium,Pricing dispute,in_store,STR012,CUS00217,4.0,23.19,True,Southeast
TKT000984,2024-09-28 10:36:00,2024-10-06 09:39:59,2024-10-01 10:36:00,resolved,medium,Online order issue,email,STR001,CUS00101,4.0,191.07,False,Northeast
TKT000985,2024-07-23 14:09:00,2024-07-24 01:36:11,2024-07-26 14:09:00,resolved,medium,Store experience,phone,STR013,CUS00188,4.0,11.45,True,Midwest
TKT000986,2024-05-27 08:07:00,2024-05-31 09:17:32,2024-06-03 08:07:00,resolved,low,Online order issue,email,STR017,CUS00061,3.0,97.18,True,Southeast
TKT000987,2024-03-19 16:38:00,2024-03-20 11:35:41,2024-03-20 16:38:00,resolved,high,Pricing dispute,in_store,STR021,CUS00487,5.0,18.96,True,Northeast
TKT000988,2024-05-25 11:54:00,2024-05-27 08:08:48,2024-05-26 11:54:00,resolved,high,Staff conduct,phone,STR012,CUS00246,3.0,44.25,False,Southeast
TKT000989,2024-12-05 10:27:00,2024-12-14 19:50:11,2024-12-12 10:27:00,resolved,low,Late delivery,chat,STR015,CUS00191,1.0,225.39,False,West
TKT000990,2024-12-05 20:04:00,2024-12-08 02:59:11,2024-12-12 20:04:00,resolved,low,Product defect,in_store,STR010,CUS00095,4.0,54.92,True,West
TKT000991,2024-09-08 18:46:00,2024-09-10 01:02:36,2024-09-11 18:46:00,resolved,medium,Store experience,in_store,STR012,CUS00212,5.0,30.28,True,Southeast
TKT000992,2024-07-21 20:31:00,2024-07-22 06:20:00,2024-07-22 20:31:00,resolved,high,Online order issue,email,STR015,CUS00327,4.0,9.82,True,West
TKT000993,2024-04-22 12:24:00,2024-04-23 07:31:48,2024-04-23 12:24:00,resolved,high,Late delivery,email,STR009,CUS00224,5.0,19.13,True,Southwest
TKT000994,2024-10-06 10:19:00,,2024-10-06 14:19:00,pending,critical,Pricing dispute,chat,STR006,CUS00256,,,,Northeast
TKT000995,2024-01-23 19:49:00,2024-01-26 00:00:40,2024-01-30 19:49:00,resolved,low,Store experience,social,STR005,CUS00457,3.0,52.19,True,West
TKT000996,2024-08-19 20:41:00,2024-08-20 00:44:46,2024-08-20 20:41:00,resolved,high,Staff conduct,phone,STR014,CUS00024,5.0,4.06,True,Southwest
TKT000997,2024-04-06 19:30:00,2024-04-10 20:34:54,2024-04-09 19:30:00,resolved,medium,Product defect,social,STR008,CUS00390,3.0,97.08,False,Midwest
TKT000998,2024-06-09 14:23:00,2024-06-09 15:27:48,2024-06-09 18:23:00,resolved,critical,Refund request,email,STR004,CUS00005,5.0,1.08,True,Southwest
TKT000999,2024-03-08 13:05:00,2024-03-09 12:22:23,2024-03-11 13:05:00,resolved,medium,Late delivery,in_store,STR022,CUS00392,5.0,23.29,True,Southeast
TKT001000,2024-04-10 18:44:00,2024-04-16 17:47:17,2024-04-17 18:44:00,resolved,low,Refund request,email,STR009,CUS00204,5.0,143.05,True,Southwest
TKT001001,2024-07-07 19:47:00,2024-07-18 03:38:52,2024-07-14 19:47:00,resolved,low,Wrong item,phone,STR005,CUS00418,3.0,247.86,False,West
TKT001002,2024-08-15 19:42:00,2024-08-23 20:28:40,2024-08-18 19:42:00,resolved,medium,Online order issue,in_store,STR005,CUS00225,2.0,192.78,False,West
TKT001003,2024-12-27 08:31:00,,2025-01-03 08:31:00,escalated,low,Pricing dispute,in_store,STR005,CUS00074,,,,West
TKT001004,2024-01-06 17:24:00,,2024-01-07 17:24:00,pending,high,Pricing dispute,email,STR008,CUS00468,,,,Midwest
TKT001005,2024-08-16 08:20:00,2024-08-22 15:33:07,2024-08-23 08:20:00,resolved,low,Wrong item,in_store,STR009,CUS00193,5.0,151.22,True,Southwest
TKT001006,2024-11-28 15:07:00,2024-11-29 05:50:44,2024-11-29 15:07:00,resolved,high,Store experience,in_store,STR020,CUS00318,3.0,14.73,True,West
TKT001007,2024-08-21 17:33:00,2024-08-21 18:19:27,2024-08-24 17:33:00,resolved,medium,Product defect,email,STR021,CUS00088,4.0,0.77,True,Northeast
TKT001008,2024-07-21 19:16:00,2024-07-23 00:18:06,2024-07-24 19:16:00,resolved,medium,Store experience,in_store,STR003,CUS00406,5.0,29.04,True,Midwest
TKT001009,2024-07-19 09:25:00,2024-07-24 02:07:11,2024-07-26 09:25:00,resolved,low,Wrong item,chat,STR016,CUS00386,3.0,112.7,True,Northeast
TKT001010,2024-08-24 12:18:00,2024-09-01 04:05:46,2024-08-27 12:18:00,resolved,medium,Product defect,social,STR016,CUS00245,2.0,183.8,False,Northeast
TKT001011,2024-06-04 19:55:00,2024-06-07 12:44:26,2024-06-11 19:55:00,resolved,low,Refund request,chat,STR006,CUS00354,5.0,64.82,True,Northeast
TKT001012,2024-12-01 19:22:00,,2024-12-04 19:22:00,pending,medium,Wrong item,chat,STR005,CUS00090,,,,West
TKT001013,2024-03-06 07:54:00,2024-03-07 15:03:32,2024-03-09 07:54:00,resolved,medium,Online order issue,phone,STR006,CUS00367,3.0,31.16,True,Northeast
TKT001014,2024-12-16 09:28:00,,2024-12-17 09:28:00,escalated,high,Refund request,email,STR008,CUS00045,,,,Midwest
TKT001015,2024-06-30 12:18:00,2024-07-01 05:09:22,2024-07-01 12:18:00,resolved,high,Staff conduct,chat,STR020,CUS00189,5.0,16.86,True,West
TKT001016,2024-06-22 09:29:00,2024-06-26 04:41:58,2024-06-29 09:29:00,resolved,low,Refund request,chat,STR004,CUS00163,4.0,91.22,True,Southwest
TKT001017,2024-01-19 15:12:00,2024-01-22 04:01:33,2024-01-26 15:12:00,resolved,low,Staff conduct,email,STR012,CUS00317,4.0,60.83,True,Southeast
TKT001018,2024-05-04 18:16:00,,2024-05-07 18:16:00,pending,medium,Online order issue,phone,STR002,CUS00279,,,,Southeast
TKT001019,2024-06-15 15:00:00,2024-06-16 07:24:16,2024-06-16 15:00:00,resolved,high,Wrong item,social,STR005,CUS00063,4.0,16.4,True,West
TKT001020,2024-03-02 10:49:00,2024-03-02 15:31:03,2024-03-02 14:49:00,resolved,critical,Wrong item,phone,STR008,CUS00225,2.0,4.7,False,Midwest
TKT001021,2024-01-23 15:12:00,2024-01-27 20:20:13,2024-01-30 15:12:00,resolved,low,Staff conduct,chat,STR015,CUS00314,3.0,101.14,True,West
TKT001022,2024-12-23 07:59:00,2024-12-24 17:38:59,2024-12-26 07:59:00,resolved,medium,Online order issue,phone,STR022,CUS00164,3.0,33.67,True,Southeast
TKT001023,2024-12-24 12:37:00,2024-12-25 05:05:36,2024-12-25 12:37:00,resolved,high,Late delivery,in_store,STR012,CUS00012,5.0,16.48,True,Southeast
TKT001024,2024-02-20 15:32:00,2024-02-21 06:57:51,2024-02-21 15:32:00,resolved,high,Product defect,in_store,STR008,CUS00139,5.0,15.43,True,Midwest
TKT001025,2024-10-10 14:26:00,2024-10-14 00:08:29,2024-10-17 14:26:00,resolved,low,Late delivery,chat,STR005,CUS00199,5.0,81.71,True,West
TKT001026,2024-04-10 19:15:00,2024-04-17 07:23:41,2024-04-13 19:15:00,resolved,medium,Pricing dispute,social,STR015,CUS00127,2.0,156.14,False,West
TKT001027,2024-02-29 12:36:00,2024-03-04 23:50:53,2024-03-03 12:36:00,closed_unresolved,medium,Refund request,in_store,STR007,CUS00250,2.0,107.25,False,Southeast
TKT001028,2024-08-11 16:49:00,,2024-08-14 16:49:00,pending,medium,Refund request,in_store,STR017,CUS00470,,,,Southeast
TKT001029,2024-02-17 13:05:00,2024-02-19 06:08:08,2024-02-18 13:05:00,resolved,high,Wrong item,social,STR020,CUS00424,3.0,41.05,False,West
TKT001030,2024-06-13 11:10:00,2024-06-14 11:49:29,2024-06-16 11:10:00,resolved,medium,Pricing dispute,email,STR021,CUS00097,4.0,24.66,True,Northeast
TKT001031,2024-01-11 18:13:00,2024-01-13 22:23:06,2024-01-14 18:13:00,resolved,medium,Store experience,chat,STR003,CUS00119,4.0,52.17,True,Midwest
TKT001032,2024-09-17 19:53:00,2024-09-20 05:31:25,2024-09-20 19:53:00,resolved,medium,Late delivery,phone,STR003,CUS00243,5.0,57.64,True,Midwest
TKT001033,2024-07-31 08:42:00,2024-08-01 04:51:08,2024-08-01 08:42:00,resolved,high,Wrong item,social,STR003,CUS00017,5.0,20.15,True,Midwest
TKT001034,2024-09-29 11:57:00,2024-09-29 17:34:44,2024-10-06 11:57:00,resolved,low,Late delivery,phone,STR008,CUS00390,3.0,5.63,True,Midwest
TKT001035,2024-11-16 19:50:00,2024-11-17 12:38:35,2024-11-17 19:50:00,resolved,high,Online order issue,email,STR003,CUS00486,3.0,16.81,True,Midwest
TKT001036,2024-07-12 20:54:00,2024-07-17 19:09:59,2024-07-19 20:54:00,resolved,low,Refund request,social,STR003,CUS00421,5.0,118.27,True,Midwest
TKT001037,2024-10-26 15:34:00,2024-10-27 11:23:13,2024-10-29 15:34:00,resolved,medium,Wrong item,social,STR005,CUS00162,4.0,19.82,True,West
TKT001038,2024-11-27 14:27:00,2024-11-28 04:28:02,2024-11-28 14:27:00,resolved,high,Store experience,chat,STR012,CUS00051,4.0,14.02,True,Southeast
TKT001039,2024-10-02 18:40:00,2024-10-05 10:11:21,2024-10-05 18:40:00,resolved,medium,Online order issue,chat,STR005,CUS00157,4.0,63.52,True,West
TKT001040,2024-09-25 07:07:00,2024-09-27 04:36:00,2024-09-28 07:07:00,resolved,medium,Wrong item,social,STR015,CUS00093,4.0,45.48,True,West
TKT001041,2024-02-20 20:30:00,,2024-02-27 20:30:00,pending,low,Pricing dispute,in_store,STR010,CUS00494,,,,West
TKT001042,2024-07-11 08:11:00,2024-07-13 08:56:38,2024-07-12 08:11:00,resolved,high,Refund request,phone,STR002,CUS00307,1.0,48.76,False,Southeast
TKT001043,2024-04-11 10:06:00,2024-04-13 21:28:08,2024-04-14 10:06:00,resolved,medium,Refund request,chat,STR011,CUS00104,4.0,59.37,True,Northeast
TKT001044,2024-12-09 12:10:00,2024-12-11 05:52:27,2024-12-10 12:10:00,resolved,high,Store experience,email,STR002,CUS00068,1.0,41.71,False,Southeast
TKT001045,2024-09-13 11:08:00,2024-09-14 06:04:18,2024-09-16 11:08:00,resolved,medium,Staff conduct,phone,STR023,CUS00072,4.0,18.94,True,Midwest
TKT001046,2024-06-17 12:06:00,2024-06-18 10:45:41,2024-06-18 12:06:00,resolved,high,Pricing dispute,email,STR012,CUS00473,5.0,22.66,True,Southeast
TKT001047,2024-01-24 09:19:00,2024-01-25 03:54:59,2024-01-25 09:19:00,resolved,high,Pricing dispute,phone,STR014,CUS00320,3.0,18.6,True,Southwest
TKT001048,2024-09-23 10:04:00,2024-09-26 13:17:16,2024-09-30 10:04:00,resolved,low,Pricing dispute,chat,STR012,CUS00357,5.0,75.22,True,Southeast
TKT001049,2024-04-21 07:25:00,2024-04-21 11:11:25,2024-04-21 11:25:00,resolved,critical,Late delivery,chat,STR008,CUS00136,4.0,3.77,True,Midwest
TKT001050,2024-03-22 20:39:00,2024-03-27 04:56:47,2024-03-29 20:39:00,resolved,low,Product defect,social,STR001,CUS00422,3.0,104.3,True,Northeast
TKT001051,2024-05-22 19:44:00,2024-05-30 17:51:55,2024-05-25 19:44:00,resolved,medium,Online order issue,in_store,STR004,CUS00129,1.0,190.13,False,Southwest
TKT001052,2024-11-09 11:21:00,,2024-11-12 11:21:00,escalated,medium,Wrong item,social,STR023,CUS00435,,,,Midwest
TKT001053,2024-07-18 08:34:00,2024-07-18 09:35:37,2024-07-25 08:34:00,resolved,low,Refund request,email,STR018,CUS00164,5.0,1.03,True,Midwest
TKT001054,2024-09-30 09:58:00,,2024-10-03 09:58:00,pending,medium,Store experience,email,STR008,CUS00137,,,,Midwest
TKT001055,2024-01-01 09:11:00,2024-01-06 03:02:07,2024-01-08 09:11:00,resolved,low,Refund request,chat,STR021,CUS00450,5.0,113.85,True,Northeast
TKT001056,2024-07-21 15:13:00,2024-08-07 12:18:36,2024-07-28 15:13:00,resolved,low,Pricing dispute,email,STR008,CUS00347,2.0,405.09,False,Midwest
TKT001057,2024-11-12 07:37:00,2024-11-14 17:55:53,2024-11-19 07:37:00,resolved,low,Online order issue,social,STR010,CUS00037,5.0,58.31,True,West
TKT001058,2024-12-03 15:49:00,2024-12-04 07:11:27,2024-12-04 15:49:00,resolved,high,Pricing dispute,phone,STR002,CUS00215,5.0,15.37,True,Southeast
TKT001059,2024-07-04 18:56:00,2024-07-08 23:55:29,2024-07-11 18:56:00,resolved,low,Wrong item,in_store,STR018,CUS00305,5.0,100.99,True,Midwest
TKT001060,2024-11-13 11:21:00,2024-11-19 00:25:53,2024-11-20 11:21:00,resolved,low,Refund request,phone,STR016,CUS00232,5.0,133.08,True,Northeast
TKT001061,2024-01-19 20:05:00,2024-01-22 11:25:28,2024-01-26 20:05:00,resolved,low,Pricing dispute,chat,STR004,CUS00375,3.0,63.34,True,Southwest
TKT001062,2024-02-22 07:03:00,,2024-02-29 07:03:00,escalated,low,Refund request,social,STR006,CUS00381,,,,Northeast
TKT001063,2024-11-06 07:34:00,,2024-11-09 07:34:00,pending,medium,Online order issue,in_store,STR012,CUS00464,,,,Southeast
TKT001064,2024-02-02 07:55:00,2024-02-07 13:58:28,2024-02-05 07:55:00,resolved,medium,Pricing dispute,in_store,STR011,CUS00362,2.0,126.06,False,Northeast
TKT001065,2024-03-15 16:02:00,2024-03-15 20:58:48,2024-03-15 20:02:00,closed_unresolved,critical,Wrong item,email,STR022,CUS00269,1.0,4.95,False,Southeast
TKT001066,2024-06-02 11:10:00,,2024-06-03 11:10:00,escalated,high,Refund request,chat,STR006,CUS00454,,,,Northeast
TKT001067,2024-09-11 15:44:00,,2024-09-11 19:44:00,pending,critical,Online order issue,email,STR014,CUS00134,,,,Southwest
TKT001068,2024-02-15 17:11:00,2024-02-20 03:21:18,2024-02-22 17:11:00,resolved,low,Refund request,chat,STR006,CUS00268,5.0,106.17,True,Northeast
TKT001069,2024-10-29 08:13:00,2024-10-31 08:01:37,2024-11-01 08:13:00,resolved,medium,Store experience,email,STR018,CUS00474,4.0,47.81,True,Midwest
TKT001070,2024-06-08 14:38:00,2024-06-11 04:16:48,2024-06-11 14:38:00,resolved,medium,Late delivery,chat,STR009,CUS00051,5.0,61.65,True,Southwest
TKT001071,2024-01-24 15:01:00,2024-01-25 22:25:50,2024-01-31 15:01:00,resolved,low,Staff conduct,phone,STR002,CUS00280,5.0,31.41,True,Southeast
TKT001072,2024-02-26 07:09:00,2024-02-26 23:51:12,2024-02-27 07:09:00,resolved,high,Product defect,phone,STR023,CUS00038,3.0,16.7,True,Midwest
TKT001073,2024-12-09 18:06:00,,2024-12-12 18:06:00,pending,medium,Product defect,social,STR010,CUS00311,,,,West
TKT001074,2024-12-24 19:14:00,2024-12-30 11:47:16,2024-12-27 19:14:00,resolved,medium,Staff conduct,social,STR014,CUS00237,2.0,136.55,False,Southwest
TKT001075,2024-04-14 08:41:00,2024-04-14 20:08:43,2024-04-15 08:41:00,resolved,high,Staff conduct,phone,STR019,CUS00266,4.0,11.46,True,Southwest
TKT001076,2024-06-07 11:26:00,,2024-06-07 15:26:00,pending,critical,Wrong item,phone,STR009,CUS00248,,,,Southwest
TKT001077,2024-07-08 18:41:00,2024-07-12 10:25:16,2024-07-15 18:41:00,resolved,low,Wrong item,chat,STR011,CUS00449,5.0,87.74,True,Northeast
TKT001078,2024-08-10 18:02:00,2024-08-13 01:02:14,2024-08-13 18:02:00,resolved,medium,Staff conduct,chat,STR009,CUS00155,4.0,55.0,True,Southwest
TKT001079,2024-06-01 20:21:00,,2024-06-08 20:21:00,pending,low,Pricing dispute,chat,STR005,CUS00399,,,,West
TKT001080,2024-08-13 09:38:00,2024-08-18 10:15:09,2024-08-20 09:38:00,resolved,low,Refund request,social,STR016,CUS00183,4.0,120.62,True,Northeast
TKT001081,2024-11-21 12:04:00,2024-11-21 13:32:09,2024-11-21 16:04:00,resolved,critical,Store experience,chat,STR017,CUS00019,5.0,1.47,True,Southeast
TKT001082,2024-10-09 19:36:00,2024-10-11 18:54:58,2024-10-12 19:36:00,resolved,medium,Product defect,email,STR001,CUS00047,4.0,47.32,True,Northeast
TKT001083,2024-04-10 16:22:00,2024-04-11 07:35:14,2024-04-11 16:22:00,resolved,high,Refund request,phone,STR004,CUS00236,4.0,15.22,True,Southwest
TKT001084,2024-06-11 10:31:00,2024-06-13 20:26:20,2024-06-14 10:31:00,resolved,medium,Store experience,phone,STR006,CUS00032,4.0,57.92,True,Northeast
TKT001085,2024-08-09 13:10:00,,2024-08-12 13:10:00,pending,medium,Staff conduct,phone,STR009,CUS00117,,,,Southwest
TKT001086,2024-04-17 13:16:00,2024-04-19 07:48:42,2024-04-20 13:16:00,resolved,medium,Product defect,email,STR020,CUS00122,4.0,42.55,True,West
TKT001087,2024-01-16 14:03:00,2024-01-17 01:10:01,2024-01-17 14:03:00,resolved,high,Store experience,in_store,STR014,CUS00274,5.0,11.12,True,Southwest
TKT001088,2024-02-18 15:57:00,2024-02-20 00:17:27,2024-02-21 15:57:00,resolved,medium,Product defect,phone,STR002,CUS00358,5.0,32.34,True,Southeast
TKT001089,2024-12-03 08:54:00,2024-12-16 17:09:32,2024-12-10 08:54:00,resolved,low,Online order issue,chat,STR004,CUS00467,2.0,320.26,False,Southwest
TKT001090,2024-12-25 18:47:00,2024-12-28 12:54:44,2024-12-28 18:47:00,resolved,medium,Pricing dispute,in_store,STR012,CUS00080,5.0,66.13,True,Southeast
TKT001091,2024-04-12 20:40:00,,2024-04-19 20:40:00,pending,low,Late delivery,chat,STR013,CUS00481,,,,Midwest
TKT001092,2024-10-31 13:56:00,2024-10-31 19:10:49,2024-10-31 17:56:00,resolved,critical,Store experience,phone,STR018,CUS00459,1.0,5.25,False,Midwest
TKT001093,2024-11-02 18:26:00,2024-11-04 22:59:02,2024-11-05 18:26:00,resolved,medium,Pricing dispute,chat,STR022,CUS00316,5.0,52.55,True,Southeast
TKT001094,2024-01-16 18:15:00,2024-01-17 15:52:36,2024-01-17 18:15:00,resolved,high,Wrong item,email,STR001,CUS00386,4.0,21.63,True,Northeast
TKT001095,2024-07-01 11:56:00,2024-07-01 13:28:41,2024-07-04 11:56:00,resolved,medium,Staff conduct,chat,STR011,CUS00447,5.0,1.54,True,Northeast
TKT001096,2024-11-06 13:37:00,2024-11-11 11:48:25,2024-11-13 13:37:00,resolved,low,Staff conduct,social,STR016,CUS00377,4.0,118.19,True,Northeast
TKT001097,2024-06-18 10:52:00,2024-06-19 03:12:45,2024-06-21 10:52:00,resolved,medium,Online order issue,email,STR021,CUS00080,5.0,16.35,True,Northeast
TKT001098,2024-11-15 08:39:00,2024-11-23 11:16:28,2024-11-18 08:39:00,resolved,medium,Online order issue,social,STR013,CUS00051,3.0,194.62,False,Midwest
TKT001099,2024-10-16 11:35:00,2024-10-17 23:54:02,2024-10-19 11:35:00,resolved,medium,Product defect,chat,STR022,CUS00258,4.0,36.32,True,Southeast
TKT001100,2024-11-30 18:41:00,2024-12-01 03:50:13,2024-11-30 22:41:00,resolved,critical,Late delivery,chat,STR014,CUS00118,2.0,9.15,False,Southwest
TKT001101,2024-08-22 20:03:00,,2024-08-29 20:03:00,escalated,low,Store experience,email,STR023,CUS00029,,,,Midwest
TKT001102,2024-11-05 14:36:00,2024-11-10 04:56:58,2024-11-08 14:36:00,resolved,medium,Online order issue,phone,STR009,CUS00356,3.0,110.35,False,Southwest
TKT001103,2024-08-11 19:48:00,2024-08-20 09:59:39,2024-08-18 19:48:00,resolved,low,Refund request,social,STR021,CUS00418,2.0,206.19,False,Northeast
TKT001104,2024-03-22 10:22:00,2024-03-23 02:09:51,2024-03-25 10:22:00,resolved,medium,Online order issue,chat,STR021,CUS00348,5.0,15.8,True,Northeast
TKT001105,2024-06-23 07:17:00,2024-06-23 19:02:03,2024-06-26 07:17:00,resolved,medium,Product defect,in_store,STR018,CUS00150,3.0,11.75,True,Midwest
TKT001106,2024-05-03 17:31:00,2024-05-05 05:15:43,2024-05-06 17:31:00,resolved,medium,Product defect,social,STR023,CUS00288,4.0,35.75,True,Midwest
TKT001107,2024-05-03 12:04:00,,2024-05-06 12:04:00,pending,medium,Staff conduct,phone,STR010,CUS00168,,,,West
TKT001108,2024-08-29 14:30:00,,2024-09-01 14:30:00,escalated,medium,Store experience,chat,STR023,CUS00187,,,,Midwest
TKT001109,2024-09-21 15:48:00,2024-09-21 21:22:41,2024-09-24 15:48:00,resolved,medium,Pricing dispute,social,STR011,CUS00353,3.0,5.58,True,Northeast
TKT001110,2024-12-04 09:42:00,,2024-12-07 09:42:00,pending,medium,Store experience,email,STR015,CUS00095,,,,West
TKT001111,2024-01-04 10:49:00,2024-01-22 01:22:47,2024-01-11 10:49:00,resolved,low,Store experience,in_store,STR020,CUS00249,2.0,422.56,False,West
TKT001112,2024-10-29 13:44:00,2024-10-30 10:55:50,2024-10-30 13:44:00,resolved,high,Online order issue,phone,STR004,CUS00456,4.0,21.2,True,Southwest
TKT001113,2024-12-07 07:48:00,2024-12-08 20:07:36,2024-12-10 07:48:00,resolved,medium,Online order issue,email,STR014,CUS00409,4.0,36.33,True,Southwest
TKT001114,2024-12-28 18:32:00,2024-12-29 14:33:31,2024-12-31 18:32:00,resolved,medium,Online order issue,social,STR016,CUS00441,4.0,20.03,True,Northeast
TKT001115,2024-07-12 15:43:00,2024-07-13 09:35:40,2024-07-15 15:43:00,resolved,medium,Staff conduct,social,STR008,CUS00342,3.0,17.88,True,Midwest
TKT001116,2024-08-21 17:08:00,2024-08-21 18:12:59,2024-08-21 21:08:00,resolved,critical,Product defect,phone,STR022,CUS00478,5.0,1.08,True,Southeast
TKT001117,2024-08-19 17:34:00,2024-08-20 12:14:55,2024-08-26 17:34:00,resolved,low,Wrong item,phone,STR006,CUS00446,5.0,18.68,True,Northeast
TKT001118,2024-07-16 07:34:00,2024-07-22 17:53:53,2024-07-23 07:34:00,resolved,low,Staff conduct,in_store,STR004,CUS00337,4.0,154.33,True,Southwest
TKT001119,2024-06-29 17:44:00,2024-07-04 18:24:06,2024-07-06 17:44:00,resolved,low,Late delivery,in_store,STR008,CUS00180,3.0,120.67,True,Midwest
TKT001120,2024-02-11 18:31:00,,2024-02-14 18:31:00,escalated,medium,Online order issue,social,STR013,CUS00319,,,,Midwest
TKT001121,2024-02-29 10:18:00,2024-02-29 16:32:26,2024-03-01 10:18:00,resolved,high,Online order issue,chat,STR002,CUS00382,5.0,6.24,True,Southeast
TKT001122,2024-05-05 18:25:00,2024-05-05 23:39:28,2024-05-08 18:25:00,resolved,medium,Online order issue,phone,STR018,CUS00028,3.0,5.24,True,Midwest
TKT001123,2024-03-17 07:16:00,2024-03-17 09:52:37,2024-03-17 11:16:00,resolved,critical,Pricing dispute,in_store,STR021,CUS00329,5.0,2.61,True,Northeast
TKT001124,2024-02-11 15:23:00,2024-02-15 00:50:13,2024-02-18 15:23:00,resolved,low,Store experience,chat,STR001,CUS00462,5.0,81.45,True,Northeast
TKT001125,2024-03-21 16:01:00,2024-03-22 02:16:04,2024-03-22 16:01:00,resolved,high,Wrong item,phone,STR004,CUS00182,5.0,10.25,True,Southwest
TKT001126,2024-04-19 16:04:00,2024-04-20 22:44:36,2024-04-22 16:04:00,resolved,medium,Refund request,social,STR015,CUS00221,5.0,30.68,True,West
TKT001127,2024-10-05 15:01:00,,2024-10-06 15:01:00,pending,high,Product defect,social,STR017,CUS00238,,,,Southeast
TKT001128,2024-06-13 15:54:00,2024-06-15 00:17:10,2024-06-16 15:54:00,resolved,medium,Online order issue,social,STR010,CUS00444,4.0,32.39,True,West
TKT001129,2024-08-05 13:25:00,2024-08-05 18:38:57,2024-08-06 13:25:00,resolved,high,Staff conduct,chat,STR020,CUS00266,5.0,5.23,True,West
TKT001130,2024-06-19 19:24:00,2024-06-23 11:36:52,2024-06-26 19:24:00,resolved,low,Pricing dispute,phone,STR002,CUS00038,4.0,88.21,True,Southeast
TKT001131,2024-10-28 07:58:00,2024-10-30 16:28:07,2024-11-04 07:58:00,resolved,low,Wrong item,in_store,STR011,CUS00141,4.0,56.5,True,Northeast
TKT001132,2024-01-30 14:44:00,2024-02-03 09:47:13,2024-02-06 14:44:00,resolved,low,Store experience,social,STR016,CUS00264,5.0,91.05,True,Northeast
TKT001133,2024-04-14 09:34:00,2024-04-15 14:19:58,2024-04-17 09:34:00,resolved,medium,Pricing dispute,chat,STR017,CUS00148,5.0,28.77,True,Southeast
TKT001134,2024-11-12 18:44:00,2024-11-13 09:10:47,2024-11-15 18:44:00,resolved,medium,Product defect,social,STR023,CUS00335,4.0,14.45,True,Midwest
TKT001135,2024-12-29 11:42:00,2025-01-01 01:28:05,2025-01-01 11:42:00,resolved,medium,Refund request,social,STR001,CUS00325,5.0,61.77,True,Northeast
TKT001136,2024-08-31 16:48:00,2024-09-01 07:12:01,2024-09-03 16:48:00,resolved,medium,Pricing dispute,chat,STR017,CUS00036,5.0,14.4,True,Southeast
TKT001137,2024-05-08 09:32:00,2024-05-08 11:24:59,2024-05-09 09:32:00,resolved,high,Store experience,in_store,STR011,CUS00124,3.0,1.88,True,Northeast
TKT001138,2024-07-13 14:44:00,,2024-07-16 14:44:00,pending,medium,Wrong item,email,STR017,CUS00166,,,,Southeast
TKT001139,2024-07-25 16:48:00,,2024-07-25 20:48:00,escalated,critical,Store experience,social,STR014,CUS00146,,,,Southwest
TKT001140,2024-03-21 11:20:00,2024-03-22 22:23:52,2024-03-28 11:20:00,resolved,low,Store experience,phone,STR011,CUS00373,5.0,35.06,True,Northeast
TKT001141,2024-05-31 18:57:00,,2024-05-31 22:57:00,pending,critical,Late delivery,social,STR017,CUS00419,,,,Southeast
TKT001142,2024-05-29 20:28:00,,2024-06-01 20:28:00,pending,medium,Late delivery,email,STR023,CUS00223,,,,Midwest
TKT001143,2024-10-02 17:37:00,2024-10-05 03:32:56,2024-10-09 17:37:00,resolved,low,Online order issue,email,STR021,CUS00237,4.0,57.93,True,Northeast
TKT001144,2024-09-13 10:11:00,,2024-09-20 10:11:00,pending,low,Pricing dispute,email,STR009,CUS00125,,,,Southwest
TKT001145,2024-08-07 14:47:00,2024-08-14 03:24:59,2024-08-14 14:47:00,resolved,low,Product defect,social,STR021,CUS00223,4.0,156.63,True,Northeast
TKT001146,2024-11-09 17:59:00,2024-11-10 15:57:08,2024-11-10 17:59:00,resolved,high,Store experience,in_store,STR020,CUS00454,5.0,21.97,True,West
TKT001147,2024-11-28 15:05:00,2024-11-30 10:36:01,2024-12-01 15:05:00,resolved,medium,Product defect,social,STR016,CUS00421,5.0,43.52,True,Northeast
TKT001148,2024-03-17 18:50:00,2024-04-05 21:16:40,2024-03-24 18:50:00,resolved,low,Refund request,phone,STR013,CUS00362,3.0,458.44,False,Midwest
TKT001149,2024-04-21 10:22:00,,2024-04-22 10:22:00,pending,high,Wrong item,in_store,STR001,CUS00467,,,,Northeast
TKT001150,2024-06-08 20:02:00,,2024-06-15 20:02:00,pending,low,Late delivery,email,STR023,CUS00318,,,,Midwest
TKT001151,2024-01-19 14:17:00,2024-01-20 04:08:16,2024-01-20 14:17:00,resolved,high,Wrong item,email,STR010,CUS00445,5.0,13.85,True,West
TKT001152,2024-04-04 07:17:00,2024-04-07 15:56:55,2024-04-07 07:17:00,resolved,medium,Store experience,phone,STR004,CUS00240,1.0,80.67,False,Southwest
TKT001153,2024-01-17 15:44:00,2024-02-01 10:43:13,2024-01-24 15:44:00,resolved,low,Staff conduct,in_store,STR014,CUS00098,3.0,354.99,False,Southwest
TKT001154,2024-11-29 16:07:00,2024-11-30 08:35:16,2024-11-30 16:07:00,resolved,high,Late delivery,email,STR019,CUS00321,4.0,16.47,True,Southwest
TKT001155,2024-04-01 07:31:00,2024-04-01 09:34:22,2024-04-04 07:31:00,resolved,medium,Store experience,phone,STR003,CUS00056,3.0,2.06,True,Midwest
TKT001156,2024-12-04 09:28:00,2024-12-10 01:32:16,2024-12-07 09:28:00,closed_unresolved,medium,Online order issue,phone,STR005,CUS00248,2.0,136.07,False,West
TKT001157,2024-09-12 19:16:00,2024-09-14 05:49:02,2024-09-15 19:16:00,resolved,medium,Store experience,social,STR008,CUS00139,4.0,34.55,True,Midwest
TKT001158,2024-06-14 08:09:00,2024-06-15 07:14:54,2024-06-17 08:09:00,resolved,medium,Store experience,in_store,STR005,CUS00155,5.0,23.1,True,West
TKT001159,2024-08-23 11:03:00,2024-09-10 18:00:29,2024-08-30 11:03:00,resolved,low,Pricing dispute,chat,STR017,CUS00487,1.0,438.96,False,Southeast
TKT001160,2024-03-10 17:15:00,2024-03-11 13:04:56,2024-03-13 17:15:00,resolved,medium,Staff conduct,email,STR002,CUS00153,4.0,19.83,True,Southeast
TKT001161,2024-04-29 16:52:00,2024-05-03 14:58:15,2024-05-02 16:52:00,resolved,medium,Pricing dispute,in_store,STR018,CUS00122,3.0,94.1,False,Midwest
TKT001162,2024-01-26 12:57:00,2024-01-27 00:37:13,2024-01-27 12:57:00,resolved,high,Wrong item,social,STR018,CUS00113,4.0,11.67,True,Midwest
TKT001163,2024-04-25 08:52:00,2024-04-28 00:51:24,2024-04-28 08:52:00,resolved,medium,Product defect,in_store,STR021,CUS00126,5.0,63.99,True,Northeast
TKT001164,2024-04-27 12:13:00,2024-05-01 00:24:31,2024-04-30 12:13:00,resolved,medium,Wrong item,in_store,STR021,CUS00334,2.0,84.19,False,Northeast
TKT001165,2024-07-21 14:04:00,2024-07-27 00:31:08,2024-07-28 14:04:00,resolved,low,Staff conduct,social,STR021,CUS00001,5.0,130.45,True,Northeast
TKT001166,2024-07-08 15:14:00,2024-07-09 05:12:12,2024-07-11 15:14:00,resolved,medium,Staff conduct,in_store,STR008,CUS00273,3.0,13.97,True,Midwest
TKT001167,2024-08-25 08:59:00,2024-08-27 02:37:07,2024-08-28 08:59:00,resolved,medium,Late delivery,phone,STR005,CUS00266,3.0,41.64,True,West
TKT001168,2024-04-05 15:17:00,,2024-04-12 15:17:00,pending,low,Late delivery,social,STR021,CUS00363,,,,Northeast
TKT001169,2024-10-27 18:26:00,2024-11-01 07:55:05,2024-10-30 18:26:00,resolved,medium,Wrong item,phone,STR005,CUS00247,2.0,109.48,False,West
TKT001170,2024-03-13 18:20:00,,2024-03-16 18:20:00,pending,medium,Wrong item,in_store,STR002,CUS00430,,,,Southeast
TKT001171,2024-12-20 10:45:00,,2024-12-23 10:45:00,pending,medium,Online order issue,social,STR004,CUS00338,,,,Southwest
TKT001172,2024-03-22 08:07:00,2024-03-22 13:50:53,2024-03-23 08:07:00,resolved,high,Online order issue,social,STR019,CUS00239,4.0,5.73,True,Southwest
TKT001173,2024-12-27 20:09:00,2024-12-30 09:11:25,2024-12-28 20:09:00,resolved,high,Late delivery,in_store,STR016,CUS00192,4.0,61.04,False,Northeast
TKT001174,2024-07-29 16:38:00,2024-07-30 06:28:13,2024-07-30 16:38:00,resolved,high,Product defect,in_store,STR002,CUS00359,5.0,13.84,True,Southeast
TKT001175,2024-07-23 14:02:00,2024-07-27 23:26:23,2024-07-30 14:02:00,resolved,low,Wrong item,in_store,STR020,CUS00136,5.0,105.41,True,West
TKT001176,2024-07-21 16:20:00,2024-07-21 18:23:30,2024-07-24 16:20:00,resolved,medium,Staff conduct,in_store,STR017,CUS00252,4.0,2.06,True,Southeast
TKT001177,2024-01-03 15:56:00,,2024-01-04 15:56:00,pending,high,Product defect,chat,STR021,CUS00088,,,,Northeast
TKT001178,2024-08-15 13:51:00,,2024-08-22 13:51:00,escalated,low,Pricing dispute,in_store,STR011,CUS00234,,,,Northeast
TKT001179,2024-02-06 10:04:00,,2024-02-13 10:04:00,pending,low,Refund request,phone,STR022,CUS00352,,,,Southeast
TKT001180,2024-03-14 08:07:00,,2024-03-17 08:07:00,pending,medium,Pricing dispute,email,STR006,CUS00204,,,,Northeast
TKT001181,2024-06-05 15:02:00,2024-06-05 17:46:56,2024-06-05 19:02:00,resolved,critical,Online order issue,in_store,STR023,CUS00126,4.0,2.75,True,Midwest
TKT001182,2024-08-07 12:11:00,2024-08-09 12:53:12,2024-08-10 12:11:00,resolved,medium,Refund request,chat,STR004,CUS00148,5.0,48.7,True,Southwest
TKT001183,2024-04-22 15:24:00,,2024-04-25 15:24:00,pending,medium,Refund request,social,STR003,CUS00132,,,,Midwest
TKT001184,2024-09-28 11:10:00,2024-09-28 19:08:36,2024-09-29 11:10:00,resolved,high,Pricing dispute,phone,STR016,CUS00189,4.0,7.98,True,Northeast
TKT001185,2024-02-03 14:44:00,2024-02-03 22:52:07,2024-02-04 14:44:00,resolved,high,Late delivery,social,STR006,CUS00049,4.0,8.14,True,Northeast
TKT001186,2024-02-29 18:47:00,2024-03-01 05:23:04,2024-03-01 18:47:00,resolved,high,Online order issue,email,STR007,CUS00227,4.0,10.6,True,Southeast
TKT001187,2024-08-21 07:30:00,2024-08-23 06:04:40,2024-08-24 07:30:00,resolved,medium,Late delivery,chat,STR015,CUS00061,4.0,46.58,True,West
TKT001188,2024-03-20 12:36:00,,2024-03-21 12:36:00,pending,high,Product defect,phone,STR016,CUS00381,,,,Northeast
TKT001189,2024-07-31 11:09:00,2024-08-02 15:17:00,2024-08-03 11:09:00,resolved,medium,Store experience,social,STR008,CUS00251,4.0,52.13,True,Midwest
TKT001190,2024-10-05 07:10:00,2024-10-07 14:15:48,2024-10-06 07:10:00,resolved,high,Staff conduct,email,STR011,CUS00374,3.0,55.1,False,Northeast
TKT001191,2024-09-12 13:39:00,2024-09-12 20:07:24,2024-09-19 13:39:00,resolved,low,Wrong item,social,STR020,CUS00070,4.0,6.47,True,West
TKT001192,2024-10-15 12:26:00,2024-10-15 15:48:32,2024-10-16 12:26:00,resolved,high,Pricing dispute,email,STR023,CUS00073,4.0,3.38,True,Midwest
TKT001193,2024-10-04 08:03:00,2024-10-05 10:24:04,2024-10-11 08:03:00,resolved,low,Online order issue,in_store,STR009,CUS00402,3.0,26.35,True,Southwest
TKT001194,2024-10-09 07:29:00,2024-10-10 06:38:56,2024-10-12 07:29:00,resolved,medium,Pricing dispute,email,STR001,CUS00262,5.0,23.17,True,Northeast
TKT001195,2024-10-22 16:47:00,,2024-10-23 16:47:00,escalated,high,Staff conduct,chat,STR010,CUS00239,,,,West
TKT001196,2024-01-24 09:42:00,2024-02-03 00:52:04,2024-01-31 09:42:00,resolved,low,Refund request,chat,STR021,CUS00028,3.0,231.17,False,Northeast
TKT001197,2024-10-28 11:45:00,2024-10-31 18:08:58,2024-11-04 11:45:00,resolved,low,Pricing dispute,social,STR006,CUS00039,4.0,78.4,True,Northeast
TKT001198,2024-10-09 16:25:00,2024-10-10 22:08:56,2024-10-12 16:25:00,resolved,medium,Wrong item,chat,STR021,CUS00201,5.0,29.73,True,Northeast
TKT001199,2024-09-21 17:14:00,2024-09-22 05:36:54,2024-09-22 17:14:00,resolved,high,Staff conduct,in_store,STR021,CUS00234,4.0,12.38,True,Northeast
TKT001200,2024-02-10 08:53:00,2024-02-15 18:31:38,2024-02-17 08:53:00,resolved,low,Pricing dispute,in_store,STR023,CUS00172,4.0,129.64,True,Midwest
TKT001201,2024-08-30 16:35:00,2024-08-30 17:44:21,2024-08-30 20:35:00,resolved,critical,Store experience,social,STR014,CUS00269,4.0,1.16,True,Southwest
TKT001202,2024-03-18 08:57:00,2024-03-24 09:28:32,2024-03-25 08:57:00,resolved,low,Staff conduct,phone,STR011,CUS00025,4.0,144.53,True,Northeast
TKT001203,2024-07-31 12:10:00,2024-08-02 20:49:38,2024-08-07 12:10:00,resolved,low,Staff conduct,phone,STR018,CUS00125,5.0,56.66,True,Midwest
TKT001204,2024-08-15 17:54:00,2024-08-19 04:48:43,2024-08-22 17:54:00,resolved,low,Online order issue,chat,STR004,CUS00185,5.0,82.91,True,Southwest
TKT001205,2024-12-03 09:28:00,2024-12-13 09:30:12,2024-12-10 09:28:00,resolved,low,Pricing dispute,social,STR001,CUS00044,2.0,240.04,False,Northeast
TKT001206,2024-11-11 10:51:00,2024-11-12 02:51:37,2024-11-14 10:51:00,resolved,medium,Online order issue,chat,STR019,CUS00304,5.0,16.01,True,Southwest
TKT001207,2024-09-05 12:02:00,2024-09-05 18:53:04,2024-09-08 12:02:00,resolved,medium,Store experience,email,STR006,CUS00009,5.0,6.85,True,Northeast
TKT001208,2024-12-09 19:29:00,2024-12-13 19:33:52,2024-12-12 19:29:00,resolved,medium,Refund request,chat,STR001,CUS00078,1.0,96.08,False,Northeast
TKT001209,2024-10-13 16:48:00,2024-10-13 19:34:21,2024-10-13 20:48:00,resolved,critical,Product defect,phone,STR009,CUS00466,3.0,2.77,True,Southwest
TKT001210,2024-06-06 20:54:00,2024-06-18 03:19:08,2024-06-13 20:54:00,closed_unresolved,low,Product defect,phone,STR014,CUS00309,3.0,270.42,False,Southwest
TKT001211,2024-02-19 09:27:00,,2024-02-20 09:27:00,pending,high,Store experience,social,STR011,CUS00307,,,,Northeast
TKT001212,2024-12-28 18:40:00,2024-12-29 07:22:36,2024-12-31 18:40:00,resolved,medium,Product defect,email,STR009,CUS00332,3.0,12.71,True,Southwest
TKT001213,2024-08-20 07:42:00,,2024-08-23 07:42:00,escalated,medium,Late delivery,email,STR007,CUS00008,,,,Southeast
TKT001214,2024-01-12 14:06:00,,2024-01-19 14:06:00,escalated,low,Refund request,in_store,STR012,CUS00063,,,,Southeast
TKT001215,2024-12-18 11:02:00,2024-12-25 17:49:24,2024-12-21 11:02:00,resolved,medium,Staff conduct,phone,STR017,CUS00203,2.0,174.79,False,Southeast
TKT001216,2024-05-30 10:32:00,2024-05-30 14:15:53,2024-05-30 14:32:00,resolved,critical,Staff conduct,in_store,STR010,CUS00452,5.0,3.73,True,West
TKT001217,2024-02-01 11:07:00,,2024-02-02 11:07:00,pending,high,Refund request,in_store,STR010,CUS00371,,,,West
TKT001218,2024-10-22 10:53:00,2024-10-28 04:21:44,2024-10-29 10:53:00,resolved,low,Pricing dispute,chat,STR007,CUS00426,4.0,137.48,True,Southeast
TKT001219,2024-01-29 14:31:00,2024-01-31 21:41:15,2024-02-01 14:31:00,resolved,medium,Late delivery,email,STR012,CUS00464,3.0,55.17,True,Southeast
TKT001220,2024-06-06 20:05:00,2024-06-07 10:39:46,2024-06-07 20:05:00,resolved,high,Staff conduct,in_store,STR002,CUS00090,4.0,14.58,True,Southeast
TKT001221,2024-10-27 07:39:00,2024-10-27 09:09:58,2024-10-30 07:39:00,resolved,medium,Late delivery,chat,STR002,CUS00314,5.0,1.52,True,Southeast
TKT001222,2024-10-17 14:15:00,2024-10-18 18:17:13,2024-10-20 14:15:00,resolved,medium,Late delivery,social,STR014,CUS00423,3.0,28.04,True,Southwest
TKT001223,2024-06-29 15:02:00,,2024-07-02 15:02:00,pending,medium,Online order issue,email,STR014,CUS00014,,,,Southwest
TKT001224,2024-08-13 15:07:00,,2024-08-14 15:07:00,pending,high,Staff conduct,chat,STR019,CUS00151,,,,Southwest
TKT001225,2024-11-13 19:00:00,2024-11-28 14:07:23,2024-11-20 19:00:00,resolved,low,Wrong item,email,STR020,CUS00452,3.0,355.12,False,West
TKT001226,2024-04-10 17:49:00,,2024-04-10 21:49:00,pending,critical,Refund request,in_store,STR004,CUS00140,,,,Southwest
TKT001227,2024-08-20 19:00:00,,2024-08-21 19:00:00,pending,high,Online order issue,phone,STR020,CUS00125,,,,West
TKT001228,2024-07-20 19:10:00,2024-07-25 06:31:36,2024-07-27 19:10:00,resolved,low,Product defect,social,STR015,CUS00384,5.0,107.36,True,West
TKT001229,2024-09-09 13:47:00,2024-09-11 21:05:54,2024-09-12 13:47:00,resolved,medium,Online order issue,in_store,STR008,CUS00039,5.0,55.32,True,Midwest
TKT001230,2024-11-16 20:42:00,2024-11-19 06:00:10,2024-11-19 20:42:00,resolved,medium,Store experience,email,STR011,CUS00396,5.0,57.3,True,Northeast
TKT001231,2024-04-07 16:00:00,2024-04-11 07:55:11,2024-04-14 16:00:00,resolved,low,Late delivery,social,STR018,CUS00008,5.0,87.92,True,Midwest
TKT001232,2024-11-08 11:49:00,2024-11-08 18:02:15,2024-11-09 11:49:00,resolved,high,Wrong item,chat,STR017,CUS00363,5.0,6.22,True,Southeast
TKT001233,2024-03-09 08:24:00,2024-03-16 21:21:53,2024-03-16 08:24:00,resolved,low,Pricing dispute,email,STR013,CUS00150,4.0,180.96,False,Midwest
TKT001234,2024-09-23 17:48:00,,2024-09-26 17:48:00,pending,medium,Staff conduct,chat,STR010,CUS00481,,,,West
TKT001235,2024-09-03 12:37:00,2024-09-05 13:43:55,2024-09-10 12:37:00,resolved,low,Staff conduct,social,STR017,CUS00048,4.0,49.12,True,Southeast
TKT001236,2024-07-27 10:14:00,2024-07-31 17:04:35,2024-08-03 10:14:00,resolved,low,Store experience,email,STR011,CUS00341,5.0,102.84,True,Northeast
TKT001237,2024-11-18 18:33:00,,2024-11-21 18:33:00,pending,medium,Refund request,chat,STR001,CUS00229,,,,Northeast
TKT001238,2024-07-23 10:35:00,2024-07-24 02:40:21,2024-07-24 10:35:00,resolved,high,Online order issue,in_store,STR006,CUS00042,5.0,16.09,True,Northeast
TKT001239,2024-03-29 15:17:00,2024-03-29 21:29:22,2024-04-05 15:17:00,resolved,low,Store experience,phone,STR010,CUS00277,5.0,6.21,True,West
TKT001240,2024-04-29 16:35:00,2024-05-04 22:45:29,2024-05-02 16:35:00,resolved,medium,Pricing dispute,chat,STR006,CUS00192,1.0,126.17,False,Northeast
TKT001241,2024-08-24 19:55:00,2024-08-31 17:27:55,2024-08-27 19:55:00,resolved,medium,Late delivery,chat,STR012,CUS00420,2.0,165.55,False,Southeast
TKT001242,2024-02-12 12:32:00,2024-02-12 13:43:54,2024-02-13 12:32:00,resolved,high,Late delivery,phone,STR018,CUS00263,5.0,1.2,True,Midwest
TKT001243,2024-10-10 17:31:00,,2024-10-13 17:31:00,pending,medium,Store experience,in_store,STR006,CUS00107,,,,Northeast
TKT001244,2024-01-24 11:16:00,2024-01-30 01:53:59,2024-01-31 11:16:00,resolved,low,Store experience,in_store,STR010,CUS00277,5.0,134.63,True,West
TKT001245,2024-05-24 13:15:00,2024-06-01 19:02:00,2024-05-31 13:15:00,closed_unresolved,low,Wrong item,in_store,STR016,CUS00219,1.0,197.78,False,Northeast
TKT001246,2024-10-27 14:14:00,2024-10-30 20:09:52,2024-11-03 14:14:00,resolved,low,Wrong item,email,STR018,CUS00049,5.0,77.93,True,Midwest
TKT001247,2024-12-02 20:20:00,2024-12-07 03:58:26,2024-12-05 20:20:00,resolved,medium,Late delivery,in_store,STR017,CUS00194,2.0,103.64,False,Southeast
TKT001248,2024-03-27 14:18:00,2024-03-29 11:15:00,2024-03-30 14:18:00,resolved,medium,Wrong item,social,STR001,CUS00039,4.0,44.95,True,Northeast
TKT001249,2024-12-21 20:51:00,2024-12-25 11:30:27,2024-12-28 20:51:00,resolved,low,Store experience,phone,STR016,CUS00486,5.0,86.66,True,Northeast
TKT001250,2024-12-02 15:22:00,,2024-12-09 15:22:00,escalated,low,Late delivery,in_store,STR023,CUS00426,,,,Midwest
TKT001251,2024-04-17 13:34:00,2024-04-20 14:22:49,2024-04-24 13:34:00,resolved,low,Late delivery,phone,STR019,CUS00411,3.0,72.81,True,Southwest
TKT001252,2024-12-29 13:39:00,2025-01-03 20:52:00,2025-01-05 13:39:00,resolved,low,Product defect,in_store,STR007,CUS00482,5.0,127.22,True,Southeast
TKT001253,2024-06-24 09:09:00,2024-06-24 18:56:25,2024-06-27 09:09:00,resolved,medium,Staff conduct,email,STR007,CUS00051,4.0,9.79,True,Southeast
TKT001254,2024-04-26 08:10:00,2024-04-26 13:05:32,2024-04-26 12:10:00,resolved,critical,Pricing dispute,email,STR021,CUS00318,3.0,4.93,False,Northeast
TKT001255,2024-03-30 08:44:00,2024-03-30 11:58:50,2024-04-02 08:44:00,resolved,medium,Product defect,social,STR020,CUS00026,4.0,3.25,True,West
TKT001256,2024-07-20 10:04:00,2024-08-06 15:29:33,2024-07-27 10:04:00,resolved,low,Wrong item,chat,STR015,CUS00433,4.0,413.43,False,West
TKT001257,2024-05-08 13:46:00,2024-05-08 18:33:23,2024-05-09 13:46:00,resolved,high,Online order issue,email,STR020,CUS00193,4.0,4.79,True,West
TKT001258,2024-05-21 14:30:00,2024-05-22 13:00:07,2024-05-28 14:30:00,resolved,low,Online order issue,phone,STR018,CUS00205,3.0,22.5,True,Midwest
TKT001259,2024-03-11 09:47:00,2024-03-12 10:20:04,2024-03-14 09:47:00,resolved,medium,Wrong item,phone,STR003,CUS00278,4.0,24.55,True,Midwest
TKT001260,2024-07-07 14:25:00,2024-07-09 06:23:52,2024-07-10 14:25:00,resolved,medium,Refund request,phone,STR011,CUS00396,5.0,39.98,True,Northeast
TKT001261,2024-03-27 18:38:00,2024-03-29 13:33:53,2024-03-30 18:38:00,resolved,medium,Wrong item,phone,STR022,CUS00279,5.0,42.93,True,Southeast
TKT001262,2024-07-23 17:46:00,2024-07-23 23:09:51,2024-07-23 21:46:00,closed_unresolved,critical,Staff conduct,chat,STR021,CUS00287,2.0,5.4,False,Northeast
TKT001263,2024-02-07 20:30:00,2024-02-09 11:40:31,2024-02-10 20:30:00,resolved,medium,Wrong item,social,STR002,CUS00259,4.0,39.18,True,Southeast
TKT001264,2024-12-01 10:15:00,2024-12-02 00:21:20,2024-12-04 10:15:00,resolved,medium,Pricing dispute,chat,STR003,CUS00002,4.0,14.11,True,Midwest
TKT001265,2024-10-28 17:27:00,2024-10-28 20:53:25,2024-10-28 21:27:00,resolved,critical,Late delivery,in_store,STR004,CUS00193,5.0,3.44,True,Southwest
TKT001266,2024-08-16 18:26:00,2024-08-17 06:05:02,2024-08-17 18:26:00,resolved,high,Store experience,chat,STR011,CUS00440,4.0,11.65,True,Northeast
TKT001267,2024-04-10 07:18:00,,2024-04-10 11:18:00,escalated,critical,Pricing dispute,in_store,STR003,CUS00436,,,,Midwest
TKT001268,2024-06-24 12:31:00,,2024-07-01 12:31:00,escalated,low,Pricing dispute,chat,STR016,CUS00189,,,,Northeast
TKT001269,2024-12-25 18:09:00,2024-12-25 22:08:38,2024-12-26 18:09:00,resolved,high,Refund request,chat,STR023,CUS00192,5.0,3.99,True,Midwest
TKT001270,2024-11-08 07:39:00,2024-11-14 00:38:43,2024-11-15 07:39:00,resolved,low,Staff conduct,email,STR009,CUS00087,4.0,137.0,True,Southwest
TKT001271,2024-05-28 19:48:00,2024-05-31 03:14:40,2024-05-29 19:48:00,resolved,high,Pricing dispute,email,STR014,CUS00390,3.0,55.44,False,Southwest
TKT001272,2024-10-31 09:46:00,2024-11-08 00:31:39,2024-11-03 09:46:00,resolved,medium,Wrong item,social,STR008,CUS00175,3.0,182.76,False,Midwest
TKT001273,2024-05-11 20:17:00,2024-05-13 09:32:01,2024-05-18 20:17:00,resolved,low,Refund request,phone,STR017,CUS00411,5.0,37.25,True,Southeast
TKT001274,2024-04-24 12:50:00,2024-04-26 18:56:00,2024-05-01 12:50:00,resolved,low,Pricing dispute,email,STR003,CUS00477,4.0,54.1,True,Midwest
TKT001275,2024-09-09 19:11:00,2024-09-10 13:37:20,2024-09-12 19:11:00,resolved,medium,Store experience,chat,STR003,CUS00210,5.0,18.44,True,Midwest
TKT001276,2024-11-26 11:09:00,2024-12-08 22:04:49,2024-12-03 11:09:00,resolved,low,Wrong item,chat,STR003,CUS00328,3.0,298.93,False,Midwest
TKT001277,2024-10-18 17:17:00,2024-10-18 18:02:02,2024-10-18 21:17:00,resolved,critical,Pricing dispute,chat,STR009,CUS00265,5.0,0.75,True,Southwest
TKT001278,2024-02-20 09:43:00,,2024-02-23 09:43:00,escalated,medium,Wrong item,chat,STR014,CUS00432,,,,Southwest
TKT001279,2024-09-11 20:23:00,2024-09-13 20:40:50,2024-09-18 20:23:00,resolved,low,Staff conduct,phone,STR010,CUS00004,5.0,48.3,True,West
TKT001280,2024-10-25 11:50:00,2024-10-25 20:28:39,2024-10-26 11:50:00,resolved,high,Staff conduct,email,STR021,CUS00423,4.0,8.64,True,Northeast
TKT001281,2024-01-26 18:24:00,2024-01-27 19:49:59,2024-01-29 18:24:00,resolved,medium,Refund request,social,STR006,CUS00473,5.0,25.43,True,Northeast
TKT001282,2024-04-15 14:52:00,2024-04-16 13:02:51,2024-04-18 14:52:00,resolved,medium,Product defect,social,STR011,CUS00357,4.0,22.18,True,Northeast
TKT001283,2024-02-13 10:31:00,2024-02-14 03:23:41,2024-02-14 10:31:00,resolved,high,Wrong item,in_store,STR012,CUS00172,4.0,16.88,True,Southeast
TKT001284,2024-01-29 13:08:00,2024-01-29 14:20:33,2024-01-29 17:08:00,resolved,critical,Store experience,social,STR022,CUS00077,4.0,1.21,True,Southeast
TKT001285,2024-12-12 07:13:00,,2024-12-19 07:13:00,pending,low,Wrong item,phone,STR020,CUS00259,,,,West
TKT001286,2024-11-24 15:31:00,2024-11-26 20:14:58,2024-11-27 15:31:00,resolved,medium,Staff conduct,in_store,STR008,CUS00423,5.0,52.73,True,Midwest
TKT001287,2024-10-21 07:48:00,2024-10-21 17:33:03,2024-10-24 07:48:00,resolved,medium,Pricing dispute,social,STR012,CUS00146,4.0,9.75,True,Southeast
TKT001288,2024-01-11 12:36:00,2024-01-12 14:07:59,2024-01-18 12:36:00,resolved,low,Late delivery,social,STR013,CUS00190,4.0,25.53,True,Midwest
TKT001289,2024-09-16 15:12:00,2024-09-17 23:45:18,2024-09-19 15:12:00,resolved,medium,Online order issue,chat,STR022,CUS00295,5.0,32.56,True,Southeast
TKT001290,2024-06-28 12:47:00,,2024-07-01 12:47:00,pending,medium,Staff conduct,chat,STR002,CUS00399,,,,Southeast
TKT001291,2024-08-30 17:15:00,2024-09-01 05:14:42,2024-09-02 17:15:00,resolved,medium,Online order issue,in_store,STR006,CUS00087,4.0,36.0,True,Northeast
TKT001292,2024-04-28 19:44:00,,2024-05-05 19:44:00,pending,low,Product defect,email,STR011,CUS00130,,,,Northeast
TKT001293,2024-03-09 18:22:00,2024-03-13 16:32:03,2024-03-16 18:22:00,resolved,low,Online order issue,social,STR004,CUS00088,3.0,94.17,True,Southwest
TKT001294,2024-07-03 13:05:00,2024-07-04 17:18:04,2024-07-06 13:05:00,resolved,medium,Pricing dispute,social,STR016,CUS00074,4.0,28.22,True,Northeast
TKT001295,2024-12-27 17:11:00,2024-12-29 07:48:45,2024-12-30 17:11:00,resolved,medium,Product defect,in_store,STR001,CUS00127,5.0,38.63,True,Northeast
TKT001296,2024-07-07 12:52:00,2024-07-07 13:28:22,2024-07-07 16:52:00,resolved,critical,Wrong item,email,STR010,CUS00384,5.0,0.61,True,West
TKT001297,2024-06-24 07:30:00,2024-06-25 09:43:42,2024-07-01 07:30:00,resolved,low,Pricing dispute,chat,STR018,CUS00091,4.0,26.23,True,Midwest
TKT001298,2024-11-16 12:31:00,2024-11-16 16:25:54,2024-11-19 12:31:00,resolved,medium,Pricing dispute,chat,STR010,CUS00424,5.0,3.92,True,West
TKT001299,2024-11-20 17:58:00,2024-11-20 20:59:51,2024-11-27 17:58:00,resolved,low,Pricing dispute,chat,STR006,CUS00231,5.0,3.03,True,Northeast
TKT001300,2024-08-03 14:29:00,2024-08-09 12:54:35,2024-08-10 14:29:00,resolved,low,Late delivery,in_store,STR008,CUS00352,5.0,142.43,True,Midwest
TKT001301,2024-10-30 14:53:00,,2024-11-06 14:53:00,escalated,low,Product defect,social,STR002,CUS00078,,,,Southeast
TKT001302,2024-10-29 15:36:00,2024-10-31 13:20:44,2024-11-05 15:36:00,resolved,low,Product defect,in_store,STR019,CUS00010,5.0,45.75,True,Southwest
TKT001303,2024-04-27 15:06:00,2024-04-30 10:48:01,2024-04-30 15:06:00,resolved,medium,Late delivery,in_store,STR007,CUS00189,5.0,67.7,True,Southeast
TKT001304,2024-08-21 16:48:00,2024-08-23 08:26:34,2024-08-24 16:48:00,resolved,medium,Online order issue,in_store,STR015,CUS00302,4.0,39.64,True,West
TKT001305,2024-04-14 11:03:00,2024-04-14 11:36:07,2024-04-15 11:03:00,resolved,high,Refund request,social,STR012,CUS00028,5.0,0.55,True,Southeast
TKT001306,2024-11-14 16:40:00,2024-11-15 16:56:58,2024-11-21 16:40:00,resolved,low,Refund request,chat,STR002,CUS00378,5.0,24.28,True,Southeast
TKT001307,2024-01-25 15:37:00,2024-01-29 15:03:00,2024-01-28 15:37:00,resolved,medium,Product defect,in_store,STR001,CUS00085,1.0,95.43,False,Northeast
TKT001308,2024-08-17 11:29:00,2024-08-30 20:17:25,2024-08-24 11:29:00,resolved,low,Online order issue,in_store,STR001,CUS00292,2.0,320.81,False,Northeast
TKT001309,2024-09-10 17:46:00,,2024-09-17 17:46:00,pending,low,Online order issue,email,STR007,CUS00389,,,,Southeast
TKT001310,2024-03-02 18:32:00,2024-03-03 09:27:03,2024-03-05 18:32:00,resolved,medium,Wrong item,chat,STR006,CUS00350,3.0,14.92,True,Northeast
TKT001311,2024-01-03 15:24:00,2024-01-03 19:39:01,2024-01-04 15:24:00,resolved,high,Staff conduct,email,STR015,CUS00059,4.0,4.25,True,West
TKT001312,2024-09-15 18:50:00,2024-10-02 16:37:26,2024-09-22 18:50:00,resolved,low,Wrong item,email,STR023,CUS00362,2.0,405.79,False,Midwest
TKT001313,2024-02-21 08:22:00,2024-02-21 18:22:46,2024-02-28 08:22:00,resolved,low,Online order issue,phone,STR013,CUS00004,4.0,10.01,True,Midwest
TKT001314,2024-10-18 19:54:00,,2024-10-25 19:54:00,pending,low,Online order issue,in_store,STR010,CUS00423,,,,West
TKT001315,2024-12-11 18:41:00,2024-12-14 03:55:12,2024-12-18 18:41:00,resolved,low,Store experience,in_store,STR009,CUS00032,5.0,57.24,True,Southwest
TKT001316,2024-01-16 17:57:00,2024-01-18 07:56:48,2024-01-19 17:57:00,resolved,medium,Product defect,email,STR011,CUS00273,5.0,38.0,True,Northeast
TKT001317,2024-10-22 13:37:00,2024-10-22 20:13:41,2024-10-22 17:37:00,resolved,critical,Online order issue,social,STR011,CUS00480,1.0,6.61,False,Northeast
TKT001318,2024-01-09 19:13:00,2024-01-09 22:57:52,2024-01-16 19:13:00,resolved,low,Online order issue,phone,STR013,CUS00444,4.0,3.75,True,Midwest
TKT001319,2024-03-15 20:43:00,,2024-03-22 20:43:00,pending,low,Pricing dispute,social,STR008,CUS00401,,,,Midwest
TKT001320,2024-09-30 20:37:00,2024-10-01 21:49:18,2024-10-03 20:37:00,resolved,medium,Late delivery,email,STR010,CUS00059,4.0,25.21,True,West
TKT001321,2024-10-01 09:58:00,2024-10-01 14:53:29,2024-10-01 13:58:00,resolved,critical,Online order issue,phone,STR023,CUS00197,1.0,4.92,False,Midwest
TKT001322,2024-09-29 18:03:00,2024-09-29 21:14:52,2024-09-29 22:03:00,resolved,critical,Pricing dispute,phone,STR015,CUS00045,5.0,3.2,True,West
TKT001323,2024-03-14 12:18:00,2024-03-18 23:29:34,2024-03-17 12:18:00,closed_unresolved,medium,Pricing dispute,social,STR013,CUS00235,1.0,107.19,False,Midwest
TKT001324,2024-02-18 17:45:00,2024-02-19 16:32:52,2024-02-19 17:45:00,resolved,high,Store experience,email,STR008,CUS00194,5.0,22.8,True,Midwest
TKT001325,2024-08-21 08:24:00,,2024-08-24 08:24:00,escalated,medium,Pricing dispute,phone,STR010,CUS00495,,,,West
TKT001326,2024-11-25 12:41:00,2024-11-26 10:46:50,2024-11-28 12:41:00,resolved,medium,Online order issue,email,STR017,CUS00010,5.0,22.1,True,Southeast
TKT001327,2024-07-11 11:38:00,2024-07-16 02:55:59,2024-07-18 11:38:00,resolved,low,Refund request,social,STR009,CUS00015,3.0,111.3,True,Southwest
TKT001328,2024-08-01 10:21:00,2024-08-02 06:25:27,2024-08-02 10:21:00,resolved,high,Store experience,email,STR023,CUS00365,5.0,20.07,True,Midwest
TKT001329,2024-01-25 12:49:00,2024-01-26 04:22:41,2024-01-28 12:49:00,resolved,medium,Refund request,chat,STR015,CUS00255,4.0,15.56,True,West
TKT001330,2024-06-20 11:34:00,2024-06-20 21:13:25,2024-06-20 15:34:00,resolved,critical,Online order issue,email,STR003,CUS00401,2.0,9.66,False,Midwest
TKT001331,2024-09-24 09:11:00,2024-09-26 17:40:21,2024-10-01 09:11:00,resolved,low,Pricing dispute,chat,STR014,CUS00018,4.0,56.49,True,Southwest
TKT001332,2024-03-28 14:43:00,2024-03-31 01:07:02,2024-03-29 14:43:00,resolved,high,Staff conduct,social,STR013,CUS00361,1.0,58.4,False,Midwest
TKT001333,2024-09-16 20:00:00,2024-09-29 20:56:35,2024-09-23 20:00:00,resolved,low,Late delivery,chat,STR001,CUS00078,4.0,312.94,False,Northeast
TKT001334,2024-10-14 15:56:00,2024-10-27 05:04:38,2024-10-21 15:56:00,resolved,low,Pricing dispute,chat,STR021,CUS00123,3.0,301.14,False,Northeast
TKT001335,2024-08-03 17:01:00,2024-08-09 09:40:21,2024-08-10 17:01:00,resolved,low,Product defect,social,STR006,CUS00118,4.0,136.66,True,Northeast
TKT001336,2024-01-24 15:22:00,2024-01-26 21:10:14,2024-01-27 15:22:00,resolved,medium,Online order issue,in_store,STR012,CUS00407,4.0,53.8,True,Southeast
TKT001337,2024-10-17 19:31:00,2024-10-22 23:56:53,2024-10-24 19:31:00,resolved,low,Wrong item,chat,STR007,CUS00053,3.0,124.43,True,Southeast
TKT001338,2024-03-13 20:30:00,2024-03-17 16:29:40,2024-03-20 20:30:00,resolved,low,Late delivery,in_store,STR006,CUS00250,3.0,91.99,True,Northeast
TKT001339,2024-09-17 07:07:00,2024-10-03 22:31:45,2024-09-24 07:07:00,resolved,low,Wrong item,phone,STR013,CUS00058,2.0,399.41,False,Midwest
TKT001340,2024-05-29 11:50:00,2024-06-10 19:34:33,2024-06-05 11:50:00,resolved,low,Late delivery,email,STR001,CUS00395,4.0,295.74,False,Northeast
TKT001341,2024-12-12 09:34:00,2024-12-13 15:34:26,2024-12-13 09:34:00,closed_unresolved,high,Wrong item,phone,STR023,CUS00057,2.0,30.01,False,Midwest
TKT001342,2024-07-18 18:00:00,2024-07-21 02:28:40,2024-07-21 18:00:00,resolved,medium,Pricing dispute,in_store,STR001,CUS00337,5.0,56.48,True,Northeast
TKT001343,2024-03-06 09:44:00,2024-03-06 17:26:03,2024-03-07 09:44:00,resolved,high,Pricing dispute,chat,STR023,CUS00034,4.0,7.7,True,Midwest
TKT001344,2024-01-31 20:33:00,2024-02-01 13:47:19,2024-02-03 20:33:00,resolved,medium,Wrong item,in_store,STR006,CUS00125,5.0,17.24,True,Northeast
TKT001345,2024-09-01 12:17:00,2024-09-03 12:39:09,2024-09-08 12:17:00,resolved,low,Wrong item,social,STR004,CUS00456,4.0,48.37,True,Southwest
TKT001346,2024-03-06 07:19:00,,2024-03-13 07:19:00,pending,low,Wrong item,chat,STR002,CUS00250,,,,Southeast
TKT001347,2024-09-29 17:00:00,2024-09-29 19:59:55,2024-09-30 17:00:00,resolved,high,Store experience,chat,STR018,CUS00425,4.0,3.0,True,Midwest
TKT001348,2024-08-06 07:29:00,2024-08-06 18:36:02,2024-08-06 11:29:00,resolved,critical,Wrong item,chat,STR019,CUS00179,1.0,11.12,False,Southwest
TKT001349,2024-12-04 19:44:00,,2024-12-11 19:44:00,pending,low,Refund request,social,STR023,CUS00090,,,,Midwest
TKT001350,2024-07-22 17:45:00,,2024-07-29 17:45:00,escalated,low,Wrong item,in_store,STR017,CUS00025,,,,Southeast
TKT001351,2024-04-16 12:46:00,2024-04-19 02:09:12,2024-04-19 12:46:00,resolved,medium,Refund request,in_store,STR003,CUS00102,3.0,61.39,True,Midwest
TKT001352,2024-03-28 14:50:00,2024-04-06 08:25:27,2024-04-04 14:50:00,resolved,low,Wrong item,in_store,STR009,CUS00030,3.0,209.59,False,Southwest
TKT001353,2024-03-02 18:59:00,2024-03-17 05:01:41,2024-03-09 18:59:00,resolved,low,Late delivery,chat,STR021,CUS00350,1.0,346.04,False,Northeast
TKT001354,2024-12-18 11:46:00,2024-12-19 23:36:24,2024-12-25 11:46:00,resolved,low,Late delivery,chat,STR023,CUS00250,4.0,35.84,True,Midwest
TKT001355,2024-09-13 11:49:00,2024-09-14 10:34:19,2024-09-14 11:49:00,resolved,high,Product defect,chat,STR018,CUS00134,3.0,22.76,True,Midwest
TKT001356,2024-03-21 19:56:00,2024-04-09 17:34:04,2024-03-28 19:56:00,resolved,low,Online order issue,phone,STR011,CUS00112,3.0,453.63,False,Northeast
TKT001357,2024-08-20 18:53:00,2024-08-25 14:55:35,2024-08-23 18:53:00,resolved,medium,Store experience,in_store,STR003,CUS00331,3.0,116.04,False,Midwest
TKT001358,2024-02-13 19:33:00,2024-02-18 04:45:48,2024-02-16 19:33:00,resolved,medium,Refund request,social,STR022,CUS00373,3.0,105.21,False,Southeast
TKT001359,2024-04-05 18:28:00,2024-04-07 13:44:15,2024-04-06 18:28:00,closed_unresolved,high,Online order issue,chat,STR001,CUS00380,1.0,43.27,False,Northeast
TKT001360,2024-01-24 08:44:00,2024-01-24 09:37:32,2024-01-24 12:44:00,resolved,critical,Wrong item,chat,STR009,CUS00317,5.0,0.89,True,Southwest
TKT001361,2024-05-19 10:58:00,2024-05-21 02:31:54,2024-05-22 10:58:00,resolved,medium,Wrong item,social,STR020,CUS00468,4.0,39.57,True,West
TKT001362,2024-10-12 16:57:00,2024-10-15 07:11:38,2024-10-15 16:57:00,resolved,medium,Wrong item,chat,STR011,CUS00183,4.0,62.24,True,Northeast
TKT001363,2024-06-11 13:38:00,2024-06-12 03:17:05,2024-06-18 13:38:00,resolved,low,Store experience,in_store,STR021,CUS00167,5.0,13.65,True,Northeast
TKT001364,2024-12-13 12:24:00,2024-12-13 13:47:52,2024-12-14 12:24:00,resolved,high,Late delivery,phone,STR010,CUS00376,3.0,1.4,True,West
TKT001365,2024-04-13 18:32:00,2024-04-19 17:16:20,2024-04-20 18:32:00,resolved,low,Late delivery,in_store,STR015,CUS00169,4.0,142.74,True,West
TKT001366,2024-03-02 08:18:00,2024-03-03 22:01:51,2024-03-05 08:18:00,resolved,medium,Online order issue,phone,STR022,CUS00212,3.0,37.73,True,Southeast
TKT001367,2024-07-31 13:50:00,,2024-08-01 13:50:00,pending,high,Store experience,in_store,STR014,CUS00459,,,,Southwest
TKT001368,2024-11-28 07:26:00,2024-12-07 02:31:51,2024-12-05 07:26:00,resolved,low,Store experience,email,STR009,CUS00231,4.0,211.1,False,Southwest
TKT001369,2024-03-19 07:09:00,2024-03-20 03:49:26,2024-03-20 07:09:00,resolved,high,Wrong item,chat,STR014,CUS00247,5.0,20.67,True,Southwest
TKT001370,2024-11-26 13:36:00,,2024-11-26 17:36:00,pending,critical,Refund request,email,STR003,CUS00340,,,,Midwest
TKT001371,2024-06-06 12:05:00,2024-06-07 18:43:51,2024-06-09 12:05:00,resolved,medium,Late delivery,in_store,STR009,CUS00341,5.0,30.65,True,Southwest
TKT001372,2024-06-14 09:15:00,2024-06-29 05:57:39,2024-06-21 09:15:00,resolved,low,Refund request,email,STR015,CUS00242,1.0,356.71,False,West
TKT001373,2024-10-31 13:28:00,2024-11-06 07:12:05,2024-11-07 13:28:00,resolved,low,Product defect,social,STR006,CUS00380,5.0,137.73,True,Northeast
TKT001374,2024-03-19 08:06:00,2024-03-21 02:06:25,2024-03-22 08:06:00,resolved,medium,Product defect,social,STR022,CUS00493,4.0,42.01,True,Southeast
TKT001375,2024-10-01 14:11:00,2024-10-12 02:07:41,2024-10-08 14:11:00,resolved,low,Store experience,phone,STR008,CUS00259,3.0,251.94,False,Midwest
TKT001376,2024-07-14 11:13:00,2024-07-18 03:16:40,2024-07-21 11:13:00,resolved,low,Refund request,in_store,STR010,CUS00467,4.0,88.06,True,West
TKT001377,2024-08-08 13:35:00,2024-08-08 16:09:46,2024-08-11 13:35:00,resolved,medium,Product defect,chat,STR012,CUS00461,3.0,2.58,True,Southeast
TKT001378,2024-10-04 17:07:00,2024-10-06 16:42:20,2024-10-07 17:07:00,resolved,medium,Pricing dispute,chat,STR023,CUS00383,4.0,47.59,True,Midwest
TKT001379,2024-03-29 20:44:00,2024-04-04 04:34:39,2024-04-01 20:44:00,resolved,medium,Staff conduct,in_store,STR015,CUS00426,1.0,127.84,False,West
TKT001380,2024-06-11 14:07:00,2024-06-13 01:37:13,2024-06-14 14:07:00,resolved,medium,Online order issue,email,STR005,CUS00171,5.0,35.5,True,West
TKT001381,2024-03-18 09:48:00,2024-03-23 12:31:37,2024-03-25 09:48:00,resolved,low,Product defect,social,STR010,CUS00349,5.0,122.73,True,West
TKT001382,2024-09-25 16:31:00,2024-09-27 22:30:04,2024-10-02 16:31:00,resolved,low,Staff conduct,phone,STR015,CUS00042,4.0,53.98,True,West
TKT001383,2024-01-13 18:17:00,2024-01-16 01:08:45,2024-01-16 18:17:00,resolved,medium,Pricing dispute,phone,STR006,CUS00286,4.0,54.86,True,Northeast
TKT001384,2024-01-29 15:04:00,,2024-02-01 15:04:00,pending,medium,Refund request,chat,STR021,CUS00350,,,,Northeast
TKT001385,2024-08-15 19:49:00,2024-08-16 12:45:24,2024-08-16 19:49:00,resolved,high,Online order issue,phone,STR006,CUS00454,4.0,16.94,True,Northeast
TKT001386,2024-12-16 18:56:00,2024-12-20 02:38:10,2024-12-23 18:56:00,resolved,low,Product defect,email,STR001,CUS00306,5.0,79.7,True,Northeast
TKT001387,2024-05-09 18:05:00,2024-05-11 04:50:10,2024-05-12 18:05:00,resolved,medium,Product defect,in_store,STR009,CUS00250,3.0,34.75,True,Southwest
TKT001388,2024-04-23 07:48:00,2024-04-25 09:31:03,2024-04-26 07:48:00,resolved,medium,Refund request,social,STR011,CUS00374,4.0,49.72,True,Northeast
TKT001389,2024-06-22 17:58:00,,2024-06-29 17:58:00,pending,low,Pricing dispute,phone,STR016,CUS00441,,,,Northeast
TKT001390,2024-01-12 16:46:00,2024-01-14 21:51:48,2024-01-15 16:46:00,resolved,medium,Late delivery,chat,STR005,CUS00410,3.0,53.1,True,West
TKT001391,2024-10-14 16:23:00,2024-10-16 08:08:34,2024-10-21 16:23:00,resolved,low,Staff conduct,email,STR003,CUS00408,5.0,39.76,True,Midwest
TKT001392,2024-08-02 08:43:00,2024-08-02 11:51:23,2024-08-03 08:43:00,resolved,high,Wrong item,in_store,STR011,CUS00014,4.0,3.14,True,Northeast
TKT001393,2024-05-26 18:14:00,2024-05-28 09:44:56,2024-05-29 18:14:00,resolved,medium,Product defect,phone,STR020,CUS00080,5.0,39.52,True,West
TKT001394,2024-11-15 15:20:00,2024-11-22 06:00:20,2024-11-22 15:20:00,resolved,low,Online order issue,phone,STR014,CUS00476,5.0,158.67,True,Southwest
TKT001395,2024-06-16 15:56:00,,2024-06-17 15:56:00,escalated,high,Late delivery,email,STR019,CUS00337,,,,Southwest
TKT001396,2024-05-26 18:37:00,2024-05-28 23:17:59,2024-05-27 18:37:00,resolved,high,Store experience,chat,STR008,CUS00168,3.0,52.68,False,Midwest
TKT001397,2024-09-22 12:47:00,,2024-09-25 12:47:00,escalated,medium,Product defect,social,STR016,CUS00122,,,,Northeast
TKT001398,2024-03-14 15:14:00,2024-03-15 00:14:51,2024-03-15 15:14:00,resolved,high,Product defect,social,STR015,CUS00455,4.0,9.01,True,West
TKT001399,2024-03-16 07:28:00,2024-03-16 13:21:53,2024-03-17 07:28:00,resolved,high,Pricing dispute,social,STR002,CUS00251,4.0,5.9,True,Southeast
TKT001400,2024-09-12 15:49:00,2024-09-17 16:21:48,2024-09-15 15:49:00,resolved,medium,Staff conduct,social,STR021,CUS00121,1.0,120.55,False,Northeast
TKT001401,2024-07-04 10:42:00,2024-07-08 10:40:32,2024-07-07 10:42:00,resolved,medium,Store experience,in_store,STR015,CUS00290,3.0,95.98,False,West
TKT001402,2024-08-27 11:38:00,2024-08-30 04:18:02,2024-08-28 11:38:00,resolved,high,Refund request,email,STR006,CUS00326,3.0,64.67,False,Northeast
TKT001403,2024-05-31 07:17:00,2024-05-31 19:26:21,2024-06-01 07:17:00,resolved,high,Wrong item,social,STR009,CUS00229,4.0,12.16,True,Southwest
TKT001404,2024-02-11 19:36:00,2024-02-14 01:57:27,2024-02-14 19:36:00,resolved,medium,Wrong item,chat,STR012,CUS00133,5.0,54.36,True,Southeast
TKT001405,2024-07-11 16:58:00,2024-07-17 05:27:34,2024-07-18 16:58:00,resolved,low,Product defect,in_store,STR009,CUS00040,5.0,132.49,True,Southwest
TKT001406,2024-02-02 18:20:00,2024-02-09 07:08:30,2024-02-09 18:20:00,resolved,low,Product defect,chat,STR013,CUS00300,4.0,156.81,True,Midwest
TKT001407,2024-07-12 12:55:00,2024-07-13 22:15:21,2024-07-15 12:55:00,resolved,medium,Wrong item,social,STR005,CUS00325,5.0,33.34,True,West
TKT001408,2024-04-05 16:26:00,2024-04-07 14:22:58,2024-04-06 16:26:00,closed_unresolved,high,Product defect,phone,STR014,CUS00042,2.0,45.95,False,Southwest
TKT001409,2024-04-03 20:19:00,2024-04-05 20:26:29,2024-04-06 20:19:00,resolved,medium,Staff conduct,email,STR022,CUS00500,4.0,48.12,True,Southeast
TKT001410,2024-06-09 10:27:00,2024-06-09 11:52:08,2024-06-09 14:27:00,resolved,critical,Product defect,email,STR009,CUS00266,4.0,1.42,True,Southwest
TKT001411,2024-05-26 13:13:00,2024-05-26 16:02:39,2024-05-26 17:13:00,resolved,critical,Online order issue,in_store,STR003,CUS00158,4.0,2.83,True,Midwest
TKT001412,2024-06-20 11:08:00,2024-06-22 06:10:41,2024-06-23 11:08:00,resolved,medium,Store experience,email,STR012,CUS00445,5.0,43.04,True,Southeast
TKT001413,2024-09-14 08:10:00,2024-09-15 06:10:11,2024-09-15 08:10:00,resolved,high,Product defect,phone,STR003,CUS00418,5.0,22.0,True,Midwest
TKT001414,2024-12-04 09:50:00,2024-12-06 04:08:41,2024-12-07 09:50:00,resolved,medium,Pricing dispute,email,STR008,CUS00318,4.0,42.31,True,Midwest
TKT001415,2024-06-12 07:00:00,2024-06-15 15:03:34,2024-06-19 07:00:00,resolved,low,Refund request,phone,STR003,CUS00397,4.0,80.06,True,Midwest
TKT001416,2024-10-17 19:42:00,,2024-10-20 19:42:00,pending,medium,Staff conduct,social,STR012,CUS00250,,,,Southeast
TKT001417,2024-11-17 17:47:00,2024-11-25 14:02:55,2024-11-20 17:47:00,resolved,medium,Refund request,email,STR003,CUS00202,3.0,188.27,False,Midwest
TKT001418,2024-07-17 14:42:00,2024-07-22 01:26:28,2024-07-20 14:42:00,closed_unresolved,medium,Staff conduct,email,STR013,CUS00129,3.0,106.74,False,Midwest
TKT001419,2024-05-26 09:08:00,2024-05-29 21:04:56,2024-06-02 09:08:00,resolved,low,Store experience,phone,STR011,CUS00166,5.0,83.95,True,Northeast
TKT001420,2024-11-14 10:05:00,2024-11-15 08:15:02,2024-11-17 10:05:00,resolved,medium,Wrong item,in_store,STR002,CUS00127,5.0,22.17,True,Southeast
TKT001421,2024-05-30 13:56:00,2024-05-30 17:03:37,2024-05-30 17:56:00,resolved,critical,Online order issue,chat,STR003,CUS00405,5.0,3.13,True,Midwest
TKT001422,2024-12-25 17:30:00,2025-01-05 07:02:15,2025-01-01 17:30:00,resolved,low,Staff conduct,in_store,STR014,CUS00130,3.0,253.54,False,Southwest
TKT001423,2024-02-24 20:20:00,2024-02-25 08:00:47,2024-02-25 20:20:00,resolved,high,Online order issue,in_store,STR004,CUS00341,3.0,11.68,True,Southwest
TKT001424,2024-07-18 20:46:00,2024-07-19 00:44:04,2024-07-21 20:46:00,resolved,medium,Online order issue,phone,STR021,CUS00383,4.0,3.97,True,Northeast
TKT001425,2024-03-14 12:51:00,2024-03-15 16:06:48,2024-03-21 12:51:00,resolved,low,Wrong item,chat,STR023,CUS00451,5.0,27.26,True,Midwest
TKT001426,2024-11-21 08:44:00,,2024-11-28 08:44:00,escalated,low,Refund request,chat,STR005,CUS00281,,,,West
TKT001427,2024-12-01 12:18:00,2024-12-04 10:38:11,2024-12-08 12:18:00,resolved,low,Online order issue,social,STR005,CUS00343,3.0,70.34,True,West
TKT001428,2024-08-14 16:09:00,2024-08-14 22:21:41,2024-08-15 16:09:00,resolved,high,Online order issue,phone,STR022,CUS00074,4.0,6.21,True,Southeast
TKT001429,2024-05-23 15:06:00,2024-05-23 20:55:51,2024-05-26 15:06:00,resolved,medium,Online order issue,chat,STR005,CUS00359,4.0,5.83,True,West
TKT001430,2024-12-02 07:41:00,2024-12-03 03:48:15,2024-12-03 07:41:00,resolved,high,Refund request,social,STR015,CUS00318,5.0,20.12,True,West
TKT001431,2024-10-14 11:23:00,,2024-10-21 11:23:00,pending,low,Refund request,chat,STR003,CUS00418,,,,Midwest
TKT001432,2024-08-26 18:00:00,,2024-09-02 18:00:00,pending,low,Online order issue,chat,STR020,CUS00402,,,,West
TKT001433,2024-03-10 07:53:00,2024-03-12 04:45:26,2024-03-11 07:53:00,resolved,high,Wrong item,social,STR019,CUS00248,4.0,44.87,False,Southwest
TKT001434,2024-04-10 12:34:00,2024-04-10 18:46:05,2024-04-13 12:34:00,resolved,medium,Wrong item,in_store,STR018,CUS00002,4.0,6.2,True,Midwest
TKT001435,2024-04-17 14:37:00,,2024-04-20 14:37:00,pending,medium,Online order issue,chat,STR009,CUS00236,,,,Southwest
TKT001436,2024-04-08 15:00:00,2024-04-09 05:22:18,2024-04-09 15:00:00,resolved,high,Product defect,email,STR017,CUS00178,4.0,14.37,True,Southeast
TKT001437,2024-12-11 18:22:00,2024-12-12 15:15:30,2024-12-12 18:22:00,resolved,high,Pricing dispute,chat,STR014,CUS00287,5.0,20.89,True,Southwest
TKT001438,2024-07-02 11:28:00,,2024-07-09 11:28:00,pending,low,Wrong item,phone,STR015,CUS00102,,,,West
TKT001439,2024-04-04 08:46:00,2024-04-04 16:46:41,2024-04-04 12:46:00,resolved,critical,Store experience,email,STR001,CUS00066,1.0,8.01,False,Northeast
TKT001440,2024-05-12 14:12:00,2024-05-13 01:52:38,2024-05-13 14:12:00,resolved,high,Online order issue,in_store,STR004,CUS00222,5.0,11.68,True,Southwest
TKT001441,2024-02-02 11:34:00,2024-02-02 18:37:04,2024-02-02 15:34:00,resolved,critical,Product defect,in_store,STR023,CUS00211,2.0,7.05,False,Midwest
TKT001442,2024-10-28 16:22:00,2024-10-30 10:18:38,2024-10-31 16:22:00,resolved,medium,Product defect,in_store,STR014,CUS00127,5.0,41.94,True,Southwest
TKT001443,2024-11-14 07:21:00,2024-11-16 02:01:18,2024-11-17 07:21:00,resolved,medium,Pricing dispute,social,STR001,CUS00141,4.0,42.67,True,Northeast
TKT001444,2024-05-12 13:42:00,2024-05-19 00:34:10,2024-05-19 13:42:00,resolved,low,Store experience,email,STR009,CUS00206,4.0,154.87,True,Southwest
TKT001445,2024-11-30 08:42:00,2024-12-05 09:32:49,2024-12-07 08:42:00,resolved,low,Wrong item,chat,STR016,CUS00095,4.0,120.85,True,Northeast
TKT001446,2024-09-25 13:39:00,2024-09-27 20:57:26,2024-09-28 13:39:00,resolved,medium,Late delivery,in_store,STR006,CUS00369,4.0,55.31,True,Northeast
TKT001447,2024-04-25 14:22:00,2024-04-25 17:21:19,2024-04-25 18:22:00,resolved,critical,Online order issue,phone,STR021,CUS00059,4.0,2.99,True,Northeast
TKT001448,2024-10-11 16:46:00,2024-10-22 23:26:11,2024-10-18 16:46:00,resolved,low,Product defect,in_store,STR004,CUS00117,4.0,270.67,False,Southwest
TKT001449,2024-03-08 14:36:00,2024-03-10 20:35:17,2024-03-09 14:36:00,resolved,high,Late delivery,chat,STR019,CUS00183,1.0,53.99,False,Southwest
TKT001450,2024-06-13 13:01:00,2024-06-15 02:36:42,2024-06-16 13:01:00,resolved,medium,Late delivery,social,STR010,CUS00394,4.0,37.6,True,West
TKT001451,2024-02-24 18:55:00,2024-02-26 08:32:10,2024-03-02 18:55:00,resolved,low,Refund request,chat,STR016,CUS00404,3.0,37.62,True,Northeast
TKT001452,2024-06-03 18:09:00,2024-06-07 08:13:23,2024-06-10 18:09:00,resolved,low,Product defect,in_store,STR007,CUS00394,5.0,86.07,True,Southeast
TKT001453,2024-02-22 11:21:00,2024-02-24 08:54:29,2024-02-25 11:21:00,resolved,medium,Refund request,phone,STR018,CUS00489,5.0,45.56,True,Midwest
TKT001454,2024-05-11 19:50:00,,2024-05-14 19:50:00,escalated,medium,Online order issue,in_store,STR021,CUS00495,,,,Northeast
TKT001455,2024-03-20 14:10:00,2024-03-31 01:24:35,2024-03-27 14:10:00,resolved,low,Pricing dispute,email,STR013,CUS00071,4.0,251.24,False,Midwest
TKT001456,2024-12-20 09:20:00,2024-12-25 00:16:04,2024-12-27 09:20:00,resolved,low,Staff conduct,social,STR011,CUS00110,3.0,110.93,True,Northeast
TKT001457,2024-07-27 18:43:00,2024-08-03 09:44:58,2024-08-03 18:43:00,resolved,low,Product defect,social,STR023,CUS00485,4.0,159.03,True,Midwest
TKT001458,2024-11-24 07:43:00,2024-11-26 06:46:39,2024-11-27 07:43:00,resolved,medium,Pricing dispute,email,STR015,CUS00418,4.0,47.06,True,West
TKT001459,2024-05-04 13:18:00,,2024-05-11 13:18:00,escalated,low,Store experience,phone,STR014,CUS00126,,,,Southwest
TKT001460,2024-05-28 12:37:00,,2024-05-29 12:37:00,pending,high,Wrong item,in_store,STR023,CUS00404,,,,Midwest
TKT001461,2024-09-12 08:15:00,2024-09-15 02:11:50,2024-09-15 08:15:00,resolved,medium,Late delivery,email,STR023,CUS00077,5.0,65.95,True,Midwest
TKT001462,2024-10-19 11:13:00,2024-10-26 14:30:44,2024-10-22 11:13:00,closed_unresolved,medium,Online order issue,email,STR009,CUS00403,1.0,171.3,False,Southwest
TKT001463,2024-04-03 12:31:00,,2024-04-10 12:31:00,pending,low,Store experience,in_store,STR003,CUS00137,,,,Midwest
TKT001464,2024-02-11 14:25:00,2024-02-16 00:22:54,2024-02-14 14:25:00,resolved,medium,Wrong item,in_store,STR019,CUS00237,4.0,105.97,False,Southwest
TKT001465,2024-10-05 20:43:00,2024-10-06 14:44:27,2024-10-06 20:43:00,resolved,high,Refund request,social,STR012,CUS00068,5.0,18.02,True,Southeast
TKT001466,2024-08-01 11:47:00,2024-08-07 22:07:09,2024-08-08 11:47:00,resolved,low,Product defect,in_store,STR004,CUS00489,4.0,154.34,True,Southwest
TKT001467,2024-08-24 15:01:00,2024-08-29 11:39:22,2024-08-27 15:01:00,resolved,medium,Product defect,email,STR001,CUS00100,2.0,116.64,False,Northeast
TKT001468,2024-10-03 18:16:00,2024-10-04 20:31:15,2024-10-06 18:16:00,resolved,medium,Refund request,phone,STR007,CUS00342,5.0,26.25,True,Southeast
TKT001469,2024-03-06 10:55:00,2024-03-07 23:56:56,2024-03-09 10:55:00,resolved,medium,Product defect,phone,STR020,CUS00104,4.0,37.03,True,West
TKT001470,2024-08-01 09:48:00,2024-08-04 15:04:24,2024-08-08 09:48:00,resolved,low,Pricing dispute,in_store,STR023,CUS00474,5.0,77.27,True,Midwest
TKT001471,2024-08-10 17:11:00,2024-08-14 17:22:47,2024-08-13 17:11:00,resolved,medium,Pricing dispute,email,STR021,CUS00158,4.0,96.2,False,Northeast
TKT001472,2024-07-04 10:44:00,2024-07-04 20:01:50,2024-07-05 10:44:00,resolved,high,Product defect,chat,STR011,CUS00373,4.0,9.3,True,Northeast
TKT001473,2024-06-19 18:46:00,2024-06-19 20:34:33,2024-06-19 22:46:00,resolved,critical,Pricing dispute,in_store,STR022,CUS00348,3.0,1.81,True,Southeast
TKT001474,2024-12-20 12:02:00,2024-12-22 21:07:33,2024-12-23 12:02:00,resolved,medium,Refund request,phone,STR022,CUS00481,4.0,57.09,True,Southeast
TKT001475,2024-02-19 10:27:00,2024-02-19 21:36:18,2024-02-20 10:27:00,resolved,high,Refund request,phone,STR009,CUS00041,4.0,11.16,True,Southwest
TKT001476,2024-11-06 18:16:00,,2024-11-06 22:16:00,pending,critical,Online order issue,email,STR014,CUS00474,,,,Southwest
TKT001477,2024-10-05 07:59:00,2024-10-06 14:44:51,2024-10-06 07:59:00,closed_unresolved,high,Pricing dispute,email,STR015,CUS00269,2.0,30.76,False,West
TKT001478,2024-07-10 20:20:00,,2024-07-13 20:20:00,escalated,medium,Store experience,phone,STR015,CUS00195,,,,West
TKT001479,2024-03-07 13:35:00,2024-03-08 10:17:43,2024-03-08 13:35:00,resolved,high,Online order issue,chat,STR021,CUS00396,4.0,20.71,True,Northeast
TKT001480,2024-11-25 14:05:00,2024-11-28 04:34:51,2024-12-02 14:05:00,resolved,low,Online order issue,in_store,STR023,CUS00496,5.0,62.5,True,Midwest
TKT001481,2024-09-12 08:05:00,2024-09-12 08:44:35,2024-09-13 08:05:00,resolved,high,Online order issue,phone,STR016,CUS00357,3.0,0.66,True,Northeast
TKT001482,2024-09-15 19:37:00,2024-09-17 04:17:12,2024-09-22 19:37:00,resolved,low,Refund request,email,STR020,CUS00392,5.0,32.67,True,West
TKT001483,2024-12-08 11:29:00,,2024-12-09 11:29:00,escalated,high,Wrong item,email,STR003,CUS00102,,,,Midwest
TKT001484,2024-09-12 15:35:00,2024-09-12 21:08:10,2024-09-13 15:35:00,resolved,high,Late delivery,chat,STR018,CUS00271,5.0,5.55,True,Midwest
TKT001485,2024-09-05 12:03:00,2024-09-06 10:39:03,2024-09-06 12:03:00,resolved,high,Late delivery,phone,STR021,CUS00197,3.0,22.6,True,Northeast
TKT001486,2024-04-02 16:20:00,2024-04-08 00:16:11,2024-04-09 16:20:00,resolved,low,Store experience,chat,STR017,CUS00324,4.0,127.94,True,Southeast
TKT001487,2024-10-24 13:08:00,,2024-10-27 13:08:00,escalated,medium,Wrong item,chat,STR023,CUS00367,,,,Midwest
TKT001488,2024-02-21 18:16:00,2024-02-22 05:25:55,2024-02-22 18:16:00,resolved,high,Product defect,social,STR002,CUS00127,5.0,11.17,True,Southeast
TKT001489,2024-06-29 15:09:00,2024-07-01 19:41:14,2024-07-06 15:09:00,resolved,low,Store experience,in_store,STR008,CUS00225,5.0,52.54,True,Midwest
TKT001490,2024-08-05 15:12:00,2024-08-07 11:01:03,2024-08-08 15:12:00,resolved,medium,Wrong item,in_store,STR016,CUS00446,4.0,43.82,True,Northeast
TKT001491,2024-05-22 08:00:00,,2024-05-23 08:00:00,pending,high,Product defect,social,STR014,CUS00337,,,,Southwest
TKT001492,2024-11-18 20:42:00,2024-11-20 20:43:31,2024-11-21 20:42:00,resolved,medium,Online order issue,phone,STR012,CUS00267,4.0,48.03,True,Southeast
TKT001493,2024-12-18 17:08:00,2024-12-22 05:36:36,2024-12-25 17:08:00,resolved,low,Store experience,phone,STR004,CUS00099,5.0,84.48,True,Southwest
TKT001494,2024-04-20 18:19:00,,2024-04-21 18:19:00,escalated,high,Wrong item,chat,STR022,CUS00480,,,,Southeast
TKT001495,2024-11-23 18:21:00,2024-12-01 18:22:58,2024-11-26 18:21:00,resolved,medium,Store experience,in_store,STR016,CUS00139,3.0,192.03,False,Northeast
TKT001496,2024-10-22 09:43:00,2024-10-23 18:00:16,2024-10-29 09:43:00,resolved,low,Late delivery,in_store,STR001,CUS00255,3.0,32.29,True,Northeast
TKT001497,2024-04-22 10:48:00,,2024-04-22 14:48:00,pending,critical,Online order issue,phone,STR016,CUS00355,,,,Northeast
TKT001498,2024-03-31 17:48:00,2024-04-01 18:09:06,2024-04-07 17:48:00,resolved,low,Staff conduct,email,STR023,CUS00156,5.0,24.35,True,Midwest
TKT001499,2024-08-18 13:12:00,2024-08-19 00:14:38,2024-08-18 17:12:00,resolved,critical,Store experience,in_store,STR015,CUS00295,1.0,11.04,False,West
TKT001500,2024-02-14 15:26:00,2024-02-16 02:51:28,2024-02-17 15:26:00,resolved,medium,Product defect,social,STR019,CUS00206,4.0,35.42,True,Southwest
TKT001501,2024-10-29 07:40:00,2024-11-03 19:53:14,2024-11-01 07:40:00,resolved,medium,Pricing dispute,phone,STR023,CUS00221,4.0,132.22,False,Midwest
TKT001502,2024-06-26 16:16:00,2024-06-27 01:50:28,2024-06-27 16:16:00,resolved,high,Pricing dispute,social,STR012,CUS00318,5.0,9.57,True,Southeast
TKT001503,2024-07-18 19:14:00,2024-07-24 19:42:04,2024-07-25 19:14:00,resolved,low,Late delivery,chat,STR006,CUS00465,4.0,144.47,True,Northeast
TKT001504,2024-12-19 09:08:00,2024-12-21 00:27:44,2024-12-20 09:08:00,resolved,high,Product defect,phone,STR001,CUS00054,2.0,39.33,False,Northeast
TKT001505,2024-12-12 07:23:00,2024-12-14 01:55:06,2024-12-15 07:23:00,resolved,medium,Staff conduct,email,STR023,CUS00030,4.0,42.54,True,Midwest
TKT001506,2024-07-18 11:50:00,2024-07-21 18:14:17,2024-07-25 11:50:00,resolved,low,Pricing dispute,phone,STR016,CUS00177,3.0,78.4,True,Northeast
TKT001507,2024-08-23 09:12:00,,2024-08-26 09:12:00,pending,medium,Staff conduct,email,STR021,CUS00140,,,,Northeast
TKT001508,2024-03-07 17:56:00,2024-03-08 19:39:08,2024-03-14 17:56:00,resolved,low,Staff conduct,in_store,STR020,CUS00442,4.0,25.72,True,West
TKT001509,2024-09-09 16:31:00,2024-09-15 22:49:41,2024-09-16 16:31:00,resolved,low,Refund request,email,STR002,CUS00425,3.0,150.31,True,Southeast
TKT001510,2024-06-28 15:05:00,,2024-07-01 15:05:00,pending,medium,Store experience,email,STR007,CUS00135,,,,Southeast
TKT001511,2024-04-20 14:03:00,2024-04-25 22:41:40,2024-04-27 14:03:00,resolved,low,Store experience,chat,STR015,CUS00070,4.0,128.64,True,West
TKT001512,2024-08-05 20:25:00,,2024-08-08 20:25:00,pending,medium,Refund request,phone,STR002,CUS00463,,,,Southeast
TKT001513,2024-09-14 15:35:00,2024-09-14 20:26:07,2024-09-15 15:35:00,resolved,high,Pricing dispute,phone,STR012,CUS00397,3.0,4.85,True,Southeast
TKT001514,2024-09-24 16:28:00,,2024-09-24 20:28:00,escalated,critical,Late delivery,chat,STR006,CUS00319,,,,Northeast
TKT001515,2024-03-21 07:23:00,,2024-03-28 07:23:00,escalated,low,Wrong item,chat,STR012,CUS00053,,,,Southeast
TKT001516,2024-07-26 07:12:00,2024-08-01 17:20:46,2024-08-02 07:12:00,resolved,low,Product defect,in_store,STR001,CUS00179,5.0,154.15,True,Northeast
TKT001517,2024-04-19 09:15:00,,2024-04-19 13:15:00,escalated,critical,Staff conduct,social,STR006,CUS00158,,,,Northeast
TKT001518,2024-11-03 07:44:00,2024-11-10 20:25:36,2024-11-06 07:44:00,resolved,medium,Late delivery,chat,STR019,CUS00028,1.0,180.69,False,Southwest
TKT001519,2024-10-15 09:30:00,2024-10-16 02:40:45,2024-10-16 09:30:00,resolved,high,Online order issue,chat,STR012,CUS00380,5.0,17.18,True,Southeast
TKT001520,2024-10-24 11:18:00,,2024-10-25 11:18:00,pending,high,Staff conduct,chat,STR004,CUS00250,,,,Southwest
TKT001521,2024-04-25 12:46:00,2024-04-28 17:05:58,2024-05-02 12:46:00,resolved,low,Refund request,chat,STR010,CUS00409,5.0,76.33,True,West
TKT001522,2024-11-06 15:08:00,2024-11-23 13:18:40,2024-11-13 15:08:00,resolved,low,Late delivery,chat,STR017,CUS00189,3.0,406.18,False,Southeast
TKT001523,2024-04-09 14:25:00,2024-04-11 13:04:27,2024-04-12 14:25:00,resolved,medium,Online order issue,phone,STR001,CUS00447,4.0,46.66,True,Northeast
TKT001524,2024-04-13 07:31:00,2024-04-13 12:09:42,2024-04-16 07:31:00,resolved,medium,Wrong item,social,STR018,CUS00324,5.0,4.65,True,Midwest
TKT001525,2024-07-28 10:50:00,,2024-08-04 10:50:00,pending,low,Pricing dispute,chat,STR018,CUS00410,,,,Midwest
TKT001526,2024-09-23 20:55:00,2024-09-23 23:15:19,2024-09-24 00:55:00,resolved,critical,Product defect,email,STR022,CUS00336,4.0,2.34,True,Southeast
TKT001527,2024-06-29 20:34:00,,2024-07-06 20:34:00,pending,low,Store experience,chat,STR003,CUS00404,,,,Midwest
TKT001528,2024-06-24 20:21:00,2024-06-27 00:18:58,2024-06-27 20:21:00,resolved,medium,Pricing dispute,email,STR014,CUS00158,5.0,51.97,True,Southwest
TKT001529,2024-08-18 20:18:00,,2024-08-25 20:18:00,escalated,low,Staff conduct,social,STR009,CUS00458,,,,Southwest
TKT001530,2024-02-24 15:26:00,2024-02-25 15:37:04,2024-02-27 15:26:00,resolved,medium,Product defect,email,STR014,CUS00132,5.0,24.18,True,Southwest
TKT001531,2024-08-25 08:22:00,2024-08-28 02:46:34,2024-09-01 08:22:00,resolved,low,Refund request,chat,STR011,CUS00026,3.0,66.41,True,Northeast
TKT001532,2024-10-21 16:19:00,2024-10-22 13:25:22,2024-10-24 16:19:00,resolved,medium,Staff conduct,chat,STR004,CUS00101,4.0,21.11,True,Southwest
TKT001533,2024-04-22 20:34:00,2024-04-25 00:52:06,2024-04-25 20:34:00,resolved,medium,Staff conduct,chat,STR016,CUS00119,4.0,52.3,True,Northeast
TKT001534,2024-01-20 18:50:00,2024-01-24 02:14:39,2024-01-23 18:50:00,closed_unresolved,medium,Store experience,social,STR012,CUS00237,2.0,79.41,False,Southeast
TKT001535,2024-08-18 18:48:00,2024-08-25 21:47:54,2024-08-21 18:48:00,closed_unresolved,medium,Store experience,email,STR021,CUS00175,2.0,171.0,False,Northeast
TKT001536,2024-10-28 13:39:00,,2024-11-04 13:39:00,escalated,low,Wrong item,email,STR002,CUS00373,,,,Southeast
TKT001537,2024-04-02 18:12:00,,2024-04-09 18:12:00,pending,low,Refund request,email,STR020,CUS00024,,,,West
TKT001538,2024-09-05 18:50:00,2024-09-06 09:37:21,2024-09-06 18:50:00,resolved,high,Store experience,chat,STR017,CUS00265,5.0,14.79,True,Southeast
TKT001539,2024-02-24 17:45:00,2024-02-26 05:07:50,2024-02-25 17:45:00,resolved,high,Online order issue,in_store,STR008,CUS00467,1.0,35.38,False,Midwest
TKT001540,2024-12-05 14:02:00,2024-12-09 06:35:20,2024-12-08 14:02:00,closed_unresolved,medium,Staff conduct,phone,STR006,CUS00215,3.0,88.56,False,Northeast
TKT001541,2024-05-17 15:40:00,,2024-05-18 15:40:00,pending,high,Refund request,email,STR002,CUS00397,,,,Southeast
TKT001542,2024-02-20 11:43:00,2024-02-21 13:22:02,2024-02-23 11:43:00,resolved,medium,Pricing dispute,social,STR009,CUS00052,4.0,25.65,True,Southwest
TKT001543,2024-08-31 16:58:00,2024-08-31 19:46:21,2024-09-01 16:58:00,resolved,high,Pricing dispute,email,STR010,CUS00348,4.0,2.81,True,West
TKT001544,2024-10-17 07:43:00,2024-10-22 13:12:36,2024-10-24 07:43:00,resolved,low,Refund request,chat,STR003,CUS00376,3.0,125.49,True,Midwest
TKT001545,2024-09-05 10:41:00,2024-09-07 14:49:42,2024-09-06 10:41:00,resolved,high,Late delivery,social,STR003,CUS00191,3.0,52.15,False,Midwest
TKT001546,2024-01-31 16:08:00,2024-02-02 18:33:27,2024-02-03 16:08:00,resolved,medium,Refund request,social,STR007,CUS00375,4.0,50.42,True,Southeast
TKT001547,2024-09-26 09:38:00,2024-10-04 13:46:50,2024-09-29 09:38:00,resolved,medium,Staff conduct,social,STR009,CUS00192,3.0,196.15,False,Southwest
TKT001548,2024-09-13 15:46:00,2024-09-14 03:31:53,2024-09-20 15:46:00,resolved,low,Late delivery,in_store,STR023,CUS00040,5.0,11.76,True,Midwest
TKT001549,2024-01-24 15:16:00,2024-01-24 22:10:53,2024-01-25 15:16:00,resolved,high,Online order issue,phone,STR003,CUS00426,5.0,6.91,True,Midwest
TKT001550,2024-08-14 20:15:00,,2024-08-17 20:15:00,escalated,medium,Online order issue,social,STR012,CUS00104,,,,Southeast
TKT001551,2024-01-22 12:13:00,2024-01-22 22:16:40,2024-01-25 12:13:00,resolved,medium,Store experience,chat,STR006,CUS00152,3.0,10.06,True,Northeast
TKT001552,2024-08-07 14:49:00,,2024-08-08 14:49:00,pending,high,Online order issue,phone,STR018,CUS00416,,,,Midwest
TKT001553,2024-08-10 16:42:00,2024-08-10 18:06:00,2024-08-13 16:42:00,resolved,medium,Staff conduct,chat,STR008,CUS00240,5.0,1.4,True,Midwest
TKT001554,2024-02-26 10:54:00,2024-03-02 00:03:35,2024-03-04 10:54:00,resolved,low,Staff conduct,in_store,STR010,CUS00208,3.0,109.16,True,West
TKT001555,2024-03-19 09:05:00,2024-03-20 18:20:33,2024-03-22 09:05:00,resolved,medium,Online order issue,social,STR003,CUS00063,4.0,33.26,True,Midwest
TKT001556,2024-09-17 09:00:00,,2024-09-20 09:00:00,pending,medium,Pricing dispute,phone,STR015,CUS00169,,,,West
TKT001557,2024-02-19 19:44:00,2024-02-20 01:21:20,2024-02-20 19:44:00,resolved,high,Wrong item,in_store,STR012,CUS00236,4.0,5.62,True,Southeast
TKT001558,2024-11-18 19:19:00,2024-11-21 06:51:18,2024-11-21 19:19:00,resolved,medium,Wrong item,social,STR011,CUS00349,3.0,59.54,True,Northeast
TKT001559,2024-11-26 11:26:00,2024-12-04 07:26:36,2024-11-29 11:26:00,resolved,medium,Store experience,chat,STR002,CUS00488,3.0,188.01,False,Southeast
TKT001560,2024-06-29 10:10:00,2024-07-14 05:29:02,2024-07-06 10:10:00,closed_unresolved,low,Product defect,email,STR013,CUS00490,1.0,355.32,False,Midwest
TKT001561,2024-01-02 11:03:00,2024-01-08 11:41:47,2024-01-09 11:03:00,resolved,low,Wrong item,phone,STR013,CUS00246,4.0,144.65,True,Midwest
TKT001562,2024-10-28 17:23:00,2024-10-30 15:28:22,2024-11-04 17:23:00,resolved,low,Pricing dispute,chat,STR006,CUS00064,3.0,46.09,True,Northeast
TKT001563,2024-01-04 18:14:00,2024-01-09 04:45:56,2024-01-11 18:14:00,resolved,low,Product defect,in_store,STR018,CUS00198,4.0,106.53,True,Midwest
TKT001564,2024-03-02 19:28:00,2024-03-06 22:12:05,2024-03-09 19:28:00,resolved,low,Product defect,email,STR019,CUS00032,4.0,98.73,True,Southwest
TKT001565,2024-04-19 10:53:00,2024-04-20 12:18:24,2024-04-22 10:53:00,resolved,medium,Wrong item,email,STR016,CUS00431,5.0,25.42,True,Northeast
TKT001566,2024-11-23 10:28:00,2024-11-28 21:11:53,2024-11-26 10:28:00,resolved,medium,Wrong item,chat,STR001,CUS00366,1.0,130.73,False,Northeast
TKT001567,2024-12-18 16:58:00,2024-12-23 20:22:10,2024-12-25 16:58:00,resolved,low,Online order issue,email,STR007,CUS00278,5.0,123.4,True,Southeast
TKT001568,2024-09-24 16:29:00,2024-09-28 20:47:25,2024-09-27 16:29:00,resolved,medium,Store experience,chat,STR004,CUS00364,2.0,100.31,False,Southwest
TKT001569,2024-12-22 10:11:00,2024-12-27 02:25:17,2024-12-29 10:11:00,resolved,low,Pricing dispute,social,STR004,CUS00041,5.0,112.24,True,Southwest
TKT001570,2024-05-31 07:49:00,2024-06-02 22:52:53,2024-06-03 07:49:00,resolved,medium,Staff conduct,social,STR007,CUS00300,4.0,63.06,True,Southeast
TKT001571,2024-07-25 20:11:00,2024-08-02 03:53:24,2024-07-28 20:11:00,resolved,medium,Staff conduct,in_store,STR002,CUS00405,2.0,175.71,False,Southeast
TKT001572,2024-07-21 16:17:00,2024-07-22 07:35:54,2024-07-22 16:17:00,resolved,high,Staff conduct,social,STR014,CUS00236,3.0,15.32,True,Southwest
TKT001573,2024-02-14 15:18:00,2024-02-15 23:31:22,2024-02-17 15:18:00,resolved,medium,Late delivery,chat,STR004,CUS00377,5.0,32.22,True,Southwest
TKT001574,2024-03-26 08:01:00,2024-03-28 11:22:26,2024-03-29 08:01:00,resolved,medium,Wrong item,phone,STR007,CUS00001,5.0,51.36,True,Southeast
TKT001575,2024-03-11 13:17:00,2024-03-20 09:19:43,2024-03-18 13:17:00,resolved,low,Store experience,social,STR010,CUS00344,3.0,212.05,False,West
TKT001576,2024-12-06 14:55:00,2024-12-06 21:18:12,2024-12-09 14:55:00,resolved,medium,Pricing dispute,email,STR008,CUS00400,5.0,6.39,True,Midwest
TKT001577,2024-02-01 15:40:00,2024-02-04 23:21:13,2024-02-08 15:40:00,resolved,low,Late delivery,email,STR019,CUS00104,4.0,79.69,True,Southwest
TKT001578,2024-10-19 10:55:00,2024-10-20 20:32:20,2024-10-20 10:55:00,resolved,high,Online order issue,chat,STR009,CUS00008,3.0,33.62,False,Southwest
TKT001579,2024-04-14 20:29:00,2024-04-18 20:59:00,2024-04-21 20:29:00,resolved,low,Pricing dispute,in_store,STR017,CUS00047,4.0,96.5,True,Southeast
TKT001580,2024-07-30 14:47:00,2024-08-06 04:58:07,2024-08-02 14:47:00,resolved,medium,Store experience,email,STR004,CUS00426,4.0,158.19,False,Southwest
TKT001581,2024-07-14 07:06:00,2024-07-17 00:52:38,2024-07-21 07:06:00,resolved,low,Online order issue,chat,STR020,CUS00362,4.0,65.78,True,West
TKT001582,2024-04-19 07:36:00,2024-04-25 21:41:31,2024-04-26 07:36:00,resolved,low,Refund request,email,STR019,CUS00495,4.0,158.09,True,Southwest
TKT001583,2024-04-28 19:50:00,2024-05-01 04:57:36,2024-05-01 19:50:00,resolved,medium,Pricing dispute,phone,STR016,CUS00103,5.0,57.13,True,Northeast
TKT001584,2024-04-10 20:53:00,2024-04-11 13:07:58,2024-04-11 20:53:00,resolved,high,Wrong item,email,STR014,CUS00126,4.0,16.25,True,Southwest
TKT001585,2024-05-12 11:09:00,2024-05-15 04:58:56,2024-05-19 11:09:00,resolved,low,Refund request,in_store,STR013,CUS00123,5.0,65.83,True,Midwest
TKT001586,2024-01-26 11:41:00,2024-02-01 16:48:30,2024-02-02 11:41:00,resolved,low,Online order issue,social,STR009,CUS00351,3.0,149.13,True,Southwest
TKT001587,2024-09-03 12:26:00,2024-09-08 04:07:06,2024-09-06 12:26:00,resolved,medium,Staff conduct,email,STR021,CUS00172,4.0,111.69,False,Northeast
TKT001588,2024-12-06 15:18:00,2024-12-09 09:10:17,2024-12-09 15:18:00,resolved,medium,Pricing dispute,in_store,STR007,CUS00147,4.0,65.87,True,Southeast
TKT001589,2024-09-10 08:11:00,2024-09-13 03:43:19,2024-09-13 08:11:00,resolved,medium,Online order issue,social,STR007,CUS00131,4.0,67.54,True,Southeast
TKT001590,2024-01-13 14:41:00,2024-01-29 20:11:15,2024-01-20 14:41:00,resolved,low,Refund request,email,STR013,CUS00032,3.0,389.5,False,Midwest
TKT001591,2024-03-03 16:13:00,2024-03-18 08:01:35,2024-03-10 16:13:00,resolved,low,Online order issue,phone,STR022,CUS00304,2.0,351.81,False,Southeast
TKT001592,2024-05-24 07:38:00,2024-05-25 17:32:27,2024-05-31 07:38:00,resolved,low,Staff conduct,social,STR010,CUS00296,5.0,33.91,True,West
TKT001593,2024-09-30 13:15:00,2024-10-02 15:50:26,2024-10-03 13:15:00,resolved,medium,Wrong item,in_store,STR009,CUS00133,4.0,50.59,True,Southwest
TKT001594,2024-05-02 08:13:00,2024-05-07 22:34:06,2024-05-09 08:13:00,resolved,low,Store experience,email,STR010,CUS00279,5.0,134.35,True,West
TKT001595,2024-01-22 16:07:00,2024-01-23 00:16:16,2024-01-25 16:07:00,resolved,medium,Staff conduct,phone,STR002,CUS00174,4.0,8.15,True,Southeast
TKT001596,2024-08-07 07:32:00,2024-08-07 22:50:24,2024-08-08 07:32:00,resolved,high,Wrong item,social,STR008,CUS00208,5.0,15.31,True,Midwest
TKT001597,2024-07-12 08:20:00,2024-07-28 01:30:36,2024-07-19 08:20:00,resolved,low,Product defect,in_store,STR015,CUS00089,3.0,377.18,False,West
TKT001598,2024-11-06 10:47:00,2024-11-08 07:12:32,2024-11-13 10:47:00,resolved,low,Wrong item,social,STR009,CUS00208,3.0,44.43,True,Southwest
TKT001599,2024-02-08 10:49:00,2024-02-13 02:25:52,2024-02-15 10:49:00,resolved,low,Staff conduct,in_store,STR001,CUS00221,5.0,111.61,True,Northeast
TKT001600,2024-01-23 18:55:00,2024-01-28 00:17:02,2024-01-26 18:55:00,resolved,medium,Pricing dispute,in_store,STR023,CUS00211,4.0,101.37,False,Midwest
TKT001601,2024-12-29 20:44:00,2025-01-01 01:30:52,2024-12-30 20:44:00,resolved,high,Refund request,chat,STR021,CUS00422,1.0,52.78,False,Northeast
TKT001602,2024-03-20 09:55:00,2024-03-21 15:01:41,2024-03-23 09:55:00,resolved,medium,Store experience,in_store,STR016,CUS00306,4.0,29.11,True,Northeast
TKT001603,2024-07-22 08:23:00,2024-07-22 12:26:08,2024-07-29 08:23:00,resolved,low,Wrong item,in_store,STR011,CUS00107,4.0,4.05,True,Northeast
TKT001604,2024-07-17 12:03:00,2024-07-17 12:40:58,2024-07-20 12:03:00,resolved,medium,Store experience,phone,STR007,CUS00066,4.0,0.63,True,Southeast
TKT001605,2024-06-19 20:19:00,2024-06-20 09:48:51,2024-06-20 20:19:00,resolved,high,Late delivery,phone,STR013,CUS00174,4.0,13.5,True,Midwest
TKT001606,2024-10-16 16:00:00,2024-10-17 05:40:56,2024-10-17 16:00:00,resolved,high,Product defect,in_store,STR013,CUS00369,5.0,13.68,True,Midwest
TKT001607,2024-12-11 09:51:00,2024-12-16 03:26:38,2024-12-18 09:51:00,resolved,low,Pricing dispute,social,STR001,CUS00017,5.0,113.59,True,Northeast
TKT001608,2024-10-05 20:49:00,2024-10-06 01:27:10,2024-10-06 20:49:00,resolved,high,Wrong item,in_store,STR019,CUS00444,4.0,4.64,True,Southwest
TKT001609,2024-04-29 14:32:00,2024-04-30 21:17:09,2024-05-02 14:32:00,resolved,medium,Refund request,chat,STR021,CUS00424,5.0,30.75,True,Northeast
TKT001610,2024-09-24 16:21:00,2024-09-26 16:04:56,2024-09-25 16:21:00,resolved,high,Pricing dispute,in_store,STR017,CUS00346,3.0,47.73,False,Southeast
TKT001611,2024-01-19 08:02:00,,2024-01-22 08:02:00,pending,medium,Refund request,in_store,STR018,CUS00167,,,,Midwest
TKT001612,2024-08-11 09:43:00,2024-08-11 17:57:40,2024-08-11 13:43:00,resolved,critical,Late delivery,social,STR018,CUS00484,3.0,8.24,False,Midwest
TKT001613,2024-11-26 13:56:00,,2024-11-29 13:56:00,escalated,medium,Wrong item,phone,STR001,CUS00052,,,,Northeast
TKT001614,2024-01-09 20:52:00,2024-01-15 22:18:46,2024-01-16 20:52:00,resolved,low,Online order issue,phone,STR016,CUS00200,5.0,145.45,True,Northeast
TKT001615,2024-04-26 13:02:00,,2024-05-03 13:02:00,pending,low,Staff conduct,social,STR019,CUS00042,,,,Southwest
TKT001616,2024-01-11 19:22:00,,2024-01-18 19:22:00,pending,low,Online order issue,chat,STR010,CUS00083,,,,West
TKT001617,2024-10-03 13:23:00,2024-10-05 04:42:18,2024-10-06 13:23:00,resolved,medium,Wrong item,phone,STR006,CUS00461,4.0,39.32,True,Northeast
TKT001618,2024-05-26 17:54:00,,2024-05-27 17:54:00,pending,high,Store experience,chat,STR021,CUS00415,,,,Northeast
TKT001619,2024-09-01 18:03:00,,2024-09-01 22:03:00,pending,critical,Staff conduct,email,STR019,CUS00128,,,,Southwest
TKT001620,2024-12-19 12:33:00,2024-12-22 07:29:06,2024-12-22 12:33:00,resolved,medium,Pricing dispute,chat,STR005,CUS00122,4.0,66.94,True,West
TKT001621,2024-05-13 20:10:00,2024-05-15 12:47:40,2024-05-14 20:10:00,closed_unresolved,high,Late delivery,phone,STR006,CUS00044,2.0,40.63,False,Northeast
TKT001622,2024-04-17 18:45:00,2024-04-20 03:31:39,2024-04-20 18:45:00,resolved,medium,Staff conduct,in_store,STR023,CUS00240,5.0,56.78,True,Midwest
TKT001623,2024-04-26 11:54:00,2024-04-29 17:14:25,2024-05-03 11:54:00,resolved,low,Refund request,email,STR009,CUS00431,4.0,77.34,True,Southwest
TKT001624,2024-09-07 15:40:00,,2024-09-08 15:40:00,pending,high,Store experience,email,STR009,CUS00479,,,,Southwest
TKT001625,2024-10-24 20:47:00,2024-10-25 01:22:15,2024-10-27 20:47:00,resolved,medium,Online order issue,social,STR003,CUS00405,5.0,4.59,True,Midwest
TKT001626,2024-10-11 08:24:00,2024-10-13 14:08:01,2024-10-14 08:24:00,resolved,medium,Late delivery,social,STR012,CUS00430,4.0,53.73,True,Southeast
TKT001627,2024-09-20 11:08:00,2024-09-22 02:39:01,2024-09-21 11:08:00,resolved,high,Wrong item,phone,STR002,CUS00190,1.0,39.52,False,Southeast
TKT001628,2024-04-04 20:31:00,,2024-04-07 20:31:00,escalated,medium,Store experience,in_store,STR004,CUS00480,,,,Southwest
TKT001629,2024-10-23 08:09:00,2024-10-25 11:33:49,2024-10-26 08:09:00,resolved,medium,Online order issue,in_store,STR019,CUS00418,4.0,51.41,True,Southwest
TKT001630,2024-04-05 08:05:00,2024-04-07 04:44:46,2024-04-08 08:05:00,resolved,medium,Store experience,email,STR022,CUS00174,4.0,44.66,True,Southeast
TKT001631,2024-03-08 16:18:00,2024-03-20 08:12:10,2024-03-15 16:18:00,resolved,low,Online order issue,email,STR007,CUS00267,3.0,279.9,False,Southeast
TKT001632,2024-11-11 07:00:00,,2024-11-18 07:00:00,escalated,low,Wrong item,social,STR017,CUS00433,,,,Southeast
TKT001633,2024-10-18 15:12:00,2024-10-22 14:10:01,2024-10-25 15:12:00,resolved,low,Wrong item,in_store,STR003,CUS00359,3.0,94.97,True,Midwest
TKT001634,2024-08-18 20:58:00,2024-08-21 11:52:24,2024-08-21 20:58:00,resolved,medium,Wrong item,social,STR010,CUS00266,3.0,62.91,True,West
TKT001635,2024-03-26 14:44:00,,2024-03-29 14:44:00,escalated,medium,Store experience,in_store,STR014,CUS00366,,,,Southwest
TKT001636,2024-11-20 16:01:00,2024-11-23 16:55:01,2024-11-27 16:01:00,resolved,low,Pricing dispute,email,STR005,CUS00356,4.0,72.9,True,West
TKT001637,2024-04-18 17:21:00,2024-04-22 20:49:40,2024-04-25 17:21:00,resolved,low,Late delivery,social,STR009,CUS00476,5.0,99.48,True,Southwest
TKT001638,2024-01-02 08:06:00,2024-01-03 05:37:08,2024-01-03 08:06:00,resolved,high,Refund request,in_store,STR005,CUS00390,5.0,21.52,True,West
TKT001639,2024-08-27 15:37:00,2024-09-01 09:24:03,2024-09-03 15:37:00,resolved,low,Refund request,phone,STR009,CUS00427,4.0,113.78,True,Southwest
TKT001640,2024-09-06 07:04:00,2024-09-06 17:41:39,2024-09-07 07:04:00,resolved,high,Staff conduct,social,STR020,CUS00055,4.0,10.63,True,West
TKT001641,2024-12-22 15:34:00,,2024-12-25 15:34:00,escalated,medium,Staff conduct,phone,STR005,CUS00036,,,,West
TKT001642,2024-06-20 08:42:00,2024-07-04 10:38:03,2024-06-27 08:42:00,resolved,low,Product defect,email,STR013,CUS00075,2.0,337.93,False,Midwest
TKT001643,2024-06-27 20:52:00,2024-07-10 02:15:54,2024-07-04 20:52:00,resolved,low,Store experience,in_store,STR002,CUS00397,2.0,293.4,False,Southeast
TKT001644,2024-11-22 18:26:00,2024-11-22 20:47:42,2024-11-22 22:26:00,resolved,critical,Store experience,chat,STR001,CUS00337,5.0,2.36,True,Northeast
TKT001645,2024-06-18 16:40:00,,2024-06-19 16:40:00,pending,high,Refund request,in_store,STR007,CUS00389,,,,Southeast
TKT001646,2024-03-14 13:45:00,,2024-03-15 13:45:00,escalated,high,Store experience,in_store,STR005,CUS00420,,,,West
TKT001647,2024-04-17 07:14:00,,2024-04-24 07:14:00,escalated,low,Refund request,social,STR010,CUS00190,,,,West
TKT001648,2024-04-17 14:38:00,,2024-04-24 14:38:00,pending,low,Pricing dispute,phone,STR004,CUS00186,,,,Southwest
TKT001649,2024-05-23 19:09:00,2024-05-25 17:52:12,2024-05-26 19:09:00,resolved,medium,Wrong item,in_store,STR002,CUS00427,4.0,46.72,True,Southeast
TKT001650,2024-07-21 15:47:00,,2024-07-28 15:47:00,escalated,low,Refund request,in_store,STR004,CUS00195,,,,Southwest
TKT001651,2024-02-13 08:15:00,,2024-02-20 08:15:00,pending,low,Late delivery,phone,STR002,CUS00146,,,,Southeast
TKT001652,2024-10-21 15:56:00,2024-10-24 00:00:38,2024-10-24 15:56:00,resolved,medium,Late delivery,phone,STR015,CUS00015,5.0,56.08,True,West
TKT001653,2024-11-05 11:25:00,2024-11-06 00:56:15,2024-11-12 11:25:00,resolved,low,Late delivery,in_store,STR009,CUS00443,5.0,13.52,True,Southwest
TKT001654,2024-03-08 16:46:00,2024-03-10 05:18:18,2024-03-15 16:46:00,resolved,low,Staff conduct,in_store,STR007,CUS00426,3.0,36.54,True,Southeast
TKT001655,2024-08-31 07:50:00,2024-09-08 04:50:21,2024-09-07 07:50:00,resolved,low,Online order issue,social,STR006,CUS00316,3.0,189.01,False,Northeast
TKT001656,2024-04-21 14:06:00,2024-04-25 12:49:56,2024-04-28 14:06:00,resolved,low,Product defect,phone,STR014,CUS00284,3.0,94.73,True,Southwest
TKT001657,2024-09-13 08:22:00,,2024-09-14 08:22:00,escalated,high,Refund request,chat,STR022,CUS00334,,,,Southeast
TKT001658,2024-02-18 20:56:00,2024-02-18 21:36:20,2024-02-21 20:56:00,resolved,medium,Late delivery,in_store,STR014,CUS00173,4.0,0.67,True,Southwest
TKT001659,2024-09-27 08:36:00,2024-09-29 18:27:48,2024-09-30 08:36:00,resolved,medium,Product defect,in_store,STR023,CUS00474,5.0,57.86,True,Midwest
TKT001660,2024-10-21 17:31:00,2024-10-21 21:47:47,2024-10-24 17:31:00,resolved,medium,Online order issue,chat,STR006,CUS00258,5.0,4.28,True,Northeast
TKT001661,2024-12-02 17:53:00,,2024-12-05 17:53:00,pending,medium,Wrong item,chat,STR021,CUS00068,,,,Northeast
TKT001662,2024-05-08 18:01:00,2024-05-09 02:23:38,2024-05-08 22:01:00,resolved,critical,Staff conduct,social,STR017,CUS00300,3.0,8.38,False,Southeast
TKT001663,2024-10-05 08:02:00,2024-10-11 20:04:30,2024-10-12 08:02:00,resolved,low,Store experience,phone,STR019,CUS00339,4.0,156.04,True,Southwest
TKT001664,2024-12-20 07:57:00,2024-12-27 20:10:10,2024-12-27 07:57:00,resolved,low,Store experience,phone,STR017,CUS00011,1.0,180.22,False,Southeast
TKT001665,2024-01-31 16:18:00,2024-02-01 05:22:57,2024-02-07 16:18:00,resolved,low,Staff conduct,social,STR019,CUS00137,5.0,13.08,True,Southwest
TKT001666,2024-09-27 15:53:00,2024-10-15 22:45:33,2024-10-04 15:53:00,resolved,low,Staff conduct,email,STR019,CUS00030,2.0,438.88,False,Southwest
TKT001667,2024-11-19 17:03:00,2024-11-22 10:29:39,2024-11-22 17:03:00,resolved,medium,Wrong item,social,STR006,CUS00210,4.0,65.44,True,Northeast
TKT001668,2024-05-26 17:17:00,,2024-05-27 17:17:00,pending,high,Wrong item,in_store,STR020,CUS00346,,,,West
TKT001669,2024-03-13 09:59:00,2024-03-14 05:44:59,2024-03-16 09:59:00,resolved,medium,Staff conduct,phone,STR021,CUS00043,5.0,19.77,True,Northeast
TKT001670,2024-11-07 17:08:00,2024-11-11 02:46:58,2024-11-14 17:08:00,resolved,low,Wrong item,phone,STR009,CUS00268,5.0,81.65,True,Southwest
TKT001671,2024-07-22 20:15:00,2024-07-26 12:01:14,2024-07-25 20:15:00,resolved,medium,Store experience,in_store,STR001,CUS00240,2.0,87.77,False,Northeast
TKT001672,2024-01-03 07:48:00,2024-01-20 00:45:35,2024-01-10 07:48:00,resolved,low,Store experience,in_store,STR023,CUS00089,3.0,400.96,False,Midwest
TKT001673,2024-04-10 18:24:00,2024-04-11 02:31:03,2024-04-11 18:24:00,resolved,high,Late delivery,email,STR013,CUS00144,4.0,8.12,True,Midwest
TKT001674,2024-09-27 14:12:00,2024-09-28 00:47:52,2024-09-27 18:12:00,resolved,critical,Refund request,social,STR020,CUS00051,4.0,10.6,False,West
TKT001675,2024-10-26 07:06:00,2024-11-05 14:24:45,2024-11-02 07:06:00,closed_unresolved,low,Store experience,social,STR002,CUS00074,3.0,247.31,False,Southeast
TKT001676,2024-10-13 17:58:00,2024-10-15 15:41:19,2024-10-20 17:58:00,resolved,low,Refund request,social,STR015,CUS00494,4.0,45.72,True,West
TKT001677,2024-06-18 10:45:00,2024-06-24 20:02:47,2024-06-25 10:45:00,resolved,low,Online order issue,phone,STR021,CUS00309,5.0,153.3,True,Northeast
TKT001678,2024-12-03 12:17:00,,2024-12-04 12:17:00,pending,high,Late delivery,social,STR016,CUS00140,,,,Northeast
TKT001679,2024-08-20 16:26:00,,2024-08-23 16:26:00,pending,medium,Late delivery,chat,STR019,CUS00065,,,,Southwest
TKT001680,2024-06-29 08:21:00,2024-07-01 03:41:29,2024-07-02 08:21:00,resolved,medium,Online order issue,phone,STR002,CUS00415,4.0,43.34,True,Southeast
TKT001681,2024-06-05 18:42:00,2024-06-06 23:43:00,2024-06-08 18:42:00,resolved,medium,Refund request,social,STR019,CUS00015,5.0,29.02,True,Southwest
TKT001682,2024-06-12 15:50:00,2024-06-18 10:50:03,2024-06-15 15:50:00,resolved,medium,Product defect,email,STR002,CUS00436,3.0,139.0,False,Southeast
TKT001683,2024-01-12 09:29:00,2024-01-14 11:54:24,2024-01-13 09:29:00,resolved,high,Refund request,in_store,STR019,CUS00288,3.0,50.42,False,Southwest
TKT001684,2024-05-13 11:15:00,2024-05-16 00:40:25,2024-05-16 11:15:00,resolved,medium,Online order issue,chat,STR008,CUS00397,4.0,61.42,True,Midwest
TKT001685,2024-02-20 11:15:00,2024-02-20 14:30:02,2024-02-20 15:15:00,resolved,critical,Online order issue,email,STR011,CUS00281,5.0,3.25,True,Northeast
TKT001686,2024-07-07 17:45:00,2024-07-10 22:27:16,2024-07-14 17:45:00,resolved,low,Staff conduct,email,STR010,CUS00117,4.0,76.7,True,West
TKT001687,2024-05-15 13:56:00,2024-05-17 03:24:39,2024-05-22 13:56:00,resolved,low,Refund request,chat,STR007,CUS00013,3.0,37.48,True,Southeast
TKT001688,2024-04-08 17:33:00,,2024-04-11 17:33:00,pending,medium,Late delivery,in_store,STR012,CUS00196,,,,Southeast
TKT001689,2024-02-26 19:30:00,2024-02-27 18:36:40,2024-02-29 19:30:00,resolved,medium,Product defect,social,STR003,CUS00477,5.0,23.11,True,Midwest
TKT001690,2024-03-31 15:38:00,2024-04-02 05:25:08,2024-04-03 15:38:00,resolved,medium,Pricing dispute,phone,STR014,CUS00259,5.0,37.79,True,Southwest
TKT001691,2024-11-11 16:42:00,,2024-11-14 16:42:00,pending,medium,Online order issue,in_store,STR004,CUS00156,,,,Southwest
TKT001692,2024-07-14 19:50:00,2024-07-15 03:05:50,2024-07-15 19:50:00,resolved,high,Product defect,in_store,STR016,CUS00051,4.0,7.26,True,Northeast
TKT001693,2024-07-04 18:52:00,,2024-07-07 18:52:00,escalated,medium,Online order issue,phone,STR023,CUS00045,,,,Midwest
TKT001694,2024-01-17 10:52:00,2024-01-19 03:17:45,2024-01-20 10:52:00,resolved,medium,Product defect,social,STR019,CUS00341,5.0,40.43,True,Southwest
TKT001695,2024-01-22 18:29:00,2024-02-11 01:01:02,2024-01-29 18:29:00,resolved,low,Staff conduct,in_store,STR001,CUS00227,3.0,462.53,False,Northeast
TKT001696,2024-11-16 17:02:00,2024-11-16 17:45:13,2024-11-16 21:02:00,resolved,critical,Wrong item,email,STR017,CUS00429,4.0,0.72,True,Southeast
TKT001697,2024-03-12 17:21:00,2024-03-15 23:16:45,2024-03-15 17:21:00,resolved,medium,Late delivery,in_store,STR022,CUS00271,3.0,77.93,False,Southeast
TKT001698,2024-03-22 17:46:00,2024-04-02 00:36:51,2024-03-29 17:46:00,resolved,low,Staff conduct,social,STR001,CUS00156,3.0,246.85,False,Northeast
TKT001699,2024-10-07 13:59:00,2024-10-07 20:34:17,2024-10-08 13:59:00,resolved,high,Staff conduct,phone,STR012,CUS00405,4.0,6.59,True,Southeast
TKT001700,2024-02-19 11:49:00,2024-02-21 12:59:15,2024-02-20 11:49:00,resolved,high,Wrong item,chat,STR017,CUS00332,4.0,49.17,False,Southeast
TKT001701,2024-10-10 11:15:00,2024-10-12 22:34:54,2024-10-17 11:15:00,resolved,low,Staff conduct,in_store,STR021,CUS00377,4.0,59.33,True,Northeast
TKT001702,2024-04-14 16:19:00,2024-04-18 07:27:49,2024-04-21 16:19:00,resolved,low,Online order issue,in_store,STR021,CUS00273,4.0,87.15,True,Northeast
TKT001703,2024-07-09 08:24:00,2024-07-09 18:42:46,2024-07-16 08:24:00,resolved,low,Refund request,chat,STR019,CUS00106,5.0,10.31,True,Southwest
TKT001704,2024-11-08 17:25:00,2024-11-10 23:47:32,2024-11-11 17:25:00,resolved,medium,Refund request,in_store,STR016,CUS00133,3.0,54.38,True,Northeast
TKT001705,2024-03-05 14:03:00,2024-03-11 21:03:13,2024-03-12 14:03:00,resolved,low,Staff conduct,chat,STR005,CUS00107,4.0,151.0,True,West
TKT001706,2024-05-07 12:36:00,,2024-05-10 12:36:00,pending,medium,Pricing dispute,email,STR022,CUS00018,,,,Southeast
TKT001707,2024-12-12 07:10:00,2024-12-12 15:19:04,2024-12-13 07:10:00,resolved,high,Online order issue,in_store,STR021,CUS00454,4.0,8.15,True,Northeast
TKT001708,2024-10-23 17:21:00,2024-10-24 17:33:26,2024-10-26 17:21:00,resolved,medium,Staff conduct,email,STR008,CUS00078,5.0,24.21,True,Midwest
TKT001709,2024-02-01 19:39:00,,2024-02-04 19:39:00,pending,medium,Staff conduct,phone,STR019,CUS00438,,,,Southwest
TKT001710,2024-02-03 20:27:00,2024-02-06 20:52:43,2024-02-10 20:27:00,resolved,low,Pricing dispute,phone,STR019,CUS00194,5.0,72.43,True,Southwest
TKT001711,2024-12-22 20:40:00,2024-12-25 01:50:38,2024-12-25 20:40:00,resolved,medium,Wrong item,email,STR011,CUS00353,5.0,53.18,True,Northeast
TKT001712,2024-12-09 18:30:00,,2024-12-10 18:30:00,pending,high,Pricing dispute,in_store,STR019,CUS00469,,,,Southwest
TKT001713,2024-07-08 16:58:00,,2024-07-11 16:58:00,pending,medium,Staff conduct,email,STR003,CUS00157,,,,Midwest
TKT001714,2024-03-27 14:15:00,2024-03-29 13:10:50,2024-04-03 14:15:00,resolved,low,Refund request,chat,STR015,CUS00497,5.0,46.93,True,West
TKT001715,2024-05-22 18:05:00,2024-05-23 13:42:51,2024-05-23 18:05:00,resolved,high,Online order issue,email,STR022,CUS00346,5.0,19.63,True,Southeast
TKT001716,2024-04-08 19:31:00,2024-04-09 20:25:09,2024-04-15 19:31:00,resolved,low,Pricing dispute,social,STR001,CUS00371,3.0,24.9,True,Northeast
TKT001717,2024-09-10 15:10:00,2024-09-10 19:55:37,2024-09-11 15:10:00,resolved,high,Staff conduct,chat,STR005,CUS00272,4.0,4.76,True,West
TKT001718,2024-08-07 10:04:00,2024-08-08 01:53:57,2024-08-08 10:04:00,resolved,high,Online order issue,phone,STR023,CUS00205,5.0,15.83,True,Midwest
TKT001719,2024-06-21 09:12:00,2024-06-22 08:30:23,2024-06-24 09:12:00,resolved,medium,Pricing dispute,social,STR023,CUS00458,5.0,23.31,True,Midwest
TKT001720,2024-12-25 10:49:00,2024-12-27 17:10:48,2024-12-28 10:49:00,resolved,medium,Staff conduct,in_store,STR011,CUS00192,5.0,54.36,True,Northeast
TKT001721,2024-04-06 10:44:00,2024-04-06 14:12:20,2024-04-06 14:44:00,resolved,critical,Online order issue,in_store,STR019,CUS00226,5.0,3.47,True,Southwest
TKT001722,2024-12-10 12:40:00,2024-12-11 08:39:10,2024-12-13 12:40:00,resolved,medium,Staff conduct,social,STR004,CUS00122,4.0,19.99,True,Southwest
TKT001723,2024-07-08 20:22:00,,2024-07-11 20:22:00,pending,medium,Wrong item,chat,STR010,CUS00307,,,,West
TKT001724,2024-05-25 08:45:00,2024-06-09 21:41:19,2024-06-01 08:45:00,resolved,low,Staff conduct,email,STR001,CUS00196,3.0,372.94,False,Northeast
TKT001725,2024-03-26 12:47:00,2024-04-10 09:10:42,2024-04-02 12:47:00,resolved,low,Staff conduct,chat,STR002,CUS00042,3.0,356.4,False,Southeast
TKT001726,2024-04-04 15:04:00,2024-04-05 07:38:15,2024-04-05 15:04:00,resolved,high,Wrong item,in_store,STR008,CUS00309,5.0,16.57,True,Midwest
TKT001727,2024-09-09 08:11:00,,2024-09-12 08:11:00,pending,medium,Product defect,social,STR007,CUS00290,,,,Southeast
TKT001728,2024-01-17 18:22:00,2024-01-20 02:38:15,2024-01-20 18:22:00,resolved,medium,Wrong item,phone,STR018,CUS00050,4.0,56.27,True,Midwest
TKT001729,2024-02-07 19:54:00,2024-02-08 18:07:12,2024-02-10 19:54:00,resolved,medium,Product defect,in_store,STR010,CUS00445,4.0,22.22,True,West
TKT001730,2024-11-23 07:21:00,2024-12-07 19:19:48,2024-11-30 07:21:00,resolved,low,Refund request,social,STR023,CUS00009,3.0,347.98,False,Midwest
TKT001731,2024-09-25 20:44:00,2024-09-25 21:31:11,2024-09-28 20:44:00,resolved,medium,Staff conduct,in_store,STR003,CUS00401,5.0,0.79,True,Midwest
TKT001732,2024-11-06 19:11:00,2024-11-09 20:04:04,2024-11-13 19:11:00,resolved,low,Late delivery,email,STR018,CUS00480,5.0,72.88,True,Midwest
TKT001733,2024-11-07 16:57:00,2024-11-08 02:29:09,2024-11-10 16:57:00,resolved,medium,Late delivery,social,STR021,CUS00244,4.0,9.54,True,Northeast
TKT001734,2024-09-11 09:27:00,2024-09-14 22:25:09,2024-09-18 09:27:00,resolved,low,Late delivery,phone,STR020,CUS00256,5.0,84.97,True,West
TKT001735,2024-03-04 11:39:00,2024-03-06 07:58:44,2024-03-11 11:39:00,resolved,low,Online order issue,chat,STR005,CUS00160,4.0,44.33,True,West
TKT001736,2024-10-29 11:46:00,2024-10-30 09:34:50,2024-11-01 11:46:00,resolved,medium,Product defect,in_store,STR020,CUS00412,5.0,21.81,True,West
TKT001737,2024-07-31 20:05:00,2024-08-03 13:22:02,2024-08-03 20:05:00,resolved,medium,Pricing dispute,in_store,STR017,CUS00018,4.0,65.28,True,Southeast
TKT001738,2024-01-07 15:37:00,,2024-01-14 15:37:00,pending,low,Refund request,email,STR015,CUS00053,,,,West
TKT001739,2024-09-01 09:32:00,2024-09-06 04:16:30,2024-09-08 09:32:00,resolved,low,Store experience,chat,STR021,CUS00420,5.0,114.74,True,Northeast
TKT001740,2024-12-19 19:38:00,,2024-12-22 19:38:00,escalated,medium,Online order issue,phone,STR011,CUS00431,,,,Northeast
TKT001741,2024-08-22 08:13:00,,2024-08-25 08:13:00,escalated,medium,Pricing dispute,email,STR001,CUS00453,,,,Northeast
TKT001742,2024-12-15 09:51:00,2024-12-18 02:00:21,2024-12-18 09:51:00,resolved,medium,Store experience,email,STR008,CUS00381,5.0,64.16,True,Midwest
TKT001743,2024-06-26 14:48:00,2024-06-27 07:40:06,2024-06-27 14:48:00,resolved,high,Store experience,email,STR004,CUS00271,4.0,16.87,True,Southwest
TKT001744,2024-11-08 07:24:00,2024-11-12 14:09:00,2024-11-15 07:24:00,resolved,low,Staff conduct,chat,STR023,CUS00497,5.0,102.75,True,Midwest
TKT001745,2024-09-09 10:36:00,2024-09-10 12:45:51,2024-09-10 10:36:00,resolved,high,Wrong item,in_store,STR023,CUS00258,1.0,26.16,False,Midwest
TKT001746,2024-01-22 11:01:00,2024-01-22 21:46:22,2024-01-23 11:01:00,resolved,high,Online order issue,chat,STR017,CUS00028,5.0,10.76,True,Southeast
TKT001747,2024-11-28 08:15:00,2024-12-01 19:44:32,2024-12-05 08:15:00,resolved,low,Staff conduct,in_store,STR021,CUS00096,3.0,83.49,True,Northeast
TKT001748,2024-08-07 13:55:00,2024-08-08 04:15:39,2024-08-10 13:55:00,resolved,medium,Product defect,phone,STR015,CUS00119,5.0,14.34,True,West
TKT001749,2024-01-28 08:05:00,2024-01-28 15:45:29,2024-01-29 08:05:00,resolved,high,Staff conduct,social,STR017,CUS00003,4.0,7.67,True,Southeast
TKT001750,2024-07-31 10:20:00,2024-08-04 02:13:27,2024-08-07 10:20:00,resolved,low,Refund request,chat,STR018,CUS00013,5.0,87.89,True,Midwest
TKT001751,2024-09-14 16:30:00,2024-09-29 10:06:50,2024-09-21 16:30:00,resolved,low,Late delivery,email,STR017,CUS00019,3.0,353.61,False,Southeast
TKT001752,2024-02-26 07:28:00,2024-02-26 09:16:06,2024-03-04 07:28:00,resolved,low,Online order issue,chat,STR011,CUS00066,5.0,1.8,True,Northeast
TKT001753,2024-09-23 13:22:00,2024-09-23 17:05:37,2024-09-23 17:22:00,resolved,critical,Pricing dispute,social,STR005,CUS00005,5.0,3.73,True,West
TKT001754,2024-03-28 07:13:00,2024-03-29 13:41:11,2024-03-31 07:13:00,resolved,medium,Late delivery,phone,STR009,CUS00308,5.0,30.47,True,Southwest
TKT001755,2024-12-30 07:00:00,2025-01-01 17:32:22,2025-01-06 07:00:00,resolved,low,Online order issue,email,STR001,CUS00162,5.0,58.54,True,Northeast
TKT001756,2024-06-23 18:30:00,2024-06-24 10:26:10,2024-06-24 18:30:00,resolved,high,Wrong item,social,STR001,CUS00246,4.0,15.94,True,Northeast
TKT001757,2024-05-20 19:25:00,,2024-05-23 19:25:00,escalated,medium,Pricing dispute,in_store,STR018,CUS00059,,,,Midwest
TKT001758,2024-06-30 12:26:00,2024-06-30 21:48:19,2024-06-30 16:26:00,resolved,critical,Online order issue,phone,STR012,CUS00228,2.0,9.37,False,Southeast
TKT001759,2024-05-02 09:28:00,2024-05-02 23:57:27,2024-05-03 09:28:00,resolved,high,Staff conduct,social,STR003,CUS00461,4.0,14.49,True,Midwest
TKT001760,2024-11-04 15:10:00,2024-11-06 20:31:03,2024-11-11 15:10:00,resolved,low,Late delivery,social,STR007,CUS00236,5.0,53.35,True,Southeast
TKT001761,2024-03-25 11:28:00,2024-03-27 19:05:33,2024-03-28 11:28:00,resolved,medium,Staff conduct,social,STR009,CUS00164,4.0,55.63,True,Southwest
TKT001762,2024-02-19 17:30:00,2024-02-21 19:43:16,2024-02-20 17:30:00,closed_unresolved,high,Product defect,chat,STR020,CUS00178,1.0,50.22,False,West
TKT001763,2024-06-24 18:06:00,2024-06-27 09:08:37,2024-07-01 18:06:00,resolved,low,Staff conduct,in_store,STR002,CUS00185,3.0,63.04,True,Southeast
TKT001764,2024-12-03 20:44:00,2024-12-09 21:04:00,2024-12-10 20:44:00,resolved,low,Store experience,social,STR001,CUS00208,5.0,144.33,True,Northeast
TKT001765,2024-07-02 07:36:00,,2024-07-05 07:36:00,escalated,medium,Product defect,in_store,STR018,CUS00106,,,,Midwest
TKT001766,2024-02-24 20:44:00,,2024-02-27 20:44:00,pending,medium,Store experience,in_store,STR007,CUS00204,,,,Southeast
TKT001767,2024-12-26 14:00:00,2024-12-27 01:56:30,2024-12-27 14:00:00,resolved,high,Refund request,email,STR023,CUS00011,5.0,11.94,True,Midwest
TKT001768,2024-06-20 17:06:00,2024-06-21 06:36:01,2024-06-21 17:06:00,resolved,high,Late delivery,chat,STR006,CUS00022,4.0,13.5,True,Northeast
TKT001769,2024-09-06 18:49:00,2024-09-08 08:29:05,2024-09-09 18:49:00,resolved,medium,Wrong item,social,STR007,CUS00163,5.0,37.67,True,Southeast
TKT001770,2024-03-21 08:12:00,,2024-03-22 08:12:00,pending,high,Pricing dispute,social,STR008,CUS00118,,,,Midwest
TKT001771,2024-03-09 18:28:00,2024-03-11 11:46:18,2024-03-12 18:28:00,resolved,medium,Online order issue,in_store,STR009,CUS00119,5.0,41.31,True,Southwest
TKT001772,2024-01-30 17:54:00,2024-02-04 13:14:48,2024-02-06 17:54:00,resolved,low,Wrong item,in_store,STR019,CUS00208,4.0,115.35,True,Southwest
TKT001773,2024-09-13 11:04:00,2024-09-16 01:35:33,2024-09-16 11:04:00,resolved,medium,Staff conduct,email,STR019,CUS00076,4.0,62.53,True,Southwest
TKT001774,2024-03-29 15:57:00,,2024-04-01 15:57:00,pending,medium,Late delivery,chat,STR015,CUS00241,,,,West
TKT001775,2024-09-23 09:57:00,2024-10-07 04:30:56,2024-09-30 09:57:00,resolved,low,Store experience,social,STR014,CUS00064,2.0,330.57,False,Southwest
TKT001776,2024-11-04 20:45:00,,2024-11-05 20:45:00,pending,high,Product defect,chat,STR015,CUS00009,,,,West
TKT001777,2024-09-27 08:40:00,2024-10-02 21:37:02,2024-10-04 08:40:00,resolved,low,Wrong item,in_store,STR019,CUS00225,5.0,132.95,True,Southwest
TKT001778,2024-05-18 11:55:00,2024-05-18 19:55:49,2024-05-19 11:55:00,resolved,high,Online order issue,in_store,STR012,CUS00158,5.0,8.01,True,Southeast
TKT001779,2024-10-09 11:16:00,2024-10-09 19:47:17,2024-10-09 15:16:00,resolved,critical,Refund request,phone,STR007,CUS00190,3.0,8.52,False,Southeast
TKT001780,2024-06-12 15:26:00,2024-06-15 03:25:27,2024-06-15 15:26:00,resolved,medium,Online order issue,chat,STR015,CUS00269,4.0,59.99,True,West
TKT001781,2024-12-16 15:50:00,2024-12-30 08:46:36,2024-12-23 15:50:00,resolved,low,Late delivery,social,STR003,CUS00165,3.0,328.94,False,Midwest
TKT001782,2024-09-01 08:10:00,2024-09-01 20:15:38,2024-09-04 08:10:00,resolved,medium,Pricing dispute,phone,STR018,CUS00103,5.0,12.09,True,Midwest
TKT001783,2024-12-27 15:20:00,,2024-12-28 15:20:00,pending,high,Online order issue,social,STR022,CUS00497,,,,Southeast
TKT001784,2024-08-16 16:16:00,2024-08-17 22:08:22,2024-08-23 16:16:00,resolved,low,Store experience,phone,STR014,CUS00133,5.0,29.87,True,Southwest
TKT001785,2024-05-28 17:32:00,2024-05-29 13:55:54,2024-05-29 17:32:00,resolved,high,Store experience,chat,STR018,CUS00089,5.0,20.4,True,Midwest
TKT001786,2024-01-09 16:35:00,2024-01-14 06:31:50,2024-01-16 16:35:00,resolved,low,Pricing dispute,in_store,STR003,CUS00323,3.0,109.95,True,Midwest
TKT001787,2024-10-09 12:17:00,2024-10-11 18:32:26,2024-10-12 12:17:00,resolved,medium,Wrong item,chat,STR022,CUS00028,5.0,54.26,True,Southeast
TKT001788,2024-12-19 11:09:00,2024-12-20 01:35:41,2024-12-20 11:09:00,resolved,high,Online order issue,in_store,STR015,CUS00408,3.0,14.44,True,West
TKT001789,2024-11-30 16:02:00,2024-11-30 17:44:20,2024-11-30 20:02:00,resolved,critical,Online order issue,email,STR006,CUS00435,4.0,1.71,True,Northeast
TKT001790,2024-11-06 15:18:00,2024-11-10 18:54:51,2024-11-13 15:18:00,resolved,low,Online order issue,social,STR013,CUS00040,5.0,99.61,True,Midwest
TKT001791,2024-11-23 07:47:00,2024-11-23 14:39:20,2024-11-24 07:47:00,resolved,high,Refund request,chat,STR009,CUS00170,5.0,6.87,True,Southwest
TKT001792,2024-05-28 11:14:00,,2024-06-04 11:14:00,pending,low,Staff conduct,chat,STR011,CUS00361,,,,Northeast
TKT001793,2024-07-28 12:54:00,,2024-08-04 12:54:00,pending,low,Late delivery,phone,STR014,CUS00405,,,,Southwest
TKT001794,2024-02-08 09:59:00,,2024-02-15 09:59:00,escalated,low,Store experience,phone,STR006,CUS00183,,,,Northeast
TKT001795,2024-04-03 09:23:00,,2024-04-10 09:23:00,pending,low,Product defect,in_store,STR006,CUS00226,,,,Northeast
TKT001796,2024-06-09 10:08:00,,2024-06-10 10:08:00,pending,high,Refund request,phone,STR021,CUS00063,,,,Northeast
TKT001797,2024-12-29 07:22:00,,2025-01-05 07:22:00,pending,low,Online order issue,chat,STR013,CUS00369,,,,Midwest
TKT001798,2024-11-03 18:29:00,2024-11-05 15:42:54,2024-11-10 18:29:00,resolved,low,Pricing dispute,phone,STR023,CUS00472,4.0,45.23,True,Midwest
TKT001799,2024-03-16 18:49:00,2024-03-18 21:56:06,2024-03-17 18:49:00,resolved,high,Online order issue,in_store,STR005,CUS00280,2.0,51.12,False,West
TKT001800,2024-07-25 18:37:00,,2024-07-28 18:37:00,pending,medium,Refund request,chat,STR004,CUS00026,,,,Southwest
